archive_owner_island,descriptor_key,key_axes,archive_cand,archive_gen,archive_recorded_origin_island,archive_ghash,archive_interest_raw,archive_C9,archive_C9_mode,reblend_marker,native_seed2_ok,native_seed3_ok,reblend_source_found,selected_cand,selected_phase,selected_seed,selected_ghash,selected_descriptor,selected_interest_raw,selected_C9,score_matches_historical_reblend,C9_matches_historical_reblend,same_ghash,same_model,same_descriptor,same_T_used,different_best_row_under_common_040,common040_best_cand,common040_best_phase
1,3|grow|rotor|liquid|s2|g2,6,p6g8_033,0,6,27a2960d05f47297,60.057474266161066,0.431,partial,0.4,True,False,True,p6g8_033_c9,c9fill,957,27a2960d05f47297,3|grow|rotor|liquid|s1|g2|structured,60.057474266161066,0.431,True,True,True,True,False,False,False,p6g8_033_c9,c9fill
1,4|grow|mobile|liquid|s3|g2,6,p3g9_022,0,3,9a815b4bb1db78ea,57.08225447850029,0.295,partial,0.4,False,False,True,p3g9_022_c9,c9fill,957,9a815b4bb1db78ea,4|grow|mobile|liquid|s2|g2|structured,57.08225447850029,0.295,True,True,True,True,False,False,False,p3g9_022_c9,c9fill
1,4|grow|rotor|liquid|s3|g2,6,p2g7_039,0,2,fa86cb8089d048d0,60.37324219635997,0.4165,partial,0.4,False,False,True,p2g7_039_c9,c9fill,957,fa86cb8089d048d0,4|grow|rotor|liquid|s1|g2|structured,60.37324219635997,0.4165,True,True,True,True,False,False,False,p2g7_039_c9,c9fill
1,3|switch|rotor|liquid|s2|g2,6,p6g7_028,0,6,99843d9cd96588d6,57.74913940238972,0.3106,partial,0.4,True,False,True,p6g7_028_c9,c9fill,957,99843d9cd96588d6,3|switch|mobile|liquid|s2|g2|structured,57.74913940238972,0.3106,True,True,True,True,False,False,False,p6g7_028_c9,c9fill
1,3|grow|mobile|liquid|s2|g2,6,p6g9_021,0,6,b310fbfc5cac334e,57.31503896872498,0.2258,partial,0.4,True,False,True,p6g9_021_c9,c9fill,957,b310fbfc5cac334e,3|grow|mobile|liquid|s2|g2|structured,57.31503896872498,0.2258,True,True,True,True,False,True,False,p6g9_021_c9,c9fill
1,3|switch|mobile|liquid|s2|g2,6,p6g5_026,0,6,ead25ce87e4b853d,64.76800610456174,0.3102,partial,0.4,True,False,True,p6g5_026_c9,c9fill,957,ead25ce87e4b853d,3|switch|rotor|liquid|s2|g2|structured,64.76800610456174,0.3102,True,True,True,True,False,True,False,p6g5_026_c9,c9fill
1,4|grow|mobile|liquid|s3|g1,6,p3g6_032,0,3,3e9e387b61a8cb22,53.4934417075938,0.3719,partial,0.4,True,False,True,p3g6_032_c9,c9fill,957,3e9e387b61a8cb22,4|grow|mobile|liquid|s1|g1|structured,53.4934417075938,0.3719,True,True,True,True,False,False,False,p3g6_032_c9,c9fill
1,3|grow|rotor|liquid|s3|g2,6,p2g6_020,0,2,489530b94bd868b0,61.04908046244286,0.375,partial,0.4,True,False,True,p2g6_020_c9,c9fill,957,489530b94bd868b0,3|grow|rotor|liquid|s2|g2|structured,61.04908046244286,0.375,True,True,True,True,False,False,False,p2g6_020_c9,c9fill
1,4|grow|mobile|liquid|s2|g1,6,p1g7_025,0,1,07854843ba8e93b1,65.91275809127973,0.4729,partial,0.4,False,False,True,p1g7_025,screen,957,de1b14c1d5bc2426,3|grow|rotor|liquid|s2|g2|structured,70.56844761409967,0.4729,True,True,False,False,False,True,False,p1g7_025,screen
1,4|switch|mobile|liquid|s3|g2,6,p5g3_040,0,5,dabace1997467b68,70.51180784559884,0.5265,partial,0.4,True,True,True,p5g3_040_c9,c9fill,957,dabace1997467b68,4|switch|rotor|liquid|s1|g2|structured,70.51180784559884,0.5265,True,True,True,True,False,False,False,p5g3_040_c9,c9fill
1,4|switch|rotor|liquid|s1|g2,6,p1g7_030,0,1,d2ee337cb598d2ef,53.4934417075938,0.3719,partial,0.4,False,False,True,p1g7_030,screen,957,3e9e387b61a8cb22,4|grow|mobile|liquid|s1|g1|structured,57.56930213449225,0.3719,True,True,False,False,False,False,False,p1g7_030,screen
1,4|grow|mobile|liquid|s2|g2,6,p5g7_040,0,5,83b42c8f4ca19485,68.85298716183334,0.4685,partial,0.4,False,False,True,p5g7_040_c9,c9fill,957,83b42c8f4ca19485,4|grow|mobile|liquid|s1|g2|structured,68.85298716183334,0.4685,True,True,True,True,False,True,False,p5g7_040_c9,c9fill
1,4|grow|rotor|liquid|s3|g1,6,p4g3_033,0,4,4ca14697d3781ef6,66.43169681078231,0.4323,partial,0.4,True,True,True,p4g3_033_c9,c9fill,957,4ca14697d3781ef6,4|grow|rotor|liquid|s3|g1|structured,66.43169681078231,0.4323,True,True,True,True,False,False,False,p4g3_033_c9,c9fill
1,3|grow|mobile|liquid|s3|g2,6,p3g9_020,0,3,4b6edf7bed2ff135,69.29210541029907,0.5103,partial,0.4,False,False,True,p3g9_020_c9,c9fill,957,4b6edf7bed2ff135,3|grow|mobile|liquid|s3|g2|structured,69.29210541029907,0.5103,True,True,True,True,False,True,False,p3g9_020_c9,c9fill
1,3|grow|rotor|liquid|s1|g2,6,p6g7_035,0,6,b3ca2cf65a12bd89,64.90869333661456,0.5298,partial,0.4,True,False,True,p6g7_035_c9,c9fill,957,b3ca2cf65a12bd89,3|switch|rotor|liquid|s2|g2|structured,64.90869333661456,0.5298,True,True,True,True,False,False,False,p6g7_035_c9,c9fill
1,4|grow|mobile|liquid|s1|g2,6,p3g3_038,0,3,0c49060d9652323f,70.79668978096745,0.5996,partial,0.4,False,False,True,p3g3_038_c9,c9fill,957,0c49060d9652323f,4|grow|mobile|liquid|s1|g2|structured,70.79668978096745,0.5996,True,True,True,True,False,True,False,p3g3_038_c9,c9fill
1,4|switch|rotor|liquid|s2|g2,6,p4g2_044,0,4,173f84b80256caeb,45.36718901841022,0.0,partial,0.4,True,True,True,p4g2_044_c9,c9fill,957,173f84b80256caeb,4|grow|mobile|liquid|s1|g2|mixed,45.36718901841022,0.0,True,True,True,True,False,False,False,p4g2_044_c9,c9fill
1,4|grow|rotor|liquid|s2|g2,6,p1g2_020,0,1,07440dda3d77d9a9,41.27436612270917,0.251,partial,0.4,False,False,True,p1g2_020_s2,seed2,958,94568c24e2971139,3|oscillator|drift|liquid|s1|g2|structured,45.31795765338646,0.251,True,True,False,False,False,False,False,p1g2_020_s2,seed2
1,4|switch|mobile|liquid|s1|g2,6,p6g6_032,0,6,e85f4b309db0d245,69.3955352498653,0.5256,partial,0.4,True,False,True,p6g6_032_c9,c9fill,957,e85f4b309db0d245,4|switch|mobile|liquid|s1|g2|structured,69.3955352498653,0.5256,True,True,True,True,False,True,False,p6g6_032_c9,c9fill
1,4|grow|rotor|liquid|s1|g2,6,p6g8_020,0,6,3f6f5093e8b0e1db,62.590408031856974,0.49,partial,0.4,True,False,True,p6g8_020_c9,c9fill,957,3f6f5093e8b0e1db,4|switch|rotor|liquid|s1|g2|structured,62.590408031856974,0.49,True,True,True,True,False,False,False,p6g8_020_c9,c9fill
1,4|switch|mobile|liquid|s2|g2,6,p3g7_046,0,3,3a2135c4e6a392e2,47.43250500749111,0.0,partial,0.4,True,False,True,p3g7_046_c9,c9fill,957,3a2135c4e6a392e2,4|grow|rotor|liquid|s2|g2|mixed,47.43250500749111,0.0,True,True,True,True,False,True,False,p3g7_046_c9,c9fill
1,4|grow|rotor|flicker|s3|g2,6,p2g3_073,0,2,6da2f3231522e927,55.34319346713424,0.2162,partial,0.4,True,True,True,p2g3_073_c9,c9fill,957,6da2f3231522e927,4|grow|mobile|flicker|s3|g2|mixed,55.34319346713424,0.2162,True,True,True,True,False,False,False,p2g3_073_c9,c9fill
1,3|grow|mobile|liquid|s1|g2,6,p6g2_039,0,6,7019b4263417a389,58.54470005677156,0.346,partial,0.4,True,False,True,p6g2_039_c9,c9fill,957,7019b4263417a389,3|switch|mobile|liquid|s1|g2|structured,58.54470005677156,0.346,True,True,True,True,False,False,False,p6g2_039_c9,c9fill
1,3|grow|mobile|liquid|s3|g1,6,p4g5_040,0,4,66a64dfb975fcdc6,50.24011939559091,0.3101,partial,0.4,False,False,True,p4g5_040_c9,c9fill,957,66a64dfb975fcdc6,3|grow|mobile|liquid|s1|g1|structured,50.24011939559091,0.3101,True,True,True,True,False,False,False,p4g5_040_c9,c9fill
1,4|grow|drift|liquid|s2|g2,6,p2g1_040,0,2,eef1806b5f1e0089,49.64887038912887,0.2788,partial,0.4,True,True,True,p2g1_040_c9,c9fill,957,eef1806b5f1e0089,3|grow|mobile|liquid|s2|g2|structured,49.64887038912887,0.2788,True,True,True,True,False,False,False,p2g1_040_c9,c9fill
1,4|grow|rotor|liquid|s2|g1,6,p1g7_032,0,1,f0c0d4119fa77126,61.065172052697775,0.5278,partial,0.4,False,False,True,p1g7_032,screen,957,53ba29b19dcd90c2,3|switch|rotor|liquid|s1|g2|structured,63.13646506587222,0.5278,True,True,False,False,False,True,False,p1g7_032,screen
1,4|switch|mobile|liquid|s1|g1,6,p6g3_033,0,6,45d84b9a9c2d5329,64.56198883465801,0.6393,partial,0.4,True,False,True,p6g3_033_c9,c9fill,957,45d84b9a9c2d5329,4|switch|mobile|liquid|s1|g1|structured,64.56198883465801,0.6393,True,True,True,True,False,False,False,p6g3_033_c9,c9fill
1,3|switch|mobile|liquid|s1|g2,6,p3g7_014,0,3,bb89c8e401f4f69a,60.14176949413577,0.5689,partial,0.4,True,False,True,p3g7_014_c9,c9fill,957,bb89c8e401f4f69a,3|oscillator|mobile|liquid|s1|g2|structured,60.14176949413577,0.5689,True,True,True,True,False,False,False,p3g7_014_c9,c9fill
1,4|grow|mobile|flicker|s2|g2,6,p2g5_023,0,2,84ec665a3a51196b,52.0053900191002,0.189,partial,0.4,False,False,True,p2g5_023_c9,c9fill,957,84ec665a3a51196b,4|grow|mobile|flicker|s2|g2|mixed,52.0053900191002,0.189,True,True,True,True,False,False,False,p2g5_023_c9,c9fill
1,3|switch|rotor|liquid|s1|g2,6,p3g8_042,0,3,669ecc8e806a412c,57.756974563647674,0.4488,partial,0.4,True,False,True,p3g8_042_c9,c9fill,957,669ecc8e806a412c,3|grow|mobile|liquid|s1|g2|structured,57.756974563647674,0.4488,True,True,True,True,False,False,False,p3g8_042_c9,c9fill
1,4|grow|rotor|flicker|s2|g2,6,p6g4_021,0,6,f1d619e4608e8429,64.58237487018637,0.4944,partial,0.4,False,False,True,p6g4_021_c9,c9fill,957,f1d619e4608e8429,4|grow|mobile|liquid|s1|g2|structured,64.58237487018637,0.4944,True,True,True,True,False,False,False,p6g4_021_c9,c9fill
1,4|grow|mobile|liquid|s3|g0,6,p6g2_022,0,6,4822df84bbe8edf6,68.3576392821715,0.5982,partial,0.4,True,False,True,p6g2_022_c9,c9fill,957,4822df84bbe8edf6,4|grow|rotor|liquid|s2|g0|structured,68.3576392821715,0.5982,True,True,True,True,False,True,False,p6g2_022_c9,c9fill
1,4|grow|drift|liquid|s1|g2,6,p2g4_020,0,2,36456c27fa9e9db9,49.242756211953505,0.2713,partial,0.4,True,True,True,p2g4_020_c9,c9fill,957,36456c27fa9e9db9,3|grow|mobile|liquid|s2|g2|structured,49.242756211953505,0.2713,True,True,True,True,False,False,False,p2g4_020_c9,c9fill
1,4|grow|rotor|liquid|s1|g1,6,p3g7_015,0,3,b6669fc876a2db67,61.14055172755743,0.4313,partial,0.4,True,False,True,p3g7_015_c9,c9fill,957,b6669fc876a2db67,4|grow|rotor|liquid|s1|g1|structured,61.14055172755743,0.4313,True,True,True,True,False,False,False,p3g7_015_c9,c9fill
1,4|constant|rotor|liquid|s1|g2,6,p6g7_067,0,6,070d384c430a8e0f,65.35438205930618,0.586,partial,0.4,True,False,True,p6g7_067_c9,c9fill,957,070d384c430a8e0f,4|constant|rotor|liquid|s1|g2|structured,65.35438205930618,0.586,True,True,True,True,False,True,False,p6g7_067_c9,c9fill
1,4|switch|rotor|flicker|s1|g2,6,p4g7_062,0,4,99904c4c71c802f0,42.15224317881897,0.0,partial,0.4,True,False,True,p4g7_062_c9,c9fill,957,99904c4c71c802f0,4|switch|rotor|flicker|s1|g2|mixed,42.15224317881897,0.0,True,True,True,True,False,True,False,p4g7_062_c9,c9fill
1,4|grow|mobile|liquid|s1|g1,6,p3g5_003,0,3,a8588ddb13332b62,67.33665464169752,0.5239,partial,0.4,True,False,True,p3g5_003_c9,c9fill,957,a8588ddb13332b62,4|switch|mobile|liquid|s1|g1|structured,67.33665464169752,0.5239,True,True,True,True,False,True,False,p3g5_003_c9,c9fill
1,3|grow|mobile|liquid|s2|g1,6,p6g1_023,0,6,b52d5d7da8ee6179,48.188593310787454,0.304,partial,0.4,True,True,True,p6g1_023_c9,c9fill,957,b52d5d7da8ee6179,3|grow|mobile|liquid|s1|g1|structured,48.188593310787454,0.304,True,True,True,True,False,True,False,p6g1_023_c9,c9fill
1,4|switch|mobile|liquid|s2|g1,6,p1g3_035,0,1,a065779eaf3df961,67.67366469465405,0.5626,partial,0.4,True,True,True,p1g3_035_s3,seed3,959,a065779eaf3df961,4|grow|rotor|liquid|s1|g1|structured,70.52708086831757,0.5626,True,True,True,True,False,False,False,p1g3_035_s3,seed3
1,2|grow|rotor|liquid|s1|g2,6,p2g4_062,0,2,37e5bf4d92c4be41,60.1178662728918,0.3921,partial,0.4,True,False,True,p2g4_062_c9,c9fill,957,37e5bf4d92c4be41,2|grow|rotor|liquid|s1|g2|structured,60.1178662728918,0.3921,True,True,True,True,False,True,False,p2g4_062_c9,c9fill
1,2|grow|mobile|liquid|s1|g2,6,p2g4_053,0,2,8f894fb7b2f207f4,60.98367967916403,0.4385,partial,0.4,True,True,True,p2g4_053_c9,c9fill,957,8f894fb7b2f207f4,2|grow|mobile|liquid|s1|g2|structured,60.98367967916403,0.4385,True,True,True,True,False,False,False,p2g4_053_c9,c9fill
1,2|grow|mobile|liquid|s2|g2,6,p2g2_038,0,2,ad835d9583d074b2,47.86555669194064,0.1835,partial,0.4,True,True,True,p2g2_038_c9,c9fill,957,ad835d9583d074b2,2|switch|mobile|liquid|s2|g2|structured,47.86555669194064,0.1835,True,True,True,True,False,False,False,p2g2_038_c9,c9fill
1,4|switch|mobile|flicker|s1|g2,6,p2g2_070,0,2,3403b1a691db96ea,42.575031366488766,0.0,partial,0.4,True,True,True,p2g2_070_c9,c9fill,957,3403b1a691db96ea,4|switch|mobile|flicker|s1|g2|mixed,42.575031366488766,0.0,True,True,True,True,False,False,False,p2g2_070_c9,c9fill
1,3|switch|mobile|flicker|s1|g2,6,p4g1_018,0,4,bdeaaefe8a5b91e0,45.0444318820136,0.0,partial,0.4,True,True,True,p4g1_018_c9,c9fill,957,bdeaaefe8a5b91e0,3|relaxation|mobile|flicker|s1|g2|mixed,45.0444318820136,0.0,True,True,True,True,False,True,False,p4g1_018_c9,c9fill
1,4|grow|mobile|flicker|s1|g2,6,p2g4_030,0,2,ca21e100b2dea0c3,53.11231218808038,0.244,partial,0.4,True,True,True,p2g4_030_c9,c9fill,957,ca21e100b2dea0c3,4|grow|mobile|liquid|s1|g2|mixed,53.11231218808038,0.244,True,True,True,True,False,False,False,p2g4_030_c9,c9fill
1,2|grow|rotor|liquid|s2|g2,6,p6g5_025,0,6,c53633b366a18482,52.72101660272493,0.3774,partial,0.4,True,False,True,p6g5_025_c9,c9fill,957,c53633b366a18482,2|grow|rotor|liquid|s1|g2|structured,52.72101660272493,0.3774,True,True,True,True,False,False,False,p6g5_025_c9,c9fill
1,3|oscillator|mobile|liquid|s1|g2,6,p6g10_024,0,6,2a7ac9f64d6ef179,58.77213572931823,0.401,partial,0.4,False,False,True,p6g10_024_c9,c9fill,957,2a7ac9f64d6ef179,3|switch|mobile|liquid|s1|g2|structured,58.77213572931823,0.401,True,True,True,True,False,True,False,p6g10_024_c9,c9fill
1,2|switch|rotor|flicker|s1|g2,6,p5g8_014,0,5,60fd1da794635589,61.765438551420125,0.5616,partial,0.4,False,False,True,p5g8_014_c9,c9fill,957,60fd1da794635589,2|switch|mobile|flicker|s1|g2|structured,61.765438551420125,0.5616,True,True,True,True,False,True,False,p5g8_014_c9,c9fill
1,3|grow|mobile|liquid|s1|g1,6,p3g9_021,0,3,d2673ccaa565671c,43.072608508217236,0.0,partial,0.4,False,False,True,p3g9_021_c9,c9fill,957,d2673ccaa565671c,3|grow|mobile|liquid|s1|g1|mixed,43.072608508217236,0.0,True,True,True,True,False,True,False,p3g9_021_c9,c9fill
1,3|switch|rotor|flicker|s1|g2,6,p2g4_041,0,2,794646053eadd329,47.17695819915626,0.4577,partial,0.4,True,False,True,p2g4_041_c9,c9fill,957,794646053eadd329,2|switch|rotor|liquid|s1|g0|structured,47.17695819915626,0.4577,True,True,True,True,False,True,False,p2g4_041_c9,c9fill
1,4|switch|rotor|liquid|s1|g1,6,p6g1_040,0,6,8e82b34b98815d51,64.08797949566262,0.5687,partial,0.4,True,True,True,p6g1_040_c9,c9fill,957,8e82b34b98815d51,4|switch|mobile|flicker|s1|g1|structured,64.08797949566262,0.5687,True,True,True,True,False,True,False,p6g1_040_c9,c9fill
1,3|switch|mobile|liquid|s1|g1,6,p3g6_036,0,3,dc62120b0c212700,39.00763743705523,0.0,partial,0.4,True,False,True,p3g6_036_c9,c9fill,957,dc62120b0c212700,3|switch|mobile|liquid|s1|g1|structured,39.00763743705523,0.0,True,True,True,True,False,False,False,p3g6_036_c9,c9fill
1,3|grow|rotor|liquid|s2|g1,6,p4g7_003,0,4,0c6b5140622c9518,61.25741187916776,0.446,partial,0.4,True,False,True,p4g7_003_c9,c9fill,957,0c6b5140622c9518,3|grow|rotor|liquid|s3|g1|structured,61.25741187916776,0.446,True,True,True,True,False,True,False,p4g7_003_c9,c9fill
1,4|grow|rotor|flicker|s1|g2,6,p6g8_068,0,6,0ae569d76c7ad4e0,53.20269932819489,0.3221,partial,0.4,True,False,True,p6g8_068_c9,c9fill,957,0ae569d76c7ad4e0,4|switch|rotor|flicker|s1|g2|structured,53.20269932819489,0.3221,True,True,True,True,False,True,False,p6g8_068_c9,c9fill
1,4|switch|mobile|liquid|s2|g0,6,p4g3_022,0,4,c12ecee8c627b141,53.61074136974207,0.42,partial,0.4,True,True,True,p4g3_022_c9,c9fill,957,c12ecee8c627b141,4|switch|mobile|liquid|s1|g0|structured,53.61074136974207,0.42,True,True,True,True,False,False,False,p4g3_022_c9,c9fill
1,3|grow|rotor|frozen|s1|g2,6,p0g0_ds2g11_009,0,0,bbe92b88e108906a,43.12422836690032,0.1336,partial,0.4,True,True,True,p0g0_ds2g11_009_c9,c9fill,957,bbe92b88e108906a,3|grow|rotor|liquid|s1|g2|structured,43.12422836690032,0.1336,True,True,True,True,False,False,False,p0g0_ds2g11_009_c9,c9fill
1,4|oscillator|rotor|liquid|s1|g2,6,p5g5_010,0,5,53fda5eb68268f1f,64.41262158814337,0.5402,partial,0.4,True,True,True,p5g5_010_c9,c9fill,957,53fda5eb68268f1f,4|switch|rotor|liquid|s1|g2|structured,64.41262158814337,0.5402,True,True,True,True,False,True,False,p5g5_010_c9,c9fill
1,3|switch|drift|flicker|s1|g2,6,p6g7_013,0,6,e65ef70dd49605a1,59.25258612611718,0.4416,partial,0.4,True,False,True,p6g7_013_c9,c9fill,957,e65ef70dd49605a1,3|switch|mobile|flicker|s1|g2|structured,59.25258612611718,0.4416,True,True,True,True,False,False,False,p6g7_013_c9,c9fill
1,3|oscillator|drift|liquid|s2|g2,6,p3g6_070,0,3,0754aa976555d950,53.7047740759709,0.3719,partial,0.4,True,False,True,p3g6_070_c9,c9fill,957,0754aa976555d950,3|switch|mobile|liquid|s2|g2|structured,53.7047740759709,0.3719,True,True,True,True,False,False,False,p3g6_070_c9,c9fill
1,3|grow|rotor|flicker|s2|g2,6,p2g6_031,0,2,84226d894db71e93,52.5602313594771,0.3341,partial,0.4,True,False,True,p2g6_031_c9,c9fill,957,84226d894db71e93,3|grow|mobile|liquid|s2|g2|mixed,52.5602313594771,0.3341,True,True,True,True,False,False,False,p2g6_031_c9,c9fill
1,2|grow|mobile|liquid|s2|g1,6,p3g6_061,0,3,87da68345e8008fe,40.08037576272589,0.0,partial,0.4,True,False,True,p3g6_061_c9,c9fill,957,87da68345e8008fe,2|grow|mobile|liquid|s1|g1|mixed,40.08037576272589,0.0,True,True,True,True,False,False,False,p3g6_061_c9,c9fill
1,3|switch|drift|liquid|s1|g2,6,p4g4_018,0,4,c85255378879551c,37.2901832639903,0.0,partial,0.4,True,True,True,p4g4_018_c9,c9fill,957,c85255378879551c,3|switch|drift|liquid|s1|g2|mixed,37.2901832639903,0.0,True,True,True,True,False,False,False,p4g4_018_c9,c9fill
1,3|grow|mobile|liquid|s3|g0,6,p0g0_ds2g11_006,0,0,2dd6dbf38ed8f991,54.100133373602304,0.4714,partial,0.4,True,True,True,p0g0_ds2g11_006_c9,c9fill,957,2dd6dbf38ed8f991,3|grow|mobile|liquid|s1|g0|structured,54.100133373602304,0.4714,True,True,True,True,False,False,False,p0g0_ds2g11_006_c9,c9fill
1,3|constant|rotor|flicker|s1|g2,6,p1g6_065,0,1,6ffe5602270e02e4,57.615453465178646,0.2139,partial,0.4,True,False,True,p1g6_065,screen,957,d760747f84c5546f,4|grow|rotor|liquid|s2|g2|structured,66.67181683147331,0.2139,True,True,False,False,False,False,False,p1g6_065,screen
1,3|grow|rotor|liquid|s1|g0,6,p2g2_023,0,2,18fb4a511bd5fd41,56.5548516432551,0.4339,partial,0.4,True,True,True,p2g2_023_c9,c9fill,957,18fb4a511bd5fd41,3|grow|mobile|liquid|s2|g0|structured,56.5548516432551,0.4339,True,True,True,True,False,False,False,p2g2_023_c9,c9fill
1,4|switch|rotor|flicker|s1|g1,6,p6g5_019,0,6,0477d3f126e0b4df,66.1051509716912,0.5612,partial,0.4,True,False,True,p6g5_019_c9,c9fill,957,0477d3f126e0b4df,4|switch|rotor|flicker|s1|g1|structured,66.1051509716912,0.5612,True,True,True,True,False,False,False,p6g5_019_c9,c9fill
1,2|switch|mobile|flicker|s1|g2,6,p10g0_ds6_000,0,10,5ddef2bb7950303b,61.68015601877568,0.558,partial,0.4,True,True,True,p10g0_ds6_000_c9,c9fill,957,5ddef2bb7950303b,2|switch|mobile|flicker|s1|g2|structured,61.68015601877568,0.558,True,True,True,True,False,True,False,p10g0_ds6_000_c9,c9fill
1,2|switch|mobile|liquid|s1|g2,6,p4g5_070,0,4,8944dc72cebaf556,36.88356788316511,0.0,partial,0.4,False,False,True,p4g5_070_c9,c9fill,957,8944dc72cebaf556,2|switch|mobile|liquid|s1|g2|structured,36.88356788316511,0.0,True,True,True,True,False,True,False,p4g5_070_c9,c9fill
1,2|switch|rotor|liquid|s1|g2,6,p1g2_008,0,1,6aef37d09adb821c,57.53477784956226,0.5389,partial,0.4,True,True,True,p1g2_008,screen,957,2e7f82f20c7a06c0,3|switch|mobile|liquid|s1|g2|structured,58.44597231195282,0.5389,True,True,False,False,False,False,False,p1g2_008,screen
1,4|grow|rotor|liquid|s1|g0,6,p5g3_062,0,5,6588fedcc859d014,36.05366040823881,0.0,partial,0.4,True,True,True,p5g3_062_c9,c9fill,957,6588fedcc859d014,4|switch|rotor|liquid|s1|g0|mixed,36.05366040823881,0.0,True,True,True,True,False,False,False,p5g3_062_c9,c9fill
1,4|switch|drift|liquid|s1|g2,6,p4g7_057,0,4,8c1b8d558ff3eab5,45.1542894581398,0.143,partial,0.4,True,False,True,p4g7_057_c9,c9fill,957,8c1b8d558ff3eab5,4|switch|drift|liquid|s1|g2|mixed,45.1542894581398,0.143,True,True,True,True,False,True,False,p4g7_057_c9,c9fill
1,3|grow|drift|liquid|s1|g2,6,p5g4_065,0,5,ec92b73fbd3a436f,46.69262642306477,0.0,partial,0.4,True,True,True,p5g4_065_c9,c9fill,957,ec92b73fbd3a436f,4|grow|mobile|liquid|s1|g2|mixed,46.69262642306477,0.0,True,True,True,True,False,True,False,p5g4_065_c9,c9fill
1,3|switch|mobile|liquid|s2|g0,6,p6g9_040,0,6,199b006fd66f13fb,43.06422726263551,0.2226,partial,0.4,True,False,True,p6g9_040_c9,c9fill,957,199b006fd66f13fb,3|switch|mobile|liquid|s1|g0|structured,43.06422726263551,0.2226,True,True,True,True,False,False,False,p6g9_040_c9,c9fill
1,4|grow|rotor|frozen|s1|g2,6,p2g6_001,0,2,b10ebb5bb2a75e70,40.43926546343431,0.1,partial,0.4,True,False,True,p2g6_001_c9,c9fill,957,b10ebb5bb2a75e70,4|grow|drift|frozen|s1|g2|mixed,40.43926546343431,0.1,True,True,True,True,False,True,False,p2g6_001_c9,c9fill
1,4|switch|mobile|liquid|s1|g0,6,p6g9_024,0,6,13d71fd1241f9ebc,53.46729155835543,0.4296,partial,0.4,True,False,True,p6g9_024_c9,c9fill,957,13d71fd1241f9ebc,4|switch|mobile|liquid|s1|g0|structured,53.46729155835543,0.4296,True,True,True,True,False,False,False,p6g9_024_c9,c9fill
1,4|grow|still|frozen|s2|g2,6,p2g4_015,0,2,04a0f0e5eb95cb51,45.162502232148015,0.1065,partial,0.4,True,False,True,p2g4_015_c9,c9fill,957,04a0f0e5eb95cb51,4|grow|drift|frozen|s2|g2|mixed,45.162502232148015,0.1065,True,True,True,True,False,False,False,p2g4_015_c9,c9fill
1,3|switch|mobile|flicker|s1|g1,6,p3g9_000,0,3,91d0de9a698b42f1,57.284681783797296,0.4548,partial,0.4,False,False,True,p3g9_000_c9,c9fill,957,91d0de9a698b42f1,3|switch|mobile|flicker|s1|g1|structured,57.284681783797296,0.4548,True,True,True,True,False,True,False,p3g9_000_c9,c9fill
1,4|switch|drift|flicker|s1|g2,6,p4g4_007,0,4,51de7cd26fa902e8,37.60042276006942,0.0,partial,0.4,True,True,True,p4g4_007_c9,c9fill,957,51de7cd26fa902e8,4|switch|drift|liquid|s1|g2|mixed,37.60042276006942,0.0,True,True,True,True,False,True,False,p4g4_007_c9,c9fill
1,4|switch|still|liquid|s1|g2,6,p3g8_049,0,3,7abceff1a41774bf,34.52591840159555,0.0,partial,0.4,True,False,True,p3g8_049_c9,c9fill,957,7abceff1a41774bf,4|switch|still|liquid|s1|g2|mixed,34.52591840159555,0.0,True,True,True,True,False,True,False,p3g8_049_c9,c9fill
1,4|oscillator|mobile|liquid|s2|g0,6,p1g2_008,0,1,a19e1629a9d1fb98,57.53477784956226,0.5389,partial,0.4,False,False,True,p1g2_008,screen,957,2e7f82f20c7a06c0,3|switch|mobile|liquid|s1|g2|structured,58.44597231195282,0.5389,True,True,False,False,False,False,False,p1g2_008,screen
1,3|grow|mobile|liquid|s1|g0,6,p1g2_021,0,1,67cf8460076bdd5b,54.31304084134824,0.3793,partial,0.4,True,False,True,p1g2_021_s2,seed2,958,cd3b802cf2dc17d5,4|switch|mobile|liquid|s2|g0|mixed,58.4088010516853,0.3793,True,True,False,False,False,True,True,p1g2_021_s3,seed3
1,3|grow|still|frozen|s2|g2,6,p2g4_069,0,2,ae9d1473551424c6,42.030727755851764,0.064,partial,0.4,True,True,True,p2g4_069_c9,c9fill,957,ae9d1473551424c6,3|grow|still|frozen|s3|g2|mixed,42.030727755851764,0.064,True,True,True,True,False,False,False,p2g4_069_c9,c9fill
1,2|grow|mobile|flicker|s1|g2,6,p6g8_061,0,6,0849acc60943ebb4,18.04529457115435,0.0,partial,0.4,False,False,True,p6g8_061_c9,c9fill,957,0849acc60943ebb4,1|grow|still|flicker|s1|g2|mixed,18.04529457115435,0.0,True,True,True,True,False,False,False,p6g8_061_c9,c9fill
1,3|grow|still|liquid|s1|g2,6,p4g2_028,0,4,9ccfc2ac9c92bba2,45.18083483597651,0.1951,partial,0.4,True,True,True,p4g2_028_c9,c9fill,957,9ccfc2ac9c92bba2,3|grow|still|liquid|s1|g2|structured,45.18083483597651,0.1951,True,True,True,True,False,False,False,p4g2_028_c9,c9fill
1,2|grow|rotor|liquid|s1|g0,6,p6g1_043,0,6,cb8ca5f66af9944a,46.118736234820055,0.3125,partial,0.4,True,True,True,p6g1_043_c9,c9fill,957,cb8ca5f66af9944a,2|switch|rotor|liquid|s2|g0|structured,46.118736234820055,0.3125,True,True,True,True,False,True,False,p6g1_043_c9,c9fill
1,3|grow|mobile|liquid|s2|g0,6,p1g2_034,0,1,65ee88a4e85ee72d,62.40766224348483,0.5568,partial,0.4,True,False,True,p1g2_034,screen,957,158f0c237e4f658e,2|switch|mobile|flicker|s1|g2|structured,64.08957780435604,0.5568,True,True,False,False,False,False,False,p1g2_034,screen
1,3|oscillator|mobile|flicker|s1|g2,6,p6g3_008,0,6,6fdabba5eb65047e,62.10115449766258,0.5263,partial,0.4,True,False,True,p6g3_008_c9,c9fill,957,6fdabba5eb65047e,3|switch|mobile|flicker|s1|g2|structured,62.10115449766258,0.5263,True,True,True,True,False,True,False,p6g3_008_c9,c9fill
1,4|oscillator|drift|liquid|s1|g2,6,p6g7_054,0,6,c3395cc4794da758,32.84491053632261,0.0,partial,0.4,True,False,True,p6g7_054_c9,c9fill,957,c3395cc4794da758,4|oscillator|drift|liquid|s1|g2|mixed,32.84491053632261,0.0,True,True,True,True,False,True,False,p6g7_054_c9,c9fill
1,3|switch|still|liquid|s1|g2,6,p5g8_007,0,5,8e4299986c7764fd,38.56079624782342,0.0,partial,0.4,False,False,True,p5g8_007_c9,c9fill,957,8e4299986c7764fd,3|switch|still|liquid|s1|g2|mixed,38.56079624782342,0.0,True,True,True,True,False,False,False,p5g8_007_c9,c9fill
1,3|grow|rotor|liquid|s2|g0,6,p4g1_037,0,4,51d3ff7d5b99699d,46.31002479058482,0.2489,partial,0.4,True,True,True,p4g1_037_c9,c9fill,957,51d3ff7d5b99699d,3|grow|drift|liquid|s2|g0|structured,46.31002479058482,0.2489,True,True,True,True,False,False,False,p4g1_037_c9,c9fill
1,4|grow|mobile|liquid|s1|g0,6,p1g7_023,0,1,ae859cef82a541f9,67.21152808694907,0.6487,partial,0.4,False,False,True,p1g7_023,screen,957,eb5e4ef733bd5672,3|switch|mobile|liquid|s1|g2|structured,67.79691010868635,0.6487,True,True,False,False,False,True,False,p1g7_023,screen
1,4|grow|drift|frozen|s1|g2,6,p1g5_022,0,1,e0c477a1df493566,61.912291554029295,0.5209,partial,0.4,True,True,True,p1g5_022,screen,957,4716b0ed967ab0c9,4|grow|rotor|liquid|s1|g2|structured,64.36786444253661,0.5209,True,True,False,False,False,False,False,p1g5_022,screen
1,4|switch|rotor|liquid|s2|g1,6,p2g7_010,0,2,8ca54a0a2e5f9221,43.71410894344438,0.2016,partial,0.4,False,False,True,p2g7_010_c9,c9fill,957,8ca54a0a2e5f9221,4|grow|rotor|liquid|s2|g1|mixed,43.71410894344438,0.2016,True,True,True,True,False,False,False,p2g7_010_c9,c9fill
1,2|grow|drift|liquid|s1|g2,6,p6g9_038,0,6,812d5ab5168659a9,35.34862883897415,0.1052,partial,0.4,True,False,True,p6g9_038_c9,c9fill,957,812d5ab5168659a9,2|grow|drift|liquid|s1|g2|mixed,35.34862883897415,0.1052,True,True,True,True,False,True,False,p6g9_038_c9,c9fill
1,3|grow|drift|frozen|s1|g2,6,p0g1_055,0,0,b8443088cbf6a776,23.07573572790891,0.0,partial,0.4,True,False,True,p0g1_055_c9,c9fill,957,b8443088cbf6a776,3|constant|rotor|frozen|s1|g2|structured,23.07573572790891,0.0,True,True,True,True,False,False,False,p0g1_055_c9,c9fill
1,4|constant|rotor|flicker|s1|g2,6,p5g6_021,0,5,f6f348579074846d,37.75596212289088,0.0,partial,0.4,True,False,True,p5g6_021_c9,c9fill,957,f6f348579074846d,4|oscillator|rotor|liquid|s1|g2|mixed,37.75596212289088,0.0,True,True,True,True,False,False,False,p5g6_021_c9,c9fill
1,3|grow|drift|liquid|s2|g2,6,p2g2_041,0,2,6d69c834bff5afd0,42.02466434855003,0.108,partial,0.4,True,True,True,p2g2_041_c9,c9fill,957,6d69c834bff5afd0,3|grow|drift|liquid|s2|g2|structured,42.02466434855003,0.108,True,True,True,True,False,False,False,p2g2_041_c9,c9fill
1,2|switch|mobile|liquid|s2|g2,6,p2g4_002,0,2,bcc3072a07e51f96,63.73891646121788,0.4014,partial,0.4,True,False,True,p2g4_002_c9,c9fill,957,bcc3072a07e51f96,3|switch|mobile|liquid|s2|g2|structured,63.73891646121788,0.4014,True,True,True,True,False,False,False,p2g4_002_c9,c9fill
1,3|constant|mobile|flicker|s1|g2,6,p3g5_061,0,3,c63ba0e852b7880c,26.987566449348677,0.0,partial,0.4,False,False,True,p3g5_061_c9,c9fill,957,c63ba0e852b7880c,3|constant|mobile|flicker|s1|g2|mixed,26.987566449348677,0.0,True,True,True,True,False,True,False,p3g5_061_c9,c9fill
1,4|grow|mobile|flicker|s3|g0,6,p6g9_022,0,6,36e4056a5ff9fa8c,38.62992457894431,0.3457,partial,0.4,True,False,True,p6g9_022_c9,c9fill,957,36e4056a5ff9fa8c,4|switch|mobile|liquid|s1|g0|structured,38.62992457894431,0.3457,True,True,True,True,False,False,False,p6g9_022_c9,c9fill
1,4|grow|rotor|liquid|s1|g2|economy,7,p1g1_052,1,1,fa86cb8089d048d0,77.03829187725921,0.6311,partial,0.4,True,False,True,p1g1_052_s3,seed3,959,fa86cb8089d048d0,4|grow|mobile|liquid|s3|g2|structured,80.52036484657403,0.6311,True,True,True,True,False,True,False,p1g1_052_s3,seed3
1,3|switch|rotor|liquid|s2|g2|economy,7,p1g1_053,1,1,27a2960d05f47297,68.9601073897957,0.5021,partial,0.4,True,False,True,p1g1_053_s2,seed2,958,27a2960d05f47297,3|switch|rotor|liquid|s2|g2|structured,73.64763423724462,0.5021,True,True,True,True,False,True,False,p1g1_053_s2,seed2
1,4|switch|mobile|liquid|s1|g1|economy,7,p1g1_049,1,1,dc62120b0c212700,60.05096618473347,0.5007,partial,0.4,True,False,True,p1g1_049_s3,seed3,959,dc62120b0c212700,4|switch|mobile|liquid|s1|g1|structured,62.54620773091684,0.5007,True,True,True,True,False,True,False,p1g1_049_s3,seed3
1,3|grow|rotor|liquid|s2|g2|economy,7,p1g1_050,1,1,27a2960d05f47297,69.40908896314723,0.4927,partial,0.4,True,False,True,p1g1_050_s2,seed2,958,27a2960d05f47297,3|switch|rotor|liquid|s2|g2|structured,74.44386120393403,0.4927,True,True,True,True,False,True,False,p1g1_050_s2,seed2
1,3|grow|rotor|liquid|s1|g1|mixed,7,p1g1_023,1,1,7b4ed6d7108a4117,39.0472096695423,0.0,partial,0.4,True,False,True,p1g1_023_s3,seed3,959,7b4ed6d7108a4117,3|grow|mobile|liquid|s1|g1|mixed,48.80901208692787,0.0,True,True,True,True,False,False,False,p1g1_023_s3,seed3
1,2|switch|mobile|liquid|s1|g2|structured,7,p1g2_032,2,1,e810275ae9ca0cb9,62.003577511380136,0.5108,partial,0.4,True,False,True,p1g2_032_s2,seed2,958,e810275ae9ca0cb9,2|switch|rotor|liquid|s1|g2|structured,64.73447188922518,0.5108,True,True,True,True,False,False,False,p1g2_032_s2,seed2
1,3|switch|mobile|liquid|s1|g2|structured,7,p1g9_013,9,1,32e73d69fe198380,75.50492988051496,0.7436,partial,,True,False,False,,,,,,,,,,,,,,,,
1,3|grow|mobile|liquid|s1|g2|mixed,7,p1g7_017,7,1,df888871f6b77cc9,40.74130370089827,0.0,partial,0.4,True,True,True,p1g7_017_s2,seed2,958,df888871f6b77cc9,3|grow|rotor|liquid|s1|g2|mixed,50.92662962612284,0.0,True,True,True,True,False,True,False,p1g7_017_s2,seed2
1,3|grow|rotor|liquid|s2|g2|structured,7,p1g1_037,1,1,f003a6f1e11f732d,66.04140712036089,0.4359,partial,0.4,True,False,True,p1g1_037_s2,seed2,958,f003a6f1e11f732d,3|grow|mobile|liquid|s2|g2|structured,71.65425890045111,0.4359,True,True,True,True,False,True,False,p1g1_037_s2,seed2
1,3|grow|mobile|liquid|s3|g2|structured,7,p1g1_038,1,1,bbef031462d40825,73.34328531212776,0.5762,partial,0.4,True,False,True,p1g1_038_s3,seed3,959,bbef031462d40825,3|grow|mobile|liquid|s3|g2|structured,77.27410664015972,0.5762,True,True,True,True,True,True,False,p1g1_038_s3,seed3
1,2|constant|still|frozen|s1|g2|mixed,7,p1g6_068,6,1,ab38c24cc5e4c855,23.14256751052128,0.0,partial,0.4,True,True,True,p1g6_068,screen,957,ab38c24cc5e4c855,2|constant|still|frozen|s1|g2|mixed,28.928209388151597,0.0,True,True,True,True,True,True,False,p1g6_068,screen
1,4|switch|rotor|liquid|s2|g2|structured,7,p1g8_029,8,1,fc118f66693383c7,74.06333114437204,0.7,partial,,True,False,False,,,,,,,,,,,,,,,,
1,3|grow|mobile|liquid|s2|g2|mixed,7,p1g1_046,1,1,7301e1a7983770c7,37.05156637215582,0.0,partial,0.4,True,False,True,p1g1_046,screen,957,7301e1a7983770c7,3|grow|mobile|liquid|s2|g2|mixed,46.31445796519477,0.0,True,True,True,True,True,True,False,p1g1_046,screen
1,3|oscillator|mobile|liquid|s1|g2|structured,7,p1g10_020,10,1,7e1f4bd8dc0677ff,60.45424658381951,0.5371,partial,,True,False,False,,,,,,,,,,,,,,,,
1,3|grow|rotor|liquid|s1|g2|structured,7,p1g5_014,5,1,510a2e15357d1c55,62.250439459534604,0.3879,partial,0.4,True,False,True,p1g5_014,screen,957,510a2e15357d1c55,3|grow|rotor|liquid|s1|g2|structured,68.11554932441825,0.3879,True,True,True,True,True,True,False,p1g5_014,screen
1,4|switch|drift|liquid|s1|g2|mixed,7,p1g8_002,8,1,eb940a7e88702d14,50.64722681599771,0.3379,partial,,True,False,False,,,,,,,,,,,,,,,,
1,4|grow|rotor|liquid|s2|g2|structured,7,p1g10_048,10,1,433c3d0184147edf,78.58009001646884,0.736,partial,,True,False,False,,,,,,,,,,,,,,,,
1,4|switch|mobile|flicker|s1|g2|mixed,7,p1g1_061,1,1,b8845a421c6e979f,57.43478367282714,0.4106,partial,0.4,True,False,True,p1g1_061_s2,seed2,958,b8845a421c6e979f,4|switch|mobile|flicker|s1|g2|structured,61.52847959103393,0.4106,True,True,True,True,False,True,False,p1g1_061_s2,seed2
1,4|grow|mobile|liquid|s1|g2|structured,7,p1g6_023,6,1,fceaf0f5291b4bac,73.11152650201896,0.6277,partial,0.4,True,True,True,p1g6_023_s2,seed2,958,fceaf0f5291b4bac,4|grow|mobile|liquid|s1|g2|structured,75.6969081275237,0.6277,True,True,True,True,True,True,False,p1g6_023_s2,seed2
1,4|grow|mobile|liquid|s3|g2|structured,7,p1g4_050,4,1,9a815b4bb1db78ea,78.40726235314638,0.6487,partial,0.4,True,False,True,p1g4_050_s3,seed3,959,9a815b4bb1db78ea,4|grow|mobile|liquid|s3|g2|structured,81.79157794143298,0.6487,True,True,True,True,True,True,False,p1g4_050_s3,seed3
1,4|switch|drift|flicker|s1|g2|mixed,7,p1g1_064,1,1,82d50700e07f9b60,36.3497701903479,0.0,partial,0.4,True,False,True,p1g1_064,screen,957,82d50700e07f9b60,4|switch|drift|flicker|s1|g2|mixed,45.43721273793487,0.0,True,True,True,True,True,True,False,p1g1_064,screen
1,4|switch|rotor|liquid|s1|g2|structured,7,p1g6_052,6,1,e85f4b309db0d245,73.71045236487434,0.5397,partial,0.4,True,True,True,p1g6_052_s3,seed3,959,e85f4b309db0d245,4|switch|rotor|liquid|s2|g2|structured,78.64556545609295,0.5397,True,True,True,True,False,False,False,p1g6_052_s3,seed3
1,4|switch|mobile|liquid|s1|g2|mixed,7,p1g2_079,2,1,dc83264b5807f57d,60.218107671443164,0.3785,partial,0.4,True,False,True,p1g2_079_s2,seed2,958,dc83264b5807f57d,4|switch|rotor|liquid|s1|g2|mixed,65.81013458930396,0.3785,True,True,True,True,False,False,False,p1g2_079_s2,seed2
1,3|switch|drift|frozen|s1|g2|mixed,7,p1g3_043,3,1,8bc048058fe00ede,30.808175965348568,0.0,partial,0.4,True,False,True,p1g3_043_s2,seed2,958,8bc048058fe00ede,3|constant|drift|liquid|s1|g2|mixed,38.51021995668571,0.0,True,True,True,True,False,True,False,p1g3_043_s2,seed2
1,4|switch|rotor|liquid|s3|g2|structured,7,p1g9_024,9,1,986518e2fcff4f95,66.01038495571946,0.4056,partial,,True,False,False,,,,,,,,,,,,,,,,
1,3|constant|rotor|liquid|s1|g1|structured,7,p1g1_002,1,1,020eb6f6f8781bc8,47.82566975969556,0.4949,partial,0.4,False,False,True,p1g1_002,screen,957,020eb6f6f8781bc8,3|constant|rotor|liquid|s1|g1|structured,47.40958719961945,0.4949,True,True,True,True,True,True,False,p1g1_002,screen
1,3|switch|mobile|liquid|s1|g1|structured,7,p1g12_014,12,1,de784825e3c7a087,59.54118614190624,0.5575,partial,,True,True,False,,,,,,,,,,,,,,,,
1,3|oscillator|drift|liquid|s1|g2|mixed,7,p1g2_064,2,1,bd534d84815f7264,37.345238835498755,0.1628,partial,0.4,True,False,True,p1g2_064,screen,957,bd534d84815f7264,3|oscillator|drift|liquid|s1|g2|mixed,42.61154854437344,0.1628,True,True,True,True,True,True,False,p1g2_064,screen
1,3|switch|mobile|liquid|s1|g2|mixed,7,p1g3_007,3,1,fffc151241f9ddb6,62.58959201568059,0.4452,partial,0.4,True,False,True,p1g3_007_s2,seed2,958,fffc151241f9ddb6,3|switch|mobile|liquid|s1|g2|structured,67.10699001960073,0.4452,True,True,True,True,False,True,False,p1g3_007_s2,seed2
1,3|switch|rotor|liquid|s1|g2|structured,7,p1g4_053,4,1,b310fbfc5cac334e,62.07309727207247,0.2645,partial,0.4,True,False,True,p1g4_053_s2,seed2,958,b310fbfc5cac334e,3|switch|rotor|liquid|s2|g2|structured,70.97887159009058,0.2645,True,True,True,True,False,True,True,p1g4_053,screen
1,4|switch|mobile|liquid|s2|g1|structured,7,p1g1_013,1,1,8784c1d75e4d44bb,71.61035398479223,0.5743,partial,0.4,True,False,True,p1g1_013,screen,957,8784c1d75e4d44bb,4|switch|mobile|liquid|s2|g1|structured,75.15544248099029,0.5743,True,True,True,True,True,True,True,p1g1_013_s2,seed2
1,3|switch|drift|liquid|s1|g2|mixed,7,p1g2_003,2,1,fd9903147f8cb2aa,50.79831580228338,0.2708,partial,0.4,True,False,True,p1g2_003_s2,seed2,958,fd9903147f8cb2aa,3|switch|drift|liquid|s1|g2|mixed,56.727894752854226,0.2708,True,True,True,True,True,True,False,p1g2_003_s2,seed2
1,3|switch|mobile|liquid|s2|g2|structured,7,p1g6_018,6,1,4d69bffc0d662e52,64.09909175040542,0.3742,partial,0.4,True,True,True,p1g6_018,screen,957,4d69bffc0d662e52,3|switch|mobile|liquid|s2|g2|structured,70.76886468800677,0.3742,True,True,True,True,True,True,False,p1g6_018,screen
1,4|switch|mobile|liquid|s2|g2|structured,7,p1g2_049,2,1,fa86cb8089d048d0,78.56017573472647,0.6347,partial,0.4,True,False,True,p1g2_049_s3,seed3,959,fa86cb8089d048d0,4|grow|mobile|liquid|s3|g2|structured,82.3327196684081,0.6347,True,True,True,True,False,True,False,p1g2_049_s3,seed3
1,3|switch|rotor|liquid|s2|g2|structured,7,p1g4_031,4,1,bd353bc117db191e,68.0313983295594,0.418,partial,0.4,True,False,True,p1g4_031,screen,957,bd353bc117db191e,3|switch|rotor|liquid|s2|g2|structured,74.58924791194924,0.418,True,True,True,True,True,True,False,p1g4_031,screen
1,3|grow|mobile|liquid|s2|g2|structured,7,p1g2_048,2,1,99843d9cd96588d6,67.75596271249286,0.3906,partial,0.4,True,False,True,p1g2_048_s3,seed3,959,99843d9cd96588d6,3|switch|rotor|liquid|s2|g2|structured,74.92995339061608,0.3906,True,True,True,True,False,True,True,p1g2_048,screen
1,4|grow|rotor|liquid|s1|g1|structured,7,p1g1_029,1,1,f696871bd3d8ad9a,68.98333458723714,0.5585,partial,0.4,True,False,True,p1g1_029_s3,seed3,959,f696871bd3d8ad9a,4|grow|rotor|liquid|s2|g1|structured,72.26666823404642,0.5585,True,True,True,True,False,False,False,p1g1_029_s3,seed3
1,3|switch|rotor|liquid|s1|g2|mixed,7,p1g7_065,7,1,f089573bf4669d1d,48.49106433458008,0.3355,partial,0.4,True,True,True,p1g7_065_s2,seed2,958,f089573bf4669d1d,3|switch|mobile|liquid|s1|g2|structured,52.2263304182251,0.3355,True,True,True,True,False,True,False,p1g7_065_s2,seed2
1,3|switch|mobile|flicker|s1|g2|mixed,7,p1g2_033,2,1,cfa2e47a1265b2d7,48.6174283593865,0.0,partial,0.4,True,False,True,p1g2_033_s2,seed2,958,cfa2e47a1265b2d7,3|switch|mobile|flicker|s2|g2|mixed,60.77178544923312,0.0,True,True,True,True,False,False,False,p1g2_033_s2,seed2
1,4|grow|mobile|liquid|s2|g2|mixed,7,p1g1_044,1,1,32872dffa2215107,49.41898442038987,0.0,partial,0.4,True,False,True,p1g1_044,screen,957,32872dffa2215107,4|grow|mobile|liquid|s2|g2|mixed,61.77373052548734,0.0,True,True,True,True,True,True,False,p1g1_044,screen
1,4|grow|rotor|liquid|s2|g2|mixed,7,p1g6_045,6,1,1fb78d789b364fb2,58.22930274515277,0.2504,partial,0.4,True,True,True,p1g6_045,screen,957,1fb78d789b364fb2,4|grow|rotor|liquid|s2|g2|mixed,66.52662843144097,0.2504,True,True,True,True,True,True,False,p1g6_045,screen
1,4|constant|rotor|liquid|s1|g2|mixed,7,p1g1_054,1,1,51de7cd26fa902e8,40.940443749567756,0.0,partial,0.4,True,False,True,p1g1_054,screen,957,51de7cd26fa902e8,4|constant|rotor|liquid|s1|g2|mixed,51.17555468695969,0.0,True,True,True,True,True,True,False,p1g1_054,screen
1,4|switch|mobile|liquid|s1|g2|structured,7,p1g8_021,8,1,278b9aacc4e2f51a,73.10058291117392,0.6525,partial,,True,False,False,,,,,,,,,,,,,,,,
1,2|constant|rotor|liquid|s1|g2|mixed,7,p1g1_003,1,1,157e4e198ef64a03,33.620002200191266,0.0,partial,0.4,True,False,True,p1g1_003,screen,957,157e4e198ef64a03,2|constant|rotor|liquid|s1|g2|mixed,42.02500275023908,0.0,True,True,True,True,True,True,False,p1g1_003,screen
1,4|grow|mobile|liquid|s2|g2|structured,7,p1g11_000,11,1,12afa15cbea8a945,73.04661688113798,0.6121,partial,,True,True,False,,,,,,,,,,,,,,,,
1,4|constant|still|frozen|s1|g2|mixed,7,p1g1_012,1,1,c0cd8328b83c234c,16.237337276523323,0.035,partial,0.4,True,False,True,p1g1_012_s3,seed3,959,c0cd8328b83c234c,4|constant|still|frozen|s1|g2|mixed,19.421671595654157,0.035,True,True,True,True,True,True,False,p1g1_012_s3,seed3
1,3|constant|drift|frozen|s1|g0|structured,7,p1g3_024,3,1,b25e612be02566b2,20.8403628130342,0.197,partial,0.4,True,False,True,p1g3_024_s3,seed3,959,b25e612be02566b2,3|constant|drift|liquid|s1|g0|structured,21.12545351629275,0.197,True,True,True,True,False,True,False,p1g3_024_s3,seed3
1,4|switch|mobile|liquid|s1|g1|structured,7,p1g4_010,4,1,af4d293ecc671f7a,70.18956635868766,0.6619,partial,0.4,True,False,True,p1g4_010_s3,seed3,959,af4d293ecc671f7a,4|grow|mobile|liquid|s1|g1|structured,71.18945794835957,0.6619,True,True,True,True,False,False,False,p1g4_010_s3,seed3
1,2|switch|still|gas|s1|g2|mixed,7,p1g1_032,1,1,3184a459a465e414,24.279181024853965,0.0,partial,0.4,True,False,True,p1g1_032_s3,seed3,959,3184a459a465e414,2|switch|still|gas|s1|g2|mixed,30.348976281067458,0.0,True,True,True,True,True,False,False,p1g1_032_s3,seed3
1,2|switch|mobile|flicker|s1|g2|mixed,7,p1g1_035,1,1,3b2132e468549efd,45.463390432279844,0.3998,partial,0.4,True,False,True,p1g1_035_s2,seed2,958,3b2132e468549efd,2|switch|drift|liquid|s1|g2|structured,46.8342380403498,0.3998,True,True,True,True,False,False,False,p1g1_035_s2,seed2
1,2|switch|drift|liquid|s1|g2|structured,7,p1g1_036,1,1,ed2f73e522071a33,42.94814189974948,0.3239,partial,0.4,True,False,True,p1g1_036_s2,seed2,958,ed2f73e522071a33,2|switch|drift|liquid|s1|g2|structured,45.58767737468685,0.3239,True,True,True,True,True,True,True,p1g1_036_s3,seed3
1,4|switch|mobile|liquid|s1|g0|structured,7,p1g10_038,10,1,0b6b177288d9da87,57.214647597857095,0.5041,partial,,True,False,False,,,,,,,,,,,,,,,,
1,2|constant|still|liquid|s1|g2|mixed,7,p1g1_006,1,1,8b273b4fa3a48721,38.71629960576898,0.1675,partial,0.4,True,False,True,p1g1_006_s2,seed2,958,8b273b4fa3a48721,2|switch|still|liquid|s1|g2|structured,44.20787450721122,0.1675,True,True,True,True,False,False,False,p1g1_006_s2,seed2
1,1|switch|still|gas|s1|g2|mixed,7,p1g1_010,1,1,19ce8f5d2f7ec59f,16.84174164095075,0.0,partial,0.4,True,False,True,p1g1_010,screen,957,19ce8f5d2f7ec59f,1|switch|still|gas|s1|g2|mixed,21.05217705118844,0.0,True,True,True,True,True,True,False,p1g1_010,screen
1,3|grow|mobile|liquid|s1|g2|structured,7,p1g4_034,4,1,1ee1b077bc2fe6fd,66.11911506877,0.538,partial,0.4,True,False,True,p1g4_034_s3,seed3,959,1ee1b077bc2fe6fd,3|switch|rotor|liquid|s1|g2|structured,69.1988938359625,0.538,True,True,True,True,False,True,False,p1g4_034_s3,seed3
1,2|switch|mobile|flicker|s1|g2|structured,7,p1g2_034,2,1,158f0c237e4f658e,62.40766224348483,0.5568,partial,0.4,False,False,True,p1g2_034,screen,957,158f0c237e4f658e,2|switch|mobile|flicker|s1|g2|structured,64.08957780435604,0.5568,True,True,True,True,True,True,False,p1g2_034,screen
1,3|constant|rotor|frozen|s1|g2|mixed,7,p1g2_006,2,1,6fcd0ac4761d235b,21.79226208226697,0.0,partial,0.4,True,False,True,p1g2_006_s3,seed3,959,6fcd0ac4761d235b,3|constant|rotor|frozen|s1|g2|mixed,27.240327602833716,0.0,True,True,True,True,True,True,False,p1g2_006_s3,seed3
1,3|switch|still|frozen|s1|g2|structured,7,p1g2_004,2,1,787cb29e01dcb464,25.20466621383959,0.0399,partial,0.4,True,False,True,p1g2_004,screen,957,787cb29e01dcb464,3|switch|still|frozen|s1|g2|structured,30.50833276729949,0.0399,True,True,True,True,True,True,False,p1g2_004,screen
1,2|constant|still|frozen|s1|g0|mixed,7,p1g10_032,10,1,1935b0d2ef94c950,4.66834922703866,0.0,partial,,True,False,False,,,,,,,,,,,,,,,,
1,4|grow|rotor|flicker|s1|g2|structured,7,p1g2_025,2,1,3c7de08eee7c87e0,74.19334238620846,0.6452,partial,0.4,True,False,True,p1g2_025,screen,957,3c7de08eee7c87e0,4|grow|rotor|flicker|s1|g2|structured,76.61167798276057,0.6452,True,True,True,True,True,True,False,p1g2_025,screen
1,3|constant|drift|frozen|s1|g2|mixed,7,p1g2_047,2,1,b89937509d704b03,30.52120799551512,0.0,partial,0.4,True,False,True,p1g2_047_s2,seed2,958,b89937509d704b03,3|constant|drift|liquid|s1|g2|mixed,38.151509994393905,0.0,True,True,True,True,False,True,False,p1g2_047_s2,seed2
1,4|grow|rotor|liquid|s1|g2|structured,7,p1g12_037,12,1,f28ff34704c181dd,69.00803290900228,0.5299,partial,,True,True,False,,,,,,,,,,,,,,,,
1,4|switch|still|liquid|s1|g2|mixed,7,p1g2_060,2,1,7c2ae1533ca98b22,36.348667825893095,0.0,partial,0.4,True,False,True,p1g2_060_s3,seed3,959,7c2ae1533ca98b22,4|switch|still|liquid|s1|g2|mixed,45.43583478236637,0.0,True,True,True,True,True,False,False,p1g2_060_s3,seed3
1,4|switch|drift|liquid|s2|g2|structured,7,p1g2_065,2,1,50f8ec73c68c31bb,55.18403654721044,0.3257,partial,0.4,True,False,True,p1g2_065_s3,seed3,959,50f8ec73c68c31bb,4|switch|drift|liquid|s2|g2|structured,60.83754568401305,0.3257,True,True,True,True,True,True,False,p1g2_065_s3,seed3
1,4|grow|rotor|liquid|s3|g2|mixed,7,p1g2_068,2,1,e4567a813f6f5a04,68.70232751300041,0.4711,partial,0.4,True,False,True,p1g2_068_s3,seed3,959,e4567a813f6f5a04,4|switch|rotor|liquid|s3|g2|structured,74.10040939125052,0.4711,True,True,True,True,False,True,False,p1g2_068_s3,seed3
1,4|grow|still|liquid|s1|g2|structured,7,p1g5_067,5,1,06fe56e10550f893,45.85266422850198,0.2019,partial,0.4,True,False,True,p1g5_067_s2,seed2,958,06fe56e10550f893,4|grow|still|liquid|s1|g2|structured,52.26833028562747,0.2019,True,True,True,True,True,True,False,p1g5_067_s2,seed2
1,4|switch|rotor|liquid|s2|g2|mixed,7,p1g2_070,2,1,da6d90a3c6681e94,57.464512879291775,0.2786,partial,0.4,True,False,True,p1g2_070_s2,seed2,958,da6d90a3c6681e94,4|switch|rotor|liquid|s2|g2|mixed,64.86564109911473,0.2786,True,True,True,True,True,True,False,p1g2_070_s2,seed2
1,4|switch|rotor|liquid|s1|g2|mixed,7,p1g7_016,7,1,a4e8c1bcaef2fc13,55.00729939528097,0.2926,partial,0.4,True,True,True,p1g7_016,screen,957,a4e8c1bcaef2fc13,4|switch|rotor|liquid|s1|g2|mixed,61.44412424410121,0.2926,True,True,True,True,True,True,False,p1g7_016,screen
1,4|switch|drift|liquid|s1|g1|structured,7,p1g2_009,2,1,e48430afe0ff9d8f,29.08744095152837,0.0845,partial,0.4,True,False,True,p1g2_009_s2,seed2,958,e48430afe0ff9d8f,4|switch|mobile|liquid|s1|g1|structured,34.24680118941046,0.0845,True,True,True,True,False,True,False,p1g2_009_s2,seed2
1,3|switch|mobile|liquid|s1|g0|structured,7,p1g6_050,6,1,2dd6dbf38ed8f991,58.11662381869202,0.4934,partial,0.4,True,True,True,p1g6_050_s3,seed3,959,2dd6dbf38ed8f991,3|grow|mobile|liquid|s2|g0|structured,60.31077977336503,0.4934,True,True,True,True,False,False,False,p1g6_050_s3,seed3
1,2|switch|drift|frozen|s1|g2|structured,7,p1g2_014,2,1,b123fb2afb4a803b,32.46931667804451,0.1084,partial,0.4,True,False,True,p1g2_014_s2,seed2,958,b123fb2afb4a803b,3|switch|drift|liquid|s1|g2|structured,37.87664584755563,0.1084,True,True,True,True,False,True,False,p1g2_014_s2,seed2
1,2|switch|mobile|liquid|s2|g2|structured,7,p1g6_017,6,1,a210dd66c0c9aff7,72.45508370474454,0.6036,partial,0.4,True,True,True,p1g6_017_s2,seed2,958,a210dd66c0c9aff7,3|switch|rotor|liquid|s2|g2|structured,75.47885463093067,0.6036,True,True,True,True,False,True,False,p1g6_017_s2,seed2
1,4|grow|mobile|flicker|s3|g2|structured,7,p1g2_024,2,1,6764645ff5df84fa,61.11491707825541,0.3638,partial,0.4,True,False,True,p1g2_024,screen,957,6764645ff5df84fa,4|grow|mobile|flicker|s3|g2|structured,67.29864634781927,0.3638,True,True,True,True,True,True,False,p1g2_024,screen
1,3|switch|drift|liquid|s1|g2|structured,7,p1g3_008,3,1,ecbc5598512b3690,53.6773089701739,0.2198,partial,0.4,True,False,True,p1g3_008_s2,seed2,958,ecbc5598512b3690,3|switch|rotor|liquid|s1|g2|structured,61.601636212717374,0.2198,True,True,True,True,False,True,False,p1g3_008_s2,seed2
1,2|oscillator|still|liquid|s1|g2|mixed,7,p1g4_041,4,1,e21e4aba7380665b,27.93549402573774,0.0,partial,0.4,True,False,True,p1g4_041_s2,seed2,958,e21e4aba7380665b,3|constant|mobile|gas|s1|g2|mixed,34.919367532172174,0.0,True,True,True,True,False,True,False,p1g4_041_s2,seed2
1,3|constant|drift|flicker|s1|g2|mixed,7,p1g12_053,12,1,00b1d737ee707e06,23.686480973483835,0.0,partial,,True,True,False,,,,,,,,,,,,,,,,
1,4|switch|mobile|liquid|s1|g0|mixed,7,p1g2_021,2,1,cd3b802cf2dc17d5,54.31304084134824,0.3793,partial,0.4,False,False,True,p1g2_021_s2,seed2,958,cd3b802cf2dc17d5,4|switch|mobile|liquid|s2|g0|mixed,58.4088010516853,0.3793,True,True,True,True,False,True,True,p1g2_021_s3,seed3
1,4|grow|rotor|liquid|s1|g0|structured,7,p1g2_028,2,1,a4fb766e789d8925,61.926128907302115,0.488,partial,0.4,True,False,True,p1g2_028_s3,seed3,959,a4fb766e789d8925,4|grow|rotor|liquid|s2|g0|structured,65.20766113412765,0.488,True,True,True,True,False,False,False,p1g2_028_s3,seed3
1,2|constant|drift|liquid|s1|g2|mixed,7,p1g2_036,2,1,a28c7ceedeb71ec5,34.915241036625666,0.1014,partial,0.4,True,False,True,p1g2_036_s3,seed3,959,a28c7ceedeb71ec5,2|oscillator|still|liquid|s1|g2|mixed,41.10905129578208,0.1014,True,True,True,True,False,False,True,p1g2_036_s2,seed2
1,2|switch|drift|liquid|s1|g2|mixed,7,p1g2_012,2,1,6b45a58efcb59f51,40.26918529077508,0.1107,partial,0.4,True,False,True,p1g2_012_s3,seed3,959,6b45a58efcb59f51,2|switch|still|liquid|s1|g2|mixed,47.56898161346885,0.1107,True,True,True,True,False,False,True,p1g2_012,screen
1,3|oscillator|drift|liquid|s1|g2|structured,7,p1g4_037,4,1,958193ab4860df54,54.42401095095617,0.2431,partial,0.4,True,False,True,p1g4_037_s2,seed2,958,958193ab4860df54,3|switch|rotor|liquid|s1|g2|structured,61.95251368869521,0.2431,True,True,True,True,False,True,False,p1g4_037_s2,seed2
1,2|grow|mobile|liquid|s1|g2|structured,7,p1g11_053,11,1,0849acc60943ebb4,61.70951388662618,0.5881,partial,,False,False,False,,,,,,,,,,,,,,,,
1,4|grow|mobile|liquid|s1|g1|mixed,7,p1g12_057,12,1,ca1360fdf1e46f57,41.064607549964016,0.0,partial,,True,True,False,,,,,,,,,,,,,,,,
1,3|switch|rotor|liquid|s1|g1|mixed,7,p1g3_009,3,1,661cec349b9b822b,40.03529275491395,0.0,partial,0.4,True,False,True,p1g3_009_s2,seed2,958,661cec349b9b822b,3|switch|rotor|liquid|s1|g1|mixed,50.04411594364244,0.0,True,True,True,True,True,False,False,p1g3_009_s2,seed2
1,2|constant|drift|gas|s1|g0|mixed,7,p1g3_010,3,1,c08b6fec57dddd7d,14.60280021935887,0.0,partial,0.4,True,False,True,p1g3_010_s3,seed3,959,c08b6fec57dddd7d,2|constant|drift|liquid|s1|g0|mixed,18.25350027419859,0.0,True,True,True,True,False,True,True,p1g3_010,screen
1,3|oscillator|still|liquid|s1|g2|structured,7,p1g3_029,3,1,189308288a79aece,37.16411624480963,0.1691,partial,0.4,True,False,True,p1g3_029_s3,seed3,959,189308288a79aece,3|oscillator|still|liquid|s1|g2|mixed,42.227645306012036,0.1691,True,True,True,True,False,True,False,p1g3_029_s3,seed3
1,4|switch|rotor|flicker|s1|g2|mixed,7,p1g4_024,4,1,8f4e6c5e5fa60231,41.68617210418052,0.0,partial,0.4,True,False,True,p1g4_024_s3,seed3,959,8f4e6c5e5fa60231,4|switch|rotor|flicker|s1|g2|mixed,52.10771513022565,0.0,True,True,True,True,True,True,False,p1g4_024_s3,seed3
1,4|switch|rotor|flicker|s3|g2|structured,7,p1g3_039,3,1,25958d68c2f59123,68.02022719267484,0.4959,partial,0.4,True,False,True,p1g3_039,screen,957,25958d68c2f59123,4|switch|rotor|flicker|s3|g2|structured,72.62778399084357,0.4959,True,True,True,True,True,True,False,p1g3_039,screen
1,4|grow|mobile|liquid|s1|g2|mixed,7,p1g3_045,3,1,8bbf12cf7adefe25,48.917397531727524,0.0,partial,0.4,True,False,True,p1g3_045_s3,seed3,959,8bbf12cf7adefe25,4|grow|mobile|liquid|s2|g2|mixed,61.1467469146594,0.0,True,True,True,True,False,True,False,p1g3_045_s3,seed3
1,2|grow|drift|liquid|s1|g2|mixed,7,p1g3_002,3,1,792a11ae5ca6b916,34.82720683676892,0.1346,partial,0.4,True,False,True,p1g3_002,screen,957,792a11ae5ca6b916,2|grow|drift|liquid|s1|g2|mixed,40.169008545961155,0.1346,True,True,True,True,True,True,False,p1g3_002,screen
1,4|grow|mobile|liquid|s1|g1|structured,7,p1g4_012,4,1,9a2cd51c2edfa9fb,71.79198540665068,0.6473,partial,0.4,True,False,True,p1g4_012_s2,seed2,958,9a2cd51c2edfa9fb,4|grow|mobile|liquid|s1|g1|structured,73.55748175831336,0.6473,True,True,True,True,True,True,False,p1g4_012_s2,seed2
1,4|switch|rotor|flicker|s1|g2|structured,7,p1g11_043,11,1,14b3f7c08d2701ed,74.5464560559511,0.8185,partial,,True,True,False,,,,,,,,,,,,,,,,
1,3|relaxation|rotor|liquid|s1|g2|structured,7,p1g3_011,3,1,9430518be27829bc,58.154254534840355,0.4949,partial,0.4,True,False,True,p1g3_011_s2,seed2,958,9430518be27829bc,3|switch|rotor|liquid|s1|g2|structured,60.32031816855044,0.4949,True,True,True,True,False,True,True,p1g3_011,screen
1,4|grow|mobile|flicker|s3|g2|mixed,7,p1g3_050,3,1,84ec665a3a51196b,55.54122156670922,0.1913,partial,0.4,True,False,True,p1g3_050,screen,957,84ec665a3a51196b,4|grow|mobile|flicker|s3|g2|mixed,64.64402695838653,0.1913,True,True,True,True,True,True,False,p1g3_050,screen
1,2|constant|mobile|liquid|s1|g2|structured,7,p1g6_061,6,1,96a7ec6bf2dec270,57.16456950981768,0.5106,partial,0.4,True,True,True,p1g6_061_s3,seed3,959,96a7ec6bf2dec270,2|grow|rotor|liquid|s1|g2|structured,58.690711887272094,0.5106,True,True,True,True,False,False,False,p1g6_061_s3,seed3
1,3|grow|rotor|liquid|s1|g2|mixed,7,p1g10_019,10,1,7bae484bd7edc32c,54.074236489051465,0.2523,partial,,True,False,False,,,,,,,,,,,,,,,,
1,4|grow|rotor|liquid|s1|g2|mixed,7,p1g4_044,4,1,5cace89eac837cb6,47.21695605337767,0.0,partial,0.4,True,False,True,p1g4_044_s2,seed2,958,5cace89eac837cb6,4|grow|mobile|liquid|s1|g2|mixed,59.021195066722086,0.0,True,True,True,True,False,True,False,p1g4_044_s2,seed2
1,3|switch|still|frozen|s1|g2|mixed,7,p1g10_056,10,1,4c655165195c5e81,24.498735475137376,0.0253,partial,,True,False,False,,,,,,,,,,,,,,,,
1,3|switch|rotor|flicker|s1|g2|structured,7,p1g12_007,12,1,f76814c5c3c3bbe2,78.6137524063647,0.7916,partial,,True,True,False,,,,,,,,,,,,,,,,
1,3|oscillator|rotor|liquid|s1|g2|structured,7,p1g3_034,3,1,8dfb19a54acd1e94,62.272157564237276,0.4371,partial,0.4,True,False,True,p1g3_034,screen,957,8dfb19a54acd1e94,3|oscillator|rotor|liquid|s1|g2|structured,66.9126969552966,0.4371,True,True,True,True,True,True,True,p1g3_034_s3,seed3
1,3|grow|mobile|liquid|s1|g1|mixed,7,p1g8_024,8,1,d44e729353eb2ba9,43.116192153125304,0.0,partial,,True,False,False,,,,,,,,,,,,,,,,
1,3|switch|rotor|liquid|s3|g2|structured,7,p1g3_027,3,1,c5cb91aabbcf273a,67.4273933620583,0.461,partial,0.4,True,False,True,p1g3_027,screen,957,c5cb91aabbcf273a,3|switch|rotor|liquid|s3|g2|structured,72.75924170257287,0.461,True,True,True,True,True,True,False,p1g3_027,screen
1,3|constant|mobile|frozen|s1|g2|mixed,7,p1g3_041,3,1,64fe720091d56873,28.83459346985697,0.0,partial,0.4,True,False,True,p1g3_041_s3,seed3,959,64fe720091d56873,3|oscillator|mobile|frozen|s1|g2|mixed,36.04324183732121,0.0,True,True,True,True,False,True,False,p1g3_041_s3,seed3
1,4|switch|mobile|liquid|s1|g1|mixed,7,p1g4_016,4,1,20a54c495145829d,37.20104652636533,0.0,partial,0.4,True,False,True,p1g4_016,screen,957,20a54c495145829d,4|switch|mobile|liquid|s1|g1|mixed,46.50130815795667,0.0,True,True,True,True,True,True,False,p1g4_016,screen
1,2|switch|rotor|liquid|s1|g2|structured,7,p1g4_038,4,1,ce215b4270755146,57.42771890019171,0.4493,partial,0.4,True,False,True,p1g4_038_s3,seed3,959,ce215b4270755146,2|switch|rotor|liquid|s1|g2|structured,60.552148625239646,0.4493,True,True,True,True,True,True,False,p1g4_038_s3,seed3
1,3|constant|still|frozen|s1|g2|mixed,7,p1g10_046,10,1,19ecd1ea99fe9efe,13.993206475972427,0.0171,partial,,True,False,False,,,,,,,,,,,,,,,,
1,3|grow|still|liquid|s1|g2|structured,7,p1g4_007,4,1,2ec16af7837671a1,34.711314290832306,0.1256,partial,0.4,True,False,True,p1g4_007_s2,seed2,958,2ec16af7837671a1,3|grow|drift|liquid|s1|g2|structured,40.249142863540385,0.1256,True,True,True,True,False,True,False,p1g4_007_s2,seed2
1,4|grow|mobile|liquid|s2|g1|structured,7,p1g5_028,5,1,e169f7c89e6864bc,75.17755252139716,0.6186,partial,0.4,True,False,True,p1g5_028_s3,seed3,959,e169f7c89e6864bc,4|grow|mobile|liquid|s3|g1|structured,78.50694065174646,0.6186,True,True,True,True,False,True,False,p1g5_028_s3,seed3
1,4|grow|rotor|liquid|s3|g2|structured,7,p1g7_052,7,1,fa86cb8089d048d0,78.56017573472647,0.6347,partial,0.4,True,True,True,p1g7_052_s3,seed3,959,fa86cb8089d048d0,4|grow|mobile|liquid|s3|g2|structured,82.3327196684081,0.6347,True,True,True,True,False,True,False,p1g7_052_s3,seed3
1,4|constant|drift|liquid|s1|g2|structured,7,p1g4_065,4,1,737a7930f383f950,54.100221128713564,0.5061,partial,0.4,True,False,True,p1g4_065_s3,seed3,959,737a7930f383f950,4|constant|rotor|liquid|s1|g2|structured,54.97277641089195,0.5061,True,True,True,True,False,True,False,p1g4_065_s3,seed3
1,4|switch|drift|liquid|s2|g2|mixed,7,p1g4_070,4,1,6d7ed414f8dcda9e,46.000938395081114,0.1365,partial,0.4,True,False,True,p1g4_070_s2,seed2,958,6d7ed414f8dcda9e,4|switch|rotor|liquid|s1|g2|structured,54.0886729938514,0.1365,True,True,True,True,False,True,False,p1g4_070_s2,seed2
1,3|constant|still|liquid|s1|g2|mixed,7,p1g12_060,12,1,c3c5573d595aa656,22.757491377304657,0.0,partial,,True,True,False,,,,,,,,,,,,,,,,
1,4|switch|rotor|frozen|s1|g2|mixed,7,p1g4_072,4,1,74ebfa1656898bcb,43.59437396894474,0.1237,partial,0.4,True,False,True,p1g4_072_s3,seed3,959,74ebfa1656898bcb,4|switch|rotor|liquid|s1|g2|structured,51.400467461180924,0.1237,True,True,True,True,False,True,False,p1g4_072_s3,seed3
1,4|grow|mobile|flicker|s2|g2|mixed,7,p1g4_009,4,1,8668a03e7694dbf2,46.4478526996884,0.1174,partial,0.4,True,False,True,p1g4_009,screen,957,8668a03e7694dbf2,4|grow|mobile|flicker|s2|g2|mixed,55.124815874610505,0.1174,True,True,True,True,True,True,False,p1g4_009,screen
1,1|switch|still|frozen|s1|g2|structured,7,p1g4_015,4,1,520c5cfdb13c97f1,24.90350204452838,0.1121,partial,0.4,True,False,True,p1g4_015_s3,seed3,959,520c5cfdb13c97f1,2|oscillator|still|frozen|s1|g2|structured,28.32687755566048,0.1121,True,True,True,True,False,True,False,p1g4_015_s3,seed3
1,3|constant|mobile|liquid|s1|g0|structured,7,p1g4_025,4,1,b9171c6f6e80724d,43.597234420011816,0.5512,partial,0.4,True,False,True,p1g4_025_s3,seed3,959,b9171c6f6e80724d,3|switch|mobile|liquid|s1|g0|structured,40.71654302501477,0.5512,True,True,True,True,False,True,False,p1g4_025_s3,seed3
1,4|constant|drift|flicker|s1|g2|mixed,7,p1g4_029,4,1,32f473f369bd451d,27.81662923680853,0.0,partial,0.4,True,False,True,p1g4_029,screen,957,32f473f369bd451d,4|constant|drift|flicker|s1|g2|mixed,34.77078654601066,0.0,True,True,True,True,True,True,False,p1g4_029,screen
1,2|relaxation|drift|liquid|s1|g2|mixed,7,p1g4_033,4,1,b439f6b9ece697bf,25.826255031601377,0.0,partial,0.4,True,False,True,p1g4_033_s3,seed3,959,b439f6b9ece697bf,2|oscillator|drift|liquid|s1|g2|mixed,32.28281878950172,0.0,True,True,True,True,False,True,False,p1g4_033_s3,seed3
1,1|oscillator|still|frozen|s1|g2|mixed,7,p1g4_008,4,1,9286c3282db105b3,17.445302397830584,0.0,partial,0.4,True,False,True,p1g4_008_s3,seed3,959,9286c3282db105b3,2|constant|still|frozen|s1|g2|structured,21.80662799728823,0.0,True,True,True,True,False,True,False,p1g4_008_s3,seed3
1,3|grow|rotor|liquid|s1|g0|mixed,7,p1g4_036,4,1,0b0ba5b42d44000e,38.667172430894,0.0,partial,0.4,True,False,True,p1g4_036,screen,957,0b0ba5b42d44000e,3|grow|rotor|liquid|s1|g0|mixed,48.3339655386175,0.0,True,True,True,True,True,True,False,p1g4_036,screen
1,3|switch|rotor|flicker|s1|g2|mixed,7,p1g4_049,4,1,bdeaaefe8a5b91e0,50.422076520525906,0.0,partial,0.4,True,False,True,p1g4_049_s3,seed3,959,bdeaaefe8a5b91e0,3|switch|mobile|liquid|s2|g2|mixed,63.02759565065739,0.0,True,True,True,True,False,False,False,p1g4_049_s3,seed3
1,2|constant|still|gas|s1|g0|mixed,7,p1g4_081,4,1,eb7a28007d1372b5,12.270000000000001,0.0,partial,0.4,True,False,True,p1g4_081,screen,957,eb7a28007d1372b5,2|constant|still|gas|s1|g0|mixed,15.337500000000002,0.0,True,True,True,True,True,True,False,p1g4_081,screen
1,1|constant|drift|gas|s1|g0|mixed,7,p1g4_089,4,1,9586a4c006f109bd,15.010487958374217,0.0,partial,0.4,False,False,True,p1g4_089,screen,957,9586a4c006f109bd,1|constant|drift|gas|s1|g0|mixed,18.763109947967774,0.0,True,True,True,True,True,True,False,p1g4_089,screen
1,1|constant|rotor|flicker|s1|g2|structured,7,p1g4_084,4,1,773af8b7f3ee2509,28.827748641765783,0.0,partial,0.4,True,False,True,p1g4_084,screen,957,773af8b7f3ee2509,1|constant|rotor|flicker|s1|g2|structured,36.03468580220723,0.0,True,True,True,True,True,True,False,p1g4_084,screen
1,3|constant|mobile|flicker|s1|g2|mixed,7,p1g5_071,5,1,18af142dbe5e3605,26.794028127803674,0.0,partial,0.4,True,False,True,p1g5_071,screen,957,18af142dbe5e3605,3|constant|mobile|flicker|s1|g2|mixed,33.492535159754595,0.0,True,True,True,True,True,True,False,p1g5_071,screen
1,4|constant|rotor|liquid|s1|g2|structured,7,p1g5_029,5,1,7ad8fe3763bbce9d,65.82446533671515,0.5962,partial,0.4,True,False,True,p1g5_029_s3,seed3,959,7ad8fe3763bbce9d,4|constant|rotor|liquid|s1|g2|structured,67.37558167089394,0.5962,True,True,True,True,True,True,False,p1g5_029_s3,seed3
1,2|oscillator|still|frozen|s1|g2|mixed,7,p1g5_041,5,1,112e33a83ea2ec6f,22.96146297413691,0.0,partial,0.4,True,False,True,p1g5_041_s2,seed2,958,112e33a83ea2ec6f,2|oscillator|still|liquid|s1|g2|mixed,28.701828717671138,0.0,True,True,True,True,False,True,False,p1g5_041_s2,seed2
1,3|grow|drift|liquid|s1|g2|structured,7,p1g5_057,5,1,b4e7b0eff2ea5f52,52.849558464173306,0.3026,partial,0.4,True,False,True,p1g5_057,screen,957,b4e7b0eff2ea5f52,3|grow|drift|liquid|s1|g2|structured,58.49694808021664,0.3026,True,True,True,True,True,True,False,p1g5_057,screen
1,4|switch|mobile|flicker|s1|g2|structured,7,p1g5_073,5,1,44cbd9b3b31970cd,62.42487840223487,0.4267,partial,0.4,True,False,True,p1g5_073_s2,seed2,958,44cbd9b3b31970cd,4|switch|rotor|liquid|s1|g2|structured,67.36359800279358,0.4267,True,True,True,True,False,False,False,p1g5_073_s2,seed2
1,3|oscillator|still|frozen|s1|g1|structured,7,p1g5_007,5,1,8682b73f9a4cfc74,15.094100650557866,0.0276,partial,0.4,True,False,True,p1g5_007,screen,957,8682b73f9a4cfc74,3|oscillator|still|frozen|s1|g1|structured,18.177625813197334,0.0276,True,True,True,True,True,True,False,p1g5_007,screen
1,3|constant|still|liquid|s1|g0|structured,7,p1g5_001,5,1,f9fd4b9a9c88ee6a,22.011042083547007,0.1811,partial,0.4,True,False,True,p1g5_001,screen,957,f9fd4b9a9c88ee6a,3|constant|still|liquid|s1|g0|structured,22.98630260443376,0.1811,True,True,True,True,True,True,False,p1g5_001,screen
1,2|relaxation|rotor|liquid|s1|g2|structured,7,p1g5_039,5,1,0070f08b2a432689,58.36380016505987,0.4884,partial,0.4,True,False,True,p1g5_039_s3,seed3,959,0070f08b2a432689,2|switch|rotor|liquid|s1|g2|structured,60.744750206324845,0.4884,True,True,True,True,False,False,True,p1g5_039,screen
1,2|switch|still|liquid|s1|g2|mixed,7,p1g5_035,5,1,e29244634a5b7e5d,44.545910468748815,0.348,partial,0.4,True,False,True,p1g5_035_s2,seed2,958,e29244634a5b7e5d,2|switch|drift|liquid|s1|g2|mixed,46.98238808593602,0.348,True,True,True,True,False,True,False,p1g5_035_s2,seed2
1,3|constant|still|gas|s1|g2|mixed,7,p1g5_077,5,1,c4114e6995927301,14.114000024524062,0.0,partial,0.4,True,False,True,p1g5_077_s3,seed3,959,c4114e6995927301,3|constant|still|flicker|s1|g2|mixed,17.64250003065508,0.0,True,True,True,True,False,True,False,p1g5_077_s3,seed3
1,3|constant|rotor|flicker|s1|g0|mixed,7,p1g5_002,5,1,f8038deeec6cbeb5,35.29371534764173,0.0,partial,0.4,True,False,True,p1g5_002_s3,seed3,959,f8038deeec6cbeb5,3|grow|rotor|liquid|s1|g0|mixed,44.11714418455217,0.0,True,True,True,True,False,False,False,p1g5_002_s3,seed3
1,4|switch|rotor|liquid|s1|g1|structured,7,p1g5_012,5,1,15e9361ea30fcdb3,45.22803160622681,0.382,partial,0.4,True,False,True,p1g5_012,screen,957,15e9361ea30fcdb3,4|switch|rotor|liquid|s1|g1|structured,46.98503950778351,0.382,True,True,True,True,True,True,False,p1g5_012,screen
1,4|switch|mobile|liquid|s2|g2|mixed,7,p1g5_045,5,1,1637e12ad895f8b1,48.45269864841308,0.0,partial,0.4,True,False,True,p1g5_045,screen,957,1637e12ad895f8b1,4|switch|mobile|liquid|s2|g2|mixed,60.56587331051636,0.0,True,True,True,True,True,True,False,p1g5_045,screen
1,3|grow|mobile|flicker|s1|g2|structured,7,p1g5_048,5,1,19ce8f5d2f7ec59f,68.88436334557174,0.7412,partial,0.4,False,False,True,p1g5_048,screen,957,19ce8f5d2f7ec59f,3|grow|mobile|flicker|s1|g2|structured,67.57545418196469,0.7412,True,True,True,True,True,True,False,p1g5_048,screen
1,3|switch|still|liquid|s1|g2|mixed,7,p1g5_053,5,1,8e4299986c7764fd,44.357057033581064,0.0716,partial,0.4,True,False,True,p1g5_053_s3,seed3,959,8e4299986c7764fd,3|switch|drift|liquid|s1|g2|mixed,53.65632129197633,0.0716,True,True,True,True,False,True,False,p1g5_053_s3,seed3
1,1|constant|still|flicker|s1|g0|mixed,7,p1g5_085,5,1,46b879936ca1f04c,16.426229263760685,0.0,partial,0.4,True,False,True,p1g5_085_s3,seed3,959,46b879936ca1f04c,1|oscillator|still|flicker|s1|g0|mixed,20.532786579700858,0.0,True,True,True,True,False,True,False,p1g5_085_s3,seed3
1,2|constant|rotor|liquid|s1|g2|structured,7,p1g5_064,5,1,e9e5a72b310bd141,51.18903574684761,0.4201,partial,0.4,True,False,True,p1g5_064,screen,957,e9e5a72b310bd141,2|constant|rotor|liquid|s1|g2|structured,53.48379468355952,0.4201,True,True,True,True,True,True,True,p1g5_064_s3,seed3
1,3|grow|rotor|frozen|s1|g2|structured,7,p1g6_002,6,1,708d457caaf19f99,45.35834311498705,0.102,partial,0.4,True,True,True,p1g6_002,screen,957,708d457caaf19f99,3|grow|rotor|frozen|s1|g2|structured,54.14792889373382,0.102,True,True,True,True,True,True,False,p1g6_002,screen
1,2|constant|mobile|flicker|s1|g2|mixed,7,p1g6_033,6,1,21586638a75b5f95,26.41620583980303,0.0,partial,0.4,True,True,True,p1g6_033_s2,seed2,958,21586638a75b5f95,2|constant|mobile|flicker|s1|g2|mixed,33.02025729975379,0.0,True,True,True,True,True,False,False,p1g6_033_s2,seed2
1,2|grow|mobile|liquid|s1|g1|mixed,7,p1g6_053,6,1,87da68345e8008fe,39.5207281913662,0.0,partial,0.4,True,True,True,p1g6_053_s2,seed2,958,87da68345e8008fe,2|grow|mobile|liquid|s1|g1|mixed,49.40091023920776,0.0,True,True,True,True,True,False,False,p1g6_053_s2,seed2
1,4|grow|drift|flicker|s2|g2|structured,7,p1g6_006,6,1,b0ab94830eede339,55.900991145866186,0.4126,partial,0.4,True,True,True,p1g6_006_s3,seed3,959,b0ab94830eede339,4|grow|drift|flicker|s2|g2|structured,59.56123893233273,0.4126,True,True,True,True,True,True,False,p1g6_006_s3,seed3
1,4|switch|still|frozen|s1|g2|mixed,7,p1g6_008,6,1,72b641dba8085a1c,38.874706533089046,0.1452,partial,0.4,True,True,True,p1g6_008_s2,seed2,958,72b641dba8085a1c,4|switch|drift|liquid|s1|g2|mixed,44.96338316636132,0.1452,True,True,True,True,False,True,False,p1g6_008_s2,seed2
1,3|switch|still|liquid|s1|g2|structured,7,p1g6_012,6,1,249b7297e2ca86db,44.958878130304214,0.1545,partial,0.4,True,True,True,p1g6_012_s3,seed3,959,249b7297e2ca86db,3|constant|rotor|liquid|s1|g2|structured,52.33609766288026,0.1545,True,True,True,True,False,True,False,p1g6_012_s3,seed3
1,4|switch|mobile|flicker|s2|g2|structured,7,p1g6_060,6,1,4f87688452df6fde,62.228489688794255,0.4509,partial,0.4,True,True,True,p1g6_060_s2,seed2,958,4f87688452df6fde,4|grow|mobile|flicker|s2|g2|structured,66.51311211099281,0.4509,True,True,True,True,False,True,False,p1g6_060_s2,seed2
1,1|grow|drift|liquid|s1|g2|structured,7,p1g6_001,6,1,a2baacc85b31a791,31.159375933446764,0.2271,partial,0.4,True,True,True,p1g6_001,screen,957,a2baacc85b31a791,1|grow|drift|liquid|s1|g2|structured,33.27171991680846,0.2271,True,True,True,True,True,True,False,p1g6_001,screen
1,1|constant|still|gas|s1|g0|mixed,7,p1g6_010,6,1,c9de4b4275cb9d65,3.8175,0.0,partial,0.4,True,True,True,p1g6_010_s3,seed3,959,c9de4b4275cb9d65,1|constant|still|frozen|s1|g0|mixed,4.771875,0.0,True,True,True,True,False,True,False,p1g6_010_s3,seed3
1,3|switch|mobile|flicker|s1|g2|structured,7,p1g10_062,10,1,03e4235790f0afcc,61.85149873417683,0.5511,partial,,True,False,False,,,,,,,,,,,,,,,,
1,3|grow|mobile|liquid|s1|g1|structured,7,p1g6_027,6,1,5cc23599a1bad445,68.15215938101228,0.5242,partial,0.4,True,True,True,p1g6_027_s3,seed3,959,5cc23599a1bad445,3|grow|mobile|liquid|s2|g1|structured,72.08519922626536,0.5242,True,True,True,True,False,True,False,p1g6_027_s3,seed3
1,4|grow|rotor|flicker|s2|g2|structured,7,p1g12_049,12,1,ade485a3c34506e6,75.37794386374819,0.6737,partial,,True,True,False,,,,,,,,,,,,,,,,
1,3|grow|mobile|flicker|s2|g2|mixed,7,p1g6_020,6,1,e1c8882bbd971b9c,40.325044950528195,0.0,partial,0.4,True,True,True,p1g6_020,screen,957,e1c8882bbd971b9c,3|grow|mobile|flicker|s2|g2|mixed,50.406306188160244,0.0,True,True,True,True,True,True,False,p1g6_020,screen
1,4|grow|mobile|liquid|s2|g0|structured,7,p1g6_051,6,1,ae859cef82a541f9,64.56025731203347,0.6145,partial,0.4,True,True,True,p1g6_051_s2,seed2,958,ae859cef82a541f9,4|grow|mobile|liquid|s2|g0|structured,65.33782164004184,0.6145,True,True,True,True,True,True,False,p1g6_051_s2,seed2
1,4|constant|mobile|flicker|s1|g2|mixed,7,p1g6_071,6,1,69725706893286e3,32.05241794056873,0.0,partial,0.4,True,True,True,p1g6_071_s2,seed2,958,69725706893286e3,4|constant|mobile|flicker|s1|g2|mixed,40.06552242571092,0.0,True,True,True,True,True,True,False,p1g6_071_s2,seed2
1,2|constant|drift|flicker|s1|g2|mixed,7,p1g6_015,6,1,198fd2e35c3c19ac,29.07136879426285,0.0,partial,0.4,True,True,True,p1g6_015,screen,957,198fd2e35c3c19ac,2|constant|drift|flicker|s1|g2|mixed,36.33921099282856,0.0,True,True,True,True,True,True,False,p1g6_015,screen
1,3|constant|drift|flicker|s1|g0|mixed,7,p1g6_066,6,1,7c2fc0cb13290533,23.114079215664216,0.0,partial,0.4,True,True,True,p1g6_066_s3,seed3,959,7c2fc0cb13290533,3|constant|drift|flicker|s1|g0|mixed,28.892599019580267,0.0,True,True,True,True,True,True,False,p1g6_066_s3,seed3
1,2|oscillator|still|flicker|s1|g0|mixed,7,p1g6_041,6,1,e4f5c10674e021e9,17.467344066121647,0.0,partial,0.4,True,True,True,p1g6_041_s3,seed3,959,e4f5c10674e021e9,2|switch|still|flicker|s1|g0|mixed,21.83418008265206,0.0,True,True,True,True,False,True,False,p1g6_041_s3,seed3
1,3|switch|mobile|liquid|s1|g1|mixed,7,p1g12_002,12,1,961c06a5505f2d5d,36.61927644507434,0.0,partial,,True,True,False,,,,,,,,,,,,,,,,
1,2|grow|mobile|liquid|s1|g0|mixed,7,p1g7_004,7,1,6d98b934cd0ce414,25.339810513744254,0.0,partial,0.4,True,True,True,p1g7_004,screen,957,6d98b934cd0ce414,2|grow|mobile|liquid|s1|g0|mixed,31.674763142180318,0.0,True,True,True,True,True,True,False,p1g7_004,screen
1,3|oscillator|still|frozen|s1|g2|mixed,7,p1g7_068,7,1,6b6a22062749efd1,39.41381118380633,0.1631,partial,0.4,True,True,True,p1g7_068_s3,seed3,959,6b6a22062749efd1,3|switch|still|liquid|s1|g2|mixed,45.18976397975791,0.1631,True,True,True,True,False,True,False,p1g7_068_s3,seed3
1,3|grow|rotor|liquid|s2|g2|mixed,7,p1g7_061,7,1,856eddbeaa61be9a,63.99066975661793,0.4493,partial,0.4,True,True,True,p1g7_061_s2,seed2,958,856eddbeaa61be9a,3|grow|rotor|liquid|s3|g2|structured,68.75583719577241,0.4493,True,True,True,True,False,True,False,p1g7_061_s2,seed2
1,2|switch|mobile|liquid|s1|g0|mixed,7,p1g7_012,7,1,7dd4abb4761fea51,30.676785643328408,0.0,partial,0.4,True,True,True,p1g7_012_s3,seed3,959,7dd4abb4761fea51,2|switch|mobile|liquid|s1|g0|mixed,38.345982054160515,0.0,True,True,True,True,True,True,False,p1g7_012_s3,seed3
1,3|grow|drift|liquid|s1|g2|mixed,7,p1g7_019,7,1,bf8bbd9ae45b0890,40.39323333809915,0.1304,partial,0.4,True,True,True,p1g7_019,screen,957,bf8bbd9ae45b0890,3|grow|drift|liquid|s1|g2|mixed,47.23154167262394,0.1304,True,True,True,True,True,True,False,p1g7_019,screen
1,2|constant|drift|flicker|s1|g0|mixed,7,p1g7_066,7,1,8bd523c265dd37b3,14.480915055931249,0.0,partial,0.4,True,True,True,p1g7_066_s2,seed2,958,8bd523c265dd37b3,2|constant|still|liquid|s1|g0|mixed,18.10114381991406,0.0,True,True,True,True,False,True,False,p1g7_066_s2,seed2
1,4|constant|drift|liquid|s1|g2|mixed,7,p1g8_068,8,1,7ec501919a2bd06d,42.67671561320578,0.3995,partial,,True,False,False,,,,,,,,,,,,,,,,
1,4|grow|mobile|flicker|s1|g0|mixed,7,p1g7_005,7,1,739009a35470caad,47.190432256023996,0.3326,partial,0.4,True,True,True,p1g7_005_s3,seed3,959,739009a35470caad,4|grow|mobile|flicker|s1|g0|mixed,50.67304032002999,0.3326,True,True,True,True,True,True,False,p1g7_005_s3,seed3
1,2|switch|rotor|liquid|s1|g2|mixed,7,p1g7_056,7,1,a2ee49e1e3f04f01,33.97987945812562,0.1017,partial,0.4,True,True,True,p1g7_056_s3,seed3,959,a2ee49e1e3f04f01,2|switch|rotor|liquid|s1|g2|structured,39.93234932265703,0.1017,True,True,True,True,False,True,False,p1g7_056_s3,seed3
1,2|oscillator|drift|flicker|s1|g0|mixed,7,p1g8_000,8,1,f435770ddd03344c,12.293500667048997,0.0,partial,,True,False,False,,,,,,,,,,,,,,,,
1,2|switch|rotor|liquid|s1|g1|mixed,7,p1g8_009,8,1,9be98878286f081f,29.94298018414323,0.0,partial,,False,False,False,,,,,,,,,,,,,,,,
1,3|grow|mobile|liquid|s1|g0|structured,7,p1g8_071,8,1,b8383c59e0829be9,60.515068900445584,0.6017,partial,,True,False,False,,,,,,,,,,,,,,,,
1,2|oscillator|mobile|liquid|s1|g2|structured,7,p1g8_041,8,1,69466a706d743be1,27.66090110556562,0.0501,partial,,True,False,False,,,,,,,,,,,,,,,,
1,2|switch|drift|gas|s1|g2|mixed,7,p1g8_007,8,1,2720b5e6d04e364d,21.531233587386563,0.0,partial,,True,False,False,,,,,,,,,,,,,,,,
1,3|switch|mobile|liquid|s3|g2|mixed,7,p1g8_025,8,1,b2503eb744361953,40.13694962398447,0.0,partial,,True,False,False,,,,,,,,,,,,,,,,
1,3|oscillator|drift|flicker|s1|g2|mixed,7,p1g8_040,8,1,3e8ae7d6fcb04428,19.572736319981402,0.0,partial,,True,False,False,,,,,,,,,,,,,,,,
1,3|constant|drift|liquid|s1|g2|structured,7,p1g8_047,8,1,fa86cb8089d048d0,35.30681786772351,0.4103,partial,,True,False,False,,,,,,,,,,,,,,,,
1,2|switch|still|frozen|s1|g2|mixed,7,p1g8_067,8,1,afb0e68864178de4,21.74671735478055,0.0,partial,,True,False,False,,,,,,,,,,,,,,,,
1,3|constant|drift|liquid|s1|g1|structured,7,p1g8_014,8,1,30cd3f4cfc591808,27.37821850081736,0.1442,partial,,True,False,False,,,,,,,,,,,,,,,,
1,1|switch|still|frozen|s1|g2|mixed,7,p1g8_045,8,1,520c5cfdb13c97f1,18.1082313551752,0.0602,partial,,True,False,False,,,,,,,,,,,,,,,,
1,2|switch|mobile|flicker|s1|g0|mixed,7,p1g8_055,8,1,8bd523c265dd37b3,17.730171811135556,0.0,partial,,True,False,False,,,,,,,,,,,,,,,,
1,3|switch|drift|flicker|s1|g2|mixed,7,p1g12_048,12,1,9a0a8b9bc1eae150,19.01632309805084,0.0,partial,,True,True,False,,,,,,,,,,,,,,,,
1,3|oscillator|still|frozen|s1|g1|mixed,7,p1g8_063,8,1,8682b73f9a4cfc74,12.595471642499,0.0,partial,,True,False,False,,,,,,,,,,,,,,,,
1,4|grow|drift|liquid|s1|g2|structured,7,p1g10_042,10,1,649650071954f42d,50.127607735783165,0.211,partial,,True,False,False,,,,,,,,,,,,,,,,
1,1|grow|still|gas|s1|g2|mixed,7,p1g8_059,8,1,0849acc60943ebb4,17.049530693325632,0.0,partial,,True,False,False,,,,,,,,,,,,,,,,
1,2|grow|drift|liquid|s1|g2|structured,7,p1g10_049,10,1,5533b0810599267e,41.672906872235046,0.3301,partial,,True,False,False,,,,,,,,,,,,,,,,
1,4|grow|rotor|liquid|s1|g1|mixed,7,p1g8_039,8,1,060c77f9a2c1858d,36.49239022129615,0.0,partial,,True,False,False,,,,,,,,,,,,,,,,
1,3|switch|still|flicker|s1|g2|mixed,7,p1g8_052,8,1,8e4299986c7764fd,28.808687084021777,0.0,partial,,True,False,False,,,,,,,,,,,,,,,,
1,4|switch|mobile|flicker|s1|g0|structured,7,p1g8_010,8,1,4f9f6aba1e7a1f0a,52.70321412925573,0.4957,partial,,True,False,False,,,,,,,,,,,,,,,,
1,3|grow|mobile|liquid|s2|g0|structured,7,p1g8_033,8,1,7608d053dd375c1c,61.10518364768101,0.5263,partial,,True,False,False,,,,,,,,,,,,,,,,
1,1|constant|drift|liquid|s1|g2|mixed,7,p1g8_066,8,1,f9693712b31d3167,31.116763780746787,0.2674,partial,,True,False,False,,,,,,,,,,,,,,,,
1,2|switch|drift|liquid|s1|g0|mixed,7,p1g12_012,12,1,dfdf9d814c1720dc,24.01035670106833,0.128,partial,,True,True,False,,,,,,,,,,,,,,,,
1,3|constant|still|flicker|s1|g2|mixed,7,p1g12_062,12,1,8766cf1d60d73884,18.036822642181303,0.0,partial,,True,True,False,,,,,,,,,,,,,,,,
1,3|oscillator|mobile|liquid|s1|g0|structured,7,p1g9_010,9,1,40bc52dfc3586521,43.67576948937894,0.3427,partial,,True,False,False,,,,,,,,,,,,,,,,
1,2|constant|drift|liquid|s1|g0|mixed,7,p1g9_016,9,1,f4a0b44d6fde4407,26.659479234923946,0.2484,partial,,False,False,False,,,,,,,,,,,,,,,,
1,4|grow|mobile|flicker|s1|g2|structured,7,p1g12_031,12,1,7cd2fd9d095e5982,74.9306325704789,0.6838,partial,,True,True,False,,,,,,,,,,,,,,,,
1,3|grow|rotor|flicker|s1|g2|structured,7,p1g9_042,9,1,2aa0708294418d2b,62.097012491010645,0.529,partial,,True,False,False,,,,,,,,,,,,,,,,
1,2|switch|mobile|liquid|s1|g1|structured,7,p1g9_046,9,1,2d0f8a6de70a5420,53.626767208860414,0.4183,partial,,True,False,False,,,,,,,,,,,,,,,,
1,3|constant|rotor|liquid|s1|g2|mixed,7,p1g9_051,9,1,c0123eb3a0af9a2c,28.366398276788736,0.0,partial,,True,False,False,,,,,,,,,,,,,,,,
1,4|oscillator|rotor|liquid|s1|g2|structured,7,p1g9_062,9,1,11eda4c569e4f100,52.3441973088368,0.608,partial,,True,False,False,,,,,,,,,,,,,,,,
1,2|switch|still|frozen|s1|g2|structured,7,p1g9_007,9,1,b09aec5252694231,19.985754451885803,0.0,partial,,True,False,False,,,,,,,,,,,,,,,,
1,4|constant|mobile|liquid|s1|g2|mixed,7,p1g9_011,9,1,32e455bdf74ebb2b,21.631489454578283,0.0,partial,,True,False,False,,,,,,,,,,,,,,,,
1,2|oscillator|drift|liquid|s1|g2|mixed,7,p1g9_001,9,1,9b2ba2e3d2bfc508,23.228111860050507,0.0,partial,,True,False,False,,,,,,,,,,,,,,,,
1,4|constant|still|flicker|s1|g2|mixed,7,p1g9_025,9,1,008576bc85ca9f86,22.852410564194837,0.0,partial,,True,False,False,,,,,,,,,,,,,,,,
1,4|grow|drift|frozen|s1|g2|mixed,7,p1g9_036,9,1,efd22b5c4bbb51ac,40.714378674402944,0.0967,partial,,True,False,False,,,,,,,,,,,,,,,,
1,4|oscillator|drift|liquid|s1|g1|mixed,7,p1g11_039,11,1,5f511b5a0cbc36c8,20.19948929807254,0.0,partial,,True,True,False,,,,,,,,,,,,,,,,
1,3|switch|drift|frozen|s1|g2|structured,7,p1g9_055,9,1,8d704c6175fecffe,21.696789579608904,0.0808,partial,,True,False,False,,,,,,,,,,,,,,,,
1,2|grow|rotor|liquid|s2|g2|structured,7,p1g10_022,10,1,4aa290f5c5576d0b,64.65457903427412,0.4968,partial,,True,False,False,,,,,,,,,,,,,,,,
1,4|grow|rotor|liquid|s2|g1|structured,7,p1g10_040,10,1,a7a35a3c26075296,65.45741184723364,0.441,partial,,True,False,False,,,,,,,,,,,,,,,,
1,3|switch|still|liquid|s1|g0|structured,7,p1g10_005,10,1,256c369a73761118,26.884723126142212,0.1895,partial,,True,False,False,,,,,,,,,,,,,,,,
1,1|constant|still|frozen|s1|g2|mixed,7,p1g10_013,10,1,83e0c1b22c93cf2e,10.219119171665783,0.0,partial,,True,False,False,,,,,,,,,,,,,,,,
1,3|constant|mobile|liquid|s1|g1|mixed,7,p1g10_021,10,1,e544854c7b9b1747,16.896488064567368,0.0,partial,,True,False,False,,,,,,,,,,,,,,,,
1,2|oscillator|drift|flicker|s1|g2|mixed,7,p1g10_060,10,1,b98c57da30bb7951,23.787355471709393,0.0,partial,,True,False,False,,,,,,,,,,,,,,,,
1,3|constant|drift|liquid|s1|g2|mixed,7,p1g10_063,10,1,a623f57eb9e65f1d,29.089789058480367,0.0,partial,,True,False,False,,,,,,,,,,,,,,,,
1,3|switch|still|liquid|s1|g0|mixed,7,p1g10_059,10,1,5d345680d0552f0a,23.67236963098998,0.0,partial,,True,False,False,,,,,,,,,,,,,,,,
1,3|switch|rotor|flicker|s2|g2|mixed,7,p1g10_012,10,1,4fdbc8d4f33a44bd,60.62158179612782,0.4426,partial,,True,False,False,,,,,,,,,,,,,,,,
1,3|switch|drift|liquid|s1|g0|mixed,7,p1g10_014,10,1,461b4f12d95a682c,18.920918154198564,0.0713,partial,,True,False,False,,,,,,,,,,,,,,,,
1,4|grow|drift|frozen|s2|g2|structured,7,p1g10_034,10,1,712b88769548ac9b,45.08690043740068,0.1055,partial,,True,False,False,,,,,,,,,,,,,,,,
1,4|constant|still|liquid|s1|g0|mixed,7,p1g10_004,10,1,32e8882a7f165294,20.46175416259343,0.0,partial,,True,False,False,,,,,,,,,,,,,,,,
1,2|constant|mobile|liquid|s1|g0|structured,7,p1g10_055,10,1,fff2b9f18b62dee6,51.907039842005126,0.5752,partial,,True,False,False,,,,,,,,,,,,,,,,
1,4|switch|rotor|liquid|s1|g1|mixed,7,p1g11_024,11,1,82ed959f89554d00,35.625937547882415,0.0,partial,,True,True,False,,,,,,,,,,,,,,,,
1,1|switch|rotor|flicker|s1|g0|mixed,7,p1g11_044,11,1,47b524f0004df9f0,18.546990307472583,0.0,partial,,False,False,False,,,,,,,,,,,,,,,,
1,2|grow|mobile|liquid|s1|g2|mixed,7,p1g11_045,11,1,f335e3171a6179b6,40.778707934932726,0.0,partial,,True,True,False,,,,,,,,,,,,,,,,
1,3|switch|rotor|liquid|s1|g0|structured,7,p1g11_060,11,1,841a75290e950632,45.88384871437604,0.38,partial,,True,True,False,,,,,,,,,,,,,,,,
1,4|constant|still|flicker|s1|g0|mixed,7,p1g11_061,11,1,a75cd7e8952500b1,24.217347161888675,0.0,partial,,True,True,False,,,,,,,,,,,,,,,,
1,2|constant|still|liquid|s1|g0|mixed,7,p1g11_052,11,1,0874c764ff8070bf,17.651974112747762,0.0,partial,,True,True,False,,,,,,,,,,,,,,,,
1,2|grow|mobile|liquid|s1|g0|structured,7,p1g11_015,11,1,27c1cf911908e5d1,46.257829415513754,0.5204,partial,,True,True,False,,,,,,,,,,,,,,,,
1,4|switch|drift|liquid|s1|g2|structured,7,p1g11_019,11,1,9f08842d7cf9bec7,51.879778851193755,0.3003,partial,,True,True,False,,,,,,,,,,,,,,,,
1,2|grow|rotor|liquid|s3|g2|structured,7,p1g11_037,11,1,dc91ecddb26ab78a,65.62426336737477,0.4609,partial,,True,True,False,,,,,,,,,,,,,,,,
1,4|grow|rotor|flicker|s1|g2|mixed,7,p1g11_048,11,1,c6a0e9c1716c1715,45.399570781228576,0.1316,partial,,True,True,False,,,,,,,,,,,,,,,,
1,4|switch|rotor|flicker|s1|g1|structured,7,p1g11_033,11,1,66b67495c557dfbd,59.20890618022954,0.4385,partial,,True,True,False,,,,,,,,,,,,,,,,
1,3|constant|rotor|liquid|s1|g2|structured,7,p1g11_050,11,1,a23109d0ecf8321c,47.197929772560336,0.4211,partial,,True,True,False,,,,,,,,,,,,,,,,
1,2|grow|rotor|liquid|s1|g2|structured,7,p1g11_017,11,1,eec17dd0c735bd9b,43.73767075362874,0.2788,partial,,True,True,False,,,,,,,,,,,,,,,,
1,3|oscillator|drift|frozen|s1|g2|mixed,7,p1g11_012,11,1,328c565b0d018581,21.869706563183524,0.0271,partial,,True,True,False,,,,,,,,,,,,,,,,
1,2|switch|rotor|flicker|s1|g0|mixed,7,p1g12_045,12,1,bdfea8e36f92c526,22.213854603511038,0.0,partial,,True,False,False,,,,,,,,,,,,,,,,
1,1|switch|mobile|liquid|s1|g2|structured,7,p1g12_051,12,1,383a6415ea2c9938,26.328740511452725,0.1194,partial,,True,True,False,,,,,,,,,,,,,,,,
1,2|switch|drift|frozen|s1|g2|mixed,7,p1g12_028,12,1,f05e65d1715830d6,21.79623550937019,0.0,partial,,True,True,False,,,,,,,,,,,,,,,,
1,2|switch|mobile|liquid|s1|g1|mixed,7,p1g12_044,12,1,4b54efbee873f2d2,29.04220673366185,0.0,partial,,True,True,False,,,,,,,,,,,,,,,,
1,2|switch|still|frozen|s1|g0|structured,7,p1g12_015,12,1,c0cda954627e1b40,16.410915040908215,0.0845,partial,,True,True,False,,,,,,,,,,,,,,,,
1,3|switch|rotor|flicker|s1|g0|structured,7,p1g12_023,12,1,3e156ac64c27510d,59.61584550004859,0.6682,partial,,True,True,False,,,,,,,,,,,,,,,,
1,1|grow|still|flicker|s1|g2|mixed,7,p1g12_033,12,1,ad1d0195a18521f6,18.16746231676434,0.0,partial,,True,True,False,,,,,,,,,,,,,,,,
1,2|switch|rotor|liquid|s1|g0|structured,7,p1g12_016,12,1,63ac6f27c05769a1,51.37231041919783,0.5806,partial,,True,True,False,,,,,,,,,,,,,,,,
1,1|switch|drift|frozen|s1|g2|mixed,7,p1g12_017,12,1,ac0a21d217228ed8,19.935119306975604,0.0399,partial,,True,True,False,,,,,,,,,,,,,,,,
2,3|grow|rotor|liquid|s2|g2,6,p6g8_033,0,6,27a2960d05f47297,63.629906347325495,0.4314,partial,0.4,True,False,True,p6g8_033_c9,c9fill,958,27a2960d05f47297,3|grow|rotor|liquid|s1|g2|structured,63.629906347325495,0.4314,True,True,True,True,False,False,False,p6g8_033_c9,c9fill
2,4|grow|mobile|liquid|s3|g2,6,p3g9_022,0,3,9a815b4bb1db78ea,73.1473176292035,0.5783,partial,0.4,False,False,True,p3g9_022_c9,c9fill,958,9a815b4bb1db78ea,4|grow|mobile|liquid|s2|g2|structured,73.1473176292035,0.5783,True,True,True,True,False,True,False,p3g9_022_c9,c9fill
2,4|grow|rotor|liquid|s3|g2,6,p2g7_039,0,2,fa86cb8089d048d0,71.76909891768386,0.5627,partial,0.4,True,True,True,p2g7_039_s3,seed3,966,fa86cb8089d048d0,4|grow|mobile|liquid|s2|g2|structured,75.64387364710484,0.5627,True,True,True,True,False,True,False,p2g7_039_s3,seed3
2,3|switch|rotor|liquid|s2|g2,6,p6g7_028,0,6,99843d9cd96588d6,59.71568137197157,0.3449,partial,0.4,True,False,True,p6g7_028_c9,c9fill,958,99843d9cd96588d6,3|switch|rotor|liquid|s1|g2|structured,59.71568137197157,0.3449,True,True,True,True,False,True,False,p6g7_028_c9,c9fill
2,3|grow|mobile|liquid|s2|g2,6,p6g9_021,0,6,b310fbfc5cac334e,61.83413596264567,0.4374,partial,0.4,True,False,True,p6g9_021_c9,c9fill,958,b310fbfc5cac334e,3|grow|mobile|liquid|s1|g2|structured,61.83413596264567,0.4374,True,True,True,True,False,False,False,p6g9_021_c9,c9fill
2,3|switch|mobile|liquid|s2|g2,6,p6g5_026,0,6,ead25ce87e4b853d,54.62950137581618,0.2116,partial,0.4,True,False,True,p6g5_026_c9,c9fill,958,ead25ce87e4b853d,3|grow|mobile|liquid|s1|g2|structured,54.62950137581618,0.2116,True,True,True,True,False,True,False,p6g5_026_c9,c9fill
2,4|grow|mobile|liquid|s3|g1,6,p3g6_032,0,3,3e9e387b61a8cb22,59.058440408256686,0.3847,partial,0.4,True,False,True,p3g6_032_c9,c9fill,958,3e9e387b61a8cb22,4|grow|mobile|liquid|s2|g1|structured,59.058440408256686,0.3847,True,True,True,True,False,False,False,p3g6_032_c9,c9fill
2,3|grow|rotor|liquid|s3|g2,6,p2g6_020,0,2,489530b94bd868b0,61.30062132237107,0.5047,partial,0.4,True,False,True,p2g6_020,screen,964,1cd25e1fb85243c5,4|switch|mobile|liquid|s1|g2|structured,64.00827665296384,0.5047,True,True,False,False,False,False,False,p2g6_020,screen
2,4|grow|mobile|liquid|s2|g1,6,p1g7_025,0,1,07854843ba8e93b1,68.7561060201055,0.4942,partial,0.4,False,False,True,p1g7_025_c9,c9fill,958,07854843ba8e93b1,3|grow|mobile|liquid|s3|g1|structured,68.7561060201055,0.4942,True,True,True,True,False,True,False,p1g7_025_c9,c9fill
2,4|switch|mobile|liquid|s3|g2,6,p5g3_040,0,5,dabace1997467b68,70.32163508216985,0.5592,partial,0.4,True,True,True,p5g3_040_c9,c9fill,958,dabace1997467b68,4|switch|rotor|liquid|s1|g2|structured,70.32163508216985,0.5592,True,True,True,True,False,False,False,p5g3_040_c9,c9fill
2,4|switch|rotor|liquid|s1|g2,6,p1g7_030,0,1,d2ee337cb598d2ef,61.58149744154197,0.4902,partial,0.4,False,False,True,p1g7_030_c9,c9fill,958,d2ee337cb598d2ef,4|switch|mobile|liquid|s1|g2|structured,61.58149744154197,0.4902,True,True,True,True,False,False,False,p1g7_030_c9,c9fill
2,4|grow|mobile|liquid|s2|g2,6,p5g7_040,0,5,83b42c8f4ca19485,70.82782256480832,0.5828,partial,0.4,False,False,True,p5g7_040_c9,c9fill,958,83b42c8f4ca19485,4|grow|mobile|liquid|s1|g2|structured,70.82782256480832,0.5828,True,True,True,True,False,True,False,p5g7_040_c9,c9fill
2,4|grow|rotor|liquid|s3|g1,6,p4g3_033,0,4,4ca14697d3781ef6,67.44834084729975,0.4531,partial,0.4,True,True,True,p4g3_033_c9,c9fill,958,4ca14697d3781ef6,4|grow|rotor|liquid|s3|g1|structured,67.44834084729975,0.4531,True,True,True,True,False,False,False,p4g3_033_c9,c9fill
2,3|grow|mobile|liquid|s3|g2,6,p3g9_020,0,3,4b6edf7bed2ff135,69.22875739080237,0.4984,partial,0.4,False,False,True,p3g9_020_c9,c9fill,958,4b6edf7bed2ff135,3|grow|mobile|liquid|s3|g2|structured,69.22875739080237,0.4984,True,True,True,True,False,True,False,p3g9_020_c9,c9fill
2,3|grow|rotor|liquid|s1|g2,6,p6g7_035,0,6,b3ca2cf65a12bd89,68.24352075068528,0.4735,partial,0.4,True,False,True,p6g7_035_c9,c9fill,958,b3ca2cf65a12bd89,3|switch|rotor|liquid|s1|g2|structured,68.24352075068528,0.4735,True,True,True,True,False,True,False,p6g7_035_c9,c9fill
2,4|grow|mobile|liquid|s1|g2,6,p3g3_038,0,3,0c49060d9652323f,63.200141543855686,0.4395,partial,0.4,False,False,True,p3g3_038_c9,c9fill,958,0c49060d9652323f,4|switch|mobile|liquid|s1|g2|structured,63.200141543855686,0.4395,True,True,True,True,False,False,False,p3g3_038_c9,c9fill
2,4|switch|rotor|liquid|s2|g2,6,p4g2_044,0,4,173f84b80256caeb,43.846666546042634,0.0,partial,0.4,True,True,True,p4g2_044_c9,c9fill,958,173f84b80256caeb,4|grow|rotor|liquid|s1|g2|mixed,43.846666546042634,0.0,True,True,True,True,False,False,False,p4g2_044_c9,c9fill
2,4|grow|rotor|liquid|s2|g2,6,p1g2_020,0,1,07440dda3d77d9a9,61.437570064017144,0.3545,partial,0.4,False,False,True,p1g2_020_c9,c9fill,958,07440dda3d77d9a9,4|grow|rotor|liquid|s2|g2|structured,61.437570064017144,0.3545,True,True,True,True,False,False,False,p1g2_020_c9,c9fill
2,4|switch|mobile|liquid|s1|g2,6,p6g6_032,0,6,e85f4b309db0d245,71.20858786655859,0.5532,partial,0.4,True,False,True,p6g6_032_c9,c9fill,958,e85f4b309db0d245,4|switch|rotor|liquid|s1|g2|structured,71.20858786655859,0.5532,True,True,True,True,False,False,False,p6g6_032_c9,c9fill
2,4|grow|rotor|liquid|s1|g2,6,p6g8_020,0,6,3f6f5093e8b0e1db,60.27988691170631,0.4432,partial,0.4,True,False,True,p6g8_020_c9,c9fill,958,3f6f5093e8b0e1db,4|switch|mobile|liquid|s1|g2|structured,60.27988691170631,0.4432,True,True,True,True,False,False,False,p6g8_020_c9,c9fill
2,4|switch|mobile|liquid|s2|g2,6,p3g7_046,0,3,3a2135c4e6a392e2,45.6818887031738,0.0,partial,0.4,True,False,True,p3g7_046_c9,c9fill,958,3a2135c4e6a392e2,4|grow|rotor|liquid|s1|g2|mixed,45.6818887031738,0.0,True,True,True,True,False,True,False,p3g7_046_c9,c9fill
2,4|grow|rotor|flicker|s3|g2,6,p2g3_073,0,2,6da2f3231522e927,67.06343156966689,0.4562,partial,0.4,True,True,True,p2g3_073_s2,seed2,965,97de45f90d6ebef4,4|grow|rotor|liquid|s1|g2|structured,72.4242894620836,0.4562,True,True,False,False,False,True,False,p2g3_073_s2,seed2
2,3|grow|mobile|liquid|s1|g2,6,p6g2_039,0,6,7019b4263417a389,67.71866104433175,0.6178,partial,0.4,True,False,True,p6g2_039_c9,c9fill,958,7019b4263417a389,3|switch|mobile|liquid|s1|g2|structured,67.71866104433175,0.6178,True,True,True,True,False,False,False,p6g2_039_c9,c9fill
2,3|grow|mobile|liquid|s3|g1,6,p4g5_040,0,4,66a64dfb975fcdc6,50.86482200476286,0.3235,partial,0.4,False,False,True,p4g5_040_c9,c9fill,958,66a64dfb975fcdc6,3|grow|mobile|liquid|s1|g1|structured,50.86482200476286,0.3235,True,True,True,True,False,False,False,p4g5_040_c9,c9fill
2,4|grow|drift|liquid|s2|g2,6,p2g1_040,0,2,eef1806b5f1e0089,52.623656874967665,0.2685,partial,0.4,True,True,True,p2g1_040_c9,c9fill,958,eef1806b5f1e0089,3|grow|mobile|liquid|s3|g2|structured,52.623656874967665,0.2685,True,True,True,True,False,False,False,p2g1_040_c9,c9fill
2,4|grow|rotor|liquid|s2|g1,6,p1g7_032,0,1,f0c0d4119fa77126,56.52280179746828,0.3426,partial,0.4,False,False,True,p1g7_032_c9,c9fill,958,f0c0d4119fa77126,4|grow|mobile|liquid|s1|g1|structured,56.52280179746828,0.3426,True,True,True,True,False,False,False,p1g7_032_c9,c9fill
2,4|switch|mobile|liquid|s1|g1,6,p6g3_033,0,6,45d84b9a9c2d5329,62.922993019938566,0.623,partial,0.4,True,False,True,p6g3_033_c9,c9fill,958,45d84b9a9c2d5329,4|switch|mobile|liquid|s1|g1|structured,62.922993019938566,0.623,True,True,True,True,False,False,False,p6g3_033_c9,c9fill
2,3|switch|mobile|liquid|s1|g2,6,p3g7_014,0,3,bb89c8e401f4f69a,63.412215659386675,0.5422,partial,0.4,True,False,True,p3g7_014_c9,c9fill,958,bb89c8e401f4f69a,3|switch|mobile|liquid|s1|g2|structured,63.412215659386675,0.5422,True,True,True,True,False,False,False,p3g7_014_c9,c9fill
2,4|grow|mobile|flicker|s2|g2,6,p2g5_023,0,2,84ec665a3a51196b,49.33260786991533,0.2703,partial,0.4,False,False,True,p2g5_023,screen,964,95a88a754c64494b,3|grow|mobile|liquid|s1|g2|structured,54.90825983739417,0.2703,True,True,False,False,False,False,False,p2g5_023,screen
2,3|switch|rotor|liquid|s1|g2,6,p3g8_042,0,3,669ecc8e806a412c,54.87782549163181,0.342,partial,0.4,True,False,True,p3g8_042_c9,c9fill,958,669ecc8e806a412c,3|grow|rotor|liquid|s1|g2|structured,54.87782549163181,0.342,True,True,True,True,False,True,False,p3g8_042_c9,c9fill
2,4|grow|rotor|flicker|s2|g2,6,p6g4_021,0,6,f1d619e4608e8429,68.86949018863848,0.5281,partial,0.4,False,False,True,p6g4_021_c9,c9fill,958,f1d619e4608e8429,4|grow|rotor|liquid|s2|g2|structured,68.86949018863848,0.5281,True,True,True,True,False,True,False,p6g4_021_c9,c9fill
2,4|grow|mobile|liquid|s3|g0,6,p6g2_022,0,6,4822df84bbe8edf6,66.74285798525841,0.5386,partial,0.4,True,False,True,p6g2_022_c9,c9fill,958,4822df84bbe8edf6,4|grow|mobile|liquid|s3|g0|structured,66.74285798525841,0.5386,True,True,True,True,False,True,False,p6g2_022_c9,c9fill
2,4|grow|drift|liquid|s1|g2,6,p2g4_020,0,2,36456c27fa9e9db9,54.0606301039895,0.5963,partial,0.4,True,True,True,p2g4_020,screen,964,3868b359bed4a6eb,4|switch|rotor|liquid|s1|g2|structured,52.66828762998688,0.5963,True,True,False,False,False,False,False,p2g4_020,screen
2,4|grow|rotor|liquid|s1|g1,6,p3g7_015,0,3,b6669fc876a2db67,61.26721644714253,0.4979,partial,0.4,True,False,True,p3g7_015_c9,c9fill,958,b6669fc876a2db67,4|switch|rotor|liquid|s1|g1|structured,61.26721644714253,0.4979,True,True,True,True,False,False,False,p3g7_015_c9,c9fill
2,4|constant|rotor|liquid|s1|g2,6,p6g7_067,0,6,070d384c430a8e0f,66.58319448993882,0.615,partial,0.4,True,False,True,p6g7_067_c9,c9fill,958,070d384c430a8e0f,4|constant|rotor|liquid|s1|g2|structured,66.58319448993882,0.615,True,True,True,True,False,True,False,p6g7_067_c9,c9fill
2,4|switch|rotor|flicker|s1|g2,6,p4g7_062,0,4,99904c4c71c802f0,44.15976631123361,0.0,partial,0.4,True,False,True,p4g7_062_c9,c9fill,958,99904c4c71c802f0,4|switch|rotor|flicker|s1|g2|mixed,44.15976631123361,0.0,True,True,True,True,False,True,False,p4g7_062_c9,c9fill
2,4|grow|mobile|liquid|s1|g1,6,p3g5_003,0,3,a8588ddb13332b62,69.58846942067028,0.6252,partial,0.4,True,False,True,p3g5_003_c9,c9fill,958,a8588ddb13332b62,4|switch|mobile|liquid|s1|g1|structured,69.58846942067028,0.6252,True,True,True,True,False,False,False,p3g5_003_c9,c9fill
2,3|grow|mobile|liquid|s2|g1,6,p6g1_023,0,6,b52d5d7da8ee6179,64.34465968680303,0.4685,partial,0.4,True,True,True,p6g1_023_c9,c9fill,958,b52d5d7da8ee6179,3|grow|mobile|liquid|s2|g1|structured,64.34465968680303,0.4685,True,True,True,True,False,False,False,p6g1_023_c9,c9fill
2,4|switch|mobile|liquid|s2|g1,6,p1g3_035,0,1,a065779eaf3df961,60.1835773735872,0.4838,partial,0.4,True,True,True,p1g3_035_c9,c9fill,958,a065779eaf3df961,4|switch|rotor|liquid|s1|g1|structured,60.1835773735872,0.4838,True,True,True,True,False,True,False,p1g3_035_c9,c9fill
2,2|grow|rotor|liquid|s1|g2,6,p2g4_062,0,2,37e5bf4d92c4be41,62.10303814186868,0.5238,partial,0.4,True,False,True,p2g4_062,screen,964,f78b00513c33a9a3,3|switch|rotor|liquid|s1|g2|structured,64.53379767733584,0.5238,True,True,False,False,False,True,False,p2g4_062,screen
2,2|grow|mobile|liquid|s1|g2,6,p2g4_053,0,2,8f894fb7b2f207f4,64.98037000738421,0.4625,partial,0.4,True,True,True,p2g4_053,screen,964,fa86cb8089d048d0,4|grow|rotor|liquid|s2|g2|structured,69.66296250923027,0.4625,True,True,False,False,False,False,False,p2g4_053,screen
2,2|grow|mobile|liquid|s2|g2,6,p2g2_038,0,2,ad835d9583d074b2,54.96902475062794,0.2611,partial,0.4,True,True,True,p2g2_038_s3,seed3,966,ad835d9583d074b2,2|grow|rotor|liquid|s2|g2|structured,62.18378093828494,0.2611,True,True,True,True,False,True,False,p2g2_038_s3,seed3
2,4|switch|mobile|flicker|s1|g2,6,p2g2_070,0,2,3403b1a691db96ea,67.5065391109578,0.5843,partial,0.4,True,True,True,p2g2_070_s2,seed2,965,2ccd2e15c8fa6fb9,4|switch|mobile|liquid|s1|g2|structured,69.77567388869726,0.5843,True,True,False,False,False,False,False,p2g2_070_s2,seed2
2,3|switch|mobile|flicker|s1|g2,6,p4g1_018,0,4,bdeaaefe8a5b91e0,51.926001771317075,0.1436,partial,0.4,True,True,True,p4g1_018_c9,c9fill,958,bdeaaefe8a5b91e0,3|switch|rotor|flicker|s2|g2|mixed,51.926001771317075,0.1436,True,True,True,True,False,False,False,p4g1_018_c9,c9fill
2,4|grow|mobile|flicker|s1|g2,6,p2g4_030,0,2,ca21e100b2dea0c3,56.2083383450784,0.188,partial,0.4,True,True,True,p2g4_030_s3,seed3,966,ca21e100b2dea0c3,4|grow|rotor|flicker|s3|g2|mixed,65.56042293134801,0.188,True,True,True,True,False,False,True,p2g4_030,screen
2,2|grow|rotor|liquid|s2|g2,6,p6g5_025,0,6,c53633b366a18482,48.58148429204117,0.279,partial,0.4,True,False,True,p6g5_025_c9,c9fill,958,c53633b366a18482,2|grow|rotor|liquid|s1|g2|structured,48.58148429204117,0.279,True,True,True,True,False,True,False,p6g5_025_c9,c9fill
2,3|oscillator|mobile|liquid|s1|g2,6,p6g10_024,0,6,2a7ac9f64d6ef179,60.344474915932764,0.489,partial,0.4,False,False,True,p6g10_024_c9,c9fill,958,2a7ac9f64d6ef179,3|oscillator|mobile|liquid|s1|g2|structured,60.344474915932764,0.489,True,True,True,True,False,True,False,p6g10_024_c9,c9fill
2,2|switch|rotor|flicker|s1|g2,6,p5g8_014,0,5,60fd1da794635589,65.07025377691151,0.5609,partial,0.4,False,False,True,p5g8_014_c9,c9fill,958,60fd1da794635589,2|switch|rotor|flicker|s1|g2|structured,65.07025377691151,0.5609,True,True,True,True,False,True,False,p5g8_014_c9,c9fill
2,3|grow|mobile|liquid|s1|g1,6,p3g9_021,0,3,d2673ccaa565671c,42.383926358102705,0.0,partial,0.4,False,False,True,p3g9_021_c9,c9fill,958,d2673ccaa565671c,3|grow|mobile|liquid|s1|g1|mixed,42.383926358102705,0.0,True,True,True,True,False,True,False,p3g9_021_c9,c9fill
2,3|switch|rotor|flicker|s1|g2,6,p2g4_041,0,2,794646053eadd329,33.2301821579412,0.0,partial,0.4,False,False,True,p2g4_041,screen,964,61edc1e3803867c8,3|constant|mobile|flicker|s1|g2|mixed,41.537727697426504,0.0,True,True,False,False,False,False,False,p2g4_041,screen
2,4|switch|rotor|liquid|s1|g1,6,p6g1_040,0,6,8e82b34b98815d51,66.62005532598099,0.5245,partial,0.4,True,True,True,p6g1_040_c9,c9fill,958,8e82b34b98815d51,4|switch|mobile|liquid|s1|g1|structured,66.62005532598099,0.5245,True,True,True,True,False,False,False,p6g1_040_c9,c9fill
2,3|switch|mobile|liquid|s1|g1,6,p3g6_036,0,3,dc62120b0c212700,56.30313848717671,0.4727,partial,0.4,True,False,True,p3g6_036_c9,c9fill,958,dc62120b0c212700,3|switch|rotor|liquid|s1|g1|structured,56.30313848717671,0.4727,True,True,True,True,False,False,False,p3g6_036_c9,c9fill
2,3|grow|rotor|liquid|s2|g1,6,p4g7_003,0,4,0c6b5140622c9518,60.642330463719276,0.4479,partial,0.4,True,False,True,p4g7_003_c9,c9fill,958,0c6b5140622c9518,3|grow|rotor|liquid|s3|g1|structured,60.642330463719276,0.4479,True,True,True,True,False,True,False,p4g7_003_c9,c9fill
2,4|grow|rotor|flicker|s1|g2,6,p6g8_068,0,6,0ae569d76c7ad4e0,56.726079592029414,0.3282,partial,0.4,True,False,True,p6g8_068_c9,c9fill,958,0ae569d76c7ad4e0,4|switch|rotor|flicker|s1|g2|structured,56.726079592029414,0.3282,True,True,True,True,False,True,False,p6g8_068_c9,c9fill
2,4|switch|mobile|liquid|s2|g0,6,p4g3_022,0,4,c12ecee8c627b141,53.07433582529313,0.5061,partial,0.4,True,True,True,p4g3_022_c9,c9fill,958,c12ecee8c627b141,4|switch|rotor|flicker|s1|g0|structured,53.07433582529313,0.5061,True,True,True,True,False,False,False,p4g3_022_c9,c9fill
2,3|grow|rotor|frozen|s1|g2,6,p0g0_ds2g11_009,0,0,bbe92b88e108906a,44.068060920475105,0.1295,partial,0.4,True,True,True,p0g0_ds2g11_009_c9,c9fill,958,bbe92b88e108906a,3|grow|rotor|liquid|s1|g2|structured,44.068060920475105,0.1295,True,True,True,True,False,False,False,p0g0_ds2g11_009_c9,c9fill
2,4|oscillator|rotor|liquid|s1|g2,6,p5g5_010,0,5,53fda5eb68268f1f,62.673581046531275,0.5375,partial,0.4,True,True,True,p5g5_010_c9,c9fill,958,53fda5eb68268f1f,4|switch|mobile|liquid|s1|g2|structured,62.673581046531275,0.5375,True,True,True,True,False,True,False,p5g5_010_c9,c9fill
2,3|switch|drift|flicker|s1|g2,6,p6g7_013,0,6,e65ef70dd49605a1,55.29543001378467,0.4345,partial,0.4,True,False,True,p6g7_013_c9,c9fill,958,e65ef70dd49605a1,3|switch|mobile|flicker|s1|g2|structured,55.29543001378467,0.4345,True,True,True,True,False,True,False,p6g7_013_c9,c9fill
2,3|oscillator|drift|liquid|s2|g2,6,p3g6_070,0,3,0754aa976555d950,56.06548278600514,0.4507,partial,0.4,True,False,True,p3g6_070_c9,c9fill,958,0754aa976555d950,3|grow|mobile|liquid|s1|g2|structured,56.06548278600514,0.4507,True,True,True,True,False,False,False,p3g6_070_c9,c9fill
2,3|grow|rotor|flicker|s2|g2,6,p2g6_031,0,2,84226d894db71e93,61.46690437233841,0.4273,partial,0.4,True,False,True,p2g6_031,screen,964,b2edf1a5811fbe08,3|switch|mobile|liquid|s1|g2|structured,66.15113046542302,0.4273,True,True,False,False,False,False,False,p2g6_031,screen
2,2|grow|mobile|liquid|s2|g1,6,p3g6_061,0,3,87da68345e8008fe,39.5207281913662,0.0,partial,0.4,True,False,True,p3g6_061_c9,c9fill,958,87da68345e8008fe,2|grow|mobile|liquid|s1|g1|mixed,39.5207281913662,0.0,True,True,True,True,False,False,False,p3g6_061_c9,c9fill
2,3|switch|drift|liquid|s1|g2,6,p4g4_018,0,4,c85255378879551c,43.90616830720362,0.1749,partial,0.4,True,True,True,p4g4_018_c9,c9fill,958,c85255378879551c,3|switch|drift|flicker|s1|g2|mixed,43.90616830720362,0.1749,True,True,True,True,False,False,False,p4g4_018_c9,c9fill
2,3|grow|mobile|liquid|s3|g0,6,p0g0_ds2g11_006,0,0,2dd6dbf38ed8f991,54.332212633446474,0.5347,partial,0.4,True,True,True,p0g0_ds2g11_006_c9,c9fill,958,2dd6dbf38ed8f991,3|grow|mobile|liquid|s1|g0|structured,54.332212633446474,0.5347,True,True,True,True,False,False,False,p0g0_ds2g11_006_c9,c9fill
2,3|constant|rotor|flicker|s1|g2,6,p1g6_065,0,1,6ffe5602270e02e4,52.47891492810717,0.438,partial,0.4,True,False,True,p1g6_065_c9,c9fill,958,6ffe5602270e02e4,3|switch|drift|liquid|s1|g2|structured,52.47891492810717,0.438,True,True,True,True,False,True,False,p1g6_065_c9,c9fill
2,3|grow|rotor|liquid|s1|g0,6,p2g2_023,0,2,18fb4a511bd5fd41,52.68046935317933,0.2103,partial,0.4,True,True,True,p2g2_023_s2,seed2,965,7fa13f78a42abf98,2|switch|mobile|liquid|s2|g2|structured,60.59308669147416,0.2103,True,True,False,False,False,True,True,p2g2_023_s3,seed3
2,4|switch|rotor|flicker|s1|g1,6,p6g5_019,0,6,0477d3f126e0b4df,64.08751213671388,0.5654,partial,0.4,True,False,True,p6g5_019_c9,c9fill,958,0477d3f126e0b4df,4|switch|mobile|flicker|s1|g1|structured,64.08751213671388,0.5654,True,True,True,True,False,True,False,p6g5_019_c9,c9fill
2,2|switch|mobile|flicker|s1|g2,6,p10g0_ds6_000,0,10,5ddef2bb7950303b,61.79334168837479,0.5586,partial,0.4,True,True,True,p10g0_ds6_000_c9,c9fill,958,5ddef2bb7950303b,2|switch|mobile|flicker|s1|g2|structured,61.79334168837479,0.5586,True,True,True,True,False,True,False,p10g0_ds6_000_c9,c9fill
2,2|switch|mobile|liquid|s1|g2,6,p4g5_070,0,4,8944dc72cebaf556,19.082711876453626,0.0,partial,0.4,False,False,True,p4g5_070_c9,c9fill,958,8944dc72cebaf556,1|switch|mobile|gas|s1|g2|mixed,19.082711876453626,0.0,True,True,True,True,False,False,False,p4g5_070_c9,c9fill
2,2|switch|rotor|liquid|s1|g2,6,p1g2_008,0,1,6aef37d09adb821c,59.5337117778859,0.4855,partial,0.4,True,True,True,p1g2_008_c9,c9fill,958,6aef37d09adb821c,2|switch|mobile|liquid|s1|g2|structured,59.5337117778859,0.4855,True,True,True,True,False,False,False,p1g2_008_c9,c9fill
2,4|grow|rotor|liquid|s1|g0,6,p5g3_062,0,5,6588fedcc859d014,39.16980429608196,0.0,partial,0.4,True,True,True,p5g3_062_c9,c9fill,958,6588fedcc859d014,4|grow|rotor|flicker|s1|g0|mixed,39.16980429608196,0.0,True,True,True,True,False,True,False,p5g3_062_c9,c9fill
2,4|switch|drift|liquid|s1|g2,6,p4g7_057,0,4,8c1b8d558ff3eab5,47.225683623393444,0.0,partial,0.4,True,False,True,p4g7_057_c9,c9fill,958,8c1b8d558ff3eab5,4|switch|rotor|liquid|s1|g2|mixed,47.225683623393444,0.0,True,True,True,True,False,True,False,p4g7_057_c9,c9fill
2,3|grow|drift|liquid|s1|g2,6,p5g4_065,0,5,ec92b73fbd3a436f,50.42467120755935,0.0,partial,0.4,True,True,True,p5g4_065_c9,c9fill,958,ec92b73fbd3a436f,4|grow|mobile|liquid|s2|g2|mixed,50.42467120755935,0.0,True,True,True,True,False,True,False,p5g4_065_c9,c9fill
2,3|switch|mobile|liquid|s2|g0,6,p6g9_040,0,6,199b006fd66f13fb,49.90822674855221,0.4933,partial,0.4,True,False,True,p6g9_040_c9,c9fill,958,199b006fd66f13fb,3|switch|rotor|flicker|s1|g0|structured,49.90822674855221,0.4933,True,True,True,True,False,False,False,p6g9_040_c9,c9fill
2,4|grow|rotor|frozen|s1|g2,6,p2g6_001,0,2,b10ebb5bb2a75e70,34.566945088681884,0.0,partial,0.4,True,False,True,p2g6_001,screen,964,48e236252e0117e2,3|switch|mobile|liquid|s1|g2|mixed,43.20868136085235,0.0,True,True,False,False,False,False,False,p2g6_001,screen
2,4|switch|mobile|liquid|s1|g0,6,p6g9_024,0,6,13d71fd1241f9ebc,53.046753431953675,0.5107,partial,0.4,True,False,True,p6g9_024_c9,c9fill,958,13d71fd1241f9ebc,4|switch|mobile|flicker|s1|g0|structured,53.046753431953675,0.5107,True,True,True,True,False,False,False,p6g9_024_c9,c9fill
2,4|grow|still|frozen|s2|g2,6,p2g4_015,0,2,04a0f0e5eb95cb51,54.85436987300561,0.4212,partial,0.4,True,False,True,p2g4_015_s2,seed2,965,a04fca4ed04a8fd9,2|switch|mobile|liquid|s1|g2|structured,58.03796234125702,0.4212,True,True,False,False,False,False,False,p2g4_015_s2,seed2
2,3|switch|mobile|flicker|s1|g1,6,p3g9_000,0,3,91d0de9a698b42f1,62.82156980148203,0.6078,partial,0.4,False,False,True,p3g9_000_c9,c9fill,958,91d0de9a698b42f1,3|switch|mobile|liquid|s1|g1|structured,62.82156980148203,0.6078,True,True,True,True,False,True,False,p3g9_000_c9,c9fill
2,4|switch|drift|flicker|s1|g2,6,p4g4_007,0,4,51de7cd26fa902e8,35.41832053142121,0.0,partial,0.4,True,True,True,p4g4_007_c9,c9fill,958,51de7cd26fa902e8,4|constant|drift|liquid|s1|g2|mixed,35.41832053142121,0.0,True,True,True,True,False,True,False,p4g4_007_c9,c9fill
2,4|switch|still|liquid|s1|g2,6,p3g8_049,0,3,7abceff1a41774bf,35.504523202506086,0.0,partial,0.4,True,False,True,p3g8_049_c9,c9fill,958,7abceff1a41774bf,4|oscillator|still|liquid|s1|g2|mixed,35.504523202506086,0.0,True,True,True,True,False,True,False,p3g8_049_c9,c9fill
2,4|oscillator|mobile|liquid|s2|g0,6,p1g2_008,0,1,a19e1629a9d1fb98,59.5337117778859,0.4855,partial,0.4,False,False,True,p1g2_008_c9,c9fill,958,6aef37d09adb821c,2|switch|mobile|liquid|s1|g2|structured,59.5337117778859,0.4855,True,True,False,False,False,False,False,p1g2_008_c9,c9fill
2,3|grow|mobile|liquid|s1|g0,6,p1g2_021,0,1,67cf8460076bdd5b,51.74224903689269,0.2973,partial,0.4,False,False,True,p1g2_021_c9,c9fill,958,67cf8460076bdd5b,3|grow|rotor|liquid|s2|g0|structured,51.74224903689269,0.2973,True,True,True,True,False,False,False,p1g2_021_c9,c9fill
2,3|grow|still|frozen|s2|g2,6,p2g4_069,0,2,ae9d1473551424c6,57.424354154655916,0.4744,partial,0.4,True,True,True,p2g4_069,screen,964,929650f101dbb962,4|switch|mobile|liquid|s1|g2|structured,59.9204426933199,0.4744,True,True,False,False,False,False,False,p2g4_069,screen
2,2|grow|mobile|flicker|s1|g2,6,p6g8_061,0,6,0849acc60943ebb4,16.475230087739817,0.0,partial,0.4,False,False,True,p6g8_061_c9,c9fill,958,0849acc60943ebb4,1|grow|still|gas|s2|g2|mixed,16.475230087739817,0.0,True,True,True,True,False,False,False,p6g8_061_c9,c9fill
2,3|grow|still|liquid|s1|g2,6,p4g2_028,0,4,9ccfc2ac9c92bba2,43.42429478254007,0.1548,partial,0.4,True,True,True,p4g2_028_c9,c9fill,958,9ccfc2ac9c92bba2,3|oscillator|still|liquid|s1|g2|mixed,43.42429478254007,0.1548,True,True,True,True,False,False,False,p4g2_028_c9,c9fill
2,2|grow|rotor|liquid|s1|g0,6,p6g1_043,0,6,cb8ca5f66af9944a,53.68280018523739,0.5206,partial,0.4,True,True,True,p6g1_043_c9,c9fill,958,cb8ca5f66af9944a,2|switch|mobile|liquid|s2|g0|structured,53.68280018523739,0.5206,True,True,True,True,False,False,False,p6g1_043_c9,c9fill
2,3|grow|mobile|liquid|s2|g0,6,p1g2_034,0,1,65ee88a4e85ee72d,58.98752953210162,0.4749,partial,0.4,False,False,True,p1g2_034_c9,c9fill,958,65ee88a4e85ee72d,3|grow|rotor|liquid|s2|g0|structured,58.98752953210162,0.4749,True,True,True,True,False,False,False,p1g2_034_c9,c9fill
2,3|oscillator|mobile|flicker|s1|g2,6,p6g3_008,0,6,6fdabba5eb65047e,60.071216186275066,0.5275,partial,0.4,True,False,True,p6g3_008_c9,c9fill,958,6fdabba5eb65047e,3|switch|mobile|flicker|s1|g2|structured,60.071216186275066,0.5275,True,True,True,True,False,False,False,p6g3_008_c9,c9fill
2,4|oscillator|drift|liquid|s1|g2,6,p6g7_054,0,6,c3395cc4794da758,32.61085237286603,0.0,partial,0.4,True,False,True,p6g7_054_c9,c9fill,958,c3395cc4794da758,4|oscillator|drift|liquid|s1|g2|mixed,32.61085237286603,0.0,True,True,True,True,False,True,False,p6g7_054_c9,c9fill
2,3|switch|still|liquid|s1|g2,6,p5g8_007,0,5,8e4299986c7764fd,37.563388403547826,0.0,partial,0.4,False,False,True,p5g8_007_c9,c9fill,958,8e4299986c7764fd,3|switch|still|flicker|s1|g2|mixed,37.563388403547826,0.0,True,True,True,True,False,False,False,p5g8_007_c9,c9fill
2,3|grow|rotor|liquid|s2|g0,6,p4g1_037,0,4,51d3ff7d5b99699d,52.157556890950616,0.5921,partial,0.4,True,True,True,p4g1_037_c9,c9fill,958,51d3ff7d5b99699d,3|grow|rotor|liquid|s1|g0|structured,52.157556890950616,0.5921,True,True,True,True,False,False,False,p4g1_037_c9,c9fill
2,4|grow|mobile|liquid|s1|g0,6,p1g7_023,0,1,ae859cef82a541f9,64.56025731203347,0.6145,partial,0.4,False,False,True,p1g7_023_c9,c9fill,958,ae859cef82a541f9,4|grow|mobile|liquid|s2|g0|structured,64.56025731203347,0.6145,True,True,True,True,False,True,False,p1g7_023_c9,c9fill
2,4|grow|drift|frozen|s1|g2,6,p1g5_022,0,1,e0c477a1df493566,37.75037360590915,0.0954,partial,0.4,True,True,True,p1g5_022_c9,c9fill,958,e0c477a1df493566,4|grow|drift|liquid|s1|g2|structured,37.75037360590915,0.0954,True,True,True,True,False,True,False,p1g5_022_c9,c9fill
2,4|switch|rotor|liquid|s2|g1,6,p2g7_010,0,2,8ca54a0a2e5f9221,46.12725811515459,0.2282,partial,0.4,False,False,True,p2g7_010_c9,c9fill,958,8ca54a0a2e5f9221,4|grow|rotor|liquid|s2|g1|mixed,46.12725811515459,0.2282,True,True,True,True,False,False,False,p2g7_010_c9,c9fill
2,2|grow|drift|liquid|s1|g2,6,p6g9_038,0,6,812d5ab5168659a9,40.03023394587095,0.1241,partial,0.4,True,False,True,p6g9_038_c9,c9fill,958,812d5ab5168659a9,2|grow|drift|liquid|s1|g2|structured,40.03023394587095,0.1241,True,True,True,True,False,True,False,p6g9_038_c9,c9fill
2,3|grow|drift|frozen|s1|g2,6,p0g1_055,0,0,b8443088cbf6a776,53.24484269167033,0.2056,partial,0.4,True,False,True,p0g1_055_c9,c9fill,958,b8443088cbf6a776,4|grow|rotor|liquid|s1|g2|structured,53.24484269167033,0.2056,True,True,True,True,False,True,False,p0g1_055_c9,c9fill
2,4|constant|rotor|flicker|s1|g2,6,p5g6_021,0,5,f6f348579074846d,37.71804190901993,0.0,partial,0.4,True,False,True,p5g6_021_c9,c9fill,958,f6f348579074846d,4|constant|rotor|flicker|s1|g2|mixed,37.71804190901993,0.0,True,True,True,True,False,False,False,p5g6_021_c9,c9fill
2,3|grow|drift|liquid|s2|g2,6,p2g2_041,0,2,6d69c834bff5afd0,31.160418869609117,0.0,partial,0.4,False,True,True,p2g2_041,screen,964,2c35048f8d3575ac,3|constant|drift|liquid|s1|g2|mixed,38.950523587011396,0.0,True,True,False,False,False,False,False,p2g2_041,screen
2,2|switch|mobile|liquid|s2|g2,6,p2g4_002,0,2,bcc3072a07e51f96,69.83567168049427,0.6018,partial,0.4,True,False,True,p2g4_002_s2,seed2,965,583c31fd9c9b98d6,4|switch|mobile|liquid|s1|g2|structured,72.24958960061785,0.6018,True,True,False,False,False,False,False,p2g4_002_s2,seed2
2,3|constant|mobile|flicker|s1|g2,6,p3g5_061,0,3,c63ba0e852b7880c,33.04241836811027,0.0,partial,0.4,False,False,True,p3g5_061_c9,c9fill,958,c63ba0e852b7880c,3|constant|mobile|flicker|s1|g2|mixed,33.04241836811027,0.0,True,True,True,True,False,False,False,p3g5_061_c9,c9fill
2,4|grow|mobile|flicker|s3|g0,6,p6g9_022,0,6,36e4056a5ff9fa8c,38.523041093695106,0.3408,partial,0.4,True,False,True,p6g9_022_c9,c9fill,958,36e4056a5ff9fa8c,4|switch|rotor|liquid|s1|g0|structured,38.523041093695106,0.3408,True,True,True,True,False,False,False,p6g9_022_c9,c9fill
2,4|switch|mobile|liquid|s1|g2|economy,7,p2g1_054,1,2,eef1806b5f1e0089,59.206782753616196,0.4112,full,0.4,True,False,True,p2g1_054,screen,964,eef1806b5f1e0089,4|switch|mobile|liquid|s1|g2|economy,63.728,0.4112,True,True,True,True,True,True,False,p2g1_054,screen
2,3|switch|mobile|liquid|s1|g2|economy,7,p2g1_051,1,2,27a2960d05f47297,64.16406816770734,0.3381,partial,0.4,True,False,True,p2g1_051_s2,seed2,965,27a2960d05f47297,3|switch|rotor|liquid|s1|g2|structured,71.75258520963418,0.3381,True,True,True,True,False,True,True,p2g1_051_s3,seed3
2,4|switch|mobile|liquid|s1|g1|economy,7,p2g1_053,1,2,45d84b9a9c2d5329,66.16468517916364,0.5313,partial,0.4,True,False,True,p2g1_053_s3,seed3,966,45d84b9a9c2d5329,4|switch|mobile|liquid|s1|g1|structured,69.42335647395456,0.5313,True,True,True,True,False,False,False,p2g1_053_s3,seed3
2,3|switch|mobile|liquid|s2|g2|economy,7,p2g1_055,1,2,27a2960d05f47297,64.16406816770734,0.3381,partial,0.4,True,False,True,p2g1_055_s2,seed2,965,27a2960d05f47297,3|switch|rotor|liquid|s1|g2|structured,71.75258520963418,0.3381,True,True,True,True,False,True,True,p2g1_055_s3,seed3
2,3|switch|mobile|liquid|s1|g0|economy,7,p2g1_052,1,2,4822df84bbe8edf6,58.312354625267886,0.519,partial,0.4,True,False,True,p2g1_052_s2,seed2,965,4822df84bbe8edf6,4|switch|rotor|flicker|s1|g0|structured,59.91544328158486,0.519,True,True,True,True,False,True,False,p2g1_052_s2,seed2
2,4|switch|rotor|liquid|s1|g0|structured,7,p2g1_049,1,2,6588fedcc859d014,53.24267346230313,0.347,full,0.4,True,False,True,p2g1_049,screen,964,6588fedcc859d014,4|switch|rotor|liquid|s1|g0|structured,57.878,0.347,True,True,True,True,True,True,False,p2g1_049,screen
2,1|grow|mobile|liquid|s1|g2|structured,7,p2g1_002,1,2,d9ed7061a56002ec,48.42566523155075,0.4684,partial,0.4,False,False,True,p2g1_002,screen,964,d9ed7061a56002ec,1|grow|mobile|liquid|s1|g2|structured,48.822081539438436,0.4684,True,True,True,True,True,True,False,p2g1_002,screen
2,3|switch|rotor|liquid|s1|g2|structured,7,p2g5_054,5,2,27a2960d05f47297,67.86221853357328,0.3706,partial,0.4,True,False,True,p2g5_054_s2,seed2,965,27a2960d05f47297,3|switch|rotor|liquid|s2|g2|structured,75.56277316696661,0.3706,True,True,True,True,False,False,True,p2g5_054,screen
2,3|switch|mobile|liquid|s1|g2|mixed,7,p2g1_078,1,2,9fb172b36e41b539,56.947849540657955,0.4303,partial,0.4,True,False,True,p2g1_078_s2,seed2,965,9fb172b36e41b539,3|switch|rotor|liquid|s1|g2|structured,60.427311925822444,0.4303,True,True,True,True,False,False,False,p2g1_078_s2,seed2
2,3|switch|mobile|liquid|s2|g2|structured,7,p2g3_029,3,2,04abf03262a9dbaf,65.36118060536963,0.3252,partial,0.4,True,False,True,p2g3_029_s2,seed2,965,04abf03262a9dbaf,3|switch|rotor|liquid|s2|g2|structured,73.57147575671203,0.3252,True,True,True,True,False,False,False,p2g3_029_s2,seed2
2,4|switch|mobile|liquid|s2|g2|structured,7,p2g1_006,1,2,1df18c697ace6321,58.82200424153902,0.5104,partial,0.4,True,False,True,p2g1_006,screen,964,1df18c697ace6321,4|switch|mobile|liquid|s2|g2|structured,60.76750530192378,0.5104,True,True,True,True,True,True,False,p2g1_006,screen
2,4|grow|mobile|liquid|s1|g2|structured,7,p2g1_017,1,2,bf9d2724ed64b209,76.61047984616883,0.6592,partial,0.4,True,False,True,p2g1_017_s3,seed3,966,bf9d2724ed64b209,4|grow|rotor|liquid|s1|g2|structured,79.28309980771103,0.6592,True,True,True,True,False,True,False,p2g1_017_s3,seed3
2,3|switch|mobile|liquid|s1|g2|structured,7,p2g5_005,5,2,3ff0bea4b19ab900,67.30072943241578,0.6499,partial,0.4,True,False,True,p2g5_005,screen,964,3ff0bea4b19ab900,3|switch|mobile|liquid|s1|g2|structured,67.87841179051973,0.6499,True,True,True,True,True,True,False,p2g5_005,screen
2,2|switch|mobile|liquid|s1|g1|structured,7,p2g1_014,1,2,25ba4c839e86a51e,49.10580822047353,0.4578,partial,0.4,True,False,True,p2g1_014_s3,seed3,966,25ba4c839e86a51e,2|switch|mobile|liquid|s1|g1|structured,49.93726027559192,0.4578,True,True,True,True,True,True,False,p2g1_014_s3,seed3
2,3|grow|mobile|liquid|s1|g2|structured,7,p2g6_004,6,2,581f6892914ea331,69.94737713724041,0.4399,partial,0.4,True,True,True,p2g6_004_s3,seed3,966,581f6892914ea331,3|grow|mobile|liquid|s3|g2|structured,76.43672142155052,0.4399,True,True,True,True,False,True,False,p2g6_004_s3,seed3
2,3|switch|drift|liquid|s1|g0|structured,7,p2g2_024,2,2,00ad67098ca52841,48.27578743013356,0.3552,partial,0.4,True,False,True,p2g2_024_s3,seed3,966,00ad67098ca52841,3|grow|mobile|liquid|s1|g0|structured,51.46473428766696,0.3552,True,True,True,True,False,False,False,p2g2_024_s3,seed3
2,4|switch|drift|liquid|s1|g2|mixed,7,p2g3_071,3,2,dda84bcbfe3a8189,49.42740990527969,0.0973,partial,0.4,True,False,True,p2g3_071_s2,seed2,965,dda84bcbfe3a8189,4|switch|drift|liquid|s2|g2|mixed,59.351762381599606,0.0973,True,True,True,True,False,True,False,p2g3_071_s2,seed2
2,3|constant|still|frozen|s1|g2|mixed,7,p2g1_047,1,2,0d2edece61b7493e,32.9136519835488,0.0,partial,0.4,True,False,True,p2g1_047_s3,seed3,966,0d2edece61b7493e,3|constant|drift|flicker|s1|g2|mixed,41.14206497943601,0.0,True,True,True,True,False,True,False,p2g1_047_s3,seed3
2,4|switch|rotor|liquid|s1|g2|mixed,7,p2g1_062,1,2,5b4ad6640be17b4b,60.83657806338037,0.2846,partial,0.4,True,False,True,p2g1_062,screen,964,5b4ad6640be17b4b,4|switch|rotor|liquid|s1|g2|mixed,68.93072257922546,0.2846,True,True,True,True,True,True,False,p2g1_062,screen
2,4|grow|rotor|liquid|s2|g2|structured,7,p2g5_022,5,2,96e24f8710f637cd,74.57557960294115,0.6342,partial,0.4,True,False,True,p2g5_022_s3,seed3,966,96e24f8710f637cd,4|grow|mobile|liquid|s2|g2|structured,77.36447450367643,0.6342,True,True,True,True,False,True,False,p2g5_022_s3,seed3
2,2|grow|mobile|liquid|s1|g2|structured,7,p2g7_033,7,2,c714940c4a372999,58.10542390455923,0.3897,partial,0.4,True,True,True,p2g7_033_s2,seed2,965,c714940c4a372999,2|grow|mobile|liquid|s1|g2|structured,62.88927988069904,0.3897,True,True,True,True,True,True,False,p2g7_033_s2,seed2
2,4|switch|mobile|liquid|s1|g2|structured,7,p2g7_049,7,2,9a815b4bb1db78ea,76.81889964527797,0.6591,partial,0.4,True,True,True,p2g7_049_s3,seed3,966,9a815b4bb1db78ea,4|grow|mobile|liquid|s2|g2|structured,79.54612455659745,0.6591,True,True,True,True,False,False,False,p2g7_049_s3,seed3
2,4|switch|rotor|liquid|s2|g2|structured,7,p2g11_023,11,2,8818178808104e35,70.66497141228427,0.5334,partial,,True,True,False,,,,,,,,,,,,,,,,
2,4|grow|rotor|liquid|s3|g2|structured,7,p2g1_067,1,2,b0b5c22cd90792e9,75.13393057565933,0.6498,partial,0.4,True,False,True,p2g1_067,screen,964,b0b5c22cd90792e9,4|grow|rotor|liquid|s3|g2|structured,77.67241321957417,0.6498,True,True,True,True,True,True,False,p2g1_067,screen
2,4|constant|mobile|liquid|s1|g2|mixed,7,p2g1_069,1,2,d180217b39c4da02,34.70684246691579,0.0,partial,0.4,True,False,True,p2g1_069_s3,seed3,966,d180217b39c4da02,4|constant|mobile|flicker|s1|g2|mixed,43.38355308364474,0.0,True,True,True,True,False,True,False,p2g1_069_s3,seed3
2,4|grow|mobile|liquid|s2|g2|structured,7,p2g10_037,10,2,d5df93540fabc72a,76.18748531009624,0.6399,partial,,True,False,False,,,,,,,,,,,,,,,,
2,4|constant|drift|liquid|s1|g2|structured,7,p2g1_072,1,2,26d0e37a72033beb,48.030116138261874,0.3895,partial,0.4,True,False,True,p2g1_072_s2,seed2,965,26d0e37a72033beb,4|constant|drift|liquid|s1|g2|structured,50.30014517282734,0.3895,True,True,True,True,True,True,False,p2g1_072_s2,seed2
2,4|switch|drift|frozen|s1|g2|mixed,7,p2g1_074,1,2,cf978f6cd658a548,22.5124401542584,0.0,partial,0.4,True,False,True,p2g1_074,screen,964,cf978f6cd658a548,4|switch|drift|frozen|s1|g2|mixed,28.140550192823,0.0,True,True,True,True,True,True,False,p2g1_074,screen
2,4|switch|drift|liquid|s1|g2|structured,7,p2g5_067,5,2,a3daeedefa51805f,62.33173047146857,0.4791,partial,0.4,True,False,True,p2g5_067_s3,seed3,966,a3daeedefa51805f,4|switch|mobile|flicker|s1|g2|structured,65.93716308933571,0.4791,True,True,True,True,False,False,True,p2g5_067,screen
2,3|grow|mobile|liquid|s1|g2|mixed,7,p2g9_062,9,2,63226a1da0c7fa99,45.26842761686783,0.0,partial,,True,False,False,,,,,,,,,,,,,,,,
2,3|constant|mobile|liquid|s1|g2|structured,7,p2g1_009,1,2,c87dae7197d7ca1b,48.05897394729324,0.5565,partial,0.4,True,False,True,p2g1_009_s3,seed3,966,c87dae7197d7ca1b,3|constant|rotor|liquid|s1|g2|structured,46.16121743411655,0.5565,True,True,True,True,False,True,False,p2g1_009_s3,seed3
2,3|grow|mobile|liquid|s2|g2|structured,7,p2g1_011,1,2,9de01c91384e7539,70.79409909128395,0.5078,partial,0.4,True,False,True,p2g1_011,screen,964,9de01c91384e7539,3|grow|mobile|liquid|s2|g2|structured,75.79762386410493,0.5078,True,True,True,True,True,True,False,p2g1_011,screen
2,2|switch|mobile|flicker|s1|g2|mixed,7,p2g1_013,1,2,495df91b3251fa11,50.63437723980411,0.4282,partial,0.4,True,False,True,p2g1_013,screen,964,495df91b3251fa11,2|switch|mobile|flicker|s1|g2|mixed,52.58797154975514,0.4282,True,True,True,True,True,True,False,p2g1_013,screen
2,3|switch|mobile|liquid|s1|g1|structured,7,p2g6_032,6,2,67cf21942715762c,77.07017527943856,0.8048,partial,0.4,True,True,True,p2g6_032_s2,seed2,965,67cf21942715762c,3|switch|rotor|liquid|s1|g1|structured,76.2177190992982,0.8048,True,True,True,True,False,True,False,p2g6_032_s2,seed2
2,3|grow|rotor|liquid|s1|g2|structured,7,p2g4_003,4,2,50b3da4b74e1702e,69.77883200041252,0.619,partial,0.4,True,False,True,p2g4_003,screen,964,50b3da4b74e1702e,3|grow|rotor|liquid|s1|g2|structured,71.74854000051566,0.619,True,True,True,True,True,True,False,p2g4_003,screen
2,3|switch|rotor|flicker|s1|g1|mixed,7,p2g1_024,1,2,b3e14a306a3b29ca,42.938657061214116,0.0,partial,0.4,True,False,True,p2g1_024_s3,seed3,966,b3e14a306a3b29ca,3|switch|mobile|liquid|s1|g1|mixed,53.673321326517645,0.0,True,True,True,True,False,False,False,p2g1_024_s3,seed3
2,3|grow|still|frozen|s3|g2|mixed,7,p2g1_028,1,2,c968f42c900825af,38.2332179770277,0.0545,partial,0.4,True,False,True,p2g1_028,screen,964,c968f42c900825af,3|grow|still|frozen|s3|g2|mixed,46.429022471284625,0.0545,True,True,True,True,True,True,False,p2g1_028,screen
2,3|switch|mobile|liquid|s1|g0|structured,7,p2g10_048,10,2,99e967391dc2fb5c,55.16253573201565,0.4974,partial,,True,False,False,,,,,,,,,,,,,,,,
2,2|switch|mobile|liquid|s1|g0|structured,7,p2g1_037,1,2,3690c9f2501aa004,51.23247517785391,0.4526,partial,0.4,True,False,True,p2g1_037,screen,964,3690c9f2501aa004,2|switch|mobile|liquid|s1|g0|structured,52.725593972317384,0.4526,True,True,True,True,True,True,False,p2g1_037,screen
2,2|constant|still|frozen|s1|g2|mixed,7,p2g4_044,4,2,abdc74c9a111b0d0,23.942009385815734,0.0,partial,0.4,True,False,True,p2g4_044_s3,seed3,966,abdc74c9a111b0d0,2|constant|drift|liquid|s1|g2|mixed,29.92751173226967,0.0,True,True,True,True,False,True,False,p2g4_044_s3,seed3
2,3|switch|still|frozen|s1|g2|mixed,7,p2g1_045,1,2,0c1fc022331e2949,31.996468850181863,0.0,partial,0.4,True,False,True,p2g1_045_s2,seed2,965,0c1fc022331e2949,3|switch|still|liquid|s1|g2|mixed,39.99558606272733,0.0,True,True,True,True,False,True,False,p2g1_045_s2,seed2
2,2|oscillator|mobile|flicker|s1|g2|mixed,7,p2g1_057,1,2,eeeea0dff8936f5d,31.19362365734683,0.0,partial,0.4,True,False,True,p2g1_057_s3,seed3,966,eeeea0dff8936f5d,2|constant|mobile|liquid|s1|g2|mixed,38.99202957168354,0.0,True,True,True,True,False,True,False,p2g1_057_s3,seed3
2,4|grow|mobile|liquid|s1|g2|mixed,7,p2g5_038,5,2,381f1a1319bcbc24,47.77359211257372,0.0,partial,0.4,True,False,True,p2g5_038_s3,seed3,966,381f1a1319bcbc24,4|grow|mobile|liquid|s2|g2|mixed,59.71699014071716,0.0,True,True,True,True,False,False,False,p2g5_038_s3,seed3
2,4|switch|rotor|flicker|s1|g1|structured,7,p2g1_000,1,2,8374a12be60874cc,66.10481652069811,0.5479,partial,0.4,True,False,True,p2g1_000_s2,seed2,965,8374a12be60874cc,4|switch|rotor|flicker|s1|g1|structured,68.93352065087262,0.5479,True,True,True,True,True,True,False,p2g1_000_s2,seed2
2,2|switch|drift|flicker|s1|g2|mixed,7,p2g1_003,1,2,f891cbf384200ef8,22.51287427061744,0.0,partial,0.4,True,False,True,p2g1_003_s3,seed3,966,f891cbf384200ef8,2|switch|mobile|liquid|s1|g2|mixed,28.141092838271803,0.0,True,True,True,True,False,True,False,p2g1_003_s3,seed3
2,3|oscillator|mobile|liquid|s1|g2|structured,7,p2g1_015,1,2,942ef4a4cd6b8a1b,64.56139930384532,0.6191,partial,0.4,True,False,True,p2g1_015_s2,seed2,965,942ef4a4cd6b8a1b,3|switch|mobile|liquid|s1|g2|structured,65.22424912980665,0.6191,True,True,True,True,False,True,False,p2g1_015_s2,seed2
2,4|grow|mobile|liquid|s2|g0|structured,7,p2g1_018,1,2,924ba5a10dc24335,61.82450078749129,0.4781,partial,0.4,True,False,True,p2g1_018_s2,seed2,965,924ba5a10dc24335,4|grow|mobile|liquid|s2|g0|structured,65.3281259843641,0.4781,True,True,True,True,True,True,False,p2g1_018_s2,seed2
2,4|grow|mobile|liquid|s1|g1|structured,7,p2g8_052,8,2,3e9e387b61a8cb22,72.9821197396439,0.6368,partial,,True,False,False,,,,,,,,,,,,,,,,
2,4|grow|rotor|liquid|s2|g1|structured,7,p2g1_027,1,2,2fe61fe3de1b9ff5,67.33163297554478,0.5253,partial,0.4,True,False,True,p2g1_027_s3,seed3,966,2fe61fe3de1b9ff5,4|grow|mobile|liquid|s1|g1|structured,71.03204121943098,0.5253,True,True,True,True,False,False,False,p2g1_027_s3,seed3
2,4|grow|rotor|frozen|s1|g2|structured,7,p2g1_030,1,2,4e4cd0ea7942ce19,41.198590509134014,0.098,partial,0.4,True,False,True,p2g1_030,screen,964,4e4cd0ea7942ce19,4|grow|rotor|frozen|s1|g2|structured,49.048238136417524,0.098,True,True,True,True,True,True,False,p2g1_030,screen
2,4|constant|drift|liquid|s1|g2|mixed,7,p2g1_065,1,2,a318103d190665fb,36.131437386538394,0.0,partial,0.4,True,False,True,p2g1_065_s3,seed3,966,a318103d190665fb,4|constant|mobile|flicker|s1|g2|mixed,45.164296733172996,0.0,True,True,True,True,False,True,False,p2g1_065_s3,seed3
2,3|switch|rotor|liquid|s2|g2|structured,7,p2g6_023,6,2,76809ea594492749,71.13751263792976,0.4807,partial,0.4,True,True,True,p2g6_023_s2,seed2,965,76809ea594492749,3|switch|rotor|liquid|s2|g2|structured,76.9043907974122,0.4807,True,True,True,True,True,False,False,p2g6_023_s2,seed2
2,2|constant|still|gas|s1|g0|mixed,7,p2g1_086,1,2,26427bf2891d0a69,12.270000000000001,0.0,partial,0.4,True,False,True,p2g1_086,screen,964,26427bf2891d0a69,2|constant|still|gas|s1|g0|mixed,15.337500000000002,0.0,True,True,True,True,True,True,False,p2g1_086,screen
2,2|constant|still|gas|s1|g2|mixed,7,p2g1_092,1,2,4532ffe10914220d,18.389999999999997,0.0,partial,0.4,True,False,True,p2g1_092,screen,964,4532ffe10914220d,2|constant|still|gas|s1|g2|mixed,22.987499999999997,0.0,True,True,True,True,True,True,False,p2g1_092,screen
2,3|grow|mobile|liquid|s1|g0|structured,7,p2g8_035,8,2,0741af878d72c789,52.72684124517642,0.4648,partial,,True,False,False,,,,,,,,,,,,,,,,
2,3|constant|drift|liquid|s1|g2|mixed,7,p2g2_041,2,2,2c35048f8d3575ac,31.160418869609117,0.0,partial,0.4,False,False,True,p2g2_041,screen,964,2c35048f8d3575ac,3|constant|drift|liquid|s1|g2|mixed,38.950523587011396,0.0,True,True,True,True,True,True,False,p2g2_041,screen
2,4|switch|mobile|liquid|s1|g2|mixed,7,p2g4_046,4,2,1c20519dbd37d41a,46.74815844311789,0.0,partial,0.4,True,False,True,p2g4_046_s2,seed2,965,1c20519dbd37d41a,4|grow|rotor|liquid|s1|g2|mixed,58.435198053897366,0.0,True,True,True,True,False,False,False,p2g4_046_s2,seed2
2,4|grow|mobile|liquid|s2|g1|structured,7,p2g6_053,6,2,3e9e387b61a8cb22,72.64858512869075,0.5699,partial,0.4,True,True,True,p2g6_053_s3,seed3,966,3e9e387b61a8cb22,4|grow|mobile|liquid|s2|g1|structured,76.56323141086344,0.5699,True,True,True,True,True,False,False,p2g6_053_s3,seed3
2,4|switch|drift|liquid|s2|g2|structured,7,p2g2_043,2,2,3aa0812c719477bf,61.173809542357105,0.3162,partial,0.4,True,False,True,p2g2_043_s3,seed3,966,3aa0812c719477bf,4|switch|drift|liquid|s3|g2|structured,68.56226192794638,0.3162,True,True,True,True,False,True,False,p2g2_043_s3,seed3
2,3|grow|rotor|liquid|s2|g2|structured,7,p2g2_025,2,2,94397f8f8a384c9d,66.45253851952764,0.3504,partial,0.4,True,False,True,p2g2_025_s2,seed2,965,94397f8f8a384c9d,3|switch|rotor|liquid|s2|g2|structured,74.30567314940954,0.3504,True,True,True,True,False,True,False,p2g2_025_s2,seed2
2,3|switch|still|liquid|s1|g2|structured,7,p2g2_062,2,2,7628e5e23b517c98,45.913869308669305,0.3114,partial,0.4,True,False,True,p2g2_062,screen,964,7628e5e23b517c98,3|switch|still|liquid|s1|g2|structured,49.60733663583663,0.3114,True,True,True,True,True,True,False,p2g2_062,screen
2,3|oscillator|rotor|liquid|s1|g2|structured,7,p2g2_067,2,2,71d96c0d2e2adfc3,57.36592029253366,0.6137,partial,0.4,True,False,True,p2g2_067_s2,seed2,965,71d96c0d2e2adfc3,3|constant|rotor|liquid|s1|g2|structured,56.364900365667076,0.6137,True,True,True,True,False,True,False,p2g2_067_s2,seed2
2,3|constant|mobile|liquid|s1|g1|structured,7,p2g2_010,2,2,d622c2d8cf881d56,45.89364602604303,0.5912,partial,0.4,True,False,True,p2g2_010,screen,964,d622c2d8cf881d56,3|constant|mobile|liquid|s1|g1|structured,42.587057532553786,0.5912,True,True,True,True,True,True,False,p2g2_010,screen
2,2|switch|mobile|liquid|s1|g2|structured,7,p2g7_036,7,2,494814329f752199,54.16994612070054,0.3427,partial,0.4,True,True,True,p2g7_036,screen,964,494814329f752199,2|switch|mobile|liquid|s1|g2|structured,59.14493265087568,0.3427,True,True,True,True,True,True,True,p2g7_036_s2,seed2
2,2|grow|mobile|liquid|s2|g2|structured,7,p2g5_039,5,2,b67b4c54722d7e96,56.85502445437845,0.3133,partial,0.4,True,False,True,p2g5_039_s3,seed3,966,b67b4c54722d7e96,2|switch|mobile|liquid|s2|g2|structured,63.236280567973076,0.3133,True,True,True,True,False,True,False,p2g5_039_s3,seed3
2,2|oscillator|mobile|liquid|s1|g2|structured,7,p2g2_008,2,2,0cd0a755cd316c5a,60.640639506683144,0.6379,partial,0.4,True,False,True,p2g2_008_s2,seed2,965,0cd0a755cd316c5a,2|switch|mobile|liquid|s1|g2|structured,59.853299383353935,0.6379,True,True,True,True,False,True,False,p2g2_008_s2,seed2
2,4|switch|mobile|liquid|s1|g1|structured,7,p2g8_046,8,2,3e9e387b61a8cb22,73.36030069822412,0.6535,partial,,True,False,False,,,,,,,,,,,,,,,,
2,4|grow|rotor|liquid|s1|g2|structured,7,p2g2_014,2,2,2a344074153e7f5d,66.45911348732382,0.5131,partial,0.4,True,False,True,p2g2_014_s2,seed2,965,2a344074153e7f5d,4|grow|rotor|liquid|s2|g2|structured,70.24639185915477,0.5131,True,True,True,True,False,False,False,p2g2_014_s2,seed2
2,4|oscillator|mobile|liquid|s1|g1|structured,7,p2g2_021,2,2,bf7e83194d770cac,67.71373189394998,0.5663,partial,0.4,True,False,True,p2g2_021_s3,seed3,966,bf7e83194d770cac,4|grow|mobile|liquid|s1|g1|structured,70.48466486743747,0.5663,True,True,True,True,False,False,False,p2g2_021_s3,seed3
2,3|switch|mobile|flicker|s1|g0|structured,7,p2g2_018,2,2,0af6510266e625be,57.629293619284596,0.6591,partial,0.4,True,False,True,p2g2_018_s2,seed2,965,0af6510266e625be,3|switch|mobile|liquid|s1|g0|structured,55.55911702410574,0.6591,True,True,True,True,False,True,False,p2g2_018_s2,seed2
2,4|grow|mobile|flicker|s2|g2|mixed,7,p2g2_022,2,2,b4d5b1c1281d75e2,58.25001603359205,0.2183,partial,0.4,True,False,True,p2g2_022_s2,seed2,965,b4d5b1c1281d75e2,4|grow|mobile|flicker|s3|g2|mixed,67.35502004199006,0.2183,True,True,True,True,False,False,False,p2g2_022_s2,seed2
2,2|switch|still|liquid|s1|g2|structured,7,p2g2_038,2,2,5c3b22eec22509f0,54.96902475062794,0.2611,partial,0.4,False,False,True,p2g2_038_s3,seed3,966,ad835d9583d074b2,2|grow|rotor|liquid|s2|g2|structured,62.18378093828494,0.2611,True,True,False,False,False,False,False,p2g2_038_s3,seed3
2,4|grow|rotor|liquid|s1|g2|mixed,7,p2g2_042,2,2,ea28b70c8b93a743,62.1938165852361,0.4208,partial,0.4,True,False,True,p2g2_042_s3,seed3,966,ea28b70c8b93a743,4|grow|rotor|liquid|s1|g2|structured,67.22227073154512,0.4208,True,True,True,True,False,True,False,p2g2_042_s3,seed3
2,3|constant|mobile|liquid|s1|g2|mixed,7,p2g6_040,6,2,49905ec1733859f0,36.10816432968544,0.0,partial,0.4,True,True,True,p2g6_040_s3,seed3,966,49905ec1733859f0,3|constant|mobile|flicker|s1|g2|mixed,45.1352054121068,0.0,True,True,True,True,False,True,False,p2g6_040_s3,seed3
2,2|constant|drift|liquid|s1|g2|mixed,7,p2g4_037,4,2,751b3b524dc36ff3,32.530240572864884,0.0,partial,0.4,True,False,True,p2g4_037_s2,seed2,965,751b3b524dc36ff3,2|constant|drift|liquid|s1|g2|mixed,40.66280071608111,0.0,True,True,True,True,True,True,False,p2g4_037_s2,seed2
2,2|constant|still|frozen|s1|g1|structured,7,p2g2_055,2,2,3e9e387b61a8cb22,73.70509831351355,0.6332,partial,0.4,True,False,True,p2g2_055_s3,seed3,966,3e9e387b61a8cb22,4|grow|mobile|liquid|s2|g1|structured,76.30137289189193,0.6332,True,True,True,True,False,False,False,p2g2_055_s3,seed3
2,3|oscillator|drift|frozen|s1|g2|mixed,7,p2g2_003,2,2,91425fc736d65a66,29.7692148050218,0.0,partial,0.4,True,False,True,p2g2_003,screen,964,91425fc736d65a66,3|oscillator|drift|frozen|s1|g2|mixed,37.21151850627725,0.0,True,True,True,True,True,True,False,p2g2_003,screen
2,2|switch|drift|liquid|s1|g2|mixed,7,p2g2_033,2,2,1633f44115f45bc1,41.02100589952784,0.2764,partial,0.4,True,False,True,p2g2_033_s2,seed2,965,1633f44115f45bc1,2|switch|drift|liquid|s1|g2|structured,44.366257374409805,0.2764,True,True,True,True,False,True,False,p2g2_033_s2,seed2
2,3|grow|rotor|frozen|s2|g2|structured,7,p2g2_012,2,2,dabdea6e2f08244c,46.452097729863596,0.1306,partial,0.4,True,False,True,p2g2_012,screen,964,dabdea6e2f08244c,3|grow|rotor|frozen|s2|g2|structured,54.800122162329494,0.1306,True,True,True,True,True,True,False,p2g2_012,screen
2,4|switch|mobile|flicker|s1|g1|structured,7,p2g2_026,2,2,7fd20ea086ecb059,62.37489986709661,0.5663,partial,0.4,True,False,True,p2g2_026_s2,seed2,965,7fd20ea086ecb059,4|switch|rotor|flicker|s1|g1|structured,63.811124833870764,0.5663,True,True,True,True,False,True,False,p2g2_026_s2,seed2
2,2|switch|rotor|liquid|s1|g2|structured,7,p2g3_020,3,2,57836ae2a6b2fd4f,60.739712806859686,0.3816,partial,0.4,True,False,True,p2g3_020_s2,seed2,965,57836ae2a6b2fd4f,2|switch|rotor|liquid|s2|g2|structured,66.3846410085746,0.3816,True,True,True,True,False,True,False,p2g3_020_s2,seed2
2,2|oscillator|drift|liquid|s1|g2|structured,7,p2g2_074,2,2,b8f8146a49cbd2af,21.169634595748008,0.0532,partial,0.4,True,False,True,p2g2_074_s2,seed2,965,b8f8146a49cbd2af,2|switch|drift|liquid|s1|g2|mixed,25.132043244685008,0.0532,True,True,True,True,False,True,False,p2g2_074_s2,seed2
2,3|constant|mobile|flicker|s1|g2|mixed,7,p2g4_041,4,2,61edc1e3803867c8,33.2301821579412,0.0,partial,0.4,False,False,True,p2g4_041,screen,964,61edc1e3803867c8,3|constant|mobile|flicker|s1|g2|mixed,41.537727697426504,0.0,True,True,True,True,True,True,False,p2g4_041,screen
2,1|constant|still|gas|s1|g0|mixed,7,p2g2_098,2,2,d99d4d913f8aaa38,6.569999999999999,0.0,partial,0.4,True,False,True,p2g2_098,screen,964,d99d4d913f8aaa38,1|constant|still|gas|s1|g0|mixed,8.212499999999999,0.0,True,True,True,True,True,True,False,p2g2_098,screen
2,2|grow|rotor|liquid|s2|g2|structured,7,p2g2_035,2,2,ebe3a0c4fbf55544,61.437427228051114,0.4198,partial,0.4,True,False,True,p2g2_035,screen,964,ebe3a0c4fbf55544,2|grow|rotor|liquid|s2|g2|structured,66.30178403506389,0.4198,True,True,True,True,True,True,False,p2g2_035,screen
2,2|constant|still|flicker|s1|g2|mixed,7,p2g7_068,7,2,2e50de072bfe838d,17.06872,0.0,partial,0.4,True,True,True,p2g7_068_s2,seed2,965,2e50de072bfe838d,2|constant|still|flicker|s1|g2|mixed,21.3359,0.0,True,True,True,True,True,True,False,p2g7_068_s2,seed2
2,1|oscillator|still|frozen|s1|g2|mixed,7,p2g3_015,3,2,f9dd6e59d30a116b,16.313820772390166,0.0391,partial,0.4,True,False,True,p2g3_015,screen,964,f9dd6e59d30a116b,1|oscillator|still|frozen|s1|g2|mixed,19.414775965487706,0.0391,True,True,True,True,True,True,False,p2g3_015,screen
2,3|switch|rotor|liquid|s2|g2|mixed,7,p2g3_003,3,2,1f0975d805bc89f2,48.11483805292103,0.1641,partial,0.4,True,False,True,p2g3_003,screen,964,1f0975d805bc89f2,3|switch|rotor|liquid|s2|g2|mixed,56.041047566151285,0.1641,True,True,True,True,True,True,False,p2g3_003,screen
2,3|constant|rotor|liquid|s1|g2|structured,7,p2g11_007,11,2,9fd368077449139b,49.39792804522126,0.5754,partial,,True,True,False,,,,,,,,,,,,,,,,
2,2|switch|mobile|liquid|s2|g2|structured,7,p2g3_035,3,2,4d49e269e1d6da01,51.79121684928725,0.2024,partial,0.4,True,False,True,p2g3_035_s3,seed3,966,4d49e269e1d6da01,2|switch|mobile|liquid|s2|g2|structured,59.67902106160906,0.2024,True,True,True,True,True,False,False,p2g3_035_s3,seed3
2,4|grow|mobile|flicker|s1|g2|mixed,7,p2g3_036,3,2,f9125bf6e89c7de9,48.74174605772058,0.1602,partial,0.4,True,False,True,p2g3_036,screen,964,f9125bf6e89c7de9,4|grow|mobile|flicker|s1|g2|mixed,56.92218257215073,0.1602,True,True,True,True,True,True,True,p2g3_036_s3,seed3
2,2|oscillator|still|liquid|s1|g2|mixed,7,p2g3_045,3,2,eafbbd5e35ae84c9,33.83282529185852,0.0,partial,0.4,True,False,True,p2g3_045_s3,seed3,966,eafbbd5e35ae84c9,3|constant|mobile|flicker|s1|g2|mixed,42.291031614823154,0.0,True,True,True,True,False,True,False,p2g3_045_s3,seed3
2,3|constant|drift|gas|s1|g2|mixed,7,p2g6_045,6,2,032892bff9dbdd31,33.841954239259856,0.0,partial,0.4,True,True,True,p2g6_045_s3,seed3,966,032892bff9dbdd31,3|constant|drift|liquid|s1|g2|mixed,42.302442799074825,0.0,True,True,True,True,False,True,False,p2g6_045_s3,seed3
2,3|grow|rotor|liquid|s3|g2|structured,7,p2g3_061,3,2,06f526c4c39a2928,69.17331483075252,0.5284,partial,0.4,True,False,True,p2g3_061_s3,seed3,966,06f526c4c39a2928,3|grow|rotor|liquid|s3|g2|structured,73.25664353844064,0.5284,True,True,True,True,True,True,True,p2g3_061_s2,seed2
2,4|grow|rotor|liquid|s2|g2|mixed,7,p2g3_062,3,2,a08e7f63b3d52f09,54.782876517122546,0.2027,partial,0.4,True,False,True,p2g3_062,screen,964,a08e7f63b3d52f09,4|grow|rotor|liquid|s2|g2|mixed,63.411095646403176,0.2027,True,True,True,True,True,True,False,p2g3_062,screen
2,4|grow|still|liquid|s1|g2|structured,7,p2g3_067,3,2,1f610a2182f0479d,47.651954795844766,0.2541,partial,0.4,True,False,True,p2g3_067_s3,seed3,966,1f610a2182f0479d,4|grow|still|liquid|s1|g2|mixed,53.21244349480596,0.2541,True,True,True,True,False,True,False,p2g3_067_s3,seed3
2,1|switch|mobile|liquid|s1|g2|structured,7,p2g3_072,3,2,59991b48b80a857d,40.69529370550515,0.3669,partial,0.4,True,False,True,p2g3_072,screen,964,59991b48b80a857d,1|switch|mobile|liquid|s1|g2|structured,41.69661713188144,0.3669,True,True,True,True,True,True,False,p2g3_072,screen
2,4|switch|rotor|liquid|s1|g2|structured,7,p2g3_073,3,2,97de45f90d6ebef4,67.06343156966689,0.4562,partial,0.4,False,False,True,p2g3_073_s2,seed2,965,97de45f90d6ebef4,4|grow|rotor|liquid|s1|g2|structured,72.4242894620836,0.4562,True,True,True,True,False,False,False,p2g3_073_s2,seed2
2,3|constant|mobile|liquid|s1|g0|structured,7,p2g3_024,3,2,7d8a041ea5576e80,51.994148226681695,0.6426,partial,0.4,True,False,True,p2g3_024_s3,seed3,966,7d8a041ea5576e80,4|oscillator|mobile|liquid|s1|g2|structured,48.92768528335212,0.6426,True,True,True,True,False,True,False,p2g3_024_s3,seed3
2,4|grow|rotor|liquid|s1|g1|structured,7,p2g3_031,3,2,f696871bd3d8ad9a,68.13672157200932,0.5712,partial,0.4,True,False,True,p2g3_031_s3,seed3,966,f696871bd3d8ad9a,4|grow|mobile|liquid|s1|g1|structured,70.89090196501164,0.5712,True,True,True,True,False,False,True,p2g3_031,screen
2,3|grow|mobile|liquid|s2|g1|structured,7,p2g9_026,9,2,160e2e5763f7a50b,64.53652593337289,0.6021,partial,,True,False,False,,,,,,,,,,,,,,,,
2,2|switch|drift|liquid|s1|g2|structured,7,p2g5_033,5,2,c0e5ee29289750b3,43.178464812937264,0.3625,partial,0.4,True,False,True,p2g5_033,screen,964,c0e5ee29289750b3,2|switch|drift|liquid|s1|g2|structured,44.91058101617158,0.3625,True,True,True,True,True,True,False,p2g5_033,screen
2,2|switch|mobile|liquid|s1|g2|mixed,7,p2g4_071,4,2,d879f19aa5fb70c0,44.569186429654266,0.2279,partial,0.4,True,False,True,p2g4_071_s2,seed2,965,d879f19aa5fb70c0,2|switch|mobile|liquid|s2|g2|mixed,50.01398303706783,0.2279,True,True,True,True,False,False,True,p2g4_071,screen
2,4|switch|mobile|liquid|s1|g0|mixed,7,p2g3_009,3,2,005fd718d9102596,48.25451169050268,0.4104,partial,0.4,True,False,True,p2g3_009,screen,964,005fd718d9102596,4|switch|mobile|liquid|s1|g0|mixed,50.058139613128354,0.4104,True,True,True,True,True,True,False,p2g3_009,screen
2,3|grow|mobile|liquid|s2|g0|structured,7,p2g3_021,3,2,028c392fd54da7d6,58.62170846227802,0.5099,partial,0.4,True,False,True,p2g3_021,screen,964,028c392fd54da7d6,3|grow|mobile|liquid|s2|g0|structured,60.52963557784753,0.5099,True,True,True,True,True,True,False,p2g3_021,screen
2,4|switch|mobile|liquid|s1|g0|structured,7,p2g10_003,10,2,9c050b541407f5d4,62.89820585495437,0.645,partial,,True,False,False,,,,,,,,,,,,,,,,
2,4|constant|rotor|liquid|s1|g2|mixed,7,p2g6_051,6,2,f6f348579074846d,40.13206817169239,0.0,partial,0.4,True,True,True,p2g6_051_s3,seed3,966,f6f348579074846d,4|constant|rotor|liquid|s1|g2|mixed,50.16508521461549,0.0,True,True,True,True,True,False,False,p2g6_051_s3,seed3
2,3|switch|rotor|flicker|s1|g2|structured,7,p2g6_024,6,2,3801d9a50ce247ff,65.21284645333732,0.4732,partial,0.4,True,True,True,p2g6_024_s2,seed2,965,3801d9a50ce247ff,3|switch|rotor|flicker|s1|g2|structured,69.68605806667165,0.4732,True,True,True,True,True,True,False,p2g6_024_s2,seed2
2,3|switch|mobile|flicker|s1|g2|structured,7,p2g6_064,6,2,c23cb1da3252491f,62.561848520763995,0.5554,partial,0.4,True,True,True,p2g6_064_s3,seed3,966,c23cb1da3252491f,3|switch|mobile|flicker|s1|g2|structured,64.317310650955,0.5554,True,True,True,True,True,True,False,p2g6_064_s3,seed3
2,4|constant|mobile|liquid|s1|g0|mixed,7,p2g3_049,3,2,6588fedcc859d014,39.77695865279323,0.0,partial,0.4,True,False,True,p2g3_049_s3,seed3,966,6588fedcc859d014,4|grow|mobile|liquid|s1|g0|mixed,49.72119831599154,0.0,True,True,True,True,False,False,False,p2g3_049_s3,seed3
2,3|switch|still|liquid|s1|g2|mixed,7,p2g12_012,12,2,5edae0b754362baa,28.093322021540068,0.0,partial,,True,True,False,,,,,,,,,,,,,,,,
2,4|grow|mobile|liquid|s1|g0|mixed,7,p2g3_064,3,2,610dc295862d1ff0,38.147032599194716,0.0,partial,0.4,True,False,True,p2g3_064_s2,seed2,965,610dc295862d1ff0,4|grow|rotor|liquid|s1|g0|mixed,47.6837907489934,0.0,True,True,True,True,False,True,False,p2g3_064_s2,seed2
2,3|constant|still|flicker|s1|g0|mixed,7,p2g9_020,9,2,32ca5ddb4d6db260,13.132099840316407,0.0,partial,,True,False,False,,,,,,,,,,,,,,,,
2,1|grow|drift|liquid|s1|g0|mixed,7,p2g3_004,3,2,fcf8ba4554dfadfd,21.9055704607322,0.1447,partial,0.4,True,False,True,p2g3_004,screen,964,fcf8ba4554dfadfd,1|grow|drift|liquid|s1|g0|mixed,23.764463075915252,0.1447,True,True,True,True,True,True,False,p2g3_004,screen
2,3|grow|mobile|flicker|s1|g2|structured,7,p2g4_061,4,2,50aeefe81593f8dd,57.6239610187297,0.4144,partial,0.4,True,False,True,p2g4_061_s2,seed2,965,50aeefe81593f8dd,3|grow|mobile|flicker|s2|g2|structured,61.66995127341213,0.4144,True,True,True,True,False,True,False,p2g4_061_s2,seed2
2,4|oscillator|mobile|liquid|s1|g2|structured,7,p2g7_030,7,2,aeee09d4cce63b36,69.4864631779775,0.5647,partial,0.4,True,True,True,p2g7_030_s3,seed3,966,aeee09d4cce63b36,4|grow|rotor|liquid|s1|g2|structured,72.74057897247187,0.5647,True,True,True,True,False,False,False,p2g7_030_s3,seed3
2,2|constant|still|frozen|s1|g0|mixed,7,p2g11_015,11,2,bd07a6d6628c3b60,4.9031636762924125,0.0,partial,,True,True,False,,,,,,,,,,,,,,,,
2,4|switch|rotor|liquid|s1|g1|structured,7,p2g7_053,7,2,8e82b34b98815d51,64.57646477479943,0.565,partial,0.4,True,True,True,p2g7_053_s2,seed2,965,8e82b34b98815d51,4|switch|mobile|flicker|s1|g1|structured,66.59558096849929,0.565,True,True,True,True,False,True,False,p2g7_053_s2,seed2
2,4|grow|mobile|liquid|s2|g2|mixed,7,p2g6_062,6,2,3d18e707f81a98a5,58.03686139148389,0.2289,partial,0.4,True,True,True,p2g6_062_s3,seed3,966,3d18e707f81a98a5,4|grow|rotor|liquid|s3|g2|structured,66.82357673935486,0.2289,True,True,True,True,False,False,False,p2g6_062_s3,seed3
2,3|constant|rotor|frozen|s1|g2|mixed,7,p2g4_057,4,2,e684bca3587c5991,21.717100501362832,0.0,partial,0.4,True,False,True,p2g4_057_s3,seed3,966,e684bca3587c5991,3|constant|rotor|frozen|s1|g2|mixed,27.14637562670354,0.0,True,True,True,True,True,True,False,p2g4_057_s3,seed3
2,1|constant|mobile|liquid|s1|g2|structured,7,p2g4_058,4,2,40c30b1ad54ccae4,52.98851376180852,0.4166,partial,0.4,True,False,True,p2g4_058_s2,seed2,965,40c30b1ad54ccae4,2|switch|mobile|liquid|s1|g2|structured,55.82064220226065,0.4166,True,True,True,True,False,False,False,p2g4_058_s2,seed2
2,4|switch|mobile|flicker|s1|g2|mixed,7,p2g4_009,4,2,db9299c24b869e88,42.35595734048021,0.0,partial,0.4,True,False,True,p2g4_009_s2,seed2,965,db9299c24b869e88,4|switch|rotor|flicker|s1|g2|mixed,52.944946675600264,0.0,True,True,True,True,False,True,False,p2g4_009_s2,seed2
2,3|grow|mobile|liquid|s1|g1|structured,7,p2g5_015,5,2,bb085e5eaf1f3704,64.75687893108795,0.5529,partial,0.4,True,False,True,p2g5_015_s3,seed3,966,bb085e5eaf1f3704,3|grow|mobile|liquid|s1|g1|structured,67.12359866385995,0.5529,True,True,True,True,True,True,False,p2g5_015_s3,seed3
2,2|constant|mobile|liquid|s1|g2|structured,7,p2g4_064,4,2,66e74aa3c254fd76,46.788348967166556,0.5508,partial,0.4,True,False,True,p2g4_064_s2,seed2,965,66e74aa3c254fd76,2|constant|mobile|liquid|s1|g2|structured,44.715436208958195,0.5508,True,True,True,True,True,True,False,p2g4_064_s2,seed2
2,2|oscillator|drift|frozen|s1|g2|mixed,7,p2g4_036,4,2,3cf14e318059768b,23.407078755300468,0.0677,partial,0.4,True,False,True,p2g4_036,screen,964,3cf14e318059768b,2|oscillator|drift|frozen|s1|g2|mixed,27.566348444125587,0.0677,True,True,True,True,True,True,False,p2g4_036,screen
2,4|oscillator|drift|liquid|s1|g2|mixed,7,p2g4_050,4,2,c3395cc4794da758,36.31765585586516,0.0,partial,0.4,True,False,True,p2g4_050,screen,964,c3395cc4794da758,4|oscillator|drift|liquid|s1|g2|mixed,45.39706981983145,0.0,True,True,True,True,True,True,False,p2g4_050,screen
2,3|switch|mobile|liquid|s1|g0|mixed,7,p2g4_013,4,2,9263a14c312d9257,31.990481719148956,0.0,partial,0.4,True,False,True,p2g4_013_s2,seed2,965,9263a14c312d9257,3|switch|mobile|liquid|s1|g0|mixed,39.9881021489362,0.0,True,True,True,True,True,True,False,p2g4_013_s2,seed2
2,4|grow|drift|frozen|s1|g2|mixed,7,p2g4_049,4,2,b10ebb5bb2a75e70,41.78986928789395,0.0834,partial,0.4,True,False,True,p2g4_049_s3,seed3,966,b10ebb5bb2a75e70,4|grow|drift|frozen|s1|g2|mixed,50.15233660986744,0.0834,True,True,True,True,True,True,False,p2g4_049_s3,seed3
2,3|switch|drift|liquid|s1|g2|structured,7,p2g7_039,7,2,9e7b3a1d8d445359,71.76909891768386,0.5627,partial,0.4,False,False,True,p2g7_039_s3,seed3,966,fa86cb8089d048d0,4|grow|mobile|liquid|s2|g2|structured,75.64387364710484,0.5627,True,True,False,False,False,False,False,p2g7_039_s3,seed3
2,3|constant|still|flicker|s1|g2|mixed,7,p2g5_019,5,2,6eca0e266b772123,20.903809776727485,0.0,partial,0.4,True,False,True,p2g5_019_s3,seed3,966,6eca0e266b772123,3|constant|still|flicker|s1|g2|mixed,26.129762220909356,0.0,True,True,True,True,True,True,False,p2g5_019_s3,seed3
2,2|oscillator|mobile|gas|s1|g2|mixed,7,p2g9_023,9,2,878e69cbaefec6f7,33.38003842282117,0.0,partial,,True,False,False,,,,,,,,,,,,,,,,
2,1|constant|still|frozen|s1|g2|mixed,7,p2g5_011,5,2,59e24fc50ad070af,9.0064211121633,0.0,partial,0.4,True,False,True,p2g5_011,screen,964,59e24fc50ad070af,1|constant|still|frozen|s1|g2|mixed,11.258026390204126,0.0,True,True,True,True,True,True,False,p2g5_011,screen
2,4|switch|still|liquid|s1|g2|mixed,7,p2g7_016,7,2,11d00b36063f15c3,38.65046113619209,0.0,partial,0.4,True,True,True,p2g7_016_s2,seed2,965,11d00b36063f15c3,4|switch|still|liquid|s1|g2|mixed,48.31307642024012,0.0,True,True,True,True,True,True,False,p2g7_016_s2,seed2
2,2|constant|still|liquid|s1|g2|mixed,7,p2g5_053,5,2,fa86cb8089d048d0,71.93938933003918,0.561,partial,0.4,True,False,True,p2g5_053_s3,seed3,966,fa86cb8089d048d0,4|grow|mobile|liquid|s2|g2|structured,75.89923666254897,0.561,True,True,True,True,False,False,False,p2g5_053_s3,seed3
2,4|oscillator|still|frozen|s1|g2|mixed,7,p2g5_063,5,2,a8164ab6431e4ee0,23.17086579398229,0.0398,partial,0.4,True,False,True,p2g5_063_s3,seed3,966,a8164ab6431e4ee0,4|switch|still|frozen|s1|g2|mixed,27.96858224247787,0.0398,True,True,True,True,False,False,False,p2g5_063_s3,seed3
2,4|grow|mobile|flicker|s1|g2|structured,7,p2g5_058,5,2,1504332c907a0128,59.051665229610116,0.4414,partial,0.4,True,False,True,p2g5_058,screen,964,1504332c907a0128,4|grow|mobile|flicker|s1|g2|structured,62.779581537012646,0.4414,True,True,True,True,True,True,False,p2g5_058,screen
2,3|switch|drift|liquid|s1|g2|mixed,7,p2g5_059,5,2,a40cd129e294485d,47.7375747005898,0.1997,partial,0.4,True,False,True,p2g5_059_s2,seed2,965,a40cd129e294485d,4|switch|rotor|liquid|s1|g2|mixed,54.67946837573725,0.1997,True,True,True,True,False,True,False,p2g5_059_s2,seed2
2,4|grow|drift|liquid|s1|g2|structured,7,p2g5_065,5,2,45426cb8a613dc63,62.58474758632172,0.4381,partial,0.4,True,False,True,p2g5_065_s2,seed2,965,45426cb8a613dc63,4|grow|rotor|liquid|s1|g2|structured,67.27843448290216,0.4381,True,True,True,True,False,False,False,p2g5_065_s2,seed2
2,1|constant|still|frozen|s1|g0|mixed,7,p2g5_069,5,2,1473cab46e09e591,4.529999999999999,0.0,partial,0.4,True,False,True,p2g5_069,screen,964,1473cab46e09e591,1|constant|still|frozen|s1|g0|mixed,5.6625,0.0,True,True,True,True,True,True,False,p2g5_069,screen
2,3|switch|mobile|flicker|s2|g0|structured,7,p2g5_037,5,2,c431dcb565349a5b,57.65943320064123,0.3972,partial,0.4,True,False,True,p2g5_037_s2,seed2,965,c431dcb565349a5b,4|switch|mobile|liquid|s2|g0|structured,62.14429150080155,0.3972,True,True,True,True,False,True,False,p2g5_037_s2,seed2
2,2|switch|rotor|flicker|s1|g2|mixed,7,p2g5_002,5,2,a60b58b1886c535e,35.41729218289726,0.0,partial,0.4,True,False,True,p2g5_002_s3,seed3,966,a60b58b1886c535e,2|switch|rotor|flicker|s1|g2|mixed,44.27161522862158,0.0,True,True,True,True,True,False,False,p2g5_002_s3,seed3
2,3|constant|mobile|liquid|s1|g1|mixed,7,p2g5_057,5,2,becf807451e6d745,30.420980824202744,0.0,partial,0.4,True,False,True,p2g5_057_s2,seed2,965,becf807451e6d745,3|constant|mobile|liquid|s1|g1|mixed,38.026226030253426,0.0,True,True,True,True,True,True,False,p2g5_057_s2,seed2
2,3|grow|mobile|flicker|s2|g2|structured,7,p2g5_061,5,2,44e801669c786c1b,59.920352883069036,0.4218,partial,0.4,True,False,True,p2g5_061_s3,seed3,966,44e801669c786c1b,3|grow|rotor|flicker|s2|g2|structured,64.3554411038363,0.4218,True,True,True,True,False,True,False,p2g5_061_s3,seed3
2,2|grow|mobile|flicker|s1|g2|structured,7,p2g5_049,5,2,0849acc60943ebb4,40.474549417246536,0.0,partial,0.4,False,False,True,p2g5_049,screen,964,0849acc60943ebb4,2|grow|mobile|flicker|s1|g2|structured,50.593186771558166,0.0,True,True,True,True,True,True,False,p2g5_049,screen
2,3|switch|mobile|liquid|s2|g2|mixed,7,p2g5_012,5,2,1686ffafd532b221,46.74857094946471,0.0,partial,0.4,True,False,True,p2g5_012_s2,seed2,965,1686ffafd532b221,3|switch|mobile|liquid|s3|g2|mixed,58.43571368683089,0.0,True,True,True,True,False,False,False,p2g5_012_s2,seed2
2,3|grow|mobile|liquid|s3|g2|mixed,7,p2g5_014,5,2,4bc572c30f13f6fe,48.28395811368315,0.0,partial,0.4,True,False,True,p2g5_014,screen,964,4bc572c30f13f6fe,3|grow|mobile|liquid|s3|g2|mixed,60.35494764210394,0.0,True,True,True,True,True,True,False,p2g5_014,screen
2,4|switch|mobile|flicker|s1|g2|structured,7,p2g6_061,6,2,9e7b58ed78ae101b,63.68945618369136,0.5204,partial,0.4,True,True,True,p2g6_061_s3,seed3,966,9e7b58ed78ae101b,4|switch|mobile|liquid|s1|g2|structured,66.60182022961422,0.5204,True,True,True,True,False,False,True,p2g6_061,screen
2,1|switch|mobile|liquid|s1|g0|mixed,7,p2g6_007,6,2,17762d87e53407fe,15.531005293919526,0.0,partial,0.4,True,True,True,p2g6_007_s2,seed2,965,17762d87e53407fe,1|switch|mobile|liquid|s1|g0|mixed,19.413756617399407,0.0,True,True,True,True,True,True,False,p2g6_007_s2,seed2
2,2|grow|drift|liquid|s1|g2|mixed,7,p2g6_009,6,2,588817f3d854ea4a,35.431268597141084,0.1696,partial,0.4,True,True,True,p2g6_009_s2,seed2,965,588817f3d854ea4a,2|grow|drift|liquid|s1|g2|mixed,40.04908574642636,0.1696,True,True,True,True,True,True,False,p2g6_009_s2,seed2
2,3|grow|mobile|liquid|s3|g2|structured,7,p2g8_032,8,2,c023c34c999ddfa1,69.18741924469406,0.4986,partial,,True,False,False,,,,,,,,,,,,,,,,
2,1|switch|mobile|liquid|s1|g0|structured,7,p2g6_036,6,2,577558c9475fa93f,36.94577658768509,0.372,partial,0.4,True,True,True,p2g6_036,screen,964,577558c9475fa93f,1|switch|mobile|liquid|s1|g0|structured,36.88222073460636,0.372,True,True,True,True,True,True,True,p2g6_036_s2,seed2
2,2|switch|mobile|flicker|s1|g0|structured,7,p2g6_037,6,2,5108c437d9814aae,51.24246693312091,0.5885,partial,0.4,True,True,True,p2g6_037,screen,964,5108c437d9814aae,2|switch|mobile|flicker|s1|g0|structured,49.34058366640114,0.5885,True,True,True,True,True,True,False,p2g6_037,screen
2,4|constant|rotor|flicker|s1|g2|mixed,7,p2g6_075,6,2,9eb92b61e6e49a31,32.77070463954611,0.0,partial,0.4,True,True,True,p2g6_075_s3,seed3,966,9eb92b61e6e49a31,4|constant|mobile|flicker|s1|g2|mixed,40.96338079943264,0.0,True,True,True,True,False,True,False,p2g6_075_s3,seed3
2,1|grow|still|gas|s1|g2|mixed,7,p2g6_019,6,2,676a38b9c4dab715,17.20086322302941,0.0,partial,0.4,True,True,True,p2g6_019,screen,964,676a38b9c4dab715,1|grow|still|gas|s1|g2|mixed,21.50107902878676,0.0,True,True,True,True,True,True,False,p2g6_019,screen
2,4|switch|mobile|flicker|s1|g0|structured,7,p2g6_025,6,2,c24a8bb153964074,62.648573852786825,0.6433,partial,0.4,True,True,True,p2g6_025_s2,seed2,965,c24a8bb153964074,4|switch|mobile|liquid|s1|g0|structured,62.22821731598353,0.6433,True,True,True,True,False,True,False,p2g6_025_s2,seed2
2,4|constant|still|flicker|s1|g2|mixed,7,p2g6_068,6,2,df3f4616233b9032,28.508589306985535,0.0,partial,0.4,True,True,True,p2g6_068_s2,seed2,965,df3f4616233b9032,4|constant|mobile|flicker|s1|g2|mixed,35.635736633731916,0.0,True,True,True,True,False,True,False,p2g6_068_s2,seed2
2,3|grow|mobile|liquid|s2|g2|mixed,7,p2g10_034,10,2,db0a86104423362f,46.37153644650243,0.0,partial,,True,False,False,,,,,,,,,,,,,,,,
2,2|oscillator|rotor|frozen|s1|g2|mixed,7,p2g6_066,6,2,7e92bc4c7ade11fd,27.390527285449966,0.0705,partial,0.4,True,True,True,p2g6_066_s2,seed2,965,7e92bc4c7ade11fd,2|oscillator|rotor|liquid|s1|g2|structured,32.47565910681246,0.0705,True,True,True,True,False,True,False,p2g6_066_s2,seed2
2,2|grow|mobile|liquid|s2|g2|mixed,7,p2g7_017,7,2,7356b79a3853a82a,40.68201401427468,0.0,partial,0.4,True,True,True,p2g7_017,screen,964,7356b79a3853a82a,2|grow|mobile|liquid|s2|g2|mixed,50.85251751784335,0.0,True,True,True,True,True,True,False,p2g7_017,screen
2,3|grow|rotor|liquid|s1|g1|mixed,7,p2g7_054,7,2,d2673ccaa565671c,42.84538151817969,0.0,partial,0.4,True,True,True,p2g7_054_s2,seed2,965,d2673ccaa565671c,3|grow|mobile|liquid|s1|g1|mixed,53.556726897724616,0.0,True,True,True,True,False,True,False,p2g7_054_s2,seed2
2,2|constant|mobile|flicker|s1|g2|mixed,7,p2g7_011,7,2,7a4306bff7a31664,29.325992431733784,0.0,partial,0.4,True,True,True,p2g7_011_s3,seed3,966,7a4306bff7a31664,2|constant|rotor|liquid|s1|g2|mixed,36.65749053966723,0.0,True,True,True,True,False,True,False,p2g7_011_s3,seed3
2,3|oscillator|still|liquid|s1|g2|mixed,7,p2g7_015,7,2,c322e7e02002fd2e,28.624767760749595,0.0,partial,0.4,True,True,True,p2g7_015_s3,seed3,966,c322e7e02002fd2e,3|oscillator|still|liquid|s1|g2|mixed,35.780959700937,0.0,True,True,True,True,True,True,False,p2g7_015_s3,seed3
2,3|constant|mobile|gas|s1|g2|mixed,7,p2g7_044,7,2,c8f25b6a1d9a87ee,33.914510436663114,0.0,partial,0.4,True,True,True,p2g7_044_s3,seed3,966,c8f25b6a1d9a87ee,3|constant|mobile|flicker|s1|g2|mixed,42.3931380458289,0.0,True,True,True,True,False,True,False,p2g7_044_s3,seed3
2,4|switch|rotor|liquid|s3|g2|structured,7,p2g7_056,7,2,3b51b7b6ebdf7640,73.45790540570127,0.5811,partial,0.4,True,True,True,p2g7_056,screen,964,3b51b7b6ebdf7640,4|switch|rotor|liquid|s3|g2|structured,77.2948817571266,0.5811,True,True,True,True,True,True,False,p2g7_056,screen
2,2|constant|drift|liquid|s1|g2|structured,7,p2g7_002,7,2,73d323826e73d5c5,48.38877709707016,0.4393,partial,0.4,True,True,True,p2g7_002_s2,seed2,965,73d323826e73d5c5,2|constant|mobile|liquid|s1|g2|structured,49.5034713713377,0.4393,True,True,True,True,False,True,True,p2g7_002,screen
2,3|switch|mobile|liquid|s2|g0|structured,7,p2g7_005,7,2,b4b53a7a101e52ce,59.252394247324105,0.5252,partial,0.4,True,True,True,p2g7_005,screen,964,b4b53a7a101e52ce,3|switch|mobile|liquid|s2|g0|structured,60.935492809155136,0.5252,True,True,True,True,True,True,False,p2g7_005,screen
2,3|constant|drift|flicker|s1|g0|mixed,7,p2g7_020,7,2,7049efc9625ff803,20.983337385866758,0.0,partial,0.4,True,True,True,p2g7_020_s2,seed2,965,7049efc9625ff803,3|constant|mobile|flicker|s1|g0|mixed,26.229171732333448,0.0,True,True,True,True,False,True,False,p2g7_020_s2,seed2
2,4|grow|mobile|liquid|s1|g0|structured,7,p2g7_060,7,2,f33ee30b73192b64,57.66292045879612,0.5031,partial,0.4,True,True,True,p2g7_060_s2,seed2,965,f33ee30b73192b64,4|grow|rotor|liquid|s2|g0|structured,59.50115057349515,0.5031,True,True,True,True,False,True,False,p2g7_060_s2,seed2
2,1|switch|mobile|flicker|s1|g0|mixed,7,p2g7_079,7,2,bc0157b44c59bd5f,24.170843979187108,0.0,partial,0.4,True,False,True,p2g7_079_s2,seed2,965,bc0157b44c59bd5f,1|switch|mobile|flicker|s1|g0|mixed,30.21355497398389,0.0,True,True,True,True,True,True,False,p2g7_079_s2,seed2
2,1|constant|mobile|gas|s1|g0|mixed,7,p2g8_001,8,2,0d57df5074453f20,10.074838292203848,0.0,partial,,True,False,False,,,,,,,,,,,,,,,,
2,2|switch|drift|frozen|s1|g2|structured,7,p2g8_003,8,2,1510672b8487df97,25.13976537769306,0.0575,partial,,True,False,False,,,,,,,,,,,,,,,,
2,4|constant|rotor|liquid|s1|g2|structured,7,p2g12_038,12,2,b09bd6fd68ac4cfb,60.24135412070134,0.6894,partial,,True,True,False,,,,,,,,,,,,,,,,
2,3|grow|mobile|flicker|s1|g1|structured,7,p2g8_007,8,2,3b1e8f6decfce774,60.88563464409535,0.5793,partial,,True,False,False,,,,,,,,,,,,,,,,
2,3|grow|drift|liquid|s1|g2|mixed,7,p2g8_008,8,2,b7dff2d45996e177,29.05050436484833,0.1094,partial,,True,False,False,,,,,,,,,,,,,,,,
2,2|constant|still|frozen|s1|g2|structured,7,p2g8_011,8,2,923af780878a477c,19.97490995454948,0.0,partial,,True,False,False,,,,,,,,,,,,,,,,
2,2|grow|still|frozen|s1|g2|mixed,7,p2g8_021,8,2,4d7eab86836e8142,34.016956860734126,0.0636,partial,,True,False,False,,,,,,,,,,,,,,,,
2,3|constant|still|liquid|s1|g2|mixed,7,p2g11_059,11,2,c7429f3d7d3d5385,23.430893569089,0.0,partial,,True,True,False,,,,,,,,,,,,,,,,
2,3|switch|rotor|flicker|s1|g0|structured,7,p2g8_020,8,2,6948a9388ea3347f,53.466684527421535,0.4717,partial,,True,False,False,,,,,,,,,,,,,,,,
2,2|relaxation|mobile|liquid|s1|g2|mixed,7,p2g8_047,8,2,f891cbf384200ef8,18.27902383753256,0.0,partial,,True,False,False,,,,,,,,,,,,,,,,
2,2|switch|still|liquid|s1|g2|mixed,7,p2g8_012,8,2,86a009d7e732cf73,27.668231395662907,0.0605,partial,,True,False,False,,,,,,,,,,,,,,,,
2,2|constant|rotor|liquid|s1|g2|mixed,7,p2g8_027,8,2,162011fa76fe738e,27.915386132838755,0.0685,partial,,True,False,False,,,,,,,,,,,,,,,,
2,2|switch|still|frozen|s1|g2|mixed,7,p2g12_021,12,2,839b4b5f9adaeee6,22.52270908030733,0.0,partial,,True,True,False,,,,,,,,,,,,,,,,
2,4|grow|mobile|liquid|s2|g1|mixed,7,p2g9_042,9,2,43adda69a795b343,43.624054835111394,0.1762,partial,,True,False,False,,,,,,,,,,,,,,,,
2,4|grow|mobile|liquid|s1|g1|mixed,7,p2g9_032,9,2,77c9c715863a438f,43.14801092941921,0.0,partial,,True,False,False,,,,,,,,,,,,,,,,
2,4|switch|rotor|liquid|s2|g2|mixed,7,p2g9_024,9,2,9f33d6d08d7a3505,46.24003467083804,0.1922,partial,,True,False,False,,,,,,,,,,,,,,,,
2,1|switch|mobile|frozen|s1|g2|structured,7,p2g9_056,9,2,9de95502b119981d,22.053845060969003,0.0267,partial,,True,False,False,,,,,,,,,,,,,,,,
2,4|grow|drift|liquid|s2|g2|structured,7,p2g9_063,9,2,7b6933fb03adb935,47.806620069581356,0.1554,partial,,True,False,False,,,,,,,,,,,,,,,,
2,4|oscillator|mobile|liquid|s1|g0|mixed,7,p2g9_002,9,2,a950afa173bd1ace,28.24967198229738,0.0,partial,,True,False,False,,,,,,,,,,,,,,,,
2,2|switch|mobile|flicker|s1|g1|mixed,7,p2g9_017,9,2,b69eab946c9931b2,33.03579510881778,0.1971,partial,,True,False,False,,,,,,,,,,,,,,,,
2,2|grow|mobile|liquid|s1|g0|mixed,7,p2g9_021,9,2,59b7b97750d39049,25.17430805104096,0.0,partial,,True,False,False,,,,,,,,,,,,,,,,
2,4|switch|rotor|flicker|s1|g2|mixed,7,p2g11_045,11,2,770c1206e5cd3aca,44.06177128285598,0.0,partial,,True,True,False,,,,,,,,,,,,,,,,
2,1|constant|still|gas|s1|g2|mixed,7,p2g9_050,9,2,06908fc480686aa7,12.048723337087187,0.0,partial,,True,False,False,,,,,,,,,,,,,,,,
2,4|constant|mobile|liquid|s1|g2|structured,7,p2g9_019,9,2,74218c371b86c1b5,22.829632218952536,0.1804,partial,,True,False,False,,,,,,,,,,,,,,,,
2,2|oscillator|rotor|frozen|s1|g1|structured,7,p2g9_040,9,2,cd582dadadac6cec,26.747303087428534,0.0496,partial,,True,False,False,,,,,,,,,,,,,,,,
2,2|grow|drift|liquid|s1|g2|structured,7,p2g9_064,9,2,2133d260ec0d88e9,25.90390038370197,0.0816,partial,,True,False,False,,,,,,,,,,,,,,,,
2,3|switch|rotor|flicker|s1|g2|mixed,7,p2g10_049,10,2,e98d623ab6f1d6d2,52.04461978401278,0.3903,partial,,True,False,False,,,,,,,,,,,,,,,,
2,3|oscillator|drift|liquid|s1|g1|mixed,7,p2g10_004,10,2,2d6519bf96f89a84,19.3909714736784,0.0,partial,,True,False,False,,,,,,,,,,,,,,,,
2,2|constant|drift|flicker|s1|g2|mixed,7,p2g10_056,10,2,2e50de072bfe838d,20.4994502321709,0.0,partial,,True,False,False,,,,,,,,,,,,,,,,
2,3|switch|mobile|liquid|s1|g1|mixed,7,p2g11_012,11,2,7599ccf6ba6d73f1,32.104766763226145,0.0,partial,,True,True,False,,,,,,,,,,,,,,,,
2,2|switch|mobile|liquid|s1|g0|mixed,7,p2g10_005,10,2,56318cd7d4b5efe7,27.680868310847604,0.0,partial,,True,False,False,,,,,,,,,,,,,,,,
2,3|grow|rotor|liquid|s1|g1|structured,7,p2g10_006,10,2,e78b16d04577fcd2,51.76057714313597,0.3539,partial,,True,False,False,,,,,,,,,,,,,,,,
2,2|switch|mobile|flicker|s1|g2|structured,7,p2g10_008,10,2,d8f45455d95bddd9,52.05087999007202,0.6,partial,,True,False,False,,,,,,,,,,,,,,,,
2,4|oscillator|rotor|liquid|s1|g1|structured,7,p2g10_023,10,2,770c8caac544c0bc,54.36098136786449,0.6486,partial,,True,False,False,,,,,,,,,,,,,,,,
2,3|constant|drift|liquid|s1|g1|structured,7,p2g10_054,10,2,3e9e387b61a8cb22,31.777210901706383,0.3246,partial,,True,False,False,,,,,,,,,,,,,,,,
2,4|grow|mobile|liquid|s3|g1|structured,7,p2g10_053,10,2,3e9e387b61a8cb22,71.53658963759263,0.6165,partial,,True,False,False,,,,,,,,,,,,,,,,
2,3|switch|drift|frozen|s1|g2|mixed,7,p2g10_000,10,2,459bf552e8b24302,31.821025787443453,0.0,partial,,True,False,False,,,,,,,,,,,,,,,,
2,2|oscillator|drift|flicker|s1|g2|mixed,7,p2g11_050,11,2,018dd1bce7eddf57,25.09530049122807,0.0,partial,,True,True,False,,,,,,,,,,,,,,,,
2,4|grow|mobile|liquid|s3|g2|structured,7,p2g11_036,11,2,a630f103b53e51d1,76.3971654745781,0.6979,partial,,True,True,False,,,,,,,,,,,,,,,,
2,3|constant|drift|frozen|s1|g2|mixed,7,p2g11_062,11,2,92c28256c8811635,21.9227100847293,0.0509,partial,,True,True,False,,,,,,,,,,,,,,,,
2,2|switch|mobile|liquid|s2|g0|structured,7,p2g11_020,11,2,bb05067f258f078d,49.2700002678077,0.3946,partial,,True,True,False,,,,,,,,,,,,,,,,
2,4|grow|drift|liquid|s1|g2|mixed,7,p2g11_060,11,2,9fd64438c8d66779,48.12171881593811,0.1049,partial,,True,True,False,,,,,,,,,,,,,,,,
2,1|switch|drift|gas|s1|g0|mixed,7,p2g11_055,11,2,17762d87e53407fe,9.00130046329744,0.0,partial,,True,True,False,,,,,,,,,,,,,,,,
2,3|switch|drift|flicker|s1|g2|mixed,7,p2g11_026,11,2,b4249856fffeab9e,33.66420670711811,0.0,partial,,True,True,False,,,,,,,,,,,,,,,,
2,3|switch|drift|flicker|s1|g2|structured,7,p2g11_049,11,2,f516ab3f19d7a739,54.86168374094878,0.3861,partial,,True,True,False,,,,,,,,,,,,,,,,
2,2|constant|drift|liquid|s1|g0|mixed,7,p2g11_063,11,2,fd3bd16d854a9431,24.027414356495438,0.0,partial,,True,True,False,,,,,,,,,,,,,,,,
2,2|grow|drift|liquid|s1|g0|structured,7,p2g12_055,12,2,5b7f61e5380de3ef,20.98434940854588,0.0685,partial,,True,True,False,,,,,,,,,,,,,,,,
2,3|constant|rotor|flicker|s1|g2|mixed,7,p2g12_026,12,2,8b5ceb4e74cf9a11,26.95518886259966,0.0,partial,,True,True,False,,,,,,,,,,,,,,,,
2,4|oscillator|rotor|liquid|s1|g2|structured,7,p2g12_053,12,2,ad7f59a391c27019,56.072463230018,0.4003,partial,,True,True,False,,,,,,,,,,,,,,,,
2,3|oscillator|drift|liquid|s1|g2|structured,7,p2g12_058,12,2,ba3c68885d5112f3,24.70443172817263,0.1079,partial,,True,True,False,,,,,,,,,,,,,,,,
2,2|grow|mobile|liquid|s1|g1|structured,7,p2g12_005,12,2,4c4b71ee687ff188,50.306024505992994,0.5139,partial,,True,True,False,,,,,,,,,,,,,,,,
2,2|switch|mobile|liquid|s2|g1|structured,7,p2g12_008,12,2,c72eb2f4d3420139,44.8305196140405,0.2622,partial,,True,True,False,,,,,,,,,,,,,,,,
2,3|switch|rotor|flicker|s2|g1|structured,7,p2g12_015,12,2,074ba5c7e959ae20,59.12364933357138,0.5759,partial,,True,True,False,,,,,,,,,,,,,,,,
2,3|grow|drift|frozen|s1|g2|structured,7,p2g12_050,12,2,2752fda47b8ae440,37.943228308333964,0.1006,partial,,True,True,False,,,,,,,,,,,,,,,,
2,3|switch|rotor|liquid|s1|g1|structured,7,p2g12_020,12,2,faf1ed323ded1de9,51.18403838657255,0.2589,partial,,True,True,False,,,,,,,,,,,,,,,,
2,2|grow|mobile|liquid|s1|g0|structured,7,p2g12_043,12,2,2118b3d23cd81fe6,49.13016461554221,0.3999,partial,,True,True,False,,,,,,,,,,,,,,,,
2,3|oscillator|still|frozen|s1|g1|mixed,7,p2g12_013,12,2,182d4e130d5c8fd8,20.85740840562526,0.0,partial,,True,True,False,,,,,,,,,,,,,,,,
2,4|grow|mobile|flicker|s2|g0|structured,7,p2g12_023,12,2,05c0e02bbd168d13,64.77080977171177,0.5599,partial,,True,True,False,,,,,,,,,,,,,,,,
