island,cand,gen,op,parents,ghash,screen_status,screen_C9_mode,screen_C9,screen_interest_raw,screen_interest_v2,screen_descriptor_bin,selected_declared,selected_valid,declared_pair,valid_pair,invalid_confirmation_rows,unique_assayed_seeds,three_seed_C9_min,seed2_cand,seed2_status,seed2_C9,seed2_interest_raw,seed2_interest_v2,seed3_cand,seed3_status,seed3_C9,seed3_interest_raw,seed3_interest_v2,screen_qualifies_025,screen_common_I025,any_seed_qualifies_025,any_confirmed_025,screen_plus_any_confirmed_025,robust_three_seeds_025,robust_partial_only_025,three_seed_common_I025_min,screen_qualifies_040,screen_common_I040,any_seed_qualifies_040,any_confirmed_040,screen_plus_any_confirmed_040,robust_three_seeds_040,robust_partial_only_040,three_seed_common_I040_min
1,p1g1_059,1,merge_cross_edge,"[""p2g6_020"",""ref_M4_tau5.7""]",f24f0ea14828c75d,fail_g0a,missing,,,,,False,False,False,False,0,1,,,,,,,,,,,,False,,False,False,False,False,False,,False,,False,False,False,False,False,
1,p1g1_072,1,merge_cross_edge,"[""p4g4_018"",""ref_M4_tau5.7""]",06d7220f7c9deba7,fail_g0a,missing,,,,,False,False,False,False,0,1,,,,,,,,,,,,False,,False,False,False,False,False,,False,,False,False,False,False,False,
1,p1g1_076,1,merge_share_chan,"[""p2g6_020"",""ref_iso_d0.75""]",88c61963e04c73ce,fail_g0a,missing,,,,,False,False,False,False,0,1,,,,,,,,,,,,False,,False,False,False,False,False,,False,,False,False,False,False,False,
1,p1g1_077,1,merge_share_chan,"[""p2g6_020"",""ref_M4_tau5.7""]",4425efd7ca2c8eb1,fail_g0a,missing,,,,,False,False,False,False,0,1,,,,,,,,,,,,False,,False,False,False,False,False,,False,,False,False,False,False,False,
1,p1g1_078,1,merge_share_chan,"[""p2g6_020"",""ref_iso_d0.75""]",fd912b5c879658fb,fail_g0a,missing,,,,,False,False,False,False,0,1,,,,,,,,,,,,False,,False,False,False,False,False,,False,,False,False,False,False,False,
1,p1g1_079,1,merge_share_chan,"[""p4g2_028"",""ref_M0""]",3a6c8444491ebc2b,fail_g0a,missing,,,,,False,False,False,False,0,1,,,,,,,,,,,,False,,False,False,False,False,False,,False,,False,False,False,False,False,
1,p1g1_014,1,mutate,"[""p6g7_028""]",14c8631c351d585c,fail_g0a,missing,,,,,False,False,False,False,0,1,,,,,,,,,,,,False,,False,False,False,False,False,,False,,False,False,False,False,False,
1,p1g1_052,1,merge_spatial_ic,"[""p2g7_039"",""p4g5_070""]",fa86cb8089d048d0,ok,full,0.6979,72.405,73.27613304211569,4|grow|rotor|liquid|s1|g2|economy,True,True,True,True,0,3,0.44,p1g1_052_s2,ok,0.44,73.31501669597405,83.0866889279654,p1g1_052_s3,ok,0.6311,80.52036484657403,86.32381979543203,True,72.40459978158677,True,True,True,True,False,72.40459978158677,True,71.8816798252694,True,True,True,True,False,67.45201335677925
1,p1g1_048,1,merge_spatial_ic,"[""p6g9_021"",""p2g6_020""]",b310fbfc5cac334e,ok,full,0.4768,70.538,78.15722573491432,3|switch|rotor|liquid|s2|g2|economy,True,True,False,False,0,2,,p1g1_048_s2,ok,0.3114,68.74087464015841,81.27449952021122,,,,,,True,70.53791930118574,True,False,False,False,False,,True,65.96633544094858,True,False,False,False,False,
1,p1g1_049,1,merge_spatial_ic,"[""p3g6_036"",""p1g7_025""]",dc62120b0c212700,ok,full,0.4737,60.97,65.50376895782001,4|switch|mobile|liquid|s1|g1|economy,True,True,True,True,0,3,0.4737,p1g1_049_s2,ok,0.4844,58.56491171278394,61.939882283711924,p1g1_049_s3,ok,0.5007,62.54620773091684,66.70494364122246,True,60.970326718365015,True,True,True,False,False,58.56491171278394,False,58.25026137469201,True,True,False,False,False,56.539929370227156
1,p1g1_050,1,merge_spatial_ic,"[""p6g8_033"",""p1g7_023""]",27a2960d05f47297,ok,full,0.3831,66.492,75.88545184945205,3|grow|rotor|liquid|s2|g2|economy,True,True,True,True,0,3,0.3831,p1g1_050_s2,ok,0.4927,74.44386120393403,82.83514827191205,p1g1_050_s3,ok,0.4812,67.64092594518186,74.14790126024248,False,66.49158888708904,True,True,False,False,False,66.49158888708904,False,60.85527110967123,True,True,False,False,False,60.85527110967123
1,p1g1_053,1,merge_spatial_ic,"[""p6g8_033"",""p1g6_065""]",27a2960d05f47297,ok,full,0.4343,70.754,79.86231072870812,3|switch|rotor|liquid|s2|g2|economy,True,True,True,True,0,3,0.2905,p1g1_053_s2,ok,0.5021,73.64763423724462,81.46017898299283,p1g1_053_s3,ok,0.2905,70.59596837760175,84.444624503469,True,70.7542330465311,True,True,True,False,False,70.59596837760175,True,65.28938643722486,True,True,True,False,False,62.286774702081395
1,p1g1_023,1,mint_bilin,"[""p3g9_021""]",7b4ed6d7108a4117,ok,partial,0.0,46.22017002520097,61.62689336693463,3|grow|rotor|liquid|s1|g1|mixed,True,True,True,True,0,3,0.0,p1g1_023_s2,ok,0.0,47.20782475043028,62.943766333907035,p1g1_023_s3,ok,0.0,48.80901208692787,65.0786827825705,False,46.22017002520097,False,False,False,False,False,46.22017002520097,False,36.97613602016078,False,False,False,False,False,36.97613602016078
1,p1g1_000,1,mutate,"[""p5g8_014""]",eff7c27b589e665a,ok,partial,0.4985,61.80550195917352,65.79066927889802,2|switch|mobile|liquid|s1|g2|structured,True,True,True,True,0,3,0.4985,p1g1_000_s2,ok,0.5194,61.31086529444748,64.4344870592633,p1g1_000_s3,ok,0.5109,61.373931462142956,64.8019086161906,True,61.80550195917352,True,True,True,True,True,61.31086529444748,False,59.414401567338814,False,False,False,False,False,59.31714516971436
1,p1g1_033,1,add_chan,"[""p6g8_033""]",b9ac81d28b0cd0fd,ok,partial,0.3467,64.5398668669337,74.4964891559116,3|switch|mobile|liquid|s1|g2|structured,True,True,False,False,0,2,,p1g1_033_s2,ok,0.515,71.49762368702167,78.16349824936223,,,,,,False,64.5398668669337,True,True,False,False,False,,False,58.565893493546966,True,True,False,False,False,
1,p1g1_034,1,add_chan,"[""p6g6_032""]",32499a10a18c9523,ok,partial,0.0,46.163405997839405,61.55120799711921,3|grow|mobile|liquid|s1|g2|mixed,True,True,True,True,0,3,0.0,p1g1_034_s2,ok,0.0,48.96147651686658,65.28196868915545,p1g1_034_s3,ok,0.0,50.06991072257921,66.75988096343895,False,46.163405997839405,False,False,False,False,False,46.163405997839405,False,36.93072479827152,False,False,False,False,False,36.93072479827152
1,p1g1_037,1,add_chan,"[""p6g9_021""]",f003a6f1e11f732d,ok,partial,0.4149,71.44183588081557,81.42578117442076,3|grow|rotor|liquid|s2|g2|structured,True,True,True,True,0,3,0.3901,p1g1_037_s2,ok,0.4359,71.65425890045111,81.00901186726814,p1g1_037_s3,ok,0.3901,64.66488911135234,73.21651881513645,True,71.44183588081557,True,True,True,False,False,64.66488911135234,True,65.45146870465246,True,True,True,False,False,59.53391128908187
1,p1g1_038,1,add_chan,"[""p1g7_025""]",bbef031462d40825,ok,partial,0.4603,75.20083272038946,84.92444362718594,3|grow|mobile|liquid|s3|g2|structured,True,True,True,True,0,3,0.4603,p1g1_038_s2,ok,0.5408,74.87745530391354,81.80994040521806,p1g1_038_s3,ok,0.5762,77.27410664015972,83.82547552021295,True,75.20083272038946,True,True,True,True,True,74.87745530391354,True,69.36666617631155,True,True,True,True,True,69.36666617631155
1,p1g1_040,1,dup_act,"[""p6g8_033""]",7d0d19df4c7eeacc,ok,partial,0.0,22.924896462903547,30.56652861720473,2|constant|still|frozen|s1|g2|mixed,True,True,True,True,0,3,0.0,p1g1_040_s2,ok,0.0,27.158509164736515,36.21134555298202,p1g1_040_s3,ok,0.0,22.53293576507358,30.043914353431443,False,22.924896462903547,False,False,False,False,False,22.53293576507358,False,18.33991717032284,False,False,False,False,False,18.026348612058865
1,p1g1_042,1,dup_act,"[""p6g9_021""]",3a2b578dfa7e9d98,ok,partial,0.3262,66.54434007103005,77.85245342804006,4|switch|rotor|liquid|s2|g2|structured,True,True,False,False,0,2,,p1g1_042_s2,ok,0.3389,64.51435715630292,74.72247620840389,,,,,,False,66.54434007103005,False,False,False,False,False,,False,59.75947205682404,False,False,False,False,False,
1,p1g1_046,1,dup_act,"[""p6g9_038""]",7301e1a7983770c7,ok,partial,0.0,46.31445796519477,61.752610620259695,3|grow|mobile|liquid|s2|g2|mixed,True,True,True,True,0,3,0.0,p1g1_046_s2,ok,0.0,41.34782817933181,55.13043757244242,p1g1_046_s3,ok,0.0,42.20029269403807,56.2670569253841,False,46.31445796519477,False,False,False,False,False,41.34782817933181,False,37.05156637215582,False,False,False,False,False,33.07826254346545
1,p1g1_047,1,dup_act,"[""p3g6_070""]",1c0f1ce2326ebcb9,ok,partial,0.4259,46.67205441816539,48.032739224220514,3|oscillator|mobile|liquid|s1|g2|structured,True,True,True,True,0,3,0.4169,p1g1_047_s2,ok,0.427,50.79792134400484,53.49722845867313,p1g1_047_s3,ok,0.4169,47.24109125113847,49.091455001517964,False,46.67205441816539,False,False,False,False,False,46.67205441816539,False,45.855643534532305,False,False,False,False,False,45.855643534532305
1,p1g1_056,1,merge_cross_edge,"[""p6g5_025"",""ref_M0""]",f91b186045b805f2,ok,partial,0.2769,61.134159482911485,72.28221264388198,3|grow|rotor|liquid|s1|g2|structured,True,True,True,True,0,3,0.2511,p1g1_056_s2,ok,0.2828,58.948589118532276,69.17145215804304,p1g1_056_s3,ok,0.2511,54.909576613931165,64.84276881857488,False,61.134159482911485,False,False,False,False,False,54.909576613931165,False,54.445327586329185,False,False,False,False,False,48.949661291144935
1,p1g1_057,1,merge_cross_edge,"[""p4g4_018"",""ref_M0""]",4a42745ad3d3ccaf,ok,partial,0.1041,51.923671083930216,65.76156144524029,4|switch|drift|liquid|s1|g2|mixed,True,True,True,True,0,3,0.0,p1g1_057_s2,ok,0.0,48.74662224995929,64.99549633327905,p1g1_057_s3,ok,0.0987,51.029659801914384,64.74954640255251,False,51.923671083930216,False,False,False,False,False,48.74662224995929,False,43.620936867144174,False,False,False,False,False,38.99729779996743
1,p1g1_058,1,merge_cross_edge,"[""p2g6_020"",""ref_iso_d0.65""]",51eb3386878ba871,ok,partial,0.4646,73.28327373214503,82.22436497619339,4|grow|rotor|liquid|s2|g2|structured,True,True,True,True,0,3,0.3931,p1g1_058_s2,ok,0.3931,73.83658871089338,85.3454516145245,p1g1_058_s3,ok,0.4734,69.93883967229819,77.47178622973092,True,73.28327373214503,True,True,True,False,False,69.93883967229819,True,67.91861898571602,True,True,True,False,False,65.41907173783855
1,p1g1_061,1,merge_cross_edge,"[""p4g4_018"",""blk_engine_10748""]",b8845a421c6e979f,ok,partial,0.356,60.63741008014646,68.98321344019529,4|switch|mobile|flicker|s1|g2|mixed,True,True,True,True,0,3,0.356,p1g1_061_s2,ok,0.4106,61.52847959103393,68.35130612137857,p1g1_061_s3,ok,0.4001,61.10033236445173,68.13044315260231,False,60.63741008014646,True,True,False,False,False,60.63741008014646,False,55.629928064117166,False,False,False,False,False,55.629928064117166
1,p1g1_062,1,merge_cross_edge,"[""p2g6_020"",""ref_iso_d0.75""]",29340105c3bc9872,ok,partial,0.3802,62.73249582383447,70.9699944317793,4|grow|mobile|liquid|s1|g2|structured,True,True,False,False,0,2,,p1g1_062_s2,ok,0.3641,62.76449567755762,71.54932757007683,,,,,,False,62.73249582383447,False,False,False,False,False,,False,57.789996659067576,False,False,False,False,False,
1,p1g1_063,1,merge_cross_edge,"[""p2g6_020"",""ref_iso_d0.65""]",b3ba1e0841ea195f,ok,partial,0.3694,73.81142018013992,86.10189357351989,4|grow|mobile|liquid|s3|g2|structured,True,True,True,True,0,3,0.3694,p1g1_063_s2,ok,0.4123,74.28684467628713,85.30579290171617,p1g1_063_s3,ok,0.4861,76.98650427077669,86.44533902770226,False,73.81142018013992,True,True,False,False,False,73.81142018013992,False,66.43713614411193,True,True,False,False,False,66.43713614411193
1,p1g1_064,1,merge_cross_edge,"[""p4g4_018"",""ref_iso_d0.75""]",82d50700e07f9b60,ok,partial,0.0,45.43721273793487,60.5829503172465,4|switch|drift|flicker|s1|g2|mixed,True,True,True,True,0,3,0.0,p1g1_064_s2,ok,0.0,37.26112177980006,49.68149570640008,p1g1_064_s3,ok,0.0,38.810689151743645,51.74758553565819,False,45.43721273793487,False,False,False,False,False,37.26112177980006,False,36.3497701903479,False,False,False,False,False,29.808897423840044
1,p1g1_065,1,merge_cross_edge,"[""p2g6_020"",""blk_engine_10748""]",d209216dd7966617,ok,partial,0.4299,62.75229912955213,69.33973217273616,4|switch|rotor|liquid|s1|g2|structured,True,True,False,False,0,2,,p1g1_065_s2,ok,0.4315,65.33290641720662,72.72720855627549,,,,,,True,62.75229912955213,True,True,True,False,False,,False,58.799839303641704,True,True,False,False,False,
1,p1g1_067,1,merge_cross_edge,"[""p2g6_020"",""ref_iso_d0.65""]",d6c91176760200ff,ok,partial,0.4771,66.47437693249145,72.72916924332193,4|switch|rotor|liquid|s1|g2|structured,True,True,True,True,0,3,0.3722,p1g1_067_s2,ok,0.3722,69.15242545668255,79.79656727557675,p1g1_067_s3,ok,0.4506,68.04502380540998,75.70669840721331,True,66.47437693249145,True,True,True,False,False,66.47437693249145,True,62.72150154599316,True,True,True,False,False,62.72150154599316
1,p1g1_068,1,merge_cross_edge,"[""p2g6_020"",""blk_engine_10748""]",1b3ba2943fe69b74,ok,partial,0.1071,54.0306378745258,68.47085049936773,4|switch|mobile|liquid|s1|g2|mixed,True,True,True,True,0,3,0.1071,p1g1_068_s2,ok,0.2062,61.07425473060605,74.55900630747473,p1g1_068_s3,ok,0.1293,58.69587649935342,73.95116866580456,False,54.0306378745258,False,False,False,False,False,54.0306378745258,False,45.366510299620636,False,False,False,False,False,45.366510299620636
1,p1g1_070,1,merge_cross_edge,"[""p2g6_020"",""ref_iso_d0.65""]",00867338b43b9f4b,ok,partial,0.5764,69.17740686359016,73.02320915145356,4|switch|rotor|liquid|s2|g2|structured,True,True,False,False,0,2,,p1g1_070_s2,ok,0.5715,72.5723823663599,77.71317648847987,,,,,,True,69.17740686359016,True,True,True,False,False,,True,66.86992549087213,True,True,True,False,False,
1,p1g1_071,1,merge_cross_edge,"[""p2g6_020"",""ref_iso_d0.65""]",85e855aa651a4c0f,ok,partial,0.3146,61.175532315159174,71.08070975354556,4|switch|rotor|liquid|s1|g2|structured,False,False,False,False,0,1,,,,,,,,,,,,False,61.175532315159174,False,False,False,False,False,,False,55.232425852127335,False,False,False,False,False,
1,p1g1_073,1,merge_cross_edge,"[""p2g6_020"",""ref_M0""]",4456ca140057a3e3,ok,partial,0.439,70.44877110280179,79.29836147040238,4|switch|rotor|liquid|s2|g2|structured,True,True,True,True,0,3,0.0,p1g1_073_s2,ok,0.0,63.05356882094546,84.07142509459395,p1g1_073_s3,ok,0.3729,70.45186365740932,81.5058182098791,True,70.44877110280179,True,False,False,False,False,63.05356882094546,True,65.13901688224142,True,False,False,False,False,50.442855056756365
1,p1g1_074,1,merge_cross_edge,"[""p1g6_065"",""ref_iso_d0.75""]",7784cd3c50a55250,ok,partial,0.0531,29.910515461265284,38.11068728168704,3|switch|drift|frozen|s1|g2|mixed,True,True,True,True,0,3,0.0517,p1g1_074_s2,ok,0.0605,33.82880943344485,43.08841257792647,p1g1_074_s3,ok,0.0517,28.26385487788234,35.96180650384312,False,29.910515461265284,False,False,False,False,False,28.26385487788234,False,24.990412369012223,False,False,False,False,False,23.645083902305874
1,p1g1_075,1,merge_cross_edge,"[""p2g6_020"",""ref_M0""]",82d4a5f5de7d3e6a,ok,partial,0.3505,72.78046424856187,85.35728566474916,4|switch|rotor|liquid|s3|g2|structured,True,True,True,True,0,3,0.3329,p1g1_075_s2,ok,0.4098,71.23110501562397,81.31480668749862,p1g1_075_s3,ok,0.3329,71.95236429680791,84.83981906241056,False,72.78046424856187,True,True,False,False,False,71.23110501562397,False,65.23437139884949,True,True,False,False,False,64.21989143744634
1,p1g1_002,1,mutate,"[""p3g6_032""]",020eb6f6f8781bc8,ok,partial,0.4949,47.40958719961945,46.71611626615927,3|constant|rotor|liquid|s1|g1|structured,True,True,False,False,0,2,,p1g1_002_s2,ok,0.0,3.9084315152529006,5.211242020337201,,,,,,False,47.40958719961945,False,False,False,False,False,,False,47.82566975969556,False,False,False,False,False,
1,p1g1_004,1,mutate,"[""p3g6_032""]",0af2da54db33e66f,ok,partial,0.3513,53.331784272661956,59.39904569688261,3|switch|mobile|liquid|s1|g1|structured,True,True,False,False,0,2,,p1g1_004_s2,ok,0.3726,53.53996806397232,58.966624085296424,,,,,,False,53.331784272661956,False,False,False,False,False,,False,49.691427418129564,False,False,False,False,False,
1,p1g1_005,1,mutate,"[""p4g4_007""]",f6bcb2c9f3cf6bd7,ok,partial,0.0,40.64720595277658,54.19627460370211,3|oscillator|drift|liquid|s1|g2|mixed,True,True,True,True,0,3,0.0,p1g1_005_s2,ok,0.0,41.51927879735558,55.359038396474105,p1g1_005_s3,ok,0.0,37.70712714151922,50.276169522025626,False,40.64720595277658,False,False,False,False,False,37.70712714151922,False,32.51776476222126,False,False,False,False,False,30.165701713215373
1,p1g1_008,1,mutate,"[""p6g8_033""]",d83a1259b990c649,ok,partial,0.0,50.399330174710556,67.19910689961408,3|switch|mobile|liquid|s1|g2|mixed,True,True,True,True,0,3,0.0,p1g1_008_s2,ok,0.0,45.30237710023749,60.40316946698332,p1g1_008_s3,ok,0.0,54.16070334900281,72.21427113200374,False,50.399330174710556,False,False,False,False,False,45.30237710023749,False,40.31946413976845,False,False,False,False,False,36.24190168018999
1,p1g1_011,1,mutate,"[""p6g9_021""]",bf87073f17a076f9,ok,partial,0.3161,55.24953774270308,63.12938365693744,3|switch|rotor|liquid|s1|g2|structured,True,True,False,False,0,2,,p1g1_011_s2,ok,0.2829,53.31682827662208,61.659104368829446,,,,,,False,55.24953774270308,False,False,False,False,False,,False,50.52163019416246,False,False,False,False,False,
1,p1g1_013,1,mutate,"[""p3g6_036""]",8784c1d75e4d44bb,ok,partial,0.5743,75.15544248099029,81.06392330798705,4|switch|mobile|liquid|s2|g1|structured,True,True,True,True,0,3,0.4855,p1g1_013_s2,ok,0.5841,75.06755884214621,80.62007845619496,p1g1_013_s3,ok,0.4855,71.99252361259285,79.8066981501238,True,75.15544248099029,True,True,True,True,True,71.99252361259285,True,71.61035398479223,True,True,True,True,True,67.30401889007427
1,p1g1_015,1,mutate,"[""p6g8_033""]",2f4a6e93e3bb2946,ok,partial,0.2567,48.305833580769495,55.851111441026,3|switch|mobile|liquid|s1|g2|mixed,False,False,False,False,0,1,,,,,,,,,,,,False,48.305833580769495,False,False,False,False,False,,False,43.7786668646156,False,False,False,False,False,
1,p1g1_016,1,mint_bilin,"[""p6g9_021""]",04dd5d8ed51c33f6,ok,partial,0.1425,58.20493065696968,72.8565742092929,3|grow|rotor|liquid|s1|g2|structured,False,False,False,False,0,1,,,,,,,,,,,,False,58.20493065696968,False,False,False,False,False,,False,49.413944525575744,False,False,False,False,False,
1,p1g1_017,1,mint_bilin,"[""p4g4_007""]",81e520d83528deef,ok,partial,0.0,43.60501283639155,58.14001711518873,3|switch|drift|liquid|s1|g2|mixed,True,True,False,False,0,2,,p1g1_017_s2,ok,0.0,40.8934226455241,54.524563527365466,,,,,,False,43.60501283639155,False,False,False,False,False,,False,34.88401026911324,False,False,False,False,False,
1,p1g1_019,1,mint_bilin,"[""p2g4_002""]",66788fcc2c9cce87,ok,partial,0.3323,61.087731225539216,70.37364163405229,3|switch|mobile|liquid|s2|g2|structured,True,True,False,False,0,2,,p1g1_019_s2,ok,0.3355,64.69385309252432,75.0751374566991,,,,,,False,61.087731225539216,False,False,False,False,False,,False,55.516184980431376,False,False,False,False,False,
1,p1g1_020,1,mint_bilin,"[""p6g6_032""]",a7ecb62bb118dd63,ok,partial,0.5101,72.4782692975349,79.63435906337986,4|switch|mobile|liquid|s2|g2|structured,True,True,True,True,0,3,0.4499,p1g1_020_s2,ok,0.5067,77.88911561975847,86.96215415967797,p1g1_020_s3,ok,0.4499,80.26321791712421,92.02095722283228,True,72.4782692975349,True,True,True,True,True,72.4782692975349,True,68.18461543802792,True,True,True,True,True,68.18461543802792
1,p1g1_024,1,mint_bilin,"[""p6g9_021""]",1514d21dd1e5a2b0,ok,partial,0.3974,66.44329354039228,75.3443913871897,3|switch|rotor|liquid|s2|g2|structured,True,True,True,True,0,3,0.2648,p1g1_024_s2,ok,0.2767,68.31628390830834,81.86504521107778,p1g1_024_s3,ok,0.2648,70.36558358982283,84.9941114530971,False,66.44329354039228,False,False,False,False,False,66.44329354039228,False,61.10263483231382,False,False,False,False,False,60.18702712664667
1,p1g1_025,1,mint_bilin,"[""p6g9_021""]",d52a384e5144e3b9,ok,partial,0.2925,54.25804858845859,62.59406478461146,2|switch|mobile|liquid|s1|g2|structured,False,False,False,False,0,1,,,,,,,,,,,,False,54.25804858845859,False,False,False,False,False,,False,49.25643887076687,False,False,False,False,False,
1,p1g1_026,1,mint_bilin,"[""p3g9_022""]",f7c852721f3e1cab,ok,partial,0.4739,63.28436235495127,68.58248313993502,4|grow|mobile|liquid|s1|g2|structured,True,True,True,True,0,3,0.3501,p1g1_026_s2,ok,0.3501,61.15085760749929,69.86447680999905,p1g1_026_s3,ok,0.5497,75.51838295790617,82.3678439438749,True,63.28436235495127,True,True,True,False,False,61.15085760749929,True,60.10548988396101,True,True,True,False,False,55.92268608599943
1,p1g1_027,1,mint_bilin,"[""p6g9_021""]",3977abaf53d81fe5,ok,partial,0.2179,65.6607754170071,80.28436722267614,3|grow|mobile|liquid|s2|g2|structured,True,True,True,True,0,3,0.1872,p1g1_027_s2,ok,0.1872,57.38526925453219,70.27369233937625,p1g1_027_s3,ok,0.3303,70.61441223759499,83.14254965012667,False,65.6607754170071,False,False,False,False,False,57.38526925453219,False,56.886620333605684,False,False,False,False,False,49.65221540362575
1,p1g1_029,1,delete_bilin,"[""p3g6_032""]",f696871bd3d8ad9a,ok,partial,0.4457,65.55572542785397,72.55096723713864,4|grow|rotor|liquid|s1|g1|structured,True,True,True,True,0,3,0.4096,p1g1_029_s2,ok,0.4096,64.59973866301603,72.47965155068803,p1g1_029_s3,ok,0.5585,72.26666823404642,77.73889097872856,True,65.55572542785397,True,True,True,True,True,64.59973866301603,True,61.358580342283176,True,True,True,False,False,59.87179093041282
1,p1g1_039,1,add_chan,"[""p2g6_031""]",b5b536b3b8c409aa,ok,partial,0.0,45.356233260556465,60.47497768074195,3|switch|rotor|liquid|s1|g2|mixed,True,True,True,True,0,3,0.0,p1g1_039_s2,ok,0.0,50.71637203199211,67.62182937598948,p1g1_039_s3,ok,0.0,50.085653712924994,66.78087161723333,False,45.356233260556465,False,False,False,False,False,45.356233260556465,False,36.284986608445166,False,False,False,False,False,36.284986608445166
1,p1g1_041,1,dup_act,"[""p6g8_061""]",8080e7c7f935fd5d,ok,partial,0.0,39.8154973061334,53.087329741511205,3|switch|mobile|flicker|s1|g2|mixed,True,True,True,True,0,3,0.0,p1g1_041_s2,ok,0.0,41.496141170691324,55.328188227588434,p1g1_041_s3,ok,0.0,45.11200874314815,60.14934499086421,False,39.8154973061334,False,False,False,False,False,39.8154973061334,False,31.852397844906722,False,False,False,False,False,31.852397844906722
1,p1g1_044,1,dup_act,"[""p2g2_038""]",32872dffa2215107,ok,partial,0.0,61.77373052548734,82.36497403398312,4|grow|mobile|liquid|s2|g2|mixed,True,True,True,True,0,3,0.0,p1g1_044_s2,ok,0.0,61.44483843307792,81.92645124410389,p1g1_044_s3,ok,0.0,58.4032264654474,77.87096862059654,False,61.77373052548734,False,False,False,False,False,58.4032264654474,False,49.41898442038987,False,False,False,False,False,46.72258117235793
1,p1g1_045,1,dup_act,"[""p6g5_026""]",ae933282703d8e22,ok,partial,0.0,60.94799220563988,81.26398960751983,4|grow|rotor|liquid|s2|g2|mixed,True,True,True,True,0,3,0.0,p1g1_045_s2,ok,0.0,59.208634349511755,78.94484579934901,p1g1_045_s3,ok,0.0,57.275115589762805,76.3668207863504,False,60.94799220563988,False,False,False,False,False,57.275115589762805,False,48.7583937645119,False,False,False,False,False,45.82009247181024
1,p1g1_054,1,merge_spatial_ic,"[""p4g4_007"",""p6g6_032""]",51de7cd26fa902e8,ok,partial,0.0,51.17555468695969,68.23407291594626,4|constant|rotor|liquid|s1|g2|mixed,True,True,True,True,0,3,0.0,p1g1_054_s2,ok,0.0,44.272900664274744,59.030534219032994,p1g1_054_s3,ok,0.0,44.39716511767111,59.19622015689481,False,51.17555468695969,False,False,False,False,False,44.272900664274744,False,40.940443749567756,False,False,False,False,False,35.418320531419795
1,p1g1_066,1,merge_cross_edge,"[""p6g7_013"",""ref_M4_tau5.7""]",0e11c7d87df63d4e,ok,partial,0.4893,58.248347808934454,61.35446374524594,4|switch|mobile|liquid|s1|g2|structured,True,True,True,True,0,3,0.4637,p1g1_066_s2,ok,0.4637,58.707933824434676,62.820578432579566,p1g1_066_s3,ok,0.4817,57.40169125941141,60.47892167921521,False,58.248347808934454,False,False,False,False,False,57.40169125941141,False,56.38467824714756,False,False,False,False,False,55.55535300752913
1,p1g1_001,1,mutate,"[""p5g4_065""]",3524e996cf168d1c,ok,partial,0.0,42.753164008970074,57.00421867862676,4|switch|mobile|flicker|s1|g2|mixed,False,False,False,False,0,1,,,,,,,,,,,,False,42.753164008970074,False,False,False,False,False,,False,34.20253120717606,False,False,False,False,False,
1,p1g1_003,1,mutate,"[""p6g7_028""]",157e4e198ef64a03,ok,partial,0.0,42.02500275023908,56.033337000318774,2|constant|rotor|liquid|s1|g2|mixed,True,True,True,True,0,3,0.0,p1g1_003_s2,ok,0.0,39.42571124271832,52.5676149902911,p1g1_003_s3,ok,0.0,39.09036099984289,52.120481333123855,False,42.02500275023908,False,False,False,False,False,39.09036099984289,False,33.620002200191266,False,False,False,False,False,31.27228879987431
1,p1g1_007,1,mutate,"[""p6g7_028""]",99da6864c5fa99ca,ok,partial,0.3551,57.5162458261985,64.851661101598,3|switch|rotor|liquid|s1|g2|structured,True,True,True,True,0,3,0.3456,p1g1_007_s2,ok,0.3708,67.39542968410956,77.50057291214608,p1g1_007_s3,ok,0.3456,65.48308044205575,75.790773922741,False,57.5162458261985,False,False,False,False,False,57.5162458261985,False,53.114996660958795,False,False,False,False,False,53.114996660958795
1,p1g1_009,1,mutate,"[""p6g4_021""]",6c1a68ff3495c5bc,ok,partial,0.4351,71.40309994613278,80.70079992817705,4|grow|mobile|liquid|s2|g2|structured,True,True,True,True,0,3,0.4351,p1g1_009_s2,ok,0.5587,73.85947987315791,79.85597316421055,p1g1_009_s3,ok,0.8504,77.20673455395642,74.5956460719419,True,71.40309994613278,True,True,True,True,True,71.40309994613278,True,65.82447995690623,True,True,True,True,True,65.82447995690623
1,p1g1_012,1,mutate,"[""p2g4_015""]",c0cd8328b83c234c,ok,partial,0.032,18.61254485163589,23.750059802181184,4|constant|still|frozen|s1|g2|mixed,True,True,True,True,0,3,0.0223,p1g1_012_s2,ok,0.0223,19.35145477101409,25.05860636135212,p1g1_012_s3,ok,0.035,19.421671595654157,24.72889546087221,False,18.61254485163589,False,False,False,False,False,18.61254485163589,False,15.53003588130871,False,False,False,False,False,15.53003588130871
1,p1g1_018,1,mint_bilin,"[""p6g7_028""]",0e36fef9b86aaa67,ok,partial,0.3352,66.53478338683236,77.53971118244314,3|switch|mobile|liquid|s2|g2|structured,True,True,True,True,0,3,0.3352,p1g1_018_s2,ok,0.5483,72.56059170525691,78.47078894034256,p1g1_018_s3,ok,0.4151,69.57993511318517,78.93658015091356,False,66.53478338683236,True,True,False,False,False,66.53478338683236,False,59.93182670946589,True,True,False,False,False,59.93182670946589
1,p1g1_021,1,mint_bilin,"[""p1g5_022""]",88a64cbd440d487d,ok,partial,0.0,13.81289534147127,18.41719378862836,3|constant|drift|frozen|s1|g0|structured,True,True,True,True,0,3,0.0,p1g1_021_s2,ok,0.1297,16.257987004946994,17.353982673262657,p1g1_021_s3,ok,0.1962,21.102689855554036,21.59691980740538,False,13.81289534147127,False,False,False,False,False,13.81289534147127,False,11.050316273177016,False,False,False,False,False,11.050316273177016
1,p1g1_022,1,mint_bilin,"[""p6g5_026""]",744ecdc7d4c77903,ok,partial,0.3408,64.61925848031396,74.79901130708528,3|switch|mobile|liquid|s2|g2|structured,False,False,False,False,0,1,,,,,,,,,,,,False,64.61925848031396,False,False,False,False,False,,False,58.511406784251164,False,False,False,False,False,
1,p1g1_031,1,delete_bilin,"[""p1g3_035""]",85afb3e0e54bc5fa,ok,partial,0.4738,63.86947368823829,69.36596491765106,4|switch|mobile|liquid|s1|g1|structured,True,True,True,True,0,3,0.4738,p1g1_031_s2,ok,0.5972,77.78413982962248,83.80551977282997,p1g1_031_s3,ok,0.569,76.87245759961004,83.52994346614673,True,63.86947368823829,True,True,True,True,True,63.86947368823829,True,60.57157895059063,True,True,True,True,True,60.57157895059063
1,p1g1_032,1,add_chan,"[""p4g4_018""]",3184a459a465e414,ok,partial,0.0,29.744955309779286,39.659940413039045,2|switch|still|gas|s1|g2|mixed,True,True,True,True,0,3,0.0,p1g1_032_s2,ok,0.0,30.261316481727043,40.34842197563606,p1g1_032_s3,ok,0.0,30.348976281067458,40.465301708089946,False,29.744955309779286,False,False,False,False,False,29.744955309779286,False,23.795964247823427,False,False,False,False,False,23.795964247823427
1,p1g1_035,1,add_chan,"[""p2g6_020""]",3b2132e468549efd,ok,partial,0.4295,44.41427553192342,44.9023673758979,2|switch|mobile|flicker|s1|g2|mixed,True,True,True,True,0,3,0.3403,p1g1_035_s2,ok,0.3998,46.8342380403498,49.11898405379974,p1g1_035_s3,ok,0.3403,42.25470778565697,44.99627704754262,False,44.41427553192342,False,False,False,False,False,42.25470778565697,False,44.121420425538744,False,False,False,False,False,40.60976622852557
1,p1g1_036,1,add_chan,"[""p2g6_020""]",ed2f73e522071a33,ok,partial,0.2616,43.862313877671724,49.76308517022897,2|switch|drift|liquid|s1|g2|structured,True,True,True,True,0,3,0.2616,p1g1_036_s2,ok,0.3239,45.58767737468685,49.98690316624913,p1g1_036_s3,ok,0.3371,45.26750810625092,49.120010808334555,False,43.862313877671724,False,False,False,False,False,43.862313877671724,False,40.32185110213738,False,False,False,False,False,40.32185110213738
1,p1g1_043,1,dup_act,"[""p2g6_020""]",add056fbce34c257,ok,partial,0.0,60.33008246943555,80.44010995924741,4|grow|mobile|liquid|s2|g2|mixed,False,False,False,False,0,1,,,,,,,,,,,,False,60.33008246943555,False,False,False,False,False,,False,48.26406597554844,False,False,False,False,False,
1,p1g1_051,1,merge_spatial_ic,"[""p6g5_026"",""p3g7_046""]",ead25ce87e4b853d,ok,partial,0.473,65.86537180631866,72.05382907509154,3|switch|mobile|liquid|s1|g2|structured,True,True,True,True,0,3,0.2116,p1g1_051_s2,ok,0.2116,62.996876719770235,76.94250229302698,p1g1_051_s3,ok,0.3217,70.0949167176518,82.73655562353572,True,65.86537180631866,True,False,False,False,False,62.996876719770235,True,62.15229744505493,True,False,False,False,False,54.62950137581618
1,p1g1_055,1,merge_spatial_ic,"[""p1g3_035"",""p3g9_021""]",a065779eaf3df961,ok,partial,0.4369,56.805892219788525,61.17785629305137,3|switch|mobile|liquid|s1|g1|structured,True,True,True,True,0,3,0.4369,p1g1_055_s2,ok,0.5631,75.13174402895163,81.40565870526883,p1g1_055_s3,ok,0.5099,72.4455751558868,79.5974335411824,False,56.805892219788525,True,True,False,False,False,56.805892219788525,False,54.18271377583082,True,True,False,False,False,54.18271377583082
1,p1g1_060,1,merge_cross_edge,"[""p6g1_043"",""ref_XV_tau15.7""]",ae26148685c799e6,ok,partial,0.1182,28.325724400850902,33.827632534467874,4|switch|mobile|liquid|s1|g0|structured,True,True,True,True,0,3,0.1057,p1g1_060_s2,ok,0.1311,29.766801151721207,35.31906820229494,p1g1_060_s3,ok,0.1057,28.62327840747416,34.64103787663221,False,28.325724400850902,False,False,False,False,False,28.325724400850902,False,25.024579520680724,False,False,False,False,False,25.012622725979327
1,p1g1_006,1,mutate,"[""p5g8_007""]",8b273b4fa3a48721,ok,partial,0.0934,35.32796511183803,43.990620149117376,2|constant|still|liquid|s1|g2|mixed,True,True,True,True,0,3,0.0934,p1g1_006_s2,ok,0.1675,44.20787450721122,53.360499342948295,p1g1_006_s3,ok,0.123,41.021000286572374,50.59466704876316,False,35.32796511183803,False,False,False,False,False,35.32796511183803,False,30.130372089470427,False,False,False,False,False,30.130372089470427
1,p1g1_010,1,mutate,"[""p2g6_020""]",19ce8f5d2f7ec59f,ok,partial,0.0,21.05217705118844,28.069569401584587,1|switch|still|gas|s1|g2|mixed,True,True,True,True,0,3,0.0,p1g1_010_s2,ok,0.0,21.05217705118844,28.069569401584587,p1g1_010_s3,ok,0.0,21.05217705118844,28.069569401584587,False,21.05217705118844,False,False,False,False,False,21.05217705118844,False,16.84174164095075,False,False,False,False,False,16.84174164095075
1,p1g1_028,1,delete_bilin,"[""p4g4_018""]",277d35dbce71ee3a,ok,partial,0.0,46.86752881876784,62.49003842502378,3|switch|drift|liquid|s1|g2|mixed,True,True,True,True,0,3,0.0,p1g1_028_s2,ok,0.0,46.32146985916853,61.76195981222471,p1g1_028_s3,ok,0.0,48.27806004705616,64.37074672940821,False,46.86752881876784,False,False,False,False,False,46.32146985916853,False,37.49402305501427,False,False,False,False,False,37.05717588733482
1,p1g1_080,1,immigrate,,56c0f7cf3746dd3d,no_blobs,missing,,0.0,,,False,False,False,False,0,1,,,,,,,,,,,,False,,False,False,False,False,False,,False,,False,False,False,False,False,
1,p1g1_085,1,immigrate,,36c9a2b4dfdc925f,no_blobs,missing,,0.0,,,False,False,False,False,0,1,,,,,,,,,,,,False,,False,False,False,False,False,,False,,False,False,False,False,False,
1,p1g1_088,1,immigrate,,c95f4948026a1df3,no_blobs,missing,,0.0,,,False,False,False,False,0,1,,,,,,,,,,,,False,,False,False,False,False,False,,False,,False,False,False,False,False,
1,p1g1_091,1,immigrate,,0a922f0559c8172d,no_blobs,missing,,0.0,,,False,False,False,False,0,1,,,,,,,,,,,,False,,False,False,False,False,False,,False,,False,False,False,False,False,
1,p1g1_092,1,immigrate,,35cd7221ba65685b,no_blobs,missing,,0.0,,,False,False,False,False,0,1,,,,,,,,,,,,False,,False,False,False,False,False,,False,,False,False,False,False,False,
1,p1g1_094,1,immigrate,,1dc60831f1f28b62,no_blobs,missing,,0.0,,,False,False,False,False,0,1,,,,,,,,,,,,False,,False,False,False,False,False,,False,,False,False,False,False,False,
1,p1g1_097,1,immigrate,,ef1d90607a10065a,no_blobs,missing,,0.0,,,False,False,False,False,0,1,,,,,,,,,,,,False,,False,False,False,False,False,,False,,False,False,False,False,False,
1,p1g1_030,1,delete_bilin,"[""p2g6_020""]",0ca4df05e2dd82dc,ok,partial,0.2404,64.76303589483844,78.3373811931179,3|grow|rotor|liquid|s2|g2|structured,False,False,False,False,0,1,,,,,,,,,,,,False,64.76303589483844,False,False,False,False,False,,False,56.61842871587074,False,False,False,False,False,
1,p1g1_069,1,merge_slow_tanh,"[""p2g4_062"",""blk_engine_10748""]",c9fcf183444c34d1,ok,partial,0.4807,50.59835588475841,51.441141179677885,3|grow|mobile|liquid|s1|g2|structured,True,True,True,True,0,3,0.4807,p1g1_069_s2,ok,0.4901,55.2904150473444,57.38388672979254,p1g1_069_s3,ok,0.5605,60.13480217305981,61.496402897413084,False,50.59835588475841,True,True,False,False,False,50.59835588475841,False,50.09268470780673,False,False,False,False,False,50.09268470780673
1,p1g1_093,1,immigrate,,fc924e39722dca37,ok,partial,0.0,0.0,0.0,1|constant|still|gas|s1|g0|mixed,False,False,False,False,0,1,,,,,,,,,,,,False,0.0,False,False,False,False,False,,False,0.0,False,False,False,False,False,
1,p1g1_095,1,immigrate,,cda50f4cd2367519,ok,partial,0.0,0.0,0.0,1|constant|still|gas|s1|g0|mixed,False,False,False,False,0,1,,,,,,,,,,,,False,0.0,False,False,False,False,False,,False,0.0,False,False,False,False,False,
1,p1g1_099,1,immigrate,,d4f25dbb9d91fbb4,ok,partial,0.0,0.0,0.0,1|constant|still|gas|s1|g0|mixed,False,False,False,False,0,1,,,,,,,,,,,,False,0.0,False,False,False,False,False,,False,0.0,False,False,False,False,False,
1,p1g1_082,1,immigrate,,e62acf2fbf4d4cdd,no_blobs,missing,,0.0,,,False,False,False,False,0,1,,,,,,,,,,,,False,,False,False,False,False,False,,False,,False,False,False,False,False,
1,p1g1_081,1,immigrate,,e356d457001db6a0,no_blobs,missing,,0.0,,,False,False,False,False,0,1,,,,,,,,,,,,False,,False,False,False,False,False,,False,,False,False,False,False,False,
1,p1g1_084,1,immigrate,,f1f25e08ae31a4ea,no_blobs,missing,,0.0,,,False,False,False,False,0,1,,,,,,,,,,,,False,,False,False,False,False,False,,False,,False,False,False,False,False,
1,p1g1_087,1,immigrate,,84803d08ab0ac1da,no_blobs,missing,,0.0,,,False,False,False,False,0,1,,,,,,,,,,,,False,,False,False,False,False,False,,False,,False,False,False,False,False,
1,p1g1_089,1,immigrate,,0ecdd0e4084c79a3,no_blobs,missing,,0.0,,,False,False,False,False,0,1,,,,,,,,,,,,False,,False,False,False,False,False,,False,,False,False,False,False,False,
1,p1g1_090,1,immigrate,,ad8db39785fbf56e,no_blobs,missing,,0.0,,,False,False,False,False,0,1,,,,,,,,,,,,False,,False,False,False,False,False,,False,,False,False,False,False,False,
1,p1g1_083,1,immigrate,,f070c2b4bc6e239c,ok,partial,0.0,0.0,0.0,1|constant|still|gas|s1|g2|mixed,False,False,False,False,0,1,,,,,,,,,,,,False,0.0,False,False,False,False,False,,False,0.0,False,False,False,False,False,
1,p1g1_086,1,immigrate,,f586a6d23c69cbaa,ok,partial,0.0,0.0,0.0,1|constant|still|gas|s1|g0|mixed,False,False,False,False,0,1,,,,,,,,,,,,False,0.0,False,False,False,False,False,,False,0.0,False,False,False,False,False,
1,p1g1_096,1,immigrate,,142e907935f1c7ce,ok,partial,0.0,0.0,0.0,1|constant|still|gas|s1|g0|mixed,False,False,False,False,0,1,,,,,,,,,,,,False,0.0,False,False,False,False,False,,False,0.0,False,False,False,False,False,
1,p1g1_098,1,immigrate,,e562f1b09d71c927,ok,partial,0.0,0.0,0.0,1|constant|still|gas|s1|g0|mixed,False,False,False,False,0,1,,,,,,,,,,,,False,0.0,False,False,False,False,False,,False,0.0,False,False,False,False,False,
1,p1g2_040,2,dup_act,"[""p1g1_008""]",8fc52560ea63e44e,fail_g0a,missing,,,,,False,False,False,False,0,1,,,,,,,,,,,,False,,False,False,False,False,False,,False,,False,False,False,False,False,
1,p1g2_077,2,merge_share_chan,"[""p2g6_020"",""ref_M4_tau5.7""]",75fb0d584ac6ded4,fail_g0a,missing,,,,,False,False,False,False,0,1,,,,,,,,,,,,False,,False,False,False,False,False,,False,,False,False,False,False,False,
1,p1g2_078,2,merge_share_chan,"[""p2g6_020"",""blk_engine_10748""]",26b035f68bee13c5,fail_g0a,missing,,,,,False,False,False,False,0,1,,,,,,,,,,,,False,,False,False,False,False,False,,False,,False,False,False,False,False,
1,p1g2_044,2,dup_act,"[""p3g6_070""]",7e109c2ad706f359,fail_g0a,missing,,,,,False,False,False,False,0,1,,,,,,,,,,,,False,,False,False,False,False,False,,False,,False,False,False,False,False,
1,p1g2_058,2,merge_cross_edge,"[""p6g1_043"",""ref_XV_tau15.7""]",7f7750eb5caa8ef1,fail_g0a,missing,,,,,False,False,False,False,0,1,,,,,,,,,,,,False,,False,False,False,False,False,,False,,False,False,False,False,False,
1,p1g2_005,2,mutate,"[""p1g1_010""]",c2a2ffde5546ca17,fail_g0a,missing,,,,,False,False,False,False,0,1,,,,,,,,,,,,False,,False,False,False,False,False,,False,,False,False,False,False,False,
1,p1g2_062,2,merge_cross_edge,"[""p2g4_053"",""ref_M4_tau5.7""]",834c8023a45a5776,ok,partial,0.5325,59.197462327634,61.179949770178666,3|switch|mobile|liquid|s1|g2|structured,False,False,False,False,0,1,,,,,,,,,,,,False,59.197462327634,False,False,False,False,False,,False,58.007969862107196,False,False,False,False,False,
1,p1g2_034,2,add_chan,"[""p10g0_ds6_000""]",158f0c237e4f658e,ok,partial,0.5568,64.08957780435604,66.89277040580805,2|switch|mobile|flicker|s1|g2|structured,True,True,True,False,1,2,,p1g2_034_s2,ok,0.5538,63.030290482611456,65.58038731014861,,,,,,True,64.08957780435604,True,True,True,False,False,,True,62.40766224348483,True,True,True,False,False,
1,p1g2_032,2,add_chan,"[""p1g2_008""]",e810275ae9ca0cb9,ok,partial,0.527,63.87759547545579,67.60346063394105,2|switch|mobile|liquid|s1|g2|structured,True,True,True,True,0,3,0.5108,p1g2_032_s2,ok,0.5108,64.73447188922518,69.2859625189669,p1g2_032_s3,ok,0.5118,63.64411882765141,67.79882510353521,True,63.87759547545579,True,True,True,True,True,63.64411882765141,True,61.64207638036463,True,True,True,True,True,61.15129506212112
1,p1g2_006,2,mutate,"[""p1g1_063""]",6fcd0ac4761d235b,ok,partial,0.0,25.57705406088256,34.10273874784341,3|constant|rotor|frozen|s1|g2|mixed,True,True,True,True,0,3,0.0,p1g2_006_s2,ok,0.0,25.08199506962772,33.44266009283696,p1g2_006_s3,ok,0.0,27.240327602833716,36.320436803778286,False,25.57705406088256,False,False,False,False,False,25.08199506962772,False,20.461643248706046,False,False,False,False,False,20.065596055702176
1,p1g2_004,2,mutate,"[""p1g1_064""]",787cb29e01dcb464,ok,partial,0.0399,30.50833276729949,39.34777702306599,3|switch|still|frozen|s1|g2|structured,True,True,True,True,0,3,0.0225,p1g2_004_s2,ok,0.0225,27.328089914988517,35.68745321998469,p1g2_004_s3,ok,0.0454,27.801825745820754,35.555767661094336,False,30.50833276729949,False,False,False,False,False,27.328089914988517,False,25.20466621383959,False,False,False,False,False,22.31247193199081
1,p1g2_007,2,mutate,"[""p1g1_056""]",59b32b6eb75471a3,ok,partial,0.2826,61.938132354544024,73.16417647272537,3|grow|mobile|liquid|s2|g2|structured,False,False,False,False,0,1,,,,,,,,,,,,False,61.938132354544024,False,False,False,False,False,,False,55.202505883635226,False,False,False,False,False,
1,p1g2_015,2,mutate,"[""p2g4_041""]",7f8a10d93f92d383,ok,partial,0.0,2.923302556586401,3.8977367421152014,2|constant|still|frozen|s1|g0|mixed,True,True,True,True,0,3,0.0,p1g2_015_s2,ok,0.0,6.786930914944026,9.049241219925369,p1g2_015_s3,ok,0.0,2.703858101086224,3.605144134781632,False,2.923302556586401,False,False,False,False,False,2.703858101086224,False,2.3386420452691206,False,False,False,False,False,2.163086480868979
1,p1g2_025,2,mint_bilin,"[""p2g7_039""]",3c7de08eee7c87e0,ok,partial,0.6452,76.61167798276057,80.64223731034743,4|grow|rotor|flicker|s1|g2|structured,True,True,True,True,0,3,0.5409,p1g2_025_s2,ok,0.5409,73.05211506785258,79.3728200904701,p1g2_025_s3,ok,0.6505,75.220564702629,78.61075293683868,True,76.61167798276057,True,True,True,True,True,73.05211506785258,True,74.19334238620846,True,True,True,True,True,69.25969205428206
1,p1g2_038,2,add_chan,"[""p6g3_033""]",5ef240f1c745c9fc,ok,partial,0.5995,58.224053821660036,57.648738428880044,3|switch|mobile|liquid|s1|g1|structured,True,True,True,True,0,3,0.5612,p1g2_038_s2,ok,0.5612,57.763775859297695,58.311701145730254,p1g2_038_s3,ok,0.6042,58.23331165981402,57.5044155464187,False,58.224053821660036,False,False,False,False,False,57.763775859297695,False,58.56924305732802,False,False,False,False,False,57.435020687438154
1,p1g2_043,2,dup_act,"[""p6g9_021""]",cd6f4c5f59d73357,ok,partial,0.3364,63.33326548729126,73.23102064972167,4|grow|mobile|liquid|s1|g2|structured,True,True,False,False,0,2,,p1g2_043_s2,ok,0.3359,62.79538787220081,72.53051716293442,,,,,,False,63.33326548729126,False,False,False,False,False,,False,57.394612389833,False,False,False,False,False,
1,p1g2_047,2,dup_act,"[""p6g8_033""]",b89937509d704b03,ok,partial,0.0,36.26783339614755,48.3571111948634,3|constant|drift|frozen|s1|g2|mixed,True,True,True,True,0,3,0.0,p1g2_047_s2,ok,0.0,38.151509994393905,50.8686799925252,p1g2_047_s3,ok,0.0,32.09202108784179,42.78936145045572,False,36.26783339614755,False,False,False,False,False,32.09202108784179,False,29.014266716918037,False,False,False,False,False,25.67361687027343
1,p1g2_049,2,merge_spatial_ic,"[""p2g7_039"",""p3g3_038""]",fa86cb8089d048d0,ok,partial,0.6443,78.97129852615053,83.81839803486739,4|switch|mobile|liquid|s2|g2|structured,True,True,True,True,0,3,0.44,p1g2_049_s2,ok,0.44,73.31501669597405,83.0866889279654,p1g2_049_s3,ok,0.6347,82.3327196684081,88.6202928912108,True,78.97129852615053,True,True,True,True,True,73.31501669597405,True,76.06303882092043,True,True,True,True,True,67.45201335677925
1,p1g2_056,2,merge_cross_edge,"[""p2g6_020"",""ref_iso_d0.65""]",e046049a1982d11d,ok,partial,0.0,58.76742455243216,78.35656606990955,4|switch|rotor|liquid|s2|g2|structured,False,False,False,False,0,1,,,,,,,,,,,,False,58.76742455243216,False,False,False,False,False,,False,47.013939641945726,False,False,False,False,False,
1,p1g2_059,2,merge_cross_edge,"[""p2g6_020"",""ref_M4_tau5.7""]",a7e69f604130beb2,ok,partial,0.3407,64.68382292105831,74.88843056141108,4|grow|rotor|liquid|s1|g2|structured,True,True,True,True,0,3,0.1988,p1g2_059_s2,ok,0.1988,68.39856180413112,84.5714157388415,p1g2_059_s3,ok,0.4068,67.51024424850861,76.45365899801149,False,64.68382292105831,True,True,False,False,False,64.68382292105831,False,58.56105833684665,True,True,False,False,False,58.56105833684665
1,p1g2_060,2,merge_cross_edge,"[""p4g4_018"",""ref_M4_tau5.7""]",7c2ae1533ca98b22,ok,partial,0.0,42.490101910936716,56.65346921458229,4|switch|still|liquid|s1|g2|mixed,True,True,True,True,0,3,0.0,p1g2_060_s2,ok,0.0,41.234302403592075,54.9790698714561,p1g2_060_s3,ok,0.0,45.43583478236637,60.58111304315516,False,42.490101910936716,False,False,False,False,False,41.234302403592075,False,33.992081528749374,False,False,False,False,False,32.98744192287366
1,p1g2_061,2,merge_cross_edge,"[""p2g6_020"",""ref_M0""]",6fd1753afb31227c,ok,partial,0.4379,73.03426183224208,82.78234910965611,4|grow|rotor|liquid|s2|g2|structured,False,False,False,False,0,1,,,,,,,,,,,,True,73.03426183224208,True,False,False,False,False,,True,67.18540946579367,True,False,False,False,False,
1,p1g2_064,2,merge_cross_edge,"[""p1g1_006"",""ref_iso_d0.75""]",bd534d84815f7264,ok,partial,0.1628,42.61154854437344,51.388731392497924,3|oscillator|drift|liquid|s1|g2|mixed,True,True,True,True,0,3,0.1011,p1g2_064_s2,ok,0.1011,39.40159903712322,49.16546538283095,p1g2_064_s3,ok,0.1459,41.09803347551911,49.93404463402548,False,42.61154854437344,False,False,False,False,False,39.40159903712322,False,37.345238835498755,False,False,False,False,False,33.54327922969857
1,p1g2_065,2,merge_cross_edge,"[""p3g6_070"",""ref_M0""]",50f8ec73c68c31bb,ok,partial,0.0,52.65922066465488,70.21229421953984,4|switch|drift|liquid|s2|g2|structured,True,True,True,True,0,3,0.0,p1g2_065_s2,ok,0.3019,60.44500010566366,70.53000014088488,p1g2_065_s3,ok,0.3257,60.83754568401305,70.26006091201741,False,52.65922066465488,False,False,False,False,False,52.65922066465488,False,42.127376531723904,False,False,False,False,False,42.127376531723904
1,p1g2_067,2,merge_cross_edge,"[""p4g2_028"",""ref_M0""]",7dedc2bbc974e7e2,ok,partial,0.0,31.7288437260287,42.305124968038264,4|switch|drift|liquid|s1|g2|mixed,False,False,False,False,0,1,,,,,,,,,,,,False,31.7288437260287,False,False,False,False,False,,False,25.383074980822958,False,False,False,False,False,
1,p1g2_068,2,merge_cross_edge,"[""p2g6_020"",""ref_M0""]",e4567a813f6f5a04,ok,partial,0.305,68.59309936183183,81.29079914910912,4|grow|rotor|liquid|s3|g2|mixed,True,True,True,True,0,3,0.305,p1g2_068_s2,ok,0.4868,67.9711490941778,74.40153212557041,p1g2_068_s3,ok,0.4711,74.10040939125052,83.09721252166736,False,68.59309936183183,True,True,False,False,False,67.9711490941778,False,60.974479489465466,True,True,False,False,False,60.974479489465466
1,p1g2_069,2,merge_cross_edge,"[""p4g2_028"",""ref_M0""]",f4f924b616a2a207,ok,partial,0.1476,50.92983930908475,62.986452412113,4|grow|still|liquid|s1|g2|structured,True,True,True,True,0,3,0.1476,p1g2_069_s2,ok,0.2157,52.21160226981106,62.42546969308142,p1g2_069_s3,ok,0.1761,49.8748220876777,60.629762783570264,False,50.92983930908475,False,False,False,False,False,49.8748220876777,False,43.695871447267805,False,False,False,False,False,43.42185767014216
1,p1g2_070,2,merge_cross_edge,"[""p2g6_020"",""ref_M0""]",da6d90a3c6681e94,ok,partial,0.1731,61.82322294890707,76.6609639318761,4|switch|rotor|liquid|s2|g2|mixed,True,True,True,True,0,3,0.1731,p1g2_070_s2,ok,0.2786,64.86564109911473,77.20085479881963,p1g2_070_s3,ok,0.2694,58.30694367691283,68.76259156921711,False,61.82322294890707,False,False,False,False,False,58.30694367691283,False,52.920578359125656,False,False,False,False,False,52.03355494153027
1,p1g2_073,2,merge_cross_edge,"[""p2g6_020"",""blk_engine_10748""]",f2cf99e25ed62782,ok,partial,0.3889,62.70825357329939,70.64767143106586,3|grow|rotor|liquid|s1|g2|structured,True,True,False,False,0,2,,p1g2_073_s2,ok,0.4746,72.08316526650567,80.29088702200757,,,,,,False,62.70825357329939,True,True,False,False,False,,False,57.94460285863951,True,True,False,False,False,
1,p1g2_074,2,merge_cross_edge,"[""p2g6_020"",""blk_engine_10748""]",be227dd29c4b1b72,ok,partial,0.0507,54.39557014037668,70.83742685383557,4|switch|rotor|liquid|s1|g2|mixed,True,True,True,True,0,3,0.0507,p1g2_074_s2,ok,0.1673,47.88109231333386,58.26478975111182,p1g2_074_s3,ok,0.1041,50.75214905875378,64.19953207833838,False,54.39557014037668,False,False,False,False,False,47.88109231333386,False,44.53045611230134,False,False,False,False,False,41.65087385066709
1,p1g2_001,2,mutate,"[""p1g1_027""]",a51c91a3ca4c8498,ok,partial,0.2808,57.752127585168125,67.64283678022417,3|switch|mobile|liquid|s1|g2|structured,False,False,False,False,0,1,,,,,,,,,,,,False,57.752127585168125,False,False,False,False,False,,False,51.8177020681345,False,False,False,False,False,
1,p1g2_009,2,mutate,"[""p3g6_032""]",e48430afe0ff9d8f,ok,partial,0.0918,32.98724068782259,40.92298758376346,4|switch|drift|liquid|s1|g1|structured,True,True,True,True,0,3,0.0565,p1g2_009_s2,ok,0.0845,34.24680118941046,42.84573491921395,p1g2_009_s3,ok,0.0565,28.995049604293552,36.776732805724734,False,32.98724068782259,False,False,False,False,False,28.995049604293552,False,28.225792550258074,False,False,False,False,False,24.326039683434843
1,p1g2_010,2,mutate,"[""p6g3_033""]",ff53ff6b2d864dae,ok,partial,0.6286,66.43457277383884,67.62609703178511,4|switch|mobile|liquid|s1|g1|structured,True,True,True,True,0,3,0.6142,p1g2_010_s2,ok,0.6142,68.217195868978,70.48292782530399,p1g2_010_s3,ok,0.6164,69.20165232871162,71.72220310494882,True,66.43457277383884,True,True,True,True,True,66.43457277383884,True,65.71965821907106,True,True,True,True,True,65.71965821907106
1,p1g2_011,2,mutate,"[""p3g9_022""]",1bf5ac08e3f11c3b,ok,partial,0.4,45.9735484471563,47.96473126287506,3|switch|mobile|liquid|s1|g0|structured,True,True,True,True,0,3,0.3973,p1g2_011_s2,ok,0.4744,44.23944178518308,43.17258904691078,p1g2_011_s3,ok,0.3973,43.72287969347254,45.05383959129672,False,45.9735484471563,False,False,False,False,False,43.72287969347254,False,44.77883875772504,False,False,False,False,False,42.92430375477803
1,p1g2_013,2,mutate,"[""p3g9_022""]",fd6ebf11c1099cda,ok,partial,0.2466,41.109800095408936,46.59306679387858,3|switch|mobile|liquid|s1|g2|structured,False,False,False,False,0,1,,,,,,,,,,,,False,41.109800095408936,False,False,False,False,False,,False,37.81984007632715,False,False,False,False,False,
1,p1g2_033,2,add_chan,"[""p4g1_018""]",cfa2e47a1265b2d7,ok,partial,0.0,48.90284498778412,65.2037933170455,3|switch|mobile|flicker|s1|g2|mixed,True,True,True,True,0,3,0.0,p1g2_033_s2,ok,0.0,60.77178544923312,81.02904726564417,p1g2_033_s3,ok,0.0,59.02545456021787,78.70060608029048,False,48.90284498778412,False,False,False,False,False,48.90284498778412,False,39.122275990227294,False,False,False,False,False,39.122275990227294
1,p1g2_014,2,mutate,"[""p6g9_021""]",b123fb2afb4a803b,ok,partial,0.0656,33.91523195550559,43.03364260734078,2|switch|drift|frozen|s1|g2|structured,True,True,True,True,0,3,0.0656,p1g2_014_s2,ok,0.1084,37.87664584755563,46.888861130074176,p1g2_014_s3,ok,0.0754,34.58141660273111,43.59522213697482,False,33.91523195550559,False,False,False,False,False,33.91523195550559,False,28.444185564404467,False,False,False,False,False,28.444185564404467
1,p1g2_017,2,mint_bilin,"[""p2g3_073""]",3d7fea16a87b962f,ok,partial,0.4219,57.89495186348023,63.12993581797364,4|switch|mobile|flicker|s1|g2|mixed,False,False,False,False,0,1,,,,,,,,,,,,False,57.89495186348023,False,False,False,False,False,,False,54.75396149078418,False,False,False,False,False,
1,p1g2_022,2,mint_bilin,"[""p6g9_021""]",453f2b0f3abb445e,ok,partial,0.3023,55.78445600159635,64.30260800212847,2|switch|mobile|liquid|s2|g2|structured,True,True,True,True,0,3,0.2569,p1g2_022_s2,ok,0.2897,55.69876086535546,64.60834782047395,p1g2_022_s3,ok,0.2569,51.94294301285939,60.693924017145854,False,55.78445600159635,False,False,False,False,False,51.94294301285939,False,50.673564801277074,False,False,False,False,False,46.69235441028751
1,p1g2_024,2,mint_bilin,"[""p2g4_030""]",6764645ff5df84fa,ok,partial,0.3638,67.29864634781927,77.60486179709235,4|grow|mobile|flicker|s3|g2|structured,True,True,True,True,0,3,0.3221,p1g2_024_s2,ok,0.4159,61.65386140866425,68.34181521155233,p1g2_024_s3,ok,0.3221,61.11106528727928,70.74475371637237,False,67.29864634781927,True,True,False,False,False,61.11106528727928,False,61.11491707825541,False,False,False,False,False,55.33085222982342
1,p1g2_027,2,mint_bilin,"[""p6g10_024""]",77e68a53a8f960b8,ok,partial,0.6393,70.59245701618373,72.8132760215783,3|switch|mobile|liquid|s1|g2|structured,True,True,True,True,0,3,0.2483,p1g2_027_s2,ok,0.2483,64.01807440893676,77.08076587858234,p1g2_027_s3,ok,0.5635,75.49112275712429,81.87149700949905,True,70.59245701618373,True,True,True,False,False,64.01807440893676,True,69.25996561294698,True,True,True,False,False,56.1804595271494
1,p1g2_030,2,delete_bilin,"[""p6g8_033""]",54fe617cf706055f,ok,partial,0.4463,60.6681493182446,66.0141990909928,3|grow|mobile|liquid|s1|g2|structured,True,True,False,False,0,2,,p1g2_030_s2,ok,0.3415,66.34159824535993,77.07213099381323,,,,,,True,60.6681493182446,True,False,False,False,False,,False,57.46051945459568,False,False,False,False,False,
1,p1g2_035,2,add_chan,"[""p6g7_028""]",497b89686dc6f9d8,ok,partial,0.3942,67.32934648017411,76.63246197356547,3|grow|rotor|liquid|s1|g2|structured,True,True,True,True,0,3,0.3541,p1g2_035_s2,ok,0.3746,59.10564832794559,66.32086443726078,p1g2_035_s3,ok,0.3541,68.22336896091812,79.1611586145575,False,67.32934648017411,False,False,False,False,False,59.10564832794559,False,61.74747718413928,False,False,False,False,False,54.776518662356466
1,p1g2_037,2,add_chan,"[""p6g7_028""]",d08de5105ed4f9b6,ok,partial,0.1198,45.10763025281283,56.15017367041711,3|switch|drift|liquid|s1|g2|structured,True,True,False,False,0,2,,p1g2_037_s2,ok,0.1286,46.90526096655758,58.25368128874343,,,,,,False,45.10763025281283,False,False,False,False,False,,False,38.48210420225027,False,False,False,False,False,
1,p1g2_041,2,dup_act,"[""p6g7_028""]",430ec159bd652901,ok,partial,0.0,20.176167105292123,26.9015561403895,2|constant|still|frozen|s1|g2|mixed,False,False,False,False,0,1,,,,,,,,,,,,False,20.176167105292123,False,False,False,False,False,,False,16.140933684233698,False,False,False,False,False,
1,p1g2_042,2,dup_act,"[""p6g5_026""]",1d838d3016044970,ok,partial,0.0,30.167639189849798,40.22351891979973,2|oscillator|still|liquid|s1|g2|mixed,True,True,True,True,0,3,0.0,p1g2_042_s2,ok,0.0,42.40420491363493,56.53893988484657,p1g2_042_s3,ok,0.0,28.56323295980725,38.08431061307633,False,30.167639189849798,False,False,False,False,False,28.56323295980725,False,24.134111351879838,False,False,False,False,False,22.8505863678458
1,p1g2_045,2,dup_act,"[""p6g7_028""]",532af8658b2d47ba,ok,partial,0.0,20.180203486270415,26.906937981693886,2|constant|still|frozen|s1|g2|mixed,False,False,False,False,0,1,,,,,,,,,,,,False,20.180203486270415,False,False,False,False,False,,False,16.14416278901633,False,False,False,False,False,
1,p1g2_046,2,dup_act,"[""p1g1_018""]",d266159da94d1447,ok,partial,0.0,20.167438588744375,26.889918118325834,2|constant|still|frozen|s1|g2|mixed,False,False,False,False,0,1,,,,,,,,,,,,False,20.167438588744375,False,False,False,False,False,,False,16.1339508709955,False,False,False,False,False,
1,p1g2_051,2,merge_spatial_ic,"[""p3g9_022"",""p6g8_020""]",9a815b4bb1db78ea,ok,partial,0.6097,73.299540481978,77.409387309304,4|grow|mobile|liquid|s1|g2|structured,True,True,True,True,0,3,0.551,p1g2_051_s2,ok,0.551,75.31865484314005,82.05820645752007,p1g2_051_s3,ok,0.6631,82.10924074455039,87.37565432606719,True,73.299540481978,True,True,True,True,True,73.299540481978,True,70.83363238558239,True,True,True,True,True,70.83363238558239
1,p1g2_052,2,merge_spatial_ic,"[""p3g9_022"",""p1g1_053""]",9a815b4bb1db78ea,ok,partial,0.5794,65.53968927707021,68.07291903609361,4|switch|mobile|liquid|s1|g2|structured,True,True,True,True,0,3,0.5783,p1g2_052_s2,ok,0.5783,76.97664703650436,83.35886271533916,p1g2_052_s3,ok,0.6631,82.10924074455039,87.37565432606719,True,65.53968927707021,True,True,True,True,True,65.53968927707021,True,64.01975142165617,True,True,True,True,True,64.01975142165617
1,p1g2_053,2,merge_spatial_ic,"[""p3g5_003"",""p4g1_018""]",a8588ddb13332b62,ok,partial,0.5607,65.17177334200339,68.20569778933785,4|switch|mobile|liquid|s1|g1|structured,False,False,False,False,0,1,,,,,,,,,,,,True,65.17177334200339,True,False,False,False,False,,True,63.3514186736027,True,False,False,False,False,
1,p1g2_057,2,merge_cross_edge,"[""p4g5_070"",""ref_iso_d0.65""]",1d6d57e7ee1d45d0,ok,partial,0.4925,44.4840348496836,42.89537979957814,2|switch|mobile|liquid|s1|g2|structured,False,False,False,False,0,1,,,,,,,,,,,,False,44.4840348496836,False,False,False,False,False,,False,45.437227879746885,False,False,False,False,False,
1,p1g2_066,2,merge_cross_edge,"[""p1g2_008"",""blk_p6g1_043""]",13f1dadd8402919e,ok,partial,0.5706,62.26994992373572,64.00659989831429,4|switch|mobile|liquid|s1|g2|structured,False,False,False,False,0,1,,,,,,,,,,,,True,62.26994992373572,True,False,False,False,False,,True,61.22795993898857,True,False,False,False,False,
1,p1g2_075,2,merge_slow_tanh,"[""p3g9_021"",""ref_M0""]",bbf7a160336e6fc6,ok,partial,0.0,26.67870536823339,35.57160715764452,3|constant|drift|flicker|s1|g2|mixed,True,True,True,True,0,3,0.0,p1g2_075_s2,ok,0.0,23.69832732825535,31.597769771007133,p1g2_075_s3,ok,0.0,21.29516991758701,28.393559890116016,False,26.67870536823339,False,False,False,False,False,21.29516991758701,False,21.34296429458671,False,False,False,False,False,17.03613593406961
1,p1g2_076,2,merge_share_chan,"[""p2g6_020"",""ref_iso_d0.65""]",17bfedd9ebab6000,ok,partial,0.2699,50.8092777047303,58.7490369396404,4|switch|rotor|liquid|s1|g2|mixed,False,False,False,False,0,1,,,,,,,,,,,,False,50.8092777047303,False,False,False,False,False,,False,46.04542216378424,False,False,False,False,False,
1,p1g2_079,2,merge_share_chan,"[""p1g1_069"",""ref_iso_d0.65""]",dc83264b5807f57d,ok,partial,0.3772,60.40251684676467,67.96335579568623,4|switch|mobile|liquid|s1|g2|mixed,True,True,True,True,0,3,0.3772,p1g2_079_s2,ok,0.3785,65.81013458930396,75.13017945240527,p1g2_079_s3,ok,0.4134,62.5156784679724,69.57423795729653,False,60.40251684676467,True,True,False,False,False,60.40251684676467,False,55.866013477411734,False,False,False,False,False,55.866013477411734
1,p1g2_000,2,mutate,"[""p6g7_028""]",dab0fd044c7af47d,ok,partial,0.3261,47.967172632508635,53.086230176678185,3|oscillator|mobile|liquid|s1|g2|structured,True,True,True,True,0,3,0.2797,p1g2_000_s2,ok,0.2797,47.6785484722633,54.2480646296844,p1g2_000_s3,ok,0.3476,60.16467815918533,68.6329042122471,False,47.967172632508635,False,False,False,False,False,47.6785484722633,False,44.89573810600691,False,False,False,False,False,43.73683877781064
1,p1g2_016,2,mint_bilin,"[""p5g4_065""]",97d95edb5702e454,ok,partial,0.0,56.66724421773349,75.55632562364465,4|switch|mobile|liquid|s1|g2|mixed,False,False,False,False,0,1,,,,,,,,,,,,False,56.66724421773349,False,False,False,False,False,,False,45.33379537418679,False,False,False,False,False,
1,p1g2_019,2,mint_bilin,"[""p6g5_026""]",00f14aca141b1857,ok,partial,0.2873,65.92713856493937,78.32618475325249,3|grow|mobile|liquid|s2|g2|structured,True,True,False,False,0,2,,p1g2_019_s2,ok,0.2437,64.75159079550203,78.21212106066938,,,,,,False,65.92713856493937,False,False,False,False,False,,False,58.48771085195149,False,False,False,False,False,
1,p1g2_021,2,mint_bilin,"[""p1g2_008""]",cd3b802cf2dc17d5,ok,partial,0.3641,56.03553162627973,62.5773755017063,4|switch|mobile|liquid|s1|g0|mixed,True,True,True,False,1,2,,p1g2_021_s2,ok,0.3793,58.4088010516853,65.23506806891373,,,,,,False,56.03553162627973,False,False,False,False,False,,False,52.11042530102378,False,False,False,False,False,
1,p1g2_028,2,delete_bilin,"[""p1g7_023""]",a4fb766e789d8925,ok,partial,0.4726,60.042857327093444,64.30380976945793,4|grow|rotor|liquid|s1|g0|structured,True,True,True,True,0,3,0.4064,p1g2_028_s2,ok,0.4064,63.454606922800195,71.05947589706693,p1g2_028_s3,ok,0.488,65.20766113412765,70.6768815121702,True,60.042857327093444,True,True,True,True,True,60.042857327093444,False,57.48628586167476,True,True,False,False,False,57.48628586167476
1,p1g2_031,2,delete_bilin,"[""p6g7_028""]",04abf03262a9dbaf,ok,partial,0.3925,69.67898961017008,79.82198614689344,3|switch|rotor|liquid|s2|g2|structured,True,True,True,True,0,3,0.2579,p1g2_031_s2,ok,0.2579,70.9492729622667,86.00236394968894,p1g2_031_s3,ok,0.3269,70.73194412931917,83.41259217242556,False,69.67898961017008,False,False,False,False,False,69.67898961017008,False,63.593191688136066,False,False,False,False,False,61.91741836981337
1,p1g2_036,2,add_chan,"[""p1g1_006""]",a28c7ceedeb71ec5,ok,partial,0.1361,39.01820597887429,47.48760797183238,2|constant|drift|liquid|s1|g2|mixed,True,True,True,True,0,3,0.1014,p1g2_036_s2,ok,0.1618,40.350403309161706,48.407204412215606,p1g2_036_s3,ok,0.1014,41.10905129578208,51.43206839437611,False,39.01820597887429,False,False,False,False,False,39.01820597887429,False,33.93656478309943,False,False,False,False,False,33.93656478309943
1,p1g2_048,2,merge_spatial_ic,"[""p6g7_028"",""p2g1_040""]",99843d9cd96588d6,ok,partial,0.5087,73.38813249661591,80.89417666215455,3|grow|mobile|liquid|s2|g2|structured,True,True,True,True,0,3,0.3698,p1g2_048_s2,ok,0.3698,66.01241131751148,75.68988175668197,p1g2_048_s3,ok,0.3906,74.92995339061608,86.88660452082144,True,73.38813249661591,True,False,False,False,False,66.01241131751148,True,68.88450599729273,True,False,False,False,False,60.20592905400918
1,p1g2_050,2,merge_spatial_ic,"[""p6g5_026"",""p2g6_031""]",ead25ce87e4b853d,ok,partial,0.362,65.29332084646373,74.99109446195165,3|switch|mobile|liquid|s1|g2|structured,False,False,False,False,0,1,,,,,,,,,,,,False,65.29332084646373,False,False,False,False,False,,False,59.474656677170984,False,False,False,False,False,
1,p1g2_055,2,merge_spatial_ic,"[""p3g7_014"",""p3g8_042""]",bb89c8e401f4f69a,ok,partial,0.5446,65.08742902728709,68.62990536971613,3|switch|mobile|liquid|s1|g2|structured,False,False,False,False,0,1,,,,,,,,,,,,True,65.08742902728709,True,False,False,False,False,,True,62.96194322182967,True,False,False,False,False,
1,p1g2_071,2,merge_slow_tanh,"[""p2g4_053"",""ref_BFIELD_g0.05""]",ff86dc7ea86a0b5a,ok,partial,0.4354,63.68749898498554,70.40333197998072,3|grow|mobile|liquid|s1|g2|structured,True,True,True,True,0,3,0.4337,p1g2_071_s2,ok,0.4337,64.12759638217003,71.0467951762267,p1g2_071_s3,ok,0.4404,63.885935794054866,70.50124772540649,True,63.68749898498554,True,True,True,True,True,63.68749898498554,False,59.65799918798844,False,False,False,False,False,59.65799918798844
1,p1g2_003,2,mutate,"[""p4g4_018""]",fd9903147f8cb2aa,ok,partial,0.1737,53.90835230478491,66.08780307304654,3|switch|drift|liquid|s1|g2|mixed,True,True,True,True,0,3,0.1737,p1g2_003_s2,ok,0.2708,56.727894752854226,66.61052633713898,p1g2_003_s3,ok,0.1996,54.8020981284296,66.41613083790612,False,53.90835230478491,False,False,False,False,False,53.90835230478491,False,46.60068184382793,False,False,False,False,False,46.60068184382793
1,p1g2_012,2,mutate,"[""p1g1_006""]",6b45a58efcb59f51,ok,partial,0.2328,47.442395618560134,55.49652749141352,2|switch|drift|liquid|s1|g2|mixed,True,True,True,True,0,3,0.1107,p1g2_012_s2,ok,0.2103,47.188077956697136,55.90743727559618,p1g2_012_s3,ok,0.1107,47.56898161346885,59.73530881795847,False,47.442395618560134,False,False,False,False,False,47.188077956697136,False,42.60991649484811,False,False,False,False,False,40.26918529077508
1,p1g2_018,2,mint_bilin,"[""p2g6_020""]",fcf56db84440c78d,ok,partial,0.3072,53.14543277298633,60.62057703064845,3|switch|rotor|liquid|s1|g2|structured,False,False,False,False,0,1,,,,,,,,,,,,False,53.14543277298633,False,False,False,False,False,,False,48.660346218389066,False,False,False,False,False,
1,p1g2_039,2,add_chan,"[""p0g0_ds2g11_009""]",615d5039f8aa5409,ok,partial,0.0,12.505080452652734,16.673440603536978,2|constant|still|frozen|s1|g2|mixed,False,False,False,False,0,1,,,,,,,,,,,,False,12.505080452652734,False,False,False,False,False,,False,10.004064362122186,False,False,False,False,False,
1,p1g2_072,2,merge_slow_tanh,"[""p1g1_000"",""blk_engine_10748""]",a007ee749b60edee,ok,partial,0.509,61.872353438354644,65.52980458447286,3|switch|rotor|liquid|s1|g2|structured,True,True,False,False,0,2,,p1g2_072_s2,ok,0.5303,62.32727589968763,65.42636786625017,,,,,,True,61.872353438354644,True,True,True,False,False,,False,59.677882750683715,True,True,False,False,False,
1,p1g2_002,2,mutate,"[""p2g6_020""]",ea2bcc01b6997f2e,ok,partial,0.3139,50.18182879265285,56.44577172353713,3|switch|drift|liquid|s1|g2|structured,True,True,True,True,0,3,0.1453,p1g2_002_s2,ok,0.1453,51.7950796782179,64.21677290429054,p1g2_002_s3,ok,0.4362,53.82503874235681,57.226718323142414,False,50.18182879265285,False,False,False,False,False,50.18182879265285,False,46.42346303412228,False,False,False,False,False,44.34206374257432
1,p1g2_008,2,mutate,"[""p3g6_070""]",2e7f82f20c7a06c0,ok,partial,0.5389,58.44597231195282,59.96462974927043,3|switch|mobile|liquid|s1|g2|structured,False,False,False,False,0,1,,,,,,,,,,,,False,58.44597231195282,False,False,False,False,False,,False,57.53477784956226,False,False,False,False,False,
1,p1g2_020,2,mint_bilin,"[""p3g6_070""]",94568c24e2971139,ok,partial,0.2196,44.507705741508225,52.02360765534429,3|oscillator|drift|liquid|s1|g2|structured,True,True,False,False,0,2,,p1g2_020_s2,ok,0.251,45.31795765338646,52.05727687118195,,,,,,False,44.507705741508225,False,False,False,False,False,,False,39.998164593206575,False,False,False,False,False,
1,p1g2_026,2,mint_bilin,"[""p2g6_020""]",4a63f7f0bfa89a31,ok,partial,0.2461,64.21779657591244,77.42039543454992,3|switch|rotor|liquid|s2|g2|structured,False,False,False,False,0,1,,,,,,,,,,,,False,64.21779657591244,False,False,False,False,False,,False,56.29623726072995,False,False,False,False,False,
1,p1g2_029,2,delete_bilin,"[""p2g6_020""]",0ca4df05e2dd82dc,ok,partial,0.548,70.7113039663378,76.01507195511705,3|grow|rotor|liquid|s2|g2|structured,False,False,False,False,0,1,,,,,,,,,,,,True,70.7113039663378,True,False,False,False,False,,True,67.52904317307022,True,False,False,False,False,
1,p1g2_054,2,merge_spatial_ic,"[""p6g5_025"",""p3g6_061""]",c53633b366a18482,ok,partial,0.4188,64.77503164947835,72.40670886597114,3|switch|rotor|liquid|s1|g2|structured,True,True,True,True,0,3,0.2639,p1g2_054_s2,ok,0.2639,52.87395231465635,61.701936419541795,p1g2_054_s3,ok,0.265,57.014599491106694,67.18613265480893,True,64.77503164947835,True,False,False,False,False,52.87395231465635,True,60.19602531958269,True,False,False,False,False,47.57716185172508
1,p1g2_063,2,merge_cross_edge,"[""p10g0_ds6_000"",""blk_engine_10748""]",63288965008e142b,ok,partial,0.4654,62.404609855431396,67.6928131405752,3|switch|rotor|liquid|s1|g2|structured,False,False,False,False,0,1,,,,,,,,,,,,True,62.404609855431396,True,False,False,False,False,,False,59.231687884345114,False,False,False,False,False,
1,p1g2_080,2,immigrate,,749dc08a9dfeefeb,no_blobs,missing,,0.0,,,False,False,False,False,0,1,,,,,,,,,,,,False,,False,False,False,False,False,,False,,False,False,False,False,False,
1,p1g2_085,2,immigrate,,bad4bdc00f58fa81,no_blobs,missing,,0.0,,,False,False,False,False,0,1,,,,,,,,,,,,False,,False,False,False,False,False,,False,,False,False,False,False,False,
1,p1g2_086,2,immigrate,,f01a2cdb0ebd3b37,no_blobs,missing,,0.0,,,False,False,False,False,0,1,,,,,,,,,,,,False,,False,False,False,False,False,,False,,False,False,False,False,False,
1,p1g2_088,2,immigrate,,e17ec5d2e65382fa,no_blobs,missing,,0.0,,,False,False,False,False,0,1,,,,,,,,,,,,False,,False,False,False,False,False,,False,,False,False,False,False,False,
1,p1g2_092,2,immigrate,,ab70fc6dd00a7af7,no_blobs,missing,,0.0,,,False,False,False,False,0,1,,,,,,,,,,,,False,,False,False,False,False,False,,False,,False,False,False,False,False,
1,p1g2_093,2,immigrate,,869a88994ffc8699,no_blobs,missing,,0.0,,,False,False,False,False,0,1,,,,,,,,,,,,False,,False,False,False,False,False,,False,,False,False,False,False,False,
1,p1g2_094,2,immigrate,,614662ee488f1e7e,no_blobs,missing,,0.0,,,False,False,False,False,0,1,,,,,,,,,,,,False,,False,False,False,False,False,,False,,False,False,False,False,False,
1,p1g2_096,2,immigrate,,0e1adfad87023ed7,no_blobs,missing,,0.0,,,False,False,False,False,0,1,,,,,,,,,,,,False,,False,False,False,False,False,,False,,False,False,False,False,False,
1,p1g2_099,2,immigrate,,9db24a7998e3a774,no_blobs,missing,,0.0,,,False,False,False,False,0,1,,,,,,,,,,,,False,,False,False,False,False,False,,False,,False,False,False,False,False,
1,p1g2_081,2,immigrate,,f66c8179e2972200,no_blobs,missing,,0.0,,,False,False,False,False,0,1,,,,,,,,,,,,False,,False,False,False,False,False,,False,,False,False,False,False,False,
1,p1g2_083,2,immigrate,,11883f8d6cd45a96,no_blobs,missing,,0.0,,,False,False,False,False,0,1,,,,,,,,,,,,False,,False,False,False,False,False,,False,,False,False,False,False,False,
1,p1g2_097,2,immigrate,,39dc1c7adbefd1a4,no_blobs,missing,,0.0,,,False,False,False,False,0,1,,,,,,,,,,,,False,,False,False,False,False,False,,False,,False,False,False,False,False,
1,p1g2_084,2,immigrate,,2eaa8fa72a8823d8,ok,partial,0.0,0.0,0.0,1|constant|still|gas|s1|g0|mixed,False,False,False,False,0,1,,,,,,,,,,,,False,0.0,False,False,False,False,False,,False,0.0,False,False,False,False,False,
1,p1g2_087,2,immigrate,,7f8559324d3431b1,ok,partial,0.0,0.0,0.0,1|constant|still|gas|s1|g0|mixed,False,False,False,False,0,1,,,,,,,,,,,,False,0.0,False,False,False,False,False,,False,0.0,False,False,False,False,False,
1,p1g2_089,2,immigrate,,547b2c4bfe25137c,ok,partial,0.0,0.0,0.0,1|constant|still|gas|s1|g0|mixed,False,False,False,False,0,1,,,,,,,,,,,,False,0.0,False,False,False,False,False,,False,0.0,False,False,False,False,False,
1,p1g2_095,2,immigrate,,9f25e115ea9efb77,ok,partial,0.0,0.0,0.0,1|constant|still|gas|s1|g0|mixed,False,False,False,False,0,1,,,,,,,,,,,,False,0.0,False,False,False,False,False,,False,0.0,False,False,False,False,False,
1,p1g2_091,2,immigrate,,c7780cc2bce8111a,ok,partial,0.0,0.0,0.0,1|constant|still|gas|s1|g0|mixed,False,False,False,False,0,1,,,,,,,,,,,,False,0.0,False,False,False,False,False,,False,0.0,False,False,False,False,False,
1,p1g2_098,2,immigrate,,e4c4ecb1bff2bd39,no_blobs,missing,,0.0,,,False,False,False,False,0,1,,,,,,,,,,,,False,,False,False,False,False,False,,False,,False,False,False,False,False,
1,p1g2_090,2,immigrate,,ecaa4f3bd9f7807f,ok,partial,0.0,0.0,0.0,1|switch|still|gas|s1|g0|mixed,False,False,False,False,0,1,,,,,,,,,,,,False,0.0,False,False,False,False,False,,False,0.0,False,False,False,False,False,
1,p1g2_082,2,immigrate,,c258473fe4f58b11,ok,partial,0.0,0.0,0.0,1|constant|still|gas|s1|g0|mixed,False,False,False,False,0,1,,,,,,,,,,,,False,0.0,False,False,False,False,False,,False,0.0,False,False,False,False,False,
1,p1g2_023,2,mint_bilin,"[""p2g4_062""]",cfef5f9f077cc116,ok,partial,0.405,66.45352169952577,75.10469559936769,2|grow|mobile|liquid|s1|g2|structured,True,True,True,True,0,3,0.383,p1g2_023_s2,ok,0.383,64.18312994527635,72.81083992703513,p1g2_023_s3,ok,0.4027,63.62145929090691,71.40527905454255,True,66.45352169952577,True,True,True,False,False,63.62145929090691,True,61.26281735962061,True,False,False,False,False,58.951167432725526
1,p1g3_042,3,dup_act,"[""p6g3_008""]",ccf602a31eefbb4f,fail_g0a,missing,,,,,False,False,False,False,0,1,,,,,,,,,,,,False,,False,False,False,False,False,,False,,False,False,False,False,False,
1,p1g3_077,3,merge_share_chan,"[""p2g6_020"",""blk_engine_10748""]",cade27aaa627f603,fail_g0a,missing,,,,,False,False,False,False,0,1,,,,,,,,,,,,False,,False,False,False,False,False,,False,,False,False,False,False,False,
1,p1g3_040,3,dup_act,"[""p2g4_062""]",7d1ec680aa621e4d,fail_g0a,missing,,,,,False,False,False,False,0,1,,,,,,,,,,,,False,,False,False,False,False,False,,False,,False,False,False,False,False,
1,p1g3_044,3,dup_act,"[""p1g1_023""]",2ea3f66fff8f0377,ok,partial,0.0,45.63336953453969,60.844492712719585,4|grow|mobile|liquid|s1|g1|mixed,True,True,True,True,0,3,0.0,p1g3_044_s2,ok,0.0,47.26652043930207,63.022027252402765,p1g3_044_s3,ok,0.0,47.03560950164632,62.71414600219509,False,45.63336953453969,False,False,False,False,False,45.63336953453969,False,36.50669562763175,False,False,False,False,False,36.50669562763175
1,p1g3_009,3,mutate,"[""p3g9_021""]",661cec349b9b822b,ok,partial,0.0,44.71806916417686,59.62409221890248,3|switch|rotor|liquid|s1|g1|mixed,True,True,True,True,0,3,0.0,p1g3_009_s2,ok,0.0,50.04411594364244,66.72548792485658,p1g3_009_s3,ok,0.0,47.83523083609675,63.780307781462334,False,44.71806916417686,False,False,False,False,False,44.71806916417686,False,35.774455331341485,False,False,False,False,False,35.774455331341485
1,p1g3_076,3,merge_share_chan,"[""p2g4_053"",""ref_iso_d0.75""]",d7833bf7894f018f,ok,partial,0.2902,61.50736294651251,72.33648392868334,3|switch|mobile|liquid|s1|g2|mixed,True,True,False,False,0,2,,p1g3_076_s2,ok,0.2988,63.49263739195047,74.69684985593396,,,,,,False,61.50736294651251,False,False,False,False,False,,False,55.00989035721,False,False,False,False,False,
1,p1g3_010,3,mutate,"[""p2g7_039""]",c08b6fec57dddd7d,ok,partial,0.1419,16.867250953545433,17.759667938060577,2|constant|drift|gas|s1|g0|mixed,True,True,True,True,0,3,0.0,p1g3_010_s2,ok,0.0,15.78470818206739,21.046277576089853,p1g3_010_s3,ok,0.0,18.25350027419859,24.33800036559812,False,16.867250953545433,False,False,False,False,False,15.78470818206739,False,16.331800762836345,False,False,False,False,False,12.62776654565391
1,p1g3_021,3,mint_bilin,"[""p2g7_039""]",795240479528f5d5,ok,partial,0.6775,61.03268807540011,58.79358410053348,3|switch|mobile|liquid|s1|g2|structured,False,False,False,False,0,1,,,,,,,,,,,,True,61.03268807540011,True,False,False,False,False,,True,62.37615046032009,True,False,False,False,False,
1,p1g3_029,3,delete_bilin,"[""p1g2_064""]",189308288a79aece,ok,partial,0.1574,40.25725334308463,48.42967112411283,3|oscillator|still|liquid|s1|g2|structured,True,True,True,True,0,3,0.1469,p1g3_029_s2,ok,0.1469,39.79208136878181,48.15944182504241,p1g3_029_s3,ok,0.1691,42.227645306012036,50.66686040801605,False,40.25725334308463,False,False,False,False,False,39.79208136878181,False,35.353802674467694,False,False,False,False,False,34.77166509502544
1,p1g3_033,3,add_chan,"[""p6g9_021""]",e70105648792a009,ok,partial,0.3805,57.74679920514005,64.31239894018672,3|switch|mobile|liquid|s1|g2|structured,False,False,False,False,0,1,,,,,,,,,,,,False,57.74679920514005,False,False,False,False,False,,False,53.807439364112035,False,False,False,False,False,
1,p1g3_038,3,add_chan,"[""p6g8_033""]",8ee6047aa24629dd,ok,partial,0.3708,58.46752706723494,65.59670275631326,2|switch|mobile|liquid|s1|g2|structured,False,False,False,False,0,1,,,,,,,,,,,,False,58.46752706723494,False,False,False,False,False,,False,54.19002165378796,False,False,False,False,False,
1,p1g3_013,3,mutate,"[""p0g1_055""]",8f3be4fb22974f5f,ok,partial,0.0237,20.177136303137083,26.112848404182778,3|constant|drift|frozen|s1|g2|mixed,False,False,False,False,0,1,,,,,,,,,,,,False,20.177136303137083,False,False,False,False,False,,False,16.615709042509664,False,False,False,False,False,
1,p1g3_017,3,mint_bilin,"[""p1g1_034""]",e8990416c23edc5d,ok,partial,0.0,46.62866326459056,62.17155101945407,3|grow|mobile|liquid|s1|g2|mixed,True,True,True,True,0,3,0.0,p1g3_017_s2,ok,0.0,45.19164277835654,60.25552370447538,p1g3_017_s3,ok,0.0,49.32463029179569,65.76617372239426,False,46.62866326459056,False,False,False,False,False,45.19164277835654,False,37.302930611672444,False,False,False,False,False,36.153314222685225
1,p1g3_022,3,mint_bilin,"[""p1g2_015""]",a124b3b8018682ee,ok,partial,0.0,2.97374202209408,3.9649893627921067,2|constant|still|frozen|s1|g0|mixed,True,True,False,False,0,2,,p1g3_022_s2,ok,0.0,6.528365733461626,8.7044876446155,,,,,,False,2.97374202209408,False,False,False,False,False,,False,2.3789936176752637,False,False,False,False,False,
1,p1g3_031,3,delete_bilin,"[""p2g7_039""]",8b6c65374d3dbb50,ok,partial,0.3866,63.65638799801069,71.98851733068092,4|grow|rotor|liquid|s1|g2|structured,False,False,False,False,0,1,,,,,,,,,,,,False,63.65638799801069,False,False,False,False,False,,False,58.65711039840855,False,False,False,False,False,
1,p1g3_035,3,add_chan,"[""p4g7_062""]",46505242674afd5a,ok,partial,0.0,47.74766101642102,63.66354802189469,4|switch|rotor|flicker|s1|g2|mixed,True,True,True,False,1,2,,p1g3_035_s2,ok,0.0,50.30766587657217,67.07688783542956,,,,,,False,47.74766101642102,False,False,False,False,False,,False,38.19812881313681,False,False,False,False,False,
1,p1g3_036,3,add_chan,"[""p6g3_033""]",9d66d9b5a5604b4f,ok,partial,0.2921,68.36884760255049,81.42179680340065,4|switch|mobile|liquid|s1|g2|structured,True,True,True,True,0,3,0.2921,p1g3_036_s2,ok,0.3386,69.22317996320076,81.01090661760102,p1g3_036_s3,ok,0.3911,70.69290855718884,81.22054474291845,False,68.36884760255049,False,False,False,False,False,68.36884760255049,False,60.537078082040395,False,False,False,False,False,60.537078082040395
1,p1g3_039,3,add_chan,"[""p2g3_073""]",25958d68c2f59123,ok,partial,0.4959,72.62778399084357,80.30704532112475,4|switch|rotor|flicker|s3|g2|structured,True,True,True,True,0,3,0.3934,p1g3_039_s2,ok,0.3934,63.350717479124,71.35428997216533,p1g3_039_s3,ok,0.4171,65.9688531873571,74.05513758314281,True,72.62778399084357,True,True,True,False,False,63.350717479124,True,68.02022719267484,True,True,True,False,False,58.54857398329919
1,p1g3_045,3,dup_act,"[""p6g9_021""]",8bbf12cf7adefe25,ok,partial,0.0,59.918969586285996,79.89195944838133,4|grow|mobile|liquid|s1|g2|mixed,True,True,True,True,0,3,0.0,p1g3_045_s2,ok,0.0,59.790027689829394,79.72003691977253,p1g3_045_s3,ok,0.0,61.1467469146594,81.52899588621254,False,59.918969586285996,False,False,False,False,False,59.790027689829394,False,47.935175669028794,False,False,False,False,False,47.83202215186351
1,p1g3_047,3,dup_act,"[""p1g2_022""]",07eed8c04a50e7f0,ok,partial,0.0,0.0,0.0,1|relaxation|drift|gas|s1|g0|mixed,False,False,False,False,0,1,,,,,,,,,,,,False,0.0,False,False,False,False,False,,False,0.0,False,False,False,False,False,
1,p1g3_056,3,merge_cross_edge,"[""p5g8_007"",""ref_M4_tau5.7""]",f985c73f104bc0e0,ok,partial,0.0,48.85191754278901,65.13589005705201,4|switch|drift|liquid|s1|g2|mixed,False,False,False,False,0,1,,,,,,,,,,,,False,48.85191754278901,False,False,False,False,False,,False,39.081534034231204,False,False,False,False,False,
1,p1g3_057,3,merge_cross_edge,"[""p2g6_020"",""ref_M4_tau5.7""]",2a64858794727415,ok,partial,0.2868,67.49566126928335,80.43421502571113,4|switch|rotor|liquid|s2|g2|structured,False,False,False,False,0,1,,,,,,,,,,,,False,67.49566126928335,False,False,False,False,False,,False,59.73252901542668,False,False,False,False,False,
1,p1g3_058,3,merge_cross_edge,"[""p2g6_020"",""ref_M4_tau5.7""]",36494a2a01a5214c,ok,partial,0.1796,66.4032203180478,82.55096042406375,4|grow|rotor|liquid|s3|g2|mixed,False,False,False,False,0,1,,,,,,,,,,,,False,66.4032203180478,False,False,False,False,False,,False,56.71457625443824,False,False,False,False,False,
1,p1g3_060,3,merge_cross_edge,"[""p2g6_020"",""ref_M0""]",6e54ca5ec9a42a80,ok,partial,0.4993,58.91412028920125,61.908827052268336,3|oscillator|mobile|liquid|s1|g2|structured,True,True,False,False,0,2,,p1g3_060_s2,ok,0.5571,59.06369141829756,60.18158855773007,,,,,,False,58.91412028920125,False,False,False,False,False,,False,57.117296231361,False,False,False,False,False,
1,p1g3_061,3,merge_cross_edge,"[""p2g6_020"",""ref_iso_d0.75""]",bc040d8b26def477,ok,partial,0.6883,71.30177491426885,72.1256998856918,4|switch|rotor|liquid|s1|g2|structured,True,True,True,True,0,3,0.3992,p1g3_061_s2,ok,0.4763,65.9186332584124,72.01484434454987,p1g3_061_s3,ok,0.3992,58.11199765623272,64.17599687497695,True,71.30177491426885,True,True,True,False,False,58.11199765623272,True,70.80741993141508,True,True,True,False,False,54.47359812498617
1,p1g3_065,3,merge_cross_edge,"[""p2g6_020"",""ref_iso_d0.65""]",96e8b5639d10b2ad,ok,partial,0.3206,65.454622398606,76.58616319814135,3|switch|rotor|liquid|s2|g2|structured,False,False,False,False,0,1,,,,,,,,,,,,False,65.454622398606,False,False,False,False,False,,False,58.77569791888481,False,False,False,False,False,
1,p1g3_066,3,merge_cross_edge,"[""p2g6_020"",""blk_engine_10748""]",a1809554aa97f801,ok,partial,0.659,67.74528623275444,68.36038164367257,4|switch|rotor|liquid|s1|g2|structured,False,False,False,False,0,1,,,,,,,,,,,,True,67.74528623275444,True,False,False,False,False,,True,67.37622898620353,True,False,False,False,False,
1,p1g3_067,3,merge_cross_edge,"[""p1g2_003"",""ref_M0""]",4abe4d85a6e646ca,ok,partial,0.0,50.49454754178254,67.32606338904338,4|switch|drift|liquid|s1|g2|mixed,False,False,False,False,0,1,,,,,,,,,,,,False,50.49454754178254,False,False,False,False,False,,False,40.39563803342603,False,False,False,False,False,
1,p1g3_068,3,merge_cross_edge,"[""p2g6_020"",""ref_iso_d0.75""]",2c8b16510532bfe8,ok,partial,0.4591,71.60359242522368,80.16812323363158,4|switch|rotor|liquid|s2|g2|structured,True,True,True,True,0,3,0.3055,p1g3_068_s2,ok,0.3055,70.06224214481033,83.23298952641377,p1g3_068_s3,ok,0.5128,79.27251587627347,88.60335450169798,True,71.60359242522368,True,True,True,False,False,70.06224214481033,True,66.46487394017895,True,True,True,False,False,62.15979371584826
1,p1g3_069,3,merge_cross_edge,"[""p2g6_020"",""ref_iso_d0.65""]",1f0557ecbd4f03af,ok,partial,0.2382,56.950163513816655,67.99355135175554,3|switch|rotor|liquid|s1|g2|structured,False,False,False,False,0,1,,,,,,,,,,,,False,56.950163513816655,False,False,False,False,False,,False,50.32413081105332,False,False,False,False,False,
1,p1g3_071,3,merge_slow_tanh,"[""p0g0_ds2g11_009"",""ref_iso_d0.75""]",751a56a9321d6ba7,ok,partial,0.1971,43.373450344342395,51.26126712578986,4|grow|mobile|liquid|s1|g2|structured,False,False,False,False,0,1,,,,,,,,,,,,False,43.373450344342395,False,False,False,False,False,,False,38.64076027547391,False,False,False,False,False,
1,p1g3_072,3,merge_cross_edge,"[""p1g2_054"",""ref_M0""]",886c7e72db6d9b69,ok,partial,0.284,59.09827574207443,69.3310343227659,3|grow|rotor|liquid|s1|g2|structured,False,False,False,False,0,1,,,,,,,,,,,,False,59.09827574207443,False,False,False,False,False,,False,52.95862059365954,False,False,False,False,False,
1,p1g3_073,3,merge_cross_edge,"[""p2g6_020"",""ref_M0""]",ab4c130be02dfdd4,ok,partial,0.5017,73.2769650918325,80.97928678910999,4|grow|rotor|liquid|s2|g2|structured,False,False,False,False,0,1,,,,,,,,,,,,True,73.2769650918325,True,False,False,False,False,,True,68.65557207346599,True,False,False,False,False,
1,p1g3_000,3,mutate,"[""p3g6_032""]",37d04832dc0650ff,ok,partial,0.0,3.896010976481622,5.194681301975496,2|constant|still|frozen|s1|g0|mixed,True,True,True,True,0,3,0.0,p1g3_000_s2,ok,0.0,3.9063857943587608,5.208514392478348,p1g3_000_s3,ok,0.0,3.9040584880543623,5.205411317405816,False,3.896010976481622,False,False,False,False,False,3.896010976481622,False,3.1168087811852976,False,False,False,False,False,3.1168087811852976
1,p1g3_001,3,mutate,"[""p6g8_033""]",9683bad917ca2cc1,ok,partial,0.2397,46.06295373911402,53.42727165215203,2|switch|mobile|liquid|s1|g2|structured,False,False,False,False,0,1,,,,,,,,,,,,False,46.06295373911402,False,False,False,False,False,,False,41.64436299129122,False,False,False,False,False,
1,p1g3_002,3,mutate,"[""p6g8_033""]",792a11ae5ca6b916,ok,partial,0.1346,40.169008545961155,49.07201139461487,2|grow|drift|liquid|s1|g2|mixed,True,True,True,True,0,3,0.0699,p1g3_002_s2,ok,0.1023,39.20264916668629,48.860198888915065,p1g3_002_s3,ok,0.0699,36.429579332873395,46.24277244383119,False,40.169008545961155,False,False,False,False,False,36.429579332873395,False,34.82720683676892,False,False,False,False,False,30.541663466298715
1,p1g3_004,3,mutate,"[""p6g9_021""]",f915557ed3ad37b8,ok,partial,0.4174,62.76627678947891,69.77503571930521,3|switch|mobile|liquid|s1|g2|structured,False,False,False,False,0,1,,,,,,,,,,,,True,62.76627678947891,True,False,False,False,False,,False,58.56102143158312,False,False,False,False,False,
1,p1g3_003,3,mutate,"[""p6g6_032""]",012a868b13e62e73,ok,partial,0.4114,64.50217260205234,72.28956346940312,4|grow|mobile|liquid|s2|g2|structured,False,False,False,False,0,1,,,,,,,,,,,,True,64.50217260205234,True,False,False,False,False,,False,59.829738081641864,False,False,False,False,False,
1,p1g3_005,3,mutate,"[""p3g6_032""]",86801acb1b8c160d,ok,partial,0.5547,65.4638363410453,68.79511512139374,4|grow|mobile|liquid|s1|g1|structured,True,True,True,True,0,3,0.523,p1g3_005_s2,ok,0.523,70.26001344480079,76.24668459306771,p1g3_005_s3,ok,0.7859,73.54656893657145,71.86542524876194,True,65.4638363410453,True,True,True,True,True,65.4638363410453,True,63.46506907283624,True,True,True,True,True,63.46506907283624
1,p1g3_008,3,mutate,"[""p6g8_033""]",ecbc5598512b3690,ok,partial,0.2504,58.24945061848289,69.31926749131053,3|switch|drift|liquid|s1|g2|structured,True,True,True,True,0,3,0.2198,p1g3_008_s2,ok,0.2198,61.601636212717374,74.80884828362316,p1g3_008_s3,ok,0.2307,59.918141799804864,72.20085573307315,False,58.24945061848289,False,False,False,False,False,58.24945061848289,False,51.60756049478631,False,False,False,False,False,51.60756049478631
1,p1g3_012,3,mutate,"[""p3g9_022""]",c6ed4ae24b005da8,ok,partial,0.3745,55.20118775067719,61.11825033423626,3|switch|mobile|liquid|s1|g2|structured,False,False,False,False,0,1,,,,,,,,,,,,False,55.20118775067719,False,False,False,False,False,,False,51.65095020054176,False,False,False,False,False,
1,p1g3_016,3,mint_bilin,"[""p6g8_068""]",de435ba7a32c5618,ok,partial,0.3229,57.693731274510654,66.16164169934754,4|switch|rotor|flicker|s1|g2|structured,True,True,True,True,0,3,0.3229,p1g3_016_s2,ok,0.5958,65.10275120825341,66.94366827767122,p1g3_016_s3,ok,0.3834,69.985407005886,80.53387600784801,False,57.693731274510654,True,True,False,False,False,57.693731274510654,False,52.61298501960853,True,True,False,False,False,52.61298501960853
1,p1g3_018,3,mint_bilin,"[""p6g9_021""]",cb0961c985bdaaae,ok,partial,0.502,71.58137562988881,78.70850083985175,3|switch|rotor|liquid|s2|g2|structured,True,True,True,True,0,3,0.3082,p1g3_018_s2,ok,0.3082,65.44794311080162,76.99059081440215,p1g3_018_s3,ok,0.6337,67.26302320514729,68.56069760686306,True,71.58137562988881,True,True,True,False,False,65.44794311080162,True,67.30510050391105,True,True,True,False,False,58.522354488641284
1,p1g3_023,3,mint_bilin,"[""p6g8_033""]",7f036b91fc1c8f13,ok,partial,0.2523,58.256638467589426,69.2655179567859,3|grow|rotor|liquid|s1|g2|structured,False,False,False,False,0,1,,,,,,,,,,,,False,58.256638467589426,False,False,False,False,False,,False,51.65131077407154,False,False,False,False,False,
1,p1g3_026,3,mint_bilin,"[""p6g9_021""]",0187f1f8df1493ec,ok,partial,0.3679,68.54977837422364,79.1363711656315,3|switch|rotor|liquid|s2|g2|structured,False,False,False,False,0,1,,,,,,,,,,,,False,68.54977837422364,False,False,False,False,False,,False,62.197822699378904,False,False,False,False,False,
1,p1g3_028,3,delete_bilin,"[""p6g9_021""]",dbee78c83f084ba2,ok,partial,0.3681,70.08892139286647,81.18189519048862,3|switch|mobile|liquid|s2|g2|structured,True,True,True,True,0,3,0.2006,p1g3_028_s2,ok,0.2897,67.286824192254,80.05909892300534,p1g3_028_s3,ok,0.2006,67.66035346186752,83.52713794915668,False,70.08892139286647,False,False,False,False,False,67.286824192254,False,63.433137114293174,False,False,False,False,False,58.14028276949401
1,p1g3_032,3,add_chan,"[""p6g5_026""]",884be748258e289c,ok,partial,0.4494,67.8263667016906,75.45515560225414,3|grow|mobile|liquid|s2|g2|structured,False,False,False,False,0,1,,,,,,,,,,,,True,67.8263667016906,True,False,False,False,False,,True,63.24909336135248,True,False,False,False,False,
1,p1g3_037,3,add_chan,"[""p6g7_028""]",590c749afc4e7eb7,ok,partial,0.2864,49.03999528876231,55.83999371834976,3|relaxation|rotor|liquid|s1|g2|structured,True,True,False,False,0,2,,p1g3_037_s2,ok,0.3689,45.6234939561798,48.53465860823974,,,,,,False,49.03999528876231,False,False,False,False,False,,False,44.95999623100985,False,False,False,False,False,
1,p1g3_043,3,dup_act,"[""p6g5_026""]",8bc048058fe00ede,ok,partial,0.0,35.8197348564461,47.75964647526146,3|switch|drift|frozen|s1|g2|mixed,True,True,True,True,0,3,0.0,p1g3_043_s2,ok,0.0,38.51021995668571,51.346959942247615,p1g3_043_s3,ok,0.0,26.807281306699274,35.743041742265696,False,35.8197348564461,False,False,False,False,False,26.807281306699274,False,28.655787885156876,False,False,False,False,False,21.445825045359417
1,p1g3_046,3,dup_act,"[""p6g5_026""]",0a5c5b5289dd339e,ok,partial,0.0,23.140726971393867,30.854302628525154,2|constant|still|frozen|s1|g2|mixed,True,True,True,True,0,3,0.0,p1g3_046_s2,ok,0.0,38.01331860912974,50.68442481217299,p1g3_046_s3,ok,0.0,29.073359344821725,38.76447912642897,False,23.140726971393867,False,False,False,False,False,23.140726971393867,False,18.512581577115093,False,False,False,False,False,18.512581577115093
1,p1g3_048,3,merge_spatial_ic,"[""p6g9_021"",""p6g8_068""]",b310fbfc5cac334e,ok,partial,0.4435,56.59234956969403,60.67313275959204,3|switch|mobile|liquid|s1|g2|structured,False,False,False,False,0,1,,,,,,,,,,,,False,56.59234956969403,False,False,False,False,False,,False,54.14387965575523,False,False,False,False,False,
1,p1g3_049,3,merge_spatial_ic,"[""p6g8_033"",""p6g9_038""]",27a2960d05f47297,ok,partial,0.3803,68.95438738673843,79.26251651565124,3|grow|rotor|liquid|s2|g2|structured,False,False,False,False,0,1,,,,,,,,,,,,False,68.95438738673843,False,False,False,False,False,,False,62.76950990939075,False,False,False,False,False,
1,p1g3_050,3,merge_spatial_ic,"[""p2g5_023"",""p6g1_040""]",84ec665a3a51196b,ok,partial,0.1913,64.64402695838653,79.8153692778487,4|grow|mobile|flicker|s3|g2|mixed,True,True,True,True,0,3,0.1705,p1g3_050_s2,ok,0.1705,63.64168234698431,79.1722431293124,p1g3_050_s3,ok,0.2086,58.56973159276319,71.13964212368425,False,64.64402695838653,False,False,False,False,False,58.56973159276319,False,55.54122156670922,False,False,False,False,False,51.02778527421055
1,p1g3_053,3,merge_spatial_ic,"[""p6g9_021"",""p2g7_010""]",b310fbfc5cac334e,ok,partial,0.4282,70.17249680045569,79.28999573394091,3|switch|rotor|liquid|s2|g2|structured,False,False,False,False,0,1,,,,,,,,,,,,True,70.17249680045569,True,False,False,False,False,,True,64.70199744036455,True,False,False,False,False,
1,p1g3_054,3,merge_spatial_ic,"[""p6g9_021"",""p3g9_021""]",b310fbfc5cac334e,ok,partial,0.4575,65.80694272326883,72.49259029769178,3|switch|mobile|liquid|s1|g2|structured,False,False,False,False,0,1,,,,,,,,,,,,True,65.80694272326883,True,False,False,False,False,,True,61.79555417861506,True,False,False,False,False,
1,p1g3_055,3,merge_spatial_ic,"[""p6g9_021"",""p6g7_028""]",b310fbfc5cac334e,ok,partial,0.2622,68.16344829794518,82.14459773059357,3|grow|mobile|liquid|s2|g2|structured,False,False,False,False,0,1,,,,,,,,,,,,False,68.16344829794518,False,False,False,False,False,,False,59.77475863835614,False,False,False,False,False,
1,p1g3_063,3,merge_cross_edge,"[""p4g5_070"",""blk_engine_10748""]",970c4c3c09070e95,ok,partial,0.5239,40.56189269135841,36.61919025514455,2|constant|mobile|liquid|s1|g2|structured,True,True,True,True,0,3,0.4939,p1g3_063_s2,ok,0.5213,46.30615559953279,44.36487413271038,p1g3_063_s3,ok,0.4939,61.01210398183524,64.886138642447,False,40.56189269135841,True,True,False,False,False,40.56189269135841,False,42.92751415308673,False,False,False,False,False,42.92751415308673
1,p1g3_064,3,merge_cross_edge,"[""p3g6_061"",""ref_BFIELD_g0.05""]",b6b254a876d14772,ok,partial,0.0,51.17988195926479,68.23984261235306,3|grow|rotor|liquid|s1|g2|mixed,True,True,True,True,0,3,0.0,p1g3_064_s2,ok,0.0,53.09407238171356,70.79209650895142,p1g3_064_s3,ok,0.0,52.84246122439759,70.45661496586345,False,51.17988195926479,False,False,False,False,False,51.17988195926479,False,40.94390556741183,False,False,False,False,False,40.94390556741183
1,p1g3_074,3,merge_share_chan,"[""p1g2_020"",""ref_iso_d0.65""]",54c569ddad727a7c,ok,partial,0.0,41.5350840299664,55.3801120399552,4|grow|rotor|liquid|s1|g2|mixed,True,True,True,True,0,3,0.0,p1g3_074_s2,ok,0.0,51.62720085982638,68.83626781310184,p1g3_074_s3,ok,0.0,44.406637665485725,59.20885022064763,False,41.5350840299664,False,False,False,False,False,41.5350840299664,False,33.22806722397312,False,False,False,False,False,33.22806722397312
1,p1g3_075,3,merge_share_chan,"[""p4g4_018"",""ref_iso_d0.65""]",a7832e99d3ec0360,ok,partial,0.0,28.14358305230853,37.52477740307804,3|switch|still|frozen|s1|g2|mixed,True,True,True,True,0,3,0.0,p1g3_075_s2,ok,0.0,27.711612931150462,36.94881724153395,p1g3_075_s3,ok,0.0,28.26936351224535,37.6924846829938,False,28.14358305230853,False,False,False,False,False,27.711612931150462,False,22.514866441846824,False,False,False,False,False,22.16929034492037
1,p1g3_007,3,mutate,"[""p6g7_028""]",fffc151241f9ddb6,ok,partial,0.4025,63.60157489360556,71.38543319147408,3|switch|mobile|liquid|s1|g2|mixed,True,True,True,True,0,3,0.4025,p1g3_007_s2,ok,0.4452,67.10699001960073,74.63598669280098,p1g3_007_s3,ok,0.4354,58.39296709514408,63.34395612685877,True,63.60157489360556,True,True,True,False,False,58.39296709514408,False,58.93125991488445,True,True,False,False,False,55.42237367611526
1,p1g3_011,3,mutate,"[""p6g5_026""]",9430518be27829bc,ok,partial,0.5238,59.66114049973828,62.088187332984376,3|relaxation|rotor|liquid|s1|g2|structured,True,True,True,True,0,3,0.4206,p1g3_011_s2,ok,0.4949,60.32031816855044,63.930424224733926,p1g3_011_s3,ok,0.4206,50.883474634965204,53.82463284662027,False,59.66114049973828,True,True,False,False,False,50.883474634965204,False,58.20491239979063,False,False,False,False,False,49.11877970797216
1,p1g3_014,3,mutate,"[""p1g1_009""]",27e886f89c31f5f0,ok,partial,0.2873,48.44247753920936,55.013303385612474,3|switch|rotor|flicker|s1|g2|structured,True,True,True,True,0,3,0.2873,p1g3_014_s2,ok,0.4589,58.92168043355305,63.26557391140406,p1g3_014_s3,ok,0.4354,59.29525310589109,64.54700414118813,False,48.44247753920936,False,False,False,False,False,48.44247753920936,False,44.49998203136748,False,False,False,False,False,44.49998203136748
1,p1g3_015,3,mutate,"[""p1g1_018""]",8463f6e88324d913,ok,partial,0.3704,66.57809296531362,76.42412395375148,3|switch|mobile|liquid|s1|g2|structured,False,False,False,False,0,1,,,,,,,,,,,,False,66.57809296531362,False,False,False,False,False,,False,60.67047437225089,False,False,False,False,False,
1,p1g3_019,3,mint_bilin,"[""p1g2_020""]",75de6b08f6247b7d,ok,partial,0.2914,69.34463602998946,82.74618137331927,4|grow|rotor|liquid|s2|g2|structured,False,False,False,False,0,1,,,,,,,,,,,,False,69.34463602998946,False,False,False,False,False,,False,61.30370882399156,False,False,False,False,False,
1,p1g3_020,3,mint_bilin,"[""p6g5_026""]",b93184bfcaad3cf0,ok,partial,0.3558,70.05437880272353,81.54583840363138,3|grow|rotor|liquid|s2|g2|structured,False,False,False,False,0,1,,,,,,,,,,,,False,70.05437880272353,False,False,False,False,False,,False,63.15950304217883,False,False,False,False,False,
1,p1g3_024,3,mint_bilin,"[""p1g1_021""]",b25e612be02566b2,ok,partial,0.0,13.830368328763349,18.4404911050178,3|constant|drift|frozen|s1|g0|structured,True,True,True,True,0,3,0.0,p1g3_024_s2,ok,0.1297,16.253575717399535,17.348100956532715,p1g3_024_s3,ok,0.197,21.12545351629275,21.600604688390334,False,13.830368328763349,False,False,False,False,False,13.830368328763349,False,11.06429466301068,False,False,False,False,False,11.06429466301068
1,p1g3_025,3,mint_bilin,"[""p4g2_044""]",a8ff204db49c51b4,ok,partial,0.0,54.20007741577957,72.26676988770609,4|grow|mobile|liquid|s1|g2|mixed,False,False,False,False,0,1,,,,,,,,,,,,False,54.20007741577957,False,False,False,False,False,,False,43.36006193262365,False,False,False,False,False,
1,p1g3_030,3,delete_bilin,"[""p6g5_026""]",301efdd69e749619,ok,partial,0.3031,60.693292162673885,70.82105621689851,3|oscillator|mobile|liquid|s1|g2|structured,True,True,True,True,0,3,0.2132,p1g3_030_s2,ok,0.2916,67.6951381282441,80.54018417099212,p1g3_030_s3,ok,0.2132,64.71093919338418,79.17458559117891,False,60.693292162673885,False,False,False,False,False,60.693292162673885,False,54.6166337301391,False,False,False,False,False,54.6166337301391
1,p1g3_034,3,add_chan,"[""p1g6_065""]",8dfb19a54acd1e94,ok,partial,0.4371,66.9126969552966,74.6469292737288,3|oscillator|rotor|liquid|s1|g2|structured,True,True,True,True,0,3,0.4371,p1g3_034_s2,ok,0.4478,60.29811088327893,65.47081451103857,p1g3_034_s3,ok,0.5451,65.74560578860935,69.4908077181458,True,66.9126969552966,True,True,True,True,True,60.29811088327893,True,62.272157564237276,True,True,True,False,False,57.19448870662314
1,p1g3_051,3,merge_spatial_ic,"[""p6g5_026"",""p2g4_015""]",ead25ce87e4b853d,ok,partial,0.3005,64.88945511388518,76.50260681851357,3|grow|rotor|liquid|s1|g2|structured,False,False,False,False,0,1,,,,,,,,,,,,False,64.88945511388518,False,False,False,False,False,,False,57.92156409110814,False,False,False,False,False,
1,p1g3_052,3,merge_spatial_ic,"[""p6g7_028"",""p2g4_020""]",99843d9cd96588d6,ok,partial,0.274,67.63213982345637,81.04285309794183,3|switch|mobile|liquid|s2|g2|structured,False,False,False,False,0,1,,,,,,,,,,,,False,67.63213982345637,False,False,False,False,False,,False,59.585711858765094,False,False,False,False,False,
1,p1g3_062,3,merge_cross_edge,"[""p3g6_061"",""ref_M4_tau5.7""]",5c7fca713f502950,ok,partial,0.0,44.53832993967458,59.38443991956611,3|grow|mobile|liquid|s1|g1|mixed,True,True,True,True,0,3,0.0,p1g3_062_s2,ok,0.0,44.74054093650668,59.65405458200891,p1g3_062_s3,ok,0.0,44.73481619047537,59.646421587300495,False,44.53832993967458,False,False,False,False,False,44.53832993967458,False,35.63066395173966,False,False,False,False,False,35.63066395173966
1,p1g3_070,3,merge_slow_tanh,"[""p1g2_023"",""ref_BFIELD_g0.05""]",951154a38dec7e54,ok,partial,0.3868,61.52682651876175,69.142435358349,3|grow|rotor|liquid|s1|g2|structured,False,False,False,False,0,1,,,,,,,,,,,,False,61.52682651876175,False,False,False,False,False,,False,56.9574612150094,False,False,False,False,False,
1,p1g3_006,3,mutate,"[""p1g2_002""]",108a643420b0954f,ok,partial,0.3139,66.2872607688203,77.91968102509374,3|switch|rotor|liquid|s2|g2|structured,False,False,False,False,0,1,,,,,,,,,,,,False,66.2872607688203,False,False,False,False,False,,False,59.307808615056246,False,False,False,False,False,
1,p1g3_027,3,mint_bilin,"[""p2g6_020""]",c5cb91aabbcf273a,ok,partial,0.461,72.75924170257287,81.64565560343048,3|switch|rotor|liquid|s3|g2|structured,True,True,True,True,0,3,0.2349,p1g3_027_s2,ok,0.2349,65.85539270609569,79.97719027479424,p1g3_027_s3,ok,0.3518,69.11375365200497,80.42500486933997,True,72.75924170257287,True,False,False,False,False,65.85539270609569,True,67.4273933620583,True,False,False,False,False,57.38231416487654
1,p1g3_041,3,dup_act,"[""p0g0_ds2g11_009""]",64fe720091d56873,ok,partial,0.0,29.769858184370563,39.69314424582742,3|constant|mobile|frozen|s1|g2|mixed,True,True,True,True,0,3,0.0,p1g3_041_s2,ok,0.0,32.2458457047468,42.994460939662396,p1g3_041_s3,ok,0.0,36.04324183732121,48.05765578309495,False,29.769858184370563,False,False,False,False,False,29.769858184370563,False,23.81588654749645,False,False,False,False,False,23.81588654749645
1,p1g3_059,3,merge_cross_edge,"[""p1g2_032"",""ref_M0""]",556b0088ee39273b,ok,partial,0.4592,61.219980076643935,66.31997343552524,3|switch|mobile|liquid|s1|g2|structured,False,False,False,False,0,1,,,,,,,,,,,,True,61.219980076643935,True,False,False,False,False,,False,58.15998406131514,False,False,False,False,False,
1,p1g3_087,3,immigrate,,539badc6c3f38c9f,no_blobs,missing,,0.0,,,False,False,False,False,0,1,,,,,,,,,,,,False,,False,False,False,False,False,,False,,False,False,False,False,False,
1,p1g3_096,3,immigrate,,b7d0f8de3a3d1001,no_blobs,missing,,0.0,,,False,False,False,False,0,1,,,,,,,,,,,,False,,False,False,False,False,False,,False,,False,False,False,False,False,
1,p1g3_097,3,immigrate,,b1d3e5a0a9d80abc,no_blobs,missing,,0.0,,,False,False,False,False,0,1,,,,,,,,,,,,False,,False,False,False,False,False,,False,,False,False,False,False,False,
1,p1g3_079,3,immigrate,,c738b2bc4f40e58c,no_blobs,missing,,0.0,,,False,False,False,False,0,1,,,,,,,,,,,,False,,False,False,False,False,False,,False,,False,False,False,False,False,
1,p1g3_083,3,immigrate,,eaf5d341b48a4899,no_blobs,missing,,0.0,,,False,False,False,False,0,1,,,,,,,,,,,,False,,False,False,False,False,False,,False,,False,False,False,False,False,
1,p1g3_092,3,immigrate,,ce5635ba5b9ca2ac,no_blobs,missing,,0.0,,,False,False,False,False,0,1,,,,,,,,,,,,False,,False,False,False,False,False,,False,,False,False,False,False,False,
1,p1g3_094,3,immigrate,,9fd1f39fdd6d4fc9,no_blobs,missing,,0.0,,,False,False,False,False,0,1,,,,,,,,,,,,False,,False,False,False,False,False,,False,,False,False,False,False,False,
1,p1g3_080,3,immigrate,,b7851a603ef588fc,ok,partial,0.0,0.0,0.0,1|constant|still|gas|s1|g0|mixed,False,False,False,False,0,1,,,,,,,,,,,,False,0.0,False,False,False,False,False,,False,0.0,False,False,False,False,False,
1,p1g3_085,3,immigrate,,169150a6e9a8e75b,ok,partial,0.0,0.0,0.0,1|constant|still|gas|s1|g0|mixed,False,False,False,False,0,1,,,,,,,,,,,,False,0.0,False,False,False,False,False,,False,0.0,False,False,False,False,False,
1,p1g3_086,3,immigrate,,67af75126657c00a,ok,partial,0.0,0.0,0.0,1|constant|still|gas|s1|g0|mixed,False,False,False,False,0,1,,,,,,,,,,,,False,0.0,False,False,False,False,False,,False,0.0,False,False,False,False,False,
1,p1g3_088,3,immigrate,,2d0c301a5128becc,ok,partial,0.0,0.0,0.0,1|constant|still|gas|s1|g0|mixed,False,False,False,False,0,1,,,,,,,,,,,,False,0.0,False,False,False,False,False,,False,0.0,False,False,False,False,False,
1,p1g3_090,3,immigrate,,637dc1a03f40be32,ok,partial,0.0,0.0,0.0,1|constant|still|gas|s1|g0|mixed,False,False,False,False,0,1,,,,,,,,,,,,False,0.0,False,False,False,False,False,,False,0.0,False,False,False,False,False,
1,p1g3_095,3,immigrate,,61e73d159d67d2b2,ok,partial,0.0,0.0,0.0,1|constant|still|gas|s1|g0|mixed,False,False,False,False,0,1,,,,,,,,,,,,False,0.0,False,False,False,False,False,,False,0.0,False,False,False,False,False,
1,p1g3_089,3,immigrate,,66b8ed5078f3e16a,ok,partial,0.0,0.0,0.0,1|constant|mobile|gas|s1|g2|mixed,False,False,False,False,0,1,,,,,,,,,,,,False,0.0,False,False,False,False,False,,False,0.0,False,False,False,False,False,
1,p1g3_093,3,immigrate,,88a75f5e1a4321a0,ok,partial,0.0,0.0,0.0,1|constant|still|gas|s1|g2|mixed,False,False,False,False,0,1,,,,,,,,,,,,False,0.0,False,False,False,False,False,,False,0.0,False,False,False,False,False,
1,p1g3_081,3,immigrate,,018278abd9b81cf4,no_blobs,missing,,0.0,,,False,False,False,False,0,1,,,,,,,,,,,,False,,False,False,False,False,False,,False,,False,False,False,False,False,
1,p1g3_082,3,immigrate,,ea46a0ba0748729a,no_blobs,missing,,0.0,,,False,False,False,False,0,1,,,,,,,,,,,,False,,False,False,False,False,False,,False,,False,False,False,False,False,
1,p1g3_078,3,immigrate,,c0f8d6637ffeec88,ok,partial,0.0,0.0,0.0,1|constant|still|gas|s1|g0|mixed,False,False,False,False,0,1,,,,,,,,,,,,False,0.0,False,False,False,False,False,,False,0.0,False,False,False,False,False,
1,p1g3_084,3,immigrate,,88814f73eedab5db,ok,partial,0.0,0.0,0.0,1|constant|still|gas|s1|g2|mixed,False,False,False,False,0,1,,,,,,,,,,,,False,0.0,False,False,False,False,False,,False,0.0,False,False,False,False,False,
1,p1g3_091,3,immigrate,,c4dde57ecda1cb43,ok,partial,0.0,0.0,0.0,1|constant|still|gas|s1|g0|mixed,False,False,False,False,0,1,,,,,,,,,,,,False,0.0,False,False,False,False,False,,False,0.0,False,False,False,False,False,
1,p1g4_046,4,dup_act,"[""p6g8_033""]",83f89d68ec1460d6,fail_g0a,missing,,,,,False,False,False,False,0,1,,,,,,,,,,,,False,,False,False,False,False,False,,False,,False,False,False,False,False,
1,p1g4_047,4,dup_act,"[""p6g9_021""]",b33d1ac03f925c58,fail_g0a,missing,,,,,False,False,False,False,0,1,,,,,,,,,,,,False,,False,False,False,False,False,,False,,False,False,False,False,False,
1,p1g4_042,4,dup_act,"[""p6g5_026""]",eec99a1a7a881891,fail_g0a,missing,,,,,False,False,False,False,0,1,,,,,,,,,,,,False,,False,False,False,False,False,,False,,False,False,False,False,False,
1,p1g4_075,4,merge_share_chan,"[""p2g6_020"",""ref_M0""]",284eb740c17f886e,fail_g0a,missing,,,,,False,False,False,False,0,1,,,,,,,,,,,,False,,False,False,False,False,False,,False,,False,False,False,False,False,
1,p1g4_076,4,merge_share_chan,"[""p2g6_020"",""blk_engine_10748""]",f7b9d998090a58c8,fail_g0a,missing,,,,,False,False,False,False,0,1,,,,,,,,,,,,False,,False,False,False,False,False,,False,,False,False,False,False,False,
1,p1g4_077,4,merge_share_chan,"[""p1g2_008"",""ref_M4_tau5.7""]",6797547e90dc8663,fail_g0a,missing,,,,,False,False,False,False,0,1,,,,,,,,,,,,False,,False,False,False,False,False,,False,,False,False,False,False,False,
1,p1g4_016,4,mint_bilin,"[""p1g3_044""]",20a54c495145829d,ok,partial,0.0,46.50130815795667,62.00174421060889,4|switch|mobile|liquid|s1|g1|mixed,True,True,True,True,0,3,0.0,p1g4_016_s2,ok,0.0,45.728968786916425,60.971958382555236,p1g4_016_s3,ok,0.0,46.36651310345764,61.82201747127686,False,46.50130815795667,False,False,False,False,False,45.728968786916425,False,37.20104652636533,False,False,False,False,False,36.58317502953314
1,p1g4_060,4,merge_cross_edge,"[""p2g4_053"",""ref_M4_tau5.7""]",261cf60146e7d45e,ok,partial,0.4748,72.45810328581416,80.78413771441888,3|grow|mobile|liquid|s3|g2|structured,False,False,False,False,0,1,,,,,,,,,,,,True,72.45810328581416,True,False,False,False,False,,True,67.46248262865133,True,False,False,False,False,
1,p1g4_038,4,add_chan,"[""p1g2_032""]",ce215b4270755146,ok,partial,0.4622,59.70721839667224,64.20295786222965,2|switch|rotor|liquid|s1|g2|structured,True,True,True,True,0,3,0.4493,p1g4_038_s2,ok,0.4611,58.487743486222215,62.613657981629615,p1g4_038_s3,ok,0.4493,60.552148625239646,65.75953150031953,False,59.70721839667224,True,True,False,False,False,58.487743486222215,False,57.00977471733779,False,False,False,False,False,56.012194788977766
1,p1g4_020,4,mint_bilin,"[""p1g2_032""]",a810badc2a49d769,ok,partial,0.5123,63.73787912903076,67.90717217204102,2|switch|mobile|liquid|s1|g2|structured,False,False,False,False,0,1,,,,,,,,,,,,True,63.73787912903076,True,False,False,False,False,,True,61.2363033032246,True,False,False,False,False,
1,p1g4_004,4,mutate,"[""p2g7_039""]",3ee35238095baffe,ok,partial,0.1689,36.15939726666032,42.582529688880435,2|switch|mobile|liquid|s1|g2|structured,False,False,False,False,0,1,,,,,,,,,,,,False,36.15939726666032,False,False,False,False,False,,False,32.305517813328265,False,False,False,False,False,
1,p1g4_006,4,mutate,"[""p1g2_069""]",094fb9f1f2b790fd,ok,partial,0.0098,15.495618169298927,20.334157559065236,3|constant|still|frozen|s1|g2|mixed,True,True,True,True,0,3,0.0098,p1g4_006_s2,ok,0.0104,14.63756551213226,19.170087349509682,p1g4_006_s3,ok,0.0122,15.486221193267651,20.241628257690202,False,15.495618169298927,False,False,False,False,False,14.63756551213226,False,12.59249453543914,False,False,False,False,False,11.91805240970581
1,p1g4_007,4,mutate,"[""p1g3_029""]",2ec16af7837671a1,ok,partial,0.1069,40.02674587735737,49.80566116980983,3|grow|still|liquid|s1|g2|structured,True,True,True,True,0,3,0.1069,p1g4_007_s2,ok,0.1256,40.249142863540385,49.47885715138718,p1g4_007_s3,ok,0.1132,38.952015459415094,48.16268727922013,False,40.02674587735737,False,False,False,False,False,38.952015459415094,False,34.159396701885896,False,False,False,False,False,33.425612367532075
1,p1g4_024,4,mint_bilin,"[""p1g3_035""]",8f4e6c5e5fa60231,ok,partial,0.0,51.782371476668416,69.04316196889123,4|switch|rotor|flicker|s1|g2|mixed,True,True,True,True,0,3,0.0,p1g4_024_s2,ok,0.0,45.87547780052756,61.16730373403675,p1g4_024_s3,ok,0.0,52.10771513022565,69.47695350696753,False,51.782371476668416,False,False,False,False,False,45.87547780052756,False,41.42589718133473,False,False,False,False,False,36.70038224042205
1,p1g4_032,4,add_chan,"[""p3g9_022""]",4c79bfce0440f8d5,ok,partial,0.3879,57.79736665076479,64.13315553435307,3|grow|mobile|liquid|s1|g2|structured,False,False,False,False,0,1,,,,,,,,,,,,False,57.79736665076479,False,False,False,False,False,,False,53.99589332061184,False,False,False,False,False,
1,p1g4_035,4,add_chan,"[""p3g6_032""]",341c864c6efd0076,ok,partial,0.5368,68.95411871964856,74.04549162619807,4|grow|mobile|liquid|s2|g1|structured,True,True,True,True,0,3,0.505,p1g4_035_s2,ok,0.505,65.01020293677709,69.84693724903612,p1g4_035_s3,ok,0.5636,70.28188460209884,74.92251280279845,True,68.95411871964856,True,True,True,True,True,65.01020293677709,True,65.89929497571885,True,True,True,True,True,62.10816234942166
1,p1g4_037,4,add_chan,"[""p1g3_008""]",958193ab4860df54,ok,partial,0.1941,50.38551568127202,60.710687575029354,3|oscillator|drift|liquid|s1|g2|structured,True,True,True,True,0,3,0.1941,p1g4_037_s2,ok,0.2431,61.95251368869521,74.50001825159362,p1g4_037_s3,ok,0.2235,53.57236350278063,63.979818003707514,False,50.38551568127202,False,False,False,False,False,50.38551568127202,False,44.19041254501761,False,False,False,False,False,44.19041254501761
1,p1g4_039,4,add_chan,"[""p1g1_029""]",3fb01597e1c05745,ok,partial,0.4103,63.79274173957719,71.38032231943625,4|grow|mobile|liquid|s1|g1|structured,False,False,False,False,0,1,,,,,,,,,,,,True,63.79274173957719,True,False,False,False,False,,False,59.24019339166175,False,False,False,False,False,
1,p1g4_041,4,dup_act,"[""p6g9_021""]",e21e4aba7380665b,ok,partial,0.0,31.257733965191775,41.6769786202557,2|oscillator|still|liquid|s1|g2|mixed,True,True,True,True,0,3,0.0,p1g4_041_s2,ok,0.0,34.919367532172174,46.5591567095629,p1g4_041_s3,ok,0.0,32.3085308462231,43.078041128297464,False,31.257733965191775,False,False,False,False,False,31.257733965191775,False,25.00618717215342,False,False,False,False,False,25.00618717215342
1,p1g4_045,4,dup_act,"[""p2g6_020""]",02688496c5146414,ok,partial,0.2044,70.3510996060421,86.98813280805612,4|grow|rotor|liquid|s3|g2|structured,True,True,False,False,0,2,,p1g4_045_s2,ok,0.1997,65.75121211692081,81.0116161558944,,,,,,False,70.3510996060421,False,False,False,False,False,,False,60.36887968483367,False,False,False,False,False,
1,p1g4_052,4,merge_spatial_ic,"[""p2g7_039"",""p2g4_053""]",fa86cb8089d048d0,ok,partial,0.4663,60.61971654557392,65.28295539409856,3|grow|rotor|liquid|s1|g2|structured,False,False,False,False,0,1,,,,,,,,,,,,True,60.61971654557392,True,False,False,False,False,,False,57.82177323645914,False,False,False,False,False,
1,p1g4_056,4,merge_cross_edge,"[""p6g7_013"",""ref_BFIELD_g0.05""]",3398c236ed324bab,ok,partial,0.2376,52.416576215239196,61.9687682869856,4|switch|drift|liquid|s1|g2|mixed,True,True,True,True,0,3,0.2376,p1g4_056_s2,ok,0.2765,53.622585153473686,62.28011353796491,p1g4_056_s3,ok,0.2649,53.01077691026732,61.85103588035642,False,52.416576215239196,False,False,False,False,False,52.416576215239196,False,46.68526097219136,False,False,False,False,False,46.68526097219136
1,p1g4_058,4,merge_cross_edge,"[""p2g6_020"",""ref_iso_d0.65""]",3f6d44f7074a1ba0,ok,partial,0.0,45.52978230480408,60.70637640640544,4|switch|mobile|liquid|s1|g2|mixed,False,False,False,False,0,1,,,,,,,,,,,,False,45.52978230480408,False,False,False,False,False,,False,36.42382584384326,False,False,False,False,False,
1,p1g4_063,4,merge_cross_edge,"[""p1g2_003"",""blk_engine_10748""]",7c33c335fe03f042,ok,partial,0.3166,59.43394554186193,68.69192738914924,4|switch|mobile|liquid|s1|g2|mixed,False,False,False,False,0,1,,,,,,,,,,,,False,59.43394554186193,False,False,False,False,False,,False,53.87915643348955,False,False,False,False,False,
1,p1g4_064,4,merge_cross_edge,"[""p6g5_025"",""ref_M0""]",5906346a8d91e32e,ok,partial,0.235,46.302701187750294,53.90360158366706,3|switch|mobile|liquid|s1|g2|mixed,False,False,False,False,0,1,,,,,,,,,,,,False,46.302701187750294,False,False,False,False,False,,False,41.74216095020024,False,False,False,False,False,
1,p1g4_065,4,merge_cross_edge,"[""p1g6_065"",""ref_iso_d0.65""]",737a7930f383f950,ok,partial,0.429,44.516810539031404,45.0557473853752,4|constant|drift|liquid|s1|g2|structured,True,True,True,True,0,3,0.404,p1g4_065_s2,ok,0.404,50.10176654519489,53.33568872692652,p1g4_065_s3,ok,0.5061,54.97277641089195,56.42703521452261,False,44.516810539031404,False,False,False,False,False,44.516810539031404,False,44.19344843122512,False,False,False,False,False,44.19344843122512
1,p1g4_069,4,merge_slow_tanh,"[""p4g5_070"",""ref_iso_d0.75""]",b5bd74556f52443f,ok,partial,0.5362,42.69010317758537,39.046804236780496,2|constant|mobile|liquid|s1|g2|structured,True,True,True,True,0,3,0.5362,p1g4_069_s2,ok,0.6019,42.83121635840118,37.04495514453491,p1g4_069_s3,ok,0.7791,71.11713241397678,68.85284321863571,False,42.69010317758537,True,True,False,False,False,42.69010317758537,False,44.876082542068296,True,True,False,False,False,44.876082542068296
1,p1g4_070,4,merge_cross_edge,"[""p1g3_027"",""blk_engine_10748""]",6d7ed414f8dcda9e,ok,partial,0.114,49.3301550487302,61.9735400649736,4|switch|drift|liquid|s2|g2|mixed,True,True,True,True,0,3,0.1003,p1g4_070_s2,ok,0.1365,54.0886729938514,67.56823065846852,p1g4_070_s3,ok,0.1003,48.93046147377869,61.89728196503825,False,49.3301550487302,False,False,False,False,False,48.93046147377869,False,41.74412403898416,False,False,False,False,False,41.15036917902295
1,p1g4_073,4,merge_cross_edge,"[""p4g4_018"",""ref_M4_tau5.7""]",7e93b6b3eee63ade,ok,partial,0.2368,44.40680587116279,51.31574116155038,3|switch|drift|liquid|s1|g2|mixed,False,False,False,False,0,1,,,,,,,,,,,,False,44.40680587116279,False,False,False,False,False,,False,40.261444696930226,False,False,False,False,False,
1,p1g4_001,4,mutate,"[""p1g2_075""]",00b1d737ee707e06,ok,partial,0.0,23.129768546860774,30.839691395814366,3|constant|still|liquid|s1|g2|mixed,True,True,True,True,0,3,0.0,p1g4_001_s2,ok,0.0,22.451954858490737,29.93593981132098,p1g4_001_s3,ok,0.0,24.462238974731427,32.616318632975236,False,23.129768546860774,False,False,False,False,False,22.451954858490737,False,18.50381483748862,False,False,False,False,False,17.96156388679259
1,p1g4_002,4,mutate,"[""p6g8_033""]",8bd78d7fb887365b,ok,partial,0.5697,61.08062361826356,62.45083149101808,2|grow|mobile|liquid|s1|g2|structured,False,False,False,False,0,1,,,,,,,,,,,,True,61.08062361826356,True,False,False,False,False,,True,60.25849889461085,True,False,False,False,False,
1,p1g4_003,4,mutate,"[""p3g6_032""]",7ce73bd3aa9f6b3b,ok,partial,0.0,3.8909020234342706,5.1878693645790275,2|constant|still|frozen|s1|g0|mixed,False,False,False,False,0,1,,,,,,,,,,,,False,3.8909020234342706,False,False,False,False,False,,False,3.1127216187474165,False,False,False,False,False,
1,p1g4_059,4,merge_cross_edge,"[""p2g6_020"",""ref_iso_d0.65""]",0b2e158febda70ea,ok,partial,0.3031,64.8083099298941,76.30774657319212,3|grow|rotor|liquid|s2|g2|structured,False,False,False,False,0,1,,,,,,,,,,,,False,64.8083099298941,False,False,False,False,False,,False,57.90864794391527,False,False,False,False,False,
1,p1g4_061,4,merge_cross_edge,"[""p2g6_020"",""ref_M4_tau5.7""]",69c186c48d59931c,ok,partial,0.3314,70.56526316470355,83.04035088627141,4|grow|rotor|liquid|s3|g2|structured,True,True,True,True,0,3,0.3314,p1g4_061_s2,ok,0.3477,68.49545610210004,79.73727480280006,p1g4_061_s3,ok,0.4569,73.39301555398472,82.62735407197962,False,70.56526316470355,True,True,False,False,False,68.49545610210004,False,63.080210531762845,True,True,False,False,False,61.750364881680035
1,p1g4_062,4,merge_cross_edge,"[""p2g6_020"",""ref_M4_tau5.7""]",c7e941fbd799f308,ok,partial,0.3357,69.44217926609737,81.39957235479649,4|grow|rotor|liquid|s2|g2|structured,False,False,False,False,0,1,,,,,,,,,,,,False,69.44217926609737,False,False,False,False,False,,False,62.26774341287789,False,False,False,False,False,
1,p1g4_066,4,merge_cross_edge,"[""p2g6_020"",""ref_iso_d0.65""]",5c500ec8ca703339,ok,partial,0.4853,72.48212722727578,80.46616963636772,4|grow|rotor|liquid|s2|g2|structured,False,False,False,False,0,1,,,,,,,,,,,,True,72.48212722727578,True,False,False,False,False,,True,67.69170178182063,True,False,False,False,False,
1,p1g4_068,4,merge_slow_tanh,"[""p1g2_023"",""blk_p6g1_043""]",dc60a589bc9f3433,ok,partial,0.5497,66.65958103151439,70.55610804201919,4|grow|rotor|liquid|s1|g2|structured,True,True,True,True,0,3,0.4655,p1g4_068_s2,ok,0.4853,68.26259130317524,74.84012173756697,p1g4_068_s3,ok,0.4655,74.15831593522304,83.36108791363073,True,66.65958103151439,True,True,True,True,True,66.65958103151439,True,64.32166482521151,True,True,True,True,True,64.31607304254018
1,p1g4_072,4,merge_cross_edge,"[""p2g6_020"",""ref_M0""]",74ebfa1656898bcb,ok,partial,0.0553,49.20255696938014,63.76007595917352,4|switch|rotor|frozen|s1|g2|mixed,True,True,True,True,0,3,0.0447,p1g4_072_s2,ok,0.0447,50.27812190185718,65.5474958691429,p1g4_072_s3,ok,0.1237,51.400467461180924,64.41062328157456,False,49.20255696938014,False,False,False,False,False,49.20255696938014,False,40.468045575504114,False,False,False,False,False,40.468045575504114
1,p1g4_074,4,merge_cross_edge,"[""p2g6_020"",""ref_M0""]",714fe1adf08a0292,ok,partial,0.4603,71.39109819845785,79.84479759794381,4|switch|rotor|liquid|s2|g2|structured,False,False,False,False,0,1,,,,,,,,,,,,True,71.39109819845785,True,False,False,False,False,,True,66.31887855876629,True,False,False,False,False,
1,p1g4_005,4,mutate,"[""p3g9_022""]",696af8ccf026def7,ok,partial,0.3846,57.64780972453631,64.04374629938174,3|grow|rotor|liquid|s1|g2|structured,False,False,False,False,0,1,,,,,,,,,,,,False,57.64780972453631,False,False,False,False,False,,False,53.810247779629044,False,False,False,False,False,
1,p1g4_009,4,mutate,"[""p2g4_030""]",8668a03e7694dbf2,ok,partial,0.1174,55.124815874610505,69.58642116614733,4|grow|mobile|flicker|s2|g2|mixed,True,True,True,True,0,3,0.0615,p1g4_009_s2,ok,0.0615,51.362936205135405,66.43391494018054,p1g4_009_s3,ok,0.096,52.84699158726024,67.26265544968032,False,55.124815874610505,False,False,False,False,False,51.362936205135405,False,46.4478526996884,False,False,False,False,False,42.32034896410833
1,p1g4_010,4,mutate,"[""p3g6_032""]",af4d293ecc671f7a,ok,partial,0.6171,70.33795868810836,73.21394491747782,4|switch|mobile|liquid|s1|g1|structured,True,True,True,True,0,3,0.6171,p1g4_010_s2,ok,0.634,71.0329500701199,73.57726676015986,p1g4_010_s3,ok,0.6619,71.18945794835957,72.8559439311461,True,70.33795868810836,True,True,True,True,True,70.33795868810836,True,68.61236695048669,True,True,True,True,True,68.61236695048669
1,p1g4_012,4,mutate,"[""p3g6_032""]",9a2cd51c2edfa9fb,ok,partial,0.6295,72.69866813931259,75.94822418575012,4|grow|mobile|liquid|s1|g1|structured,True,True,True,True,0,3,0.6266,p1g4_012_s2,ok,0.6473,73.55748175831336,76.49997567775114,p1g4_012_s3,ok,0.6266,71.27922375052412,74.15229833403217,True,72.69866813931259,True,True,True,True,True,71.27922375052412,True,70.74893451145007,True,True,True,True,True,69.5553790004193
1,p1g4_013,4,mutate,"[""p3g9_022""]",1bccbf51d270090b,ok,partial,0.2698,46.609861591640716,53.15314878885429,4|switch|mobile|liquid|s1|g2|structured,False,False,False,False,0,1,,,,,,,,,,,,False,46.609861591640716,False,False,False,False,False,,False,42.68388927331257,False,False,False,False,False,
1,p1g4_014,4,mutate,"[""p3g6_032""]",ffc85a88ed49bb3e,ok,partial,0.3024,43.372130618503974,47.749507491338626,3|switch|mobile|liquid|s1|g0|structured,False,False,False,False,0,1,,,,,,,,,,,,False,43.372130618503974,False,False,False,False,False,,False,40.74570449480318,False,False,False,False,False,
1,p1g4_015,4,mutate,"[""p6g9_021""]",520c5cfdb13c97f1,ok,partial,0.0739,21.935177215284188,26.783569620378916,1|switch|still|frozen|s1|g2|structured,True,True,True,True,0,3,0.0739,p1g4_015_s2,ok,0.105,25.315289365436854,30.253719153915803,p1g4_015_s3,ok,0.1121,28.32687755566048,34.0325034075473,False,21.935177215284188,False,False,False,False,False,21.935177215284188,False,19.026141772227348,False,False,False,False,False,19.026141772227348
1,p1g4_017,4,mint_bilin,"[""p3g9_022""]",7b695e45435aba7d,ok,partial,0.0,55.84250110942213,74.45666814589617,4|grow|rotor|liquid|s1|g2|structured,False,False,False,False,0,1,,,,,,,,,,,,False,55.84250110942213,False,False,False,False,False,,False,44.6740008875377,False,False,False,False,False,
1,p1g4_018,4,mint_bilin,"[""p1g7_032""]",a2e659de1f9ee731,ok,partial,0.3554,64.03995161071083,73.53993548094778,4|grow|rotor|liquid|s1|g1|structured,False,False,False,False,0,1,,,,,,,,,,,,False,64.03995161071083,False,False,False,False,False,,False,58.33996128856867,False,False,False,False,False,
1,p1g4_021,4,mint_bilin,"[""p3g6_032""]",e3a00716b24d4fd4,ok,partial,0.3592,59.891822408138,67.88242987751732,4|grow|mobile|liquid|s1|g1|structured,False,False,False,False,0,1,,,,,,,,,,,,False,59.891822408138,False,False,False,False,False,,False,55.097457926510394,False,False,False,False,False,
1,p1g4_022,4,mint_bilin,"[""p3g9_022""]",c71f77ac2a1edfe0,ok,partial,0.5916,65.97713908735045,68.24951878313394,4|grow|mobile|liquid|s1|g2|structured,False,False,False,False,0,1,,,,,,,,,,,,True,65.97713908735045,True,False,False,False,False,,True,64.61371126988035,True,False,False,False,False,
1,p1g4_023,4,mint_bilin,"[""p6g8_033""]",94fe294d11e84969,ok,partial,0.4643,64.12961156216006,70.0294820828801,3|switch|rotor|liquid|s1|g2|structured,False,False,False,False,0,1,,,,,,,,,,,,True,64.12961156216006,True,False,False,False,False,,True,60.58968924972805,True,False,False,False,False,
1,p1g4_025,4,mint_bilin,"[""p3g9_022""]",b9171c6f6e80724d,ok,partial,0.3586,26.766041614440116,23.73472215258682,3|constant|mobile|liquid|s1|g0|structured,True,True,True,True,0,3,0.3586,p1g4_025_s2,ok,0.5556,33.149727338803395,25.679636451737863,p1g4_025_s3,ok,0.5512,40.71654302501477,35.91539070001969,False,26.766041614440116,False,False,False,False,False,26.766041614440116,False,28.58483329155209,False,False,False,False,False,28.58483329155209
1,p1g4_026,4,mint_bilin,"[""p3g9_022""]",93f51aa657671aaf,ok,partial,0.3586,26.766041614440116,23.73472215258682,3|constant|mobile|liquid|s1|g0|structured,False,False,False,False,0,1,,,,,,,,,,,,False,26.766041614440116,False,False,False,False,False,,False,28.58483329155209,False,False,False,False,False,
1,p1g4_027,4,mint_bilin,"[""p3g9_022""]",5114b348b82713a9,ok,partial,0.5839,67.31401702516746,70.28868936688994,4|grow|mobile|liquid|s1|g2|structured,False,False,False,False,0,1,,,,,,,,,,,,True,67.31401702516746,True,False,False,False,False,,True,65.52921362013396,True,False,False,False,False,
1,p1g4_029,4,delete_bilin,"[""p1g2_075""]",32f473f369bd451d,ok,partial,0.0,34.77078654601066,46.36104872801422,4|constant|drift|flicker|s1|g2|mixed,True,True,True,True,0,3,0.0,p1g4_029_s2,ok,0.0,30.009480869167987,40.01264115889065,p1g4_029_s3,ok,0.0,30.256577554551953,40.34210340606927,False,34.77078654601066,False,False,False,False,False,30.009480869167987,False,27.81662923680853,False,False,False,False,False,24.00758469533439
1,p1g4_031,4,delete_bilin,"[""p6g9_021""]",bd353bc117db191e,ok,partial,0.418,74.58924791194924,85.51899721593233,3|switch|rotor|liquid|s2|g2|structured,True,True,True,True,0,3,0.2637,p1g4_031_s2,ok,0.2637,66.41246534930644,79.75995379907526,p1g4_031_s3,ok,0.3626,67.77831393275437,78.28441857700582,True,74.58924791194924,True,False,False,False,False,66.41246534930644,True,68.0313983295594,True,False,False,False,False,58.403972279445156
1,p1g4_033,4,add_chan,"[""p6g5_026""]",b439f6b9ece697bf,ok,partial,0.0,30.598010689753572,40.7973475863381,2|relaxation|drift|liquid|s1|g2|mixed,True,True,True,True,0,3,0.0,p1g4_033_s2,ok,0.0,23.557396563280488,31.409862084373984,p1g4_033_s3,ok,0.0,32.28281878950172,43.043758386002295,False,30.598010689753572,False,False,False,False,False,23.557396563280488,False,24.478408551802858,False,False,False,False,False,18.84591725062439
1,p1g4_055,4,merge_spatial_ic,"[""p1g1_049"",""p1g7_032""]",dc62120b0c212700,ok,partial,0.3902,62.88743703372856,70.84324937830475,4|switch|mobile|liquid|s1|g1|structured,False,False,False,False,0,1,,,,,,,,,,,,False,62.88743703372856,False,False,False,False,False,,False,58.113949626982844,False,False,False,False,False,
1,p1g4_008,4,mutate,"[""p6g5_026""]",9286c3282db105b3,ok,partial,0.0277,17.209276713530883,22.022368951374514,1|oscillator|still|frozen|s1|g2|mixed,True,True,True,True,0,3,0.0,p1g4_008_s2,ok,0.0,20.100727167534156,26.800969556712207,p1g4_008_s3,ok,0.0,21.80662799728823,29.075503996384306,False,17.209276713530883,False,False,False,False,False,17.209276713530883,False,14.321421370824709,False,False,False,False,False,14.321421370824709
1,p1g4_036,4,add_chan,"[""p5g3_062""]",0b0ba5b42d44000e,ok,partial,0.0,48.3339655386175,64.44528738482333,3|grow|rotor|liquid|s1|g0|mixed,True,True,True,True,0,3,0.0,p1g4_036_s2,ok,0.0,45.744411770213176,60.992549026950904,p1g4_036_s3,ok,0.0,43.010093857572286,57.346791810096384,False,48.3339655386175,False,False,False,False,False,43.010093857572286,False,38.667172430894,False,False,False,False,False,34.40807508605783
1,p1g4_040,4,dup_act,"[""p1g2_003""]",0f55e600bb82a029,ok,partial,0.0,45.58129498934185,60.775059985789134,4|switch|drift|liquid|s1|g2|mixed,False,False,False,False,0,1,,,,,,,,,,,,False,45.58129498934185,False,False,False,False,False,,False,36.46503599147348,False,False,False,False,False,
1,p1g4_049,4,merge_spatial_ic,"[""p4g1_018"",""p1g5_022""]",bdeaaefe8a5b91e0,ok,partial,0.0,48.79292105464931,65.05722807286575,3|switch|rotor|flicker|s1|g2|mixed,True,True,True,True,0,3,0.0,p1g4_049_s2,ok,0.0,58.813984038559745,78.41864538474633,p1g4_049_s3,ok,0.0,63.02759565065739,84.03679420087651,False,48.79292105464931,False,False,False,False,False,48.79292105464931,False,39.03433684371945,False,False,False,False,False,39.03433684371945
1,p1g4_034,4,add_chan,"[""p6g5_026""]",1ee1b077bc2fe6fd,ok,partial,0.4606,67.81670964133131,75.06894618844176,3|grow|mobile|liquid|s1|g2|structured,True,True,True,True,0,3,0.4061,p1g4_034_s2,ok,0.4061,62.96926056692675,70.422347422569,p1g4_034_s3,ok,0.538,69.1988938359625,74.33185844795,True,67.81670964133131,True,True,True,True,True,62.96926056692675,True,63.46536771306505,True,True,True,False,False,58.497408453541404
1,p1g4_043,4,dup_act,"[""p6g7_028""]",edbf1caa851c31b2,ok,partial,0.335,65.15559303599109,75.70745738132145,4|switch|rotor|liquid|s1|g2|structured,False,False,False,False,0,1,,,,,,,,,,,,False,65.15559303599109,False,False,False,False,False,,False,58.82447442879287,False,False,False,False,False,
1,p1g4_044,4,dup_act,"[""p6g7_028""]",5cace89eac837cb6,ok,partial,0.0,57.68470684981838,76.91294246642451,4|grow|rotor|liquid|s1|g2|mixed,True,True,True,True,0,3,0.0,p1g4_044_s2,ok,0.0,59.021195066722086,78.69492675562945,p1g4_044_s3,ok,0.0,59.013865914962764,78.68515455328368,False,57.68470684981838,False,False,False,False,False,57.68470684981838,False,46.147765479854705,False,False,False,False,False,46.147765479854705
1,p1g4_050,4,merge_spatial_ic,"[""p3g9_022"",""p1g7_030""]",9a815b4bb1db78ea,ok,partial,0.6295,80.95316577068337,86.95422102757783,4|grow|mobile|liquid|s3|g2|structured,True,True,True,True,0,3,0.551,p1g4_050_s2,ok,0.551,75.31865484314005,82.05820645752007,p1g4_050_s3,ok,0.6487,81.79157794143298,87.43210392191064,True,80.95316577068337,True,True,True,True,True,75.31865484314005,True,77.3525326165467,True,True,True,True,True,71.27492387451204
1,p1g4_053,4,merge_spatial_ic,"[""p6g9_021"",""p6g5_019""]",b310fbfc5cac334e,ok,partial,0.4321,69.04373483807476,77.65497978409968,3|switch|rotor|liquid|s1|g2|structured,True,True,True,True,0,3,0.2054,p1g4_053_s2,ok,0.2645,70.97887159009058,85.82182878678745,p1g4_053_s3,ok,0.2054,68.4327004568867,84.3969339425156,True,69.04373483807476,True,False,False,False,False,68.4327004568867,True,63.87698787045981,True,False,False,False,False,58.85416036550936
1,p1g4_028,4,delete_bilin,"[""p6g7_028""]",04abf03262a9dbaf,ok,partial,0.3925,69.67898961017008,79.82198614689344,3|switch|rotor|liquid|s2|g2|structured,False,False,False,False,0,1,,,,,,,,,,,,False,69.67898961017008,False,False,False,False,False,,False,63.593191688136066,False,False,False,False,False,
1,p1g4_048,4,merge_spatial_ic,"[""p6g5_026"",""p3g6_070""]",ead25ce87e4b853d,ok,partial,0.2913,65.37507705499897,77.45676940666529,3|switch|mobile|liquid|s1|g2|structured,False,False,False,False,0,1,,,,,,,,,,,,False,65.37507705499897,False,False,False,False,False,,False,58.12606164399917,False,False,False,False,False,
1,p1g4_051,4,merge_spatial_ic,"[""p6g3_008"",""p1g5_022""]",6fdabba5eb65047e,ok,partial,0.4772,66.01426630234461,72.11235506979281,3|switch|mobile|liquid|s1|g2|structured,False,False,False,False,0,1,,,,,,,,,,,,True,66.01426630234461,True,False,False,False,False,,True,62.355413041875686,True,False,False,False,False,
1,p1g4_071,4,merge_slow_tanh,"[""p10g0_ds6_000"",""ref_M0""]",277309f156913ca2,ok,partial,0.5357,63.75748847761753,67.1533179701567,3|switch|mobile|liquid|s1|g2|structured,False,False,False,False,0,1,,,,,,,,,,,,True,63.75748847761753,True,False,False,False,False,,True,61.71999078209402,True,False,False,False,False,
1,p1g4_000,4,mutate,"[""p2g6_020""]",64504c1e1493f97c,ok,partial,0.0,43.282313024838615,57.70975069978482,3|switch|mobile|liquid|s1|g2|mixed,False,False,False,False,0,1,,,,,,,,,,,,False,43.282313024838615,False,False,False,False,False,,False,34.62585041987089,False,False,False,False,False,
1,p1g4_011,4,mutate,"[""p2g6_020""]",ad1436d5a5e4cd1d,ok,partial,0.3504,46.099621204595046,49.786161606126726,3|oscillator|mobile|liquid|s1|g2|structured,False,False,False,False,0,1,,,,,,,,,,,,False,46.099621204595046,False,False,False,False,False,,False,43.887696963676035,False,False,False,False,False,
1,p1g4_019,4,mint_bilin,"[""p1g2_003""]",56be747e4c5945af,ok,partial,0.1193,52.86734805829691,66.51313074439588,3|switch|drift|liquid|s1|g2|mixed,False,False,False,False,0,1,,,,,,,,,,,,False,52.86734805829691,False,False,False,False,False,,False,44.679878446637524,False,False,False,False,False,
1,p1g4_030,4,delete_bilin,"[""p4g2_028""]",aee6cb5ab33e8604,ok,partial,0.2664,67.08224633693438,80.5629951159125,3|grow|mobile|liquid|s2|g2|structured,False,False,False,False,0,1,,,,,,,,,,,,False,67.08224633693438,False,False,False,False,False,,False,58.9937970695475,False,False,False,False,False,
1,p1g4_054,4,merge_spatial_ic,"[""p2g6_020"",""p1g1_049""]",489530b94bd868b0,ok,partial,0.2151,55.61611821427984,66.98482428570645,3|switch|rotor|liquid|s1|g2|structured,False,False,False,False,0,1,,,,,,,,,,,,False,55.61611821427984,False,False,False,False,False,,False,48.79489457142387,False,False,False,False,False,
1,p1g4_057,4,merge_cross_edge,"[""p5g8_014"",""ref_M0""]",e899780877f641e4,ok,partial,0.0711,32.90427390115168,41.502365201535575,3|switch|mobile|liquid|s1|g2|mixed,False,False,False,False,0,1,,,,,,,,,,,,False,32.90427390115168,False,False,False,False,False,,False,27.745419120921344,False,False,False,False,False,
1,p1g4_067,4,merge_cross_edge,"[""p1g2_032"",""blk_engine_10748""]",d3844ec4b338946a,ok,partial,0.6188,65.61691864919493,66.86255819892656,3|switch|mobile|liquid|s1|g2|structured,False,False,False,False,0,1,,,,,,,,,,,,True,65.61691864919493,True,False,False,False,False,,True,64.86953491935594,True,False,False,False,False,
1,p1g4_082,4,immigrate,,ca6e0745125aeb75,no_blobs,missing,,0.0,,,False,False,False,False,0,1,,,,,,,,,,,,False,,False,False,False,False,False,,False,,False,False,False,False,False,
1,p1g4_088,4,immigrate,,34ad589ec5df3006,no_blobs,missing,,0.0,,,False,False,False,False,0,1,,,,,,,,,,,,False,,False,False,False,False,False,,False,,False,False,False,False,False,
1,p1g4_093,4,immigrate,,9ff1ca5f1acf23d8,no_blobs,missing,,0.0,,,False,False,False,False,0,1,,,,,,,,,,,,False,,False,False,False,False,False,,False,,False,False,False,False,False,
1,p1g4_095,4,immigrate,,896f06e415ccf3a9,no_blobs,missing,,0.0,,,False,False,False,False,0,1,,,,,,,,,,,,False,,False,False,False,False,False,,False,,False,False,False,False,False,
1,p1g4_079,4,immigrate,,5dc592be77c0c7cb,no_blobs,missing,,0.0,,,False,False,False,False,0,1,,,,,,,,,,,,False,,False,False,False,False,False,,False,,False,False,False,False,False,
1,p1g4_083,4,immigrate,,94f3abbde42422bc,no_blobs,missing,,0.0,,,False,False,False,False,0,1,,,,,,,,,,,,False,,False,False,False,False,False,,False,,False,False,False,False,False,
1,p1g4_086,4,immigrate,,6ccde03e1af5e543,no_blobs,missing,,0.0,,,False,False,False,False,0,1,,,,,,,,,,,,False,,False,False,False,False,False,,False,,False,False,False,False,False,
1,p1g4_097,4,immigrate,,4724aba8ecea0823,no_blobs,missing,,0.0,,,False,False,False,False,0,1,,,,,,,,,,,,False,,False,False,False,False,False,,False,,False,False,False,False,False,
1,p1g4_080,4,immigrate,,122571633fb4ce4c,ok,partial,0.0,0.0,0.0,1|constant|still|gas|s1|g0|mixed,False,False,False,False,0,1,,,,,,,,,,,,False,0.0,False,False,False,False,False,,False,0.0,False,False,False,False,False,
1,p1g4_081,4,immigrate,,eb7a28007d1372b5,ok,partial,0.0,15.337500000000002,20.450000000000003,2|constant|still|gas|s1|g0|mixed,True,True,True,True,0,3,0.0,p1g4_081_s2,ok,0.0,15.337500000000002,20.450000000000003,p1g4_081_s3,ok,0.0,15.337500000000002,20.450000000000003,False,15.337500000000002,False,False,False,False,False,15.337500000000002,False,12.270000000000001,False,False,False,False,False,12.270000000000001
1,p1g4_091,4,immigrate,,e983a9e33145079e,ok,partial,0.0,0.0,0.0,1|constant|still|gas|s1|g0|mixed,False,False,False,False,0,1,,,,,,,,,,,,False,0.0,False,False,False,False,False,,False,0.0,False,False,False,False,False,
1,p1g4_092,4,immigrate,,79a7d7bfcc0ee805,ok,partial,0.0,0.0,0.0,1|constant|still|gas|s1|g2|mixed,False,False,False,False,0,1,,,,,,,,,,,,False,0.0,False,False,False,False,False,,False,0.0,False,False,False,False,False,
1,p1g4_089,4,immigrate,,9586a4c006f109bd,ok,partial,0.0,18.763109947967774,25.017479930623697,1|constant|drift|gas|s1|g0|mixed,True,True,False,False,0,2,,p1g4_089_s2,ok,0.0,0.0,0.0,,,,,,False,18.763109947967774,False,False,False,False,False,,False,15.010487958374217,False,False,False,False,False,
1,p1g4_090,4,immigrate,,9b598fb4158666ce,ok,partial,0.0,0.0,0.0,1|constant|still|gas|s1|g0|mixed,False,False,False,False,0,1,,,,,,,,,,,,False,0.0,False,False,False,False,False,,False,0.0,False,False,False,False,False,
1,p1g4_096,4,immigrate,,5b8b7cf814570ca6,no_blobs,missing,,0.0,,,False,False,False,False,0,1,,,,,,,,,,,,False,,False,False,False,False,False,,False,,False,False,False,False,False,
1,p1g4_084,4,immigrate,,773af8b7f3ee2509,ok,partial,0.0,36.03468580220723,48.04624773627631,1|constant|rotor|flicker|s1|g2|structured,True,True,True,True,0,3,0.0,p1g4_084_s2,ok,0.0,34.61763812226742,46.1568508296899,p1g4_084_s3,ok,0.0,34.636307607350616,46.18174347646749,False,36.03468580220723,False,False,False,False,False,34.61763812226742,False,28.827748641765783,False,False,False,False,False,27.69411049781394
1,p1g4_087,4,immigrate,,240c2fe0e0865b15,ok,partial,0.0,0.0,0.0,1|constant|still|gas|s1|g0|mixed,False,False,False,False,0,1,,,,,,,,,,,,False,0.0,False,False,False,False,False,,False,0.0,False,False,False,False,False,
1,p1g4_078,4,immigrate,,6e2b7f2f4970f2b0,ok,partial,0.0,0.0,0.0,1|constant|still|gas|s1|g0|mixed,False,False,False,False,0,1,,,,,,,,,,,,False,0.0,False,False,False,False,False,,False,0.0,False,False,False,False,False,
1,p1g4_085,4,immigrate,,8b71ff919b80d21d,ok,partial,0.0,0.0,0.0,1|constant|still|gas|s1|g0|mixed,False,False,False,False,0,1,,,,,,,,,,,,False,0.0,False,False,False,False,False,,False,0.0,False,False,False,False,False,
1,p1g4_094,4,immigrate,,622d0a30636be98b,ok,partial,0.0,0.0,0.0,1|constant|still|gas|s1|g0|mixed,False,False,False,False,0,1,,,,,,,,,,,,False,0.0,False,False,False,False,False,,False,0.0,False,False,False,False,False,
1,p1g5_068,5,merge_cross_edge,"[""p4g2_028"",""ref_M4_tau5.7""]",5c9e21b82d5d472b,fail_g0a,missing,,,,,False,False,False,False,0,1,,,,,,,,,,,,False,,False,False,False,False,False,,False,,False,False,False,False,False,
1,p1g5_040,5,dup_act,"[""p6g7_028""]",b0a6008cafd5d603,fail_g0a,missing,,,,,False,False,False,False,0,1,,,,,,,,,,,,False,,False,False,False,False,False,,False,,False,False,False,False,False,
1,p1g5_070,5,merge_slow_tanh,"[""p1g4_038"",""ref_M0""]",9d6e6a2c1ca490c0,fail_g0a,missing,,,,,False,False,False,False,0,1,,,,,,,,,,,,False,,False,False,False,False,False,,False,,False,False,False,False,False,
1,p1g5_042,5,dup_act,"[""p1g6_065""]",7b11482ca378f5f7,fail_g0a,missing,,,,,False,False,False,False,0,1,,,,,,,,,,,,False,,False,False,False,False,False,,False,,False,False,False,False,False,
1,p1g5_047,5,dup_act,"[""p3g6_061""]",f93a0440f2382ee1,ok,partial,0.0,42.703873345573655,56.93849779409821,3|grow|mobile|liquid|s1|g1|mixed,False,False,False,False,0,1,,,,,,,,,,,,False,42.703873345573655,False,False,False,False,False,,False,34.16309867645892,False,False,False,False,False,
1,p1g5_056,5,merge_cross_edge,"[""p6g1_043"",""ref_BFIELD_g0.05""]",9da37cac62c6a20b,ok,partial,0.0826,28.146508541868595,34.77534472249146,2|switch|drift|liquid|s1|g2|mixed,False,False,False,False,0,1,,,,,,,,,,,,False,28.146508541868595,False,False,False,False,False,,False,24.169206833494876,False,False,False,False,False,
1,p1g5_061,5,merge_cross_edge,"[""p2g4_053"",""ref_M4_tau5.7""]",f18aaf212fa88aa2,ok,partial,0.4699,64.96604390783429,70.95805854377906,3|grow|rotor|liquid|s1|g2|structured,False,False,False,False,0,1,,,,,,,,,,,,True,64.96604390783429,True,False,False,False,False,,True,61.37083512626744,True,False,False,False,False,
1,p1g5_071,5,merge_slow_tanh,"[""p1g4_081"",""ref_M4_tau5.7""]",18af142dbe5e3605,ok,partial,0.0,33.492535159754595,44.65671354633946,3|constant|mobile|flicker|s1|g2|mixed,True,True,True,True,0,3,0.0,p1g5_071_s2,ok,0.0,30.188805200952288,40.251740267936384,p1g5_071_s3,ok,0.0,30.049209461024418,40.065612614699226,False,33.492535159754595,False,False,False,False,False,30.049209461024418,False,26.794028127803674,False,False,False,False,False,24.039367568819536
1,p1g5_000,5,mutate,"[""p2g7_039""]",0c2aef5cc5851ea7,ok,partial,0.4663,60.98195394859336,65.76593859812448,3|grow|mobile|liquid|s1|g2|structured,False,False,False,False,0,1,,,,,,,,,,,,True,60.98195394859336,True,False,False,False,False,,False,58.11156315887469,False,False,False,False,False,
1,p1g5_017,5,mint_bilin,"[""p2g7_039""]",c07075a545987979,ok,partial,0.611,73.71097880086393,77.9146384011519,4|grow|mobile|liquid|s2|g2|structured,True,True,True,True,0,3,0.6089,p1g5_017_s2,ok,0.6089,75.94006198118039,80.95674930824053,p1g5_017_s3,ok,0.6225,75.5026453828403,79.92019384378706,True,73.71097880086393,True,True,True,True,True,73.71097880086393,True,71.18878304069113,True,True,True,True,True,71.18878304069113
1,p1g5_022,5,mint_bilin,"[""p2g7_039""]",4716b0ed967ab0c9,ok,partial,0.5209,64.36786444253661,68.46048592338217,4|grow|rotor|liquid|s1|g2|structured,False,False,False,False,0,1,,,,,,,,,,,,True,64.36786444253661,True,False,False,False,False,,True,61.912291554029295,True,False,False,False,False,
1,p1g5_029,5,delete_bilin,"[""p6g7_067""]",7ad8fe3763bbce9d,ok,partial,0.5695,66.74978944982641,70.01638593310187,4|constant|rotor|liquid|s1|g2|structured,True,True,True,True,0,3,0.5695,p1g5_029_s2,ok,0.5961,66.55463406691852,68.8695120892247,p1g5_029_s3,ok,0.5962,67.37558167089394,69.96077556119191,True,66.74978944982641,True,True,True,True,True,66.55463406691852,True,64.78983155986111,True,True,True,True,True,64.78983155986111
1,p1g5_033,5,add_chan,"[""p1g3_016""]",135ab023e1954038,ok,partial,0.3203,54.71848115457236,62.281308206096476,4|switch|rotor|flicker|s1|g2|structured,False,False,False,False,0,1,,,,,,,,,,,,False,54.71848115457236,False,False,False,False,False,,False,50.18078492365788,False,False,False,False,False,
1,p1g5_041,5,dup_act,"[""p1g2_035""]",112e33a83ea2ec6f,ok,partial,0.0,26.190683448288596,34.92091126438479,2|oscillator|still|frozen|s1|g2|mixed,True,True,True,True,0,3,0.0,p1g5_041_s2,ok,0.0,28.701828717671138,38.26910495689485,p1g5_041_s3,ok,0.0,26.34415519994201,35.12554026658935,False,26.190683448288596,False,False,False,False,False,26.190683448288596,False,20.952546758630874,False,False,False,False,False,20.952546758630874
1,p1g5_043,5,dup_act,"[""p6g8_033""]",0b1f947f36b40f78,ok,partial,0.0,28.321006457116027,37.76134194282137,2|constant|still|liquid|s1|g2|mixed,False,False,False,False,0,1,,,,,,,,,,,,False,28.321006457116027,False,False,False,False,False,,False,22.65680516569282,False,False,False,False,False,
1,p1g5_046,5,dup_act,"[""p6g8_033""]",6068e7482ae9244f,ok,partial,0.0,22.93249570198812,30.57666093598416,2|constant|still|frozen|s1|g2|mixed,False,False,False,False,0,1,,,,,,,,,,,,False,22.93249570198812,False,False,False,False,False,,False,18.345996561590496,False,False,False,False,False,
1,p1g5_023,5,mint_bilin,"[""p2g2_070""]",0a8e2958b4721996,ok,partial,0.0,49.72423849113101,66.29898465484135,4|switch|mobile|flicker|s1|g2|mixed,False,False,False,False,0,1,,,,,,,,,,,,False,49.72423849113101,False,False,False,False,False,,False,39.779390792904806,False,False,False,False,False,
1,p1g5_026,5,mint_bilin,"[""p1g1_046""]",7b6c9744819b8d0f,ok,partial,0.0,49.520410783410654,66.02721437788087,4|switch|mobile|liquid|s1|g2|mixed,False,False,False,False,0,1,,,,,,,,,,,,False,49.520410783410654,False,False,False,False,False,,False,39.61632862672852,False,False,False,False,False,
1,p1g5_032,5,add_chan,"[""p1g1_045""]",045e13e4986b399c,ok,partial,0.0,61.498309408328694,81.99774587777159,4|grow|mobile|liquid|s2|g2|mixed,False,False,False,False,0,1,,,,,,,,,,,,False,61.498309408328694,False,False,False,False,False,,False,49.19864752666295,False,False,False,False,False,
1,p1g5_034,5,add_chan,"[""p6g10_024""]",0e73aa96f8d41568,ok,partial,0.289,57.75680264436319,67.37573685915092,3|grow|mobile|liquid|s1|g2|structured,False,False,False,False,0,1,,,,,,,,,,,,False,57.75680264436319,False,False,False,False,False,,False,51.98544211549054,False,False,False,False,False,
1,p1g5_049,5,merge_spatial_ic,"[""p3g8_049"",""p6g8_061""]",7abceff1a41774bf,ok,partial,0.0,55.662314747431516,74.21641966324202,4|switch|rotor|liquid|s1|g2|mixed,True,True,True,True,0,3,0.0,p1g5_049_s2,ok,0.0,49.52802902068919,66.03737202758559,p1g5_049_s3,ok,0.0,54.60151893105463,72.80202524140617,False,55.662314747431516,False,False,False,False,False,49.52802902068919,False,44.52985179794521,False,False,False,False,False,39.622423216551354
1,p1g5_051,5,merge_spatial_ic,"[""p2g7_039"",""p2g2_041""]",fa86cb8089d048d0,ok,partial,0.4166,65.25577706258491,73.12103608344654,3|grow|rotor|liquid|s1|g2|structured,False,False,False,False,0,1,,,,,,,,,,,,True,65.25577706258491,True,False,False,False,False,,True,60.53662165006792,True,False,False,False,False,
1,p1g5_055,5,merge_spatial_ic,"[""p6g1_040"",""p6g8_061""]",8e82b34b98815d51,ok,partial,0.6545,68.73286417490209,69.8271522332028,4|switch|mobile|liquid|s1|g1|structured,False,False,False,False,0,1,,,,,,,,,,,,True,68.73286417490209,True,False,False,False,False,,True,68.07629133992168,True,False,False,False,False,
1,p1g5_057,5,merge_cross_edge,"[""p2g4_062"",""blk_p2g4_053""]",b4e7b0eff2ea5f52,ok,partial,0.3026,58.49694808021664,67.90926410695552,3|grow|drift|liquid|s1|g2|structured,True,True,True,True,0,3,0.3026,p1g5_057_s2,ok,0.3258,56.804718135661986,64.87962418088264,p1g5_057_s3,ok,0.3305,52.08909112186381,58.435454829151745,False,58.49694808021664,False,False,False,False,False,52.08909112186381,False,52.849558464173306,False,False,False,False,False,48.28127289749104
1,p1g5_058,5,merge_cross_edge,"[""p5g8_007"",""ref_M0""]",f6c8f1b73d177984,ok,partial,0.0,49.26150245071205,65.68200326761607,4|switch|drift|liquid|s1|g2|mixed,False,False,False,False,0,1,,,,,,,,,,,,False,49.26150245071205,False,False,False,False,False,,False,39.40920196056964,False,False,False,False,False,
1,p1g5_062,5,merge_cross_edge,"[""p1g6_065"",""ref_M4_tau5.7""]",a17b106ee25e9ebd,ok,partial,0.199,43.04706544668038,50.762753928907166,4|grow|mobile|liquid|s1|g2|structured,False,False,False,False,0,1,,,,,,,,,,,,False,43.04706544668038,False,False,False,False,False,,False,38.417652357344295,False,False,False,False,False,
1,p1g5_065,5,merge_cross_edge,"[""p2g6_020"",""ref_iso_d0.65""]",52af9feffcedd72e,ok,partial,0.3036,56.540308379131815,65.26707783884243,3|switch|rotor|liquid|s1|g2|structured,False,False,False,False,0,1,,,,,,,,,,,,False,56.540308379131815,False,False,False,False,False,,False,51.30424670330545,False,False,False,False,False,
1,p1g5_066,5,merge_cross_edge,"[""p2g6_020"",""ref_M4_tau5.7""]",568599850425256f,ok,partial,0.1711,53.23921099261774,65.28228132349032,4|switch|rotor|liquid|s1|g2|structured,False,False,False,False,0,1,,,,,,,,,,,,False,53.23921099261774,False,False,False,False,False,,False,46.01336879409419,False,False,False,False,False,
1,p1g5_067,5,merge_cross_edge,"[""p4g2_028"",""ref_M0""]",06fe56e10550f893,ok,partial,0.1255,51.09043068899605,63.937240918661395,4|grow|still|liquid|s1|g2|structured,True,True,True,True,0,3,0.1255,p1g5_067_s2,ok,0.2019,52.26833028562747,62.9611070475033,p1g5_067_s3,ok,0.1683,48.19594377727196,58.65125836969594,False,51.09043068899605,False,False,False,False,False,48.19594377727196,False,43.38234455119684,False,False,False,False,False,41.92275502181756
1,p1g5_069,5,merge_cross_edge,"[""p2g6_020"",""ref_iso_d0.65""]",1b2647ef1fc6a3eb,ok,partial,0.3392,67.02181326949885,78.05575102599846,4|switch|rotor|liquid|s2|g2|structured,False,False,False,False,0,1,,,,,,,,,,,,False,67.02181326949885,False,False,False,False,False,,False,60.401450615599074,False,False,False,False,False,
1,p1g5_072,5,merge_cross_edge,"[""p1g3_027"",""blk_engine_10748""]",bf1d3533c5d1932e,ok,partial,0.5429,71.0406113598414,76.62414847978853,3|switch|rotor|liquid|s2|g2|structured,False,False,False,False,0,1,,,,,,,,,,,,True,71.0406113598414,True,False,False,False,False,,True,67.69048908787312,True,False,False,False,False,
1,p1g5_073,5,merge_slow_tanh,"[""p6g7_013"",""ref_iso_d0.75""]",44cbd9b3b31970cd,ok,partial,0.4302,61.06632986682387,67.08177315576516,4|switch|mobile|flicker|s1|g2|structured,True,True,True,True,0,3,0.4267,p1g5_073_s2,ok,0.4267,67.36359800279358,75.59479733705811,p1g5_073_s3,ok,0.4434,65.49245161844584,72.54326882459445,True,61.06632986682387,True,True,True,True,True,61.06632986682387,False,57.45706389345909,True,True,False,False,False,57.45706389345909
1,p1g5_007,5,mutate,"[""p3g6_036""]",8682b73f9a4cfc74,ok,partial,0.0276,18.177625813197334,23.316834417596443,3|oscillator|still|frozen|s1|g1|structured,True,True,True,True,0,3,0.0139,p1g5_007_s2,ok,0.0139,14.027529750934475,18.240039667912633,p1g5_007_s3,ok,0.0213,14.083067805312028,18.067423740416036,False,18.177625813197334,False,False,False,False,False,14.027529750934475,False,15.094100650557866,False,False,False,False,False,11.500023800747579
1,p1g5_008,5,mutate,"[""p6g9_021""]",20674302b005da05,ok,partial,0.2778,47.04668656464863,53.468915419531506,3|switch|rotor|liquid|s1|g2|structured,False,False,False,False,0,1,,,,,,,,,,,,False,47.04668656464863,False,False,False,False,False,,False,43.19334925171891,False,False,False,False,False,
1,p1g5_010,5,mutate,"[""p6g9_021""]",8036a4a3c0f54e81,ok,partial,0.5314,54.50347998729197,54.9579733163893,3|switch|mobile|liquid|s1|g2|structured,False,False,False,False,0,1,,,,,,,,,,,,False,54.50347998729197,False,False,False,False,False,,False,54.230783989833576,False,False,False,False,False,
1,p1g5_011,5,mutate,"[""p3g7_046""]",ee6523969f0ca54f,ok,partial,0.0,37.0392229630305,49.385630617374,3|switch|drift|liquid|s1|g2|mixed,False,False,False,False,0,1,,,,,,,,,,,,False,37.0392229630305,False,False,False,False,False,,False,29.631378370424397,False,False,False,False,False,
1,p1g5_018,5,mint_bilin,"[""p1g3_002""]",d414d7332af1ab13,ok,partial,0.0833,36.00811492361203,45.2341532314827,2|switch|drift|liquid|s1|g2|mixed,False,False,False,False,0,1,,,,,,,,,,,,False,36.00811492361203,False,False,False,False,False,,False,30.472491938889622,False,False,False,False,False,
1,p1g5_021,5,mint_bilin,"[""p3g6_032""]",617f370d3b27a8de,ok,partial,0.2989,53.40939702999907,61.24919603999876,3|switch|mobile|liquid|s1|g1|structured,False,False,False,False,0,1,,,,,,,,,,,,False,53.40939702999907,False,False,False,False,False,,False,48.705517623999256,False,False,False,False,False,
1,p1g5_030,5,delete_bilin,"[""p1g3_043""]",f4bf9a22b5e3a725,ok,partial,0.0,41.27066519472657,55.02755359296876,3|switch|mobile|liquid|s1|g2|mixed,False,False,False,False,0,1,,,,,,,,,,,,False,41.27066519472657,False,False,False,False,False,,False,33.016532155781256,False,False,False,False,False,
1,p1g5_074,5,merge_slow_tanh,"[""p1g4_038"",""ref_BFIELD_g0.05""]",d5f56a74b21ef164,ok,partial,0.5236,60.18765179447802,62.79686905930403,3|switch|mobile|liquid|s1|g2|structured,False,False,False,False,0,1,,,,,,,,,,,,True,60.18765179447802,True,False,False,False,False,,False,58.622121435582415,False,False,False,False,False,
1,p1g5_001,5,mutate,"[""p4g1_037""]",f9fd4b9a9c88ee6a,ok,partial,0.1811,22.98630260443376,24.61173680591168,3|constant|still|liquid|s1|g0|structured,True,True,True,True,0,3,0.1606,p1g5_001_s2,ok,0.1606,18.196655202288916,18.908873603051887,p1g5_001_s3,ok,0.1723,18.760278442884832,19.270371257179775,False,22.98630260443376,False,False,False,False,False,18.196655202288916,False,22.011042083547007,False,False,False,False,False,17.76932416183113
1,p1g5_004,5,mutate,"[""p6g6_032""]",4d1bac666623da13,ok,partial,0.3976,69.4534954483728,79.35132726449707,4|grow|mobile|liquid|s1|g2|structured,False,False,False,False,0,1,,,,,,,,,,,,False,69.4534954483728,False,False,False,False,False,,False,63.51479635869825,False,False,False,False,False,
1,p1g5_013,5,mutate,"[""p3g9_022""]",d6ec16064274a675,ok,partial,0.5301,57.777450130269344,59.366600173692454,4|switch|mobile|liquid|s1|g2|structured,False,False,False,False,0,1,,,,,,,,,,,,False,57.777450130269344,False,False,False,False,False,,False,56.82396010421547,False,False,False,False,False,
1,p1g5_015,5,mutate,"[""p3g6_036""]",6212721bf2a947b8,ok,partial,0.4443,63.227773334682276,69.49369777957637,4|switch|mobile|liquid|s1|g1|structured,False,False,False,False,0,1,,,,,,,,,,,,True,63.227773334682276,True,False,False,False,False,,False,59.468218667745816,False,False,False,False,False,
1,p1g5_016,5,mint_bilin,"[""p3g9_022""]",bd65e746df6cf09a,ok,partial,0.374,64.59698534168834,73.66264712225113,4|grow|mobile|liquid|s2|g2|structured,False,False,False,False,0,1,,,,,,,,,,,,False,64.59698534168834,False,False,False,False,False,,False,59.157588273350676,False,False,False,False,False,
1,p1g5_028,5,delete_bilin,"[""p3g6_032""]",e169f7c89e6864bc,ok,partial,0.5183,74.05546397120979,81.46395196161305,4|grow|mobile|liquid|s2|g1|structured,True,True,True,True,0,3,0.5183,p1g5_028_s2,ok,0.5729,74.65910605418591,80.44880807224789,p1g5_028_s3,ok,0.6186,78.50694065174646,84.05592086899527,True,74.05546397120979,True,True,True,True,True,74.05546397120979,True,69.61037117696782,True,True,True,True,True,69.61037117696782
1,p1g5_036,5,add_chan,"[""p1g3_014""]",a6d94c0cfe0debb8,ok,partial,0.5389,63.644985139805975,66.89664685307463,3|grow|mobile|liquid|s2|g2|structured,False,False,False,False,0,1,,,,,,,,,,,,True,63.644985139805975,True,False,False,False,False,,True,61.693988111844774,True,False,False,False,False,
1,p1g5_037,5,add_chan,"[""p6g7_028""]",d0dac1d1ce745276,ok,partial,0.3146,56.16678616336016,64.40238155114687,3|oscillator|mobile|liquid|s1|g2|structured,False,False,False,False,0,1,,,,,,,,,,,,False,56.16678616336016,False,False,False,False,False,,False,51.225428930688125,False,False,False,False,False,
1,p1g5_038,5,add_chan,"[""p6g5_026""]",01003858cf32b841,ok,partial,0.3816,71.510598628112,82.62746483748268,3|grow|mobile|liquid|s2|g2|structured,False,False,False,False,0,1,,,,,,,,,,,,False,71.510598628112,False,False,False,False,False,,False,64.84047890248961,False,False,False,False,False,
1,p1g5_039,5,add_chan,"[""p6g7_028""]",0070f08b2a432689,ok,partial,0.6654,58.759245885779094,56.16566118103879,2|relaxation|rotor|liquid|s1|g2|structured,True,True,True,True,0,3,0.185,p1g5_039_s2,ok,0.185,57.42509729584844,70.40012972779792,p1g5_039_s3,ok,0.4884,60.744750206324845,64.71300027509979,False,58.759245885779094,True,True,False,False,False,57.42509729584844,True,60.315396708623275,True,False,False,False,False,49.64007783667875
1,p1g5_050,5,merge_spatial_ic,"[""p3g6_032"",""p3g7_046""]",3e9e387b61a8cb22,ok,partial,0.5788,72.99256377607011,78.03008503476016,4|grow|mobile|liquid|s2|g1|structured,False,False,False,False,0,1,,,,,,,,,,,,True,72.99256377607011,True,False,False,False,False,,True,69.97005102085609,True,False,False,False,False,
1,p1g5_054,5,merge_spatial_ic,"[""p6g9_021"",""p2g4_002""]",b310fbfc5cac334e,ok,partial,0.1548,55.028356621046235,68.21114216139499,3|switch|mobile|liquid|s1|g2|structured,False,False,False,False,0,1,,,,,,,,,,,,False,55.028356621046235,False,False,False,False,False,,False,47.11868529683699,False,False,False,False,False,
1,p1g5_075,5,merge_share_chan,"[""p4g4_018"",""ref_iso_d0.65""]",2c18c2e961f220ac,ok,partial,0.0,33.96592083477108,45.28789444636144,2|switch|still|liquid|s1|g2|mixed,True,True,False,False,0,2,,p1g5_075_s2,ok,0.0,31.36200427246876,41.81600569662501,,,,,,False,33.96592083477108,False,False,False,False,False,,False,27.172736667816864,False,False,False,False,False,
1,p1g5_077,5,merge_share_chan,"[""p2g6_020"",""p1g4_089""]",c4114e6995927301,ok,partial,0.0,16.20610003065508,21.608133374206773,3|constant|still|gas|s1|g2|mixed,True,True,True,True,0,3,0.0,p1g5_077_s2,ok,0.0,17.574434988513094,23.432579984684125,p1g5_077_s3,ok,0.0,17.64250003065508,23.52333337420677,False,16.20610003065508,False,False,False,False,False,16.20610003065508,False,12.964880024524064,False,False,False,False,False,12.964880024524064
1,p1g5_002,5,mutate,"[""p1g4_036""]",f8038deeec6cbeb5,ok,partial,0.0,37.9030027842875,50.53733704571667,3|constant|rotor|flicker|s1|g0|mixed,True,True,True,True,0,3,0.0,p1g5_002_s2,ok,0.0,38.71813860386267,51.62418480515023,p1g5_002_s3,ok,0.0,44.11714418455217,58.82285891273622,False,37.9030027842875,False,False,False,False,False,37.9030027842875,False,30.32240222743,False,False,False,False,False,30.32240222743
1,p1g5_005,5,mutate,"[""p6g7_028""]",15d0018abd846192,ok,partial,0.3081,59.00011934940112,68.3968257992015,2|switch|mobile|liquid|s1|g2|structured,False,False,False,False,0,1,,,,,,,,,,,,False,59.00011934940112,False,False,False,False,False,,False,53.362095479520896,False,False,False,False,False,
1,p1g5_006,5,mutate,"[""p6g7_028""]",b9a1f01df773506c,ok,partial,0.4035,57.981874835465504,63.85916644728734,3|switch|rotor|liquid|s1|g2|structured,False,False,False,False,0,1,,,,,,,,,,,,False,57.981874835465504,False,False,False,False,False,,False,54.45549986837241,False,False,False,False,False,
1,p1g5_009,5,mutate,"[""p1g1_009""]",e0b5ec88fe286154,ok,partial,0.342,51.0599427740902,56.67992369878693,2|switch|mobile|liquid|s1|g2|structured,False,False,False,False,0,1,,,,,,,,,,,,False,51.0599427740902,False,False,False,False,False,,False,47.68795421927216,False,False,False,False,False,
1,p1g5_012,5,mutate,"[""p4g3_033""]",15e9361ea30fcdb3,ok,partial,0.382,46.98503950778351,49.91338601037801,4|switch|rotor|liquid|s1|g1|structured,True,True,True,True,0,3,0.3336,p1g5_012_s2,ok,0.3542,44.85243849855968,47.99658466474624,p1g5_012_s3,ok,0.3336,46.304613989529955,50.61948531937327,False,46.98503950778351,False,False,False,False,False,44.85243849855968,False,45.22803160622681,False,False,False,False,False,42.96595079884774
1,p1g5_014,5,mutate,"[""p6g5_026""]",510a2e15357d1c55,ok,partial,0.3879,68.11554932441825,77.89073243255767,3|grow|rotor|liquid|s1|g2|structured,True,True,True,True,0,3,0.3857,p1g5_014_s2,ok,0.4152,59.574923304855666,65.59323107314088,p1g5_014_s3,ok,0.3857,61.91895221136525,69.70193628182034,False,68.11554932441825,False,False,False,False,False,59.574923304855666,False,62.250439459534604,False,False,False,False,False,55.96393864388453
1,p1g5_024,5,mint_bilin,"[""p6g7_028""]",1c46219a67137021,ok,partial,0.3188,65.83092609808148,77.14790146410864,3|switch|mobile|liquid|s2|g2|structured,False,False,False,False,0,1,,,,,,,,,,,,False,65.83092609808148,False,False,False,False,False,,False,59.040740878465186,False,False,False,False,False,
1,p1g5_027,5,mint_bilin,"[""p4g1_018""]",f77e9e2b00cf8aca,ok,partial,0.0,48.422416302495236,64.56322173666031,3|switch|mobile|flicker|s1|g2|mixed,False,False,False,False,0,1,,,,,,,,,,,,False,48.422416302495236,False,False,False,False,False,,False,38.737933041996186,False,False,False,False,False,
1,p1g5_035,5,add_chan,"[""p1g2_012""]",e29244634a5b7e5d,ok,partial,0.1148,43.717952374842845,54.463936499790464,2|switch|still|liquid|s1|g2|mixed,True,True,True,True,0,3,0.1148,p1g5_035_s2,ok,0.348,46.98238808593602,51.043184114581365,p1g5_035_s3,ok,0.2206,44.67786880217048,52.21715840289397,False,43.717952374842845,False,False,False,False,False,43.717952374842845,False,37.270361899874274,False,False,False,False,False,37.270361899874274
1,p1g5_044,5,dup_act,"[""p2g6_020""]",8c33927bc34f75d8,ok,partial,0.0,46.40264259099237,61.87019012132316,4|switch|mobile|flicker|s1|g2|mixed,False,False,False,False,0,1,,,,,,,,,,,,False,46.40264259099237,False,False,False,False,False,,False,37.1221140727939,False,False,False,False,False,
1,p1g5_003,5,mutate,"[""p2g6_020""]",d04a33b2953e7b3e,ok,partial,0.0,43.18422813518679,57.57897084691572,3|switch|mobile|liquid|s1|g2|mixed,False,False,False,False,0,1,,,,,,,,,,,,False,43.18422813518679,False,False,False,False,False,,False,34.54738250814943,False,False,False,False,False,
1,p1g5_025,5,mint_bilin,"[""p2g6_020""]",3fd2e55ff600f863,ok,partial,0.565,68.09876586696008,71.96502115594677,3|switch|mobile|liquid|s1|g2|structured,False,False,False,False,0,1,,,,,,,,,,,,True,68.09876586696008,True,False,False,False,False,,True,65.77901269356806,True,False,False,False,False,
1,p1g5_031,5,delete_bilin,"[""p2g6_020""]",efe73b5851901019,ok,partial,0.3428,66.32406570782159,77.00542094376212,3|switch|mobile|liquid|s2|g2|structured,False,False,False,False,0,1,,,,,,,,,,,,False,66.32406570782159,False,False,False,False,False,,False,59.915252566257266,False,False,False,False,False,
1,p1g5_045,5,dup_act,"[""p2g6_020""]",1637e12ad895f8b1,ok,partial,0.0,60.56587331051636,80.75449774735515,4|switch|mobile|liquid|s2|g2|mixed,True,True,True,True,0,3,0.0,p1g5_045_s2,ok,0.0,59.833261111490714,79.77768148198761,p1g5_045_s3,ok,0.0,60.38035590931025,80.50714121241367,False,60.56587331051636,False,False,False,False,False,59.833261111490714,False,48.45269864841308,False,False,False,False,False,47.86660888919257
1,p1g5_059,5,merge_cross_edge,"[""p1g4_081"",""blk_p10g0_ds6_000""]",7322c5914fc0ccc5,ok,partial,0.0,50.44716539262707,67.26288719016942,4|switch|mobile|flicker|s1|g2|mixed,False,False,False,False,0,1,,,,,,,,,,,,False,50.44716539262707,False,False,False,False,False,,False,40.35773231410165,False,False,False,False,False,
1,p1g5_060,5,merge_cross_edge,"[""p1g2_032"",""ref_BFIELD_g0.05""]",9e197681da6b2458,ok,partial,0.5522,59.00689714994747,60.269196199929965,3|switch|mobile|liquid|s1|g2|structured,False,False,False,False,0,1,,,,,,,,,,,,False,59.00689714994747,False,False,False,False,False,,False,58.24951771995798,False,False,False,False,False,
1,p1g5_019,5,mint_bilin,"[""p2g6_020""]",bb3af1f7f6c9b0c7,ok,partial,0.3291,64.45764045272944,74.97352060363924,3|grow|rotor|liquid|s1|g2|structured,False,False,False,False,0,1,,,,,,,,,,,,False,64.45764045272944,False,False,False,False,False,,False,58.14811236218355,False,False,False,False,False,
1,p1g5_020,5,mint_bilin,"[""p2g6_020""]",a1c59e9e9cc2ba84,ok,partial,0.454,69.54380240422958,77.59173653897278,3|grow|rotor|liquid|s2|g2|structured,False,False,False,False,0,1,,,,,,,,,,,,True,69.54380240422958,True,False,False,False,False,,True,64.71504192338367,True,False,False,False,False,
1,p1g5_048,5,merge_spatial_ic,"[""p1g1_010"",""p1g5_022""]",19ce8f5d2f7ec59f,ok,partial,0.7412,67.57545418196469,65.39393890928625,3|grow|mobile|flicker|s1|g2|structured,True,True,False,False,0,2,,p1g5_048_s2,ok,0.0,14.225752193765768,18.96766959168769,,,,,,True,67.57545418196469,True,False,False,False,False,,True,68.88436334557174,True,False,False,False,False,
1,p1g5_052,5,merge_spatial_ic,"[""p2g6_020"",""p3g5_061""]",489530b94bd868b0,ok,partial,0.4801,61.706862811884804,66.27248374917974,3|switch|rotor|liquid|s1|g2|structured,False,False,False,False,0,1,,,,,,,,,,,,True,61.706862811884804,True,False,False,False,False,,False,58.96749024950785,False,False,False,False,False,
1,p1g5_053,5,merge_spatial_ic,"[""p5g8_007"",""p1g4_089""]",8e4299986c7764fd,ok,partial,0.0,48.59306022537316,64.79074696716421,3|switch|still|liquid|s1|g2|mixed,True,True,True,True,0,3,0.0,p1g5_053_s2,ok,0.0,47.54634082199169,63.39512109598893,p1g5_053_s3,ok,0.0716,53.65632129197633,69.15509505596845,False,48.59306022537316,False,False,False,False,False,47.54634082199169,False,38.87444818029852,False,False,False,False,False,38.037072657593356
1,p1g5_063,5,merge_cross_edge,"[""p10g0_ds6_000"",""ref_M0""]",68f6fde8be9f1282,ok,partial,0.5214,64.1476390233538,68.15018536447174,3|switch|rotor|liquid|s1|g2|structured,False,False,False,False,0,1,,,,,,,,,,,,True,64.1476390233538,True,False,False,False,False,,True,61.74611121868304,True,False,False,False,False,
1,p1g5_078,5,immigrate,,5f227c24f114856c,no_blobs,missing,,0.0,,,False,False,False,False,0,1,,,,,,,,,,,,False,,False,False,False,False,False,,False,,False,False,False,False,False,
1,p1g5_083,5,immigrate,,aa7d80046531e285,no_blobs,missing,,0.0,,,False,False,False,False,0,1,,,,,,,,,,,,False,,False,False,False,False,False,,False,,False,False,False,False,False,
1,p1g5_084,5,immigrate,,07016cfd94f03e31,no_blobs,missing,,0.0,,,False,False,False,False,0,1,,,,,,,,,,,,False,,False,False,False,False,False,,False,,False,False,False,False,False,
1,p1g5_089,5,immigrate,,7ade88f31c296dd0,no_blobs,missing,,0.0,,,False,False,False,False,0,1,,,,,,,,,,,,False,,False,False,False,False,False,,False,,False,False,False,False,False,
1,p1g5_093,5,immigrate,,2d7acf0ca79ba322,no_blobs,missing,,0.0,,,False,False,False,False,0,1,,,,,,,,,,,,False,,False,False,False,False,False,,False,,False,False,False,False,False,
1,p1g5_095,5,immigrate,,ce89256083508516,no_blobs,missing,,0.0,,,False,False,False,False,0,1,,,,,,,,,,,,False,,False,False,False,False,False,,False,,False,False,False,False,False,
1,p1g5_096,5,immigrate,,592e291254200fc4,no_blobs,missing,,0.0,,,False,False,False,False,0,1,,,,,,,,,,,,False,,False,False,False,False,False,,False,,False,False,False,False,False,
1,p1g5_080,5,immigrate,,aea9d3c0579269f1,no_blobs,missing,,0.0,,,False,False,False,False,0,1,,,,,,,,,,,,False,,False,False,False,False,False,,False,,False,False,False,False,False,
1,p1g5_087,5,immigrate,,77611b1d1f851092,no_blobs,missing,,0.0,,,False,False,False,False,0,1,,,,,,,,,,,,False,,False,False,False,False,False,,False,,False,False,False,False,False,
1,p1g5_088,5,immigrate,,5f2de4d40c3f1722,no_blobs,missing,,0.0,,,False,False,False,False,0,1,,,,,,,,,,,,False,,False,False,False,False,False,,False,,False,False,False,False,False,
1,p1g5_094,5,immigrate,,e62e8603ef1555da,no_blobs,missing,,0.0,,,False,False,False,False,0,1,,,,,,,,,,,,False,,False,False,False,False,False,,False,,False,False,False,False,False,
1,p1g5_081,5,immigrate,,87d69f891b8d7bb8,ok,partial,0.0,0.0,0.0,1|constant|still|gas|s1|g0|mixed,False,False,False,False,0,1,,,,,,,,,,,,False,0.0,False,False,False,False,False,,False,0.0,False,False,False,False,False,
1,p1g5_082,5,immigrate,,a430b38995e0862c,ok,partial,0.0,0.0,0.0,1|constant|still|gas|s1|g0|mixed,False,False,False,False,0,1,,,,,,,,,,,,False,0.0,False,False,False,False,False,,False,0.0,False,False,False,False,False,
1,p1g5_090,5,immigrate,,8987f5a0bb7c054d,ok,partial,0.0,0.0,0.0,1|constant|still|gas|s1|g0|mixed,False,False,False,False,0,1,,,,,,,,,,,,False,0.0,False,False,False,False,False,,False,0.0,False,False,False,False,False,
1,p1g5_092,5,immigrate,,cc5c5fd9d319b836,ok,partial,0.0,0.0,0.0,1|constant|still|gas|s1|g0|mixed,False,False,False,False,0,1,,,,,,,,,,,,False,0.0,False,False,False,False,False,,False,0.0,False,False,False,False,False,
1,p1g5_097,5,immigrate,,01d5f98f2f11db66,ok,partial,0.0,15.337500000000002,20.450000000000003,2|constant|still|gas|s1|g0|mixed,False,False,False,False,0,1,,,,,,,,,,,,False,15.337500000000002,False,False,False,False,False,,False,12.270000000000001,False,False,False,False,False,
1,p1g5_079,5,immigrate,,ef8bc19faa33f120,ok,partial,0.0,0.0,0.0,1|constant|still|gas|s1|g0|mixed,False,False,False,False,0,1,,,,,,,,,,,,False,0.0,False,False,False,False,False,,False,0.0,False,False,False,False,False,
1,p1g5_091,5,immigrate,,19dfe6ead16fc2e9,ok,partial,0.0,0.0,0.0,1|constant|still|gas|s1|g0|mixed,False,False,False,False,0,1,,,,,,,,,,,,False,0.0,False,False,False,False,False,,False,0.0,False,False,False,False,False,
1,p1g5_086,5,immigrate,,b383e473de35303f,no_blobs,missing,,0.0,,,False,False,False,False,0,1,,,,,,,,,,,,False,,False,False,False,False,False,,False,,False,False,False,False,False,
1,p1g5_076,5,merge_share_chan,"[""p1g4_081"",""ref_M4_tau5.7""]",17eda1665188c92c,ok,partial,0.0,10.5875,14.116666666666667,2|constant|still|gas|s1|g0|mixed,False,False,False,False,0,1,,,,,,,,,,,,False,10.5875,False,False,False,False,False,,False,8.47,False,False,False,False,False,
1,p1g5_085,5,immigrate,,46b879936ca1f04c,ok,partial,0.0,13.273075127559359,17.69743350341248,1|constant|still|flicker|s1|g0|mixed,True,True,True,True,0,3,0.0,p1g5_085_s2,ok,0.0,11.619225,15.4923,p1g5_085_s3,ok,0.0,20.532786579700858,27.377048772934476,False,13.273075127559359,False,False,False,False,False,11.619225,False,10.618460102047488,False,False,False,False,False,9.29538
1,p1g5_064,5,merge_cross_edge,"[""p1g4_084"",""ref_M4_tau5.7""]",e9e5a72b310bd141,ok,partial,0.4201,53.48379468355952,57.308392911412696,2|constant|rotor|liquid|s1|g2|structured,True,True,True,True,0,3,0.4201,p1g5_064_s2,ok,0.4479,51.61903716840671,53.89538289120895,p1g5_064_s3,ok,0.4528,53.01945045355431,55.59926727140575,False,53.48379468355952,False,False,False,False,False,51.61903716840671,False,51.18903574684761,False,False,False,False,False,50.253229734725366
1,p1g6_044,6,dup_act,"[""p6g9_021""]",1a66ee7988a28e2d,fail_g0a,missing,,,,,False,False,False,False,0,1,,,,,,,,,,,,False,,False,False,False,False,False,,False,,False,False,False,False,False,
1,p1g6_043,6,dup_act,"[""p6g5_026""]",79f6406eed3d21a3,fail_g0a,missing,,,,,False,False,False,False,0,1,,,,,,,,,,,,False,,False,False,False,False,False,,False,,False,False,False,False,False,
1,p1g6_047,6,dup_act,"[""p6g5_026""]",c44373677627eb50,fail_g0a,missing,,,,,False,False,False,False,0,1,,,,,,,,,,,,False,,False,False,False,False,False,,False,,False,False,False,False,False,
1,p1g6_078,6,merge_share_chan,"[""p2g6_020"",""ref_M4_tau5.7""]",4425efd7ca2c8eb1,fail_g0a,missing,,,,,False,False,False,False,0,1,,,,,,,,,,,,False,,False,False,False,False,False,,False,,False,False,False,False,False,
1,p1g6_076,6,merge_share_chan,"[""p2g4_062"",""blk_p6g1_043""]",6178730a4eae3447,fail_g0a,missing,,,,,False,False,False,False,0,1,,,,,,,,,,,,False,,False,False,False,False,False,,False,,False,False,False,False,False,
1,p1g6_011,6,mutate,"[""p2g6_020""]",c608666a5f1ba736,fail_g0a,missing,,,,,False,False,False,False,0,1,,,,,,,,,,,,False,,False,False,False,False,False,,False,,False,False,False,False,False,
1,p1g6_075,6,merge_share_chan,"[""p3g6_061"",""ref_M4_tau5.7""]",11d2fd7f1d626c75,fail_g0a,missing,,,,,False,False,False,False,0,1,,,,,,,,,,,,False,,False,False,False,False,False,,False,,False,False,False,False,False,
1,p1g6_077,6,merge_share_chan,"[""p1g2_032"",""ref_M0""]",de8858ef8646248f,fail_g0a,missing,,,,,False,False,False,False,0,1,,,,,,,,,,,,False,,False,False,False,False,False,,False,,False,False,False,False,False,
1,p1g6_002,6,mutate,"[""p0g0_ds2g11_009""]",708d457caaf19f99,ok,partial,0.102,54.14792889373382,68.79723852497843,3|grow|rotor|frozen|s1|g2|structured,True,True,True,True,0,3,0.0923,p1g6_002_s2,ok,0.1077,48.809950785868644,61.48993438115819,p1g6_002_s3,ok,0.0923,49.260761821855226,62.604349095806974,False,54.14792889373382,False,False,False,False,False,48.809950785868644,False,45.35834311498705,False,False,False,False,False,41.20196062869491
1,p1g6_033,6,add_chan,"[""p3g5_061""]",21586638a75b5f95,ok,partial,0.0,26.064379039120816,34.75250538549442,2|constant|mobile|flicker|s1|g2|mixed,True,True,True,True,0,3,0.0,p1g6_033_s2,ok,0.0,33.02025729975379,44.02700973300505,p1g6_033_s3,ok,0.0,27.712413647527775,36.949884863370364,False,26.064379039120816,False,False,False,False,False,26.064379039120816,False,20.851503231296654,False,False,False,False,False,20.851503231296654
1,p1g6_053,6,merge_spatial_ic,"[""p3g6_061"",""p6g1_023""]",87da68345e8008fe,ok,partial,0.0,48.42298336352161,64.56397781802882,2|grow|mobile|liquid|s1|g1|mixed,True,True,True,True,0,3,0.0,p1g6_053_s2,ok,0.0,49.40091023920776,65.86788031894368,p1g6_053_s3,ok,0.0,49.02612674685078,65.36816899580104,False,48.42298336352161,False,False,False,False,False,48.42298336352161,False,38.738386690817286,False,False,False,False,False,38.738386690817286
1,p1g6_068,6,merge_slow_tanh,"[""p1g4_084"",""ref_iso_d0.75""]",ab38c24cc5e4c855,ok,partial,0.0,28.928209388151597,38.570945850868796,2|constant|still|frozen|s1|g2|mixed,True,True,True,True,0,3,0.0,p1g6_068_s2,ok,0.0,19.788634346270058,26.384845795026745,p1g6_068_s3,ok,0.0,24.800467766692556,33.067290355590075,False,28.928209388151597,False,False,False,False,False,19.788634346270058,False,23.14256751052128,False,False,False,False,False,15.830907477016046
1,p1g6_006,6,mutate,"[""p1g2_065""]",b0ab94830eede339,ok,partial,0.3576,56.809712714218115,63.82628361895749,4|grow|drift|flicker|s2|g2|structured,True,True,True,True,0,3,0.3576,p1g6_006_s2,ok,0.4208,58.72987666898054,64.27983555864071,p1g6_006_s3,ok,0.4126,59.56123893233273,65.66165190977698,False,56.809712714218115,False,False,False,False,False,56.809712714218115,False,52.59977017137449,False,False,False,False,False,52.59977017137449
1,p1g6_008,6,mutate,"[""p1g4_065""]",72b641dba8085a1c,ok,partial,0.0,29.217842050078097,38.957122733437465,4|switch|still|frozen|s1|g2|mixed,True,True,True,True,0,3,0.0,p1g6_008_s2,ok,0.1452,44.96338316636132,55.111177555148416,p1g6_008_s3,ok,0.0988,44.89754178385573,56.57005571180764,False,29.217842050078097,False,False,False,False,False,29.217842050078097,False,23.37427364006248,False,False,False,False,False,23.37427364006248
1,p1g6_012,6,mutate,"[""p1g5_049""]",249b7297e2ca86db,ok,partial,0.1241,43.365400313097986,53.683867084130654,3|switch|still|liquid|s1|g2|structured,True,True,True,True,0,3,0.1241,p1g6_012_s2,ok,0.2238,49.156764766057705,58.08235302141027,p1g6_012_s3,ok,0.1545,52.33609766288026,64.63146355050702,False,43.365400313097986,False,False,False,False,False,43.365400313097986,False,37.17432025047839,False,False,False,False,False,37.17432025047839
1,p1g6_034,6,add_chan,"[""p3g9_022""]",3e335e7b78cfd65a,ok,partial,0.3588,57.49881972195255,64.7050929626034,3|grow|mobile|liquid|s1|g2|structured,False,False,False,False,0,1,,,,,,,,,,,,False,57.49881972195255,False,False,False,False,False,,False,53.17505577756204,False,False,False,False,False,
1,p1g6_037,6,add_chan,"[""p6g9_021""]",c6a472c04e94e79b,ok,partial,0.4073,69.37962434540148,78.92949912720196,3|switch|mobile|liquid|s2|g2|structured,False,False,False,False,0,1,,,,,,,,,,,,True,69.37962434540148,True,False,False,False,False,,True,63.64969947632118,True,False,False,False,False,
1,p1g6_040,6,dup_act,"[""p6g9_021""]",d702095778d60346,ok,partial,0.0,29.3634039058959,39.1512052078612,2|oscillator|still|liquid|s1|g2|mixed,False,False,False,False,0,1,,,,,,,,,,,,False,29.3634039058959,False,False,False,False,False,,False,23.49072312471672,False,False,False,False,False,
1,p1g6_048,6,merge_spatial_ic,"[""p2g7_039"",""p5g8_014""]",fa86cb8089d048d0,ok,partial,0.5308,57.87029370815268,59.46705827753691,4|switch|mobile|liquid|s1|g2|structured,False,False,False,False,0,1,,,,,,,,,,,,False,57.87029370815268,False,False,False,False,False,,False,56.91223496652215,False,False,False,False,False,
1,p1g6_056,6,merge_cross_edge,"[""p2g6_020"",""blk_engine_10748""]",b0f67bbf848a278c,ok,partial,0.5395,75.48079017476076,82.65772023301435,4|grow|rotor|liquid|s3|g2|structured,True,True,True,True,0,3,0.5395,p1g6_056_s2,ok,0.5422,74.03975791360435,80.6463438848058,p1g6_056_s3,ok,0.5756,78.49868129949976,85.47824173266635,True,75.48079017476076,True,True,True,True,True,74.03975791360435,True,71.17463213980861,True,True,True,True,True,70.07580633088348
1,p1g6_058,6,merge_cross_edge,"[""p6g5_025"",""ref_iso_d0.65""]",589dbd02a42b7c55,ok,partial,0.3685,47.25223337376275,50.719644498350334,3|switch|mobile|liquid|s1|g2|structured,False,False,False,False,0,1,,,,,,,,,,,,False,47.25223337376275,False,False,False,False,False,,False,45.1717866990102,False,False,False,False,False,
1,p1g6_064,6,merge_cross_edge,"[""p2g6_020"",""ref_iso_d0.75""]",df077504c85b20e6,ok,partial,0.1821,52.608568317839165,64.07475775711889,4|switch|rotor|liquid|s1|g2|mixed,False,False,False,False,0,1,,,,,,,,,,,,False,52.608568317839165,False,False,False,False,False,,False,45.72885465427133,False,False,False,False,False,
1,p1g6_023,6,mint_bilin,"[""p1g5_017""]",fceaf0f5291b4bac,ok,partial,0.6155,75.03929309489915,79.5357241265322,4|grow|mobile|liquid|s1|g2|structured,True,True,True,True,0,3,0.6098,p1g6_023_s2,ok,0.6277,75.6969081275237,80.00587750336494,p1g6_023_s3,ok,0.6098,75.64829343842624,80.53772458456831,True,75.03929309489915,True,True,True,True,True,75.03929309489915,True,72.34143447591931,True,True,True,True,True,72.34143447591931
1,p1g6_035,6,add_chan,"[""p1g7_025""]",869f1a59265fe499,ok,partial,0.5274,64.54616754105815,68.48155672141087,4|grow|mobile|liquid|s1|g1|structured,False,False,False,False,0,1,,,,,,,,,,,,True,64.54616754105815,True,False,False,False,False,,True,62.18493403284651,True,False,False,False,False,
1,p1g6_039,6,add_chan,"[""p1g4_044""]",99d44e2cbaf8207e,ok,partial,0.0,59.2308182396355,78.974424319514,4|grow|mobile|liquid|s1|g2|mixed,False,False,False,False,0,1,,,,,,,,,,,,False,59.2308182396355,False,False,False,False,False,,False,47.3846545917084,False,False,False,False,False,
1,p1g6_046,6,dup_act,"[""p6g9_021""]",2c443761330b04d7,ok,partial,0.0,60.37640299639858,80.50187066186477,4|grow|rotor|liquid|s2|g2|mixed,False,False,False,False,0,1,,,,,,,,,,,,False,60.37640299639858,False,False,False,False,False,,False,48.30112239711886,False,False,False,False,False,
1,p1g6_057,6,merge_cross_edge,"[""p1g5_064"",""blk_p2g4_053""]",d4d3de85840233f2,ok,partial,0.5766,67.04426978130982,70.17235970841308,4|grow|rotor|liquid|s1|g2|structured,True,True,True,True,0,3,0.5721,p1g6_057_s2,ok,0.6024,66.04459850245243,67.97946466993658,p1g6_057_s3,ok,0.5721,65.7149434869948,68.5499246493264,True,67.04426978130982,True,True,True,True,True,65.7149434869948,True,65.16741582504784,True,True,True,True,True,64.01395478959583
1,p1g6_060,6,merge_cross_edge,"[""p2g6_020"",""ref_M4_tau5.7""]",4f87688452df6fde,ok,partial,0.4456,65.79888183386996,72.8785091118266,4|switch|mobile|flicker|s2|g2|structured,True,True,True,True,0,3,0.4456,p1g6_060_s2,ok,0.4509,66.51311211099281,73.65414948132376,p1g6_060_s3,ok,0.475,62.0996964695589,66.96626195941187,True,65.79888183386996,True,True,True,True,True,62.0996964695589,True,61.55110546709596,True,True,True,False,False,59.17975717564712
1,p1g6_065,6,merge_cross_edge,"[""p2g6_020"",""ref_iso_d0.75""]",d760747f84c5546f,ok,partial,0.2139,66.67181683147331,81.76575577529775,4|grow|rotor|liquid|s2|g2|structured,False,False,False,False,0,1,,,,,,,,,,,,False,66.67181683147331,False,False,False,False,False,,False,57.615453465178646,False,False,False,False,False,
1,p1g6_067,6,merge_cross_edge,"[""p2g6_020"",""ref_iso_d0.75""]",3c388f527a32338f,ok,partial,0.3956,66.36233997125643,75.29645329500858,4|grow|rotor|liquid|s1|g2|structured,False,False,False,False,0,1,,,,,,,,,,,,False,66.36233997125643,False,False,False,False,False,,False,61.001871977005145,False,False,False,False,False,
1,p1g6_069,6,merge_cross_edge,"[""p2g6_020"",""ref_iso_d0.75""]",05d8f90444d37bb0,ok,partial,0.181,54.40224646139618,66.50299528186157,4|switch|rotor|liquid|s1|g2|mixed,False,False,False,False,0,1,,,,,,,,,,,,False,54.40224646139618,False,False,False,False,False,,False,47.14179716911694,False,False,False,False,False,
1,p1g6_070,6,merge_slow_tanh,"[""p1g2_023"",""ref_XV_tau15.7""]",e675703daafb1609,ok,partial,0.3905,66.220366946089,75.27715592811866,4|grow|rotor|liquid|s1|g2|structured,False,False,False,False,0,1,,,,,,,,,,,,False,66.220366946089,False,False,False,False,False,,False,60.7862935568712,False,False,False,False,False,
1,p1g6_072,6,merge_slow_tanh,"[""p6g7_013"",""ref_iso_d0.75""]",da961000a3fb2418,ok,partial,0.4879,63.403195611965984,68.27426081595465,4|switch|mobile|liquid|s1|g2|structured,False,False,False,False,0,1,,,,,,,,,,,,True,63.403195611965984,True,False,False,False,False,,True,60.480556489572784,True,False,False,False,False,
1,p1g6_073,6,merge_cross_edge,"[""p1g2_008"",""blk_p1g2_008""]",0ed378902ccd84da,ok,partial,0.4506,60.552105008919284,65.71614001189238,4|switch|mobile|liquid|s1|g2|structured,False,False,False,False,0,1,,,,,,,,,,,,True,60.552105008919284,True,False,False,False,False,,False,57.45368400713543,False,False,False,False,False,
1,p1g6_074,6,merge_cross_edge,"[""p2g6_020"",""ref_M4_tau5.7""]",bb94a730d19f6ed9,ok,partial,0.5576,67.03058129100347,70.78744172133796,3|switch|rotor|liquid|s2|g2|structured,False,False,False,False,0,1,,,,,,,,,,,,True,67.03058129100347,True,False,False,False,False,,True,64.77646503280278,True,False,False,False,False,
1,p1g6_001,6,mutate,"[""p6g9_038""]",a2baacc85b31a791,ok,partial,0.2271,33.27171991680846,36.792293222411274,1|grow|drift|liquid|s1|g2|structured,True,True,True,True,0,3,0.102,p1g6_001_s2,ok,0.1562,30.809000100185045,35.87200013358006,p1g6_001_s3,ok,0.102,27.18331002387318,32.844413365164236,False,33.27171991680846,False,False,False,False,False,27.18331002387318,False,31.159375933446764,False,False,False,False,False,23.786648019098543
1,p1g6_003,6,mutate,"[""p2g4_002""]",3ff5249629056193,ok,partial,0.4628,67.05421966773932,73.97895955698577,4|switch|mobile|liquid|s1|g2|structured,False,False,False,False,0,1,,,,,,,,,,,,True,67.05421966773932,True,False,False,False,False,,True,62.89937573419146,True,False,False,False,False,
1,p1g6_004,6,mutate,"[""p3g6_032""]",a14de1a04e685256,ok,partial,0.2733,49.037787130508605,56.27371617401147,4|switch|mobile|liquid|s1|g1|structured,False,False,False,False,0,1,,,,,,,,,,,,False,49.037787130508605,False,False,False,False,False,,False,44.696229704406875,False,False,False,False,False,
1,p1g6_009,6,mutate,"[""p3g9_022""]",91813fbd275fbaaa,ok,partial,0.588,71.84487545626631,76.19316727502175,4|switch|mobile|liquid|s1|g2|structured,True,True,True,True,0,3,0.588,p1g6_009_s2,ok,0.7502,72.15161723210426,71.19548964280568,p1g6_009_s3,ok,0.6044,68.27500606854943,70.88667475806591,True,71.84487545626631,True,True,True,True,True,68.27500606854943,True,69.23590036501305,True,True,True,True,True,66.70800485483954
1,p1g6_010,6,mutate,"[""p3g9_022""]",c9de4b4275cb9d65,ok,partial,0.0,3.0843749999999996,4.1125,1|constant|still|gas|s1|g0|mixed,True,True,True,True,0,3,0.0,p1g6_010_s2,ok,0.0,3.0843749999999996,4.1125,p1g6_010_s3,ok,0.0,4.771875,6.3625,False,3.0843749999999996,False,False,False,False,False,3.0843749999999996,False,2.4675,False,False,False,False,False,2.4675
1,p1g6_013,6,mutate,"[""p3g6_032""]",c3a898604e03bebe,ok,partial,0.3824,54.53056779233241,59.960757056443214,3|switch|mobile|liquid|s1|g1|structured,False,False,False,False,0,1,,,,,,,,,,,,False,54.53056779233241,False,False,False,False,False,,False,51.27245423386593,False,False,False,False,False,
1,p1g6_014,6,mutate,"[""p1g2_014""]",29ebe2608c3efff8,ok,partial,0.4996,66.77847030665974,72.38462707554633,3|switch|rotor|liquid|s1|g2|structured,False,False,False,False,0,1,,,,,,,,,,,,True,66.77847030665974,True,False,False,False,False,,True,63.4147762453278,True,False,False,False,False,
1,p1g6_018,6,mint_bilin,"[""p6g9_021""]",4d69bffc0d662e52,ok,partial,0.3742,70.76886468800677,81.88515291734237,3|switch|mobile|liquid|s2|g2|structured,True,True,True,True,0,3,0.3414,p1g6_018_s2,ok,0.3838,69.96336631346476,80.49115508461968,p1g6_018_s3,ok,0.3414,69.81208384794144,81.70277846392192,False,70.76886468800677,False,False,False,False,False,69.81208384794144,False,64.09909175040542,False,False,False,False,False,62.677667078353146
1,p1g6_022,6,mint_bilin,"[""p3g6_032""]",2c8dae67f19b2360,ok,partial,0.5021,74.35276906682041,82.40035875576056,4|grow|mobile|liquid|s2|g2|structured,True,True,False,False,0,2,,p1g6_022_s2,ok,0.3879,76.42730584878193,88.97307446504257,,,,,,True,74.35276906682041,True,False,False,False,False,,True,69.52421525345633,True,False,False,False,False,
1,p1g6_024,6,mint_bilin,"[""p3g9_022""]",3a044a368e6e6a61,ok,partial,0.5542,75.76950495905004,82.55267327873338,4|grow|mobile|liquid|s2|g2|structured,True,True,True,True,0,3,0.5542,p1g6_024_s2,ok,0.5706,76.42034454664815,82.8737927288642,p1g6_024_s3,ok,0.6272,74.76862126030002,78.78482834706669,True,75.76950495905004,True,True,True,True,True,74.76862126030002,True,71.69960396724002,True,True,True,True,True,71.69960396724002
1,p1g6_025,6,mint_bilin,"[""p1g2_027""]",6817f357a454594a,ok,partial,0.1441,65.84243953652444,82.98658604869925,3|grow|mobile|liquid|s2|g2|structured,False,False,False,False,0,1,,,,,,,,,,,,False,65.84243953652444,False,False,False,False,False,,False,55.55595162921955,False,False,False,False,False,
1,p1g6_026,6,mint_bilin,"[""p6g9_021""]",0bf97bd4c0a390b3,ok,partial,0.6326,60.51862195024731,59.604829266996404,3|switch|mobile|flicker|s1|g2|structured,True,True,True,True,0,3,0.3031,p1g6_026_s2,ok,0.3768,64.67745811902859,73.67661082537144,p1g6_026_s3,ok,0.3031,63.3034217171265,74.30122895616866,True,60.51862195024731,True,False,False,False,False,60.51862195024731,True,61.066897560197845,True,False,False,False,False,56.70473737370119
1,p1g6_052,6,merge_spatial_ic,"[""p6g6_032"",""p1g3_046""]",e85f4b309db0d245,ok,partial,0.6485,71.7687804900116,74.0750406533488,4|switch|rotor|liquid|s1|g2|structured,True,True,True,True,0,3,0.5397,p1g6_052_s2,ok,0.5532,75.18073483319824,81.80097977759766,p1g6_052_s3,ok,0.5397,78.64556545609295,86.87075394145725,True,71.7687804900116,True,True,True,True,True,71.7687804900116,True,70.38502439200927,True,True,True,True,True,70.38502439200927
1,p1g6_061,6,merge_cross_edge,"[""p1g4_089"",""p4g5_070""]",96a7ec6bf2dec270,ok,partial,0.5496,46.07186714187711,43.109156189169475,2|constant|mobile|liquid|s1|g2|structured,True,True,True,True,0,3,0.5106,p1g6_061_s2,ok,0.5454,55.74632854400197,56.14843805866929,p1g6_061_s3,ok,0.5106,58.690711887272094,61.23428251636279,False,46.07186714187711,False,False,False,False,False,46.07186714187711,False,47.84949371350169,False,False,False,False,False,47.84949371350169
1,p1g6_027,6,mint_bilin,"[""p3g6_036""]",5cc23599a1bad445,ok,partial,0.5412,64.39928016746674,67.82570688995565,3|grow|mobile|liquid|s1|g1|structured,True,True,True,True,0,3,0.5242,p1g6_027_s2,ok,0.5438,64.01181437251711,67.22241916335614,p1g6_027_s3,ok,0.5242,72.08519922626536,78.64026563502048,True,64.39928016746674,True,True,True,True,True,64.01181437251711,True,62.343424133973386,True,True,True,True,True,62.08545149801368
1,p1g6_028,6,delete_bilin,"[""p3g9_022""]",aeee09d4cce63b36,ok,partial,0.376,69.40055984217383,80.00074645623177,4|grow|rotor|liquid|s2|g2|structured,False,False,False,False,0,1,,,,,,,,,,,,False,69.40055984217383,False,False,False,False,False,,False,63.040447873739055,False,False,False,False,False,
1,p1g6_031,6,delete_bilin,"[""p6g9_021""]",21b09ff296b50769,ok,partial,0.3523,69.6652441612608,81.14365888168106,3|grow|rotor|liquid|s2|g2|structured,False,False,False,False,0,1,,,,,,,,,,,,False,69.6652441612608,False,False,False,False,False,,False,62.77819532900863,False,False,False,False,False,
1,p1g6_032,6,add_chan,"[""p1g2_020""]",69175c0d73a417ae,ok,partial,0.3594,54.75131188779547,61.021749183727295,4|grow|rotor|liquid|s1|g2|structured,False,False,False,False,0,1,,,,,,,,,,,,False,54.75131188779547,False,False,False,False,False,,False,50.98904951023637,False,False,False,False,False,
1,p1g6_042,6,dup_act,"[""p6g5_026""]",c0ef4ffb6e14b68c,ok,partial,0.2512,55.69265296528278,65.88353728704371,4|switch|rotor|liquid|s1|g2|structured,False,False,False,False,0,1,,,,,,,,,,,,False,55.69265296528278,False,False,False,False,False,,False,49.57812237222622,False,False,False,False,False,
1,p1g6_045,6,dup_act,"[""p6g5_026""]",1fb78d789b364fb2,ok,partial,0.2504,66.52662843144097,80.35550457525463,4|grow|rotor|liquid|s2|g2|mixed,True,True,True,True,0,3,0.2504,p1g6_045_s2,ok,0.3288,58.8539789360284,67.51197191470453,p1g6_045_s3,ok,0.306,64.3039066578488,75.53854221046507,False,66.52662843144097,False,False,False,False,False,58.8539789360284,False,58.22930274515277,False,False,False,False,False,53.65918314882272
1,p1g6_049,6,merge_spatial_ic,"[""p3g9_022"",""p6g7_035""]",9a815b4bb1db78ea,ok,partial,0.5316,67.52250063241576,72.31000084322102,4|grow|mobile|liquid|s1|g2|structured,False,False,False,False,0,1,,,,,,,,,,,,True,67.52250063241576,True,False,False,False,False,,True,64.65000050593261,True,False,False,False,False,
1,p1g6_062,6,merge_cross_edge,"[""p1g2_023"",""ref_XV_tau15.7""]",5f4119d6059bd8aa,ok,partial,0.392,62.27825757579538,69.9710101010605,4|grow|rotor|flicker|s2|g2|structured,True,True,True,True,0,3,0.3064,p1g6_062_s2,ok,0.3064,59.50469430316443,69.12625907088591,p1g6_062_s3,ok,0.3952,59.88326305963976,66.67101741285302,False,62.27825757579538,False,False,False,False,False,59.50469430316443,False,57.6626060606363,False,False,False,False,False,53.731755442531544
1,p1g6_007,6,mutate,"[""p6g5_026""]",e0385ddc7ff8d505,ok,partial,0.2238,53.03678411159433,63.25571214879244,3|switch|drift|liquid|s1|g2|structured,False,False,False,False,0,1,,,,,,,,,,,,False,53.03678411159433,False,False,False,False,False,,False,46.90542728927546,False,False,False,False,False,
1,p1g6_017,6,mint_bilin,"[""p6g7_028""]",a210dd66c0c9aff7,ok,partial,0.3042,60.086118069198136,69.97482409226417,2|switch|mobile|liquid|s2|g2|structured,True,True,True,True,0,3,0.3042,p1g6_017_s2,ok,0.6036,75.47885463093067,80.5184728412409,p1g6_017_s3,ok,0.3093,69.79149945625909,82.74533260834545,False,60.086118069198136,True,True,False,False,False,60.086118069198136,False,54.1528944553585,True,True,False,False,False,54.1528944553585
1,p1g6_020,6,mint_bilin,"[""p2g6_031""]",e1c8882bbd971b9c,ok,partial,0.0,50.406306188160244,67.20840825088032,3|grow|mobile|flicker|s2|g2|mixed,True,True,True,True,0,3,0.0,p1g6_020_s2,ok,0.0,46.68121603897881,62.24162138530508,p1g6_020_s3,ok,0.0,46.590998422207456,62.12133122960994,False,50.406306188160244,False,False,False,False,False,46.590998422207456,False,40.325044950528195,False,False,False,False,False,37.27279873776597
1,p1g6_021,6,mint_bilin,"[""p4g2_044""]",e097d53845da907f,ok,partial,0.0,55.599020201727456,74.1320269356366,4|grow|rotor|liquid|s1|g2|mixed,False,False,False,False,0,1,,,,,,,,,,,,False,55.599020201727456,False,False,False,False,False,,False,44.47921616138196,False,False,False,False,False,
1,p1g6_036,6,add_chan,"[""p1g1_006""]",89fa1bb51f2b88b8,ok,partial,0.0934,35.32796511183803,43.990620149117376,2|constant|still|liquid|s1|g2|mixed,False,False,False,False,0,1,,,,,,,,,,,,False,35.32796511183803,False,False,False,False,False,,False,30.130372089470427,False,False,False,False,False,
1,p1g6_038,6,add_chan,"[""p2g6_020""]",474d31ab72ab4e8a,ok,partial,0.6467,64.39163164923181,64.29884219897575,3|grow|mobile|liquid|s1|g2|structured,False,False,False,False,0,1,,,,,,,,,,,,True,64.39163164923181,True,False,False,False,False,,True,64.44730531938545,True,False,False,False,False,
1,p1g6_050,6,merge_spatial_ic,"[""p0g0_ds2g11_006"",""p6g9_021""]",2dd6dbf38ed8f991,ok,partial,0.5542,53.17661975000283,52.428826333337106,3|switch|mobile|liquid|s1|g0|structured,True,True,True,True,0,3,0.4934,p1g6_050_s2,ok,0.5347,54.5477657918081,54.907021055744124,p1g6_050_s3,ok,0.4934,60.31077977336503,63.9677063644867,False,53.17661975000283,True,True,False,False,False,53.17661975000283,False,53.62529580000226,False,False,False,False,False,53.62529580000226
1,p1g6_051,6,merge_spatial_ic,"[""p1g7_023"",""p0g0_ds2g11_006""]",ae859cef82a541f9,ok,partial,0.4999,62.84704626035062,67.13272834713416,4|grow|mobile|liquid|s2|g0|structured,True,True,True,True,0,3,0.4938,p1g6_051_s2,ok,0.6145,65.33782164004184,66.63376218672245,p1g6_051_s3,ok,0.4938,64.69945790489983,69.80594387319977,True,62.84704626035062,True,True,True,True,True,62.84704626035062,True,60.2756370082805,True,True,True,True,True,60.2756370082805
1,p1g6_054,6,merge_spatial_ic,"[""p6g7_028"",""p6g9_040""]",99843d9cd96588d6,ok,partial,0.4222,60.14898446593537,66.12531262124716,3|switch|mobile|liquid|s1|g2|structured,False,False,False,False,0,1,,,,,,,,,,,,True,60.14898446593537,True,False,False,False,False,,False,56.56318757274829,False,False,False,False,False,
1,p1g6_055,6,merge_spatial_ic,"[""p6g7_028"",""p3g8_042""]",99843d9cd96588d6,ok,partial,0.2993,59.421350431423846,69.2518005752318,3|switch|rotor|liquid|s1|g2|structured,False,False,False,False,0,1,,,,,,,,,,,,False,59.421350431423846,False,False,False,False,False,,False,53.52308034513908,False,False,False,False,False,
1,p1g6_071,6,merge_slow_tanh,"[""p1g5_071"",""ref_iso_d0.75""]",69725706893286e3,ok,partial,0.0,37.303540414392344,49.73805388585646,4|constant|mobile|flicker|s1|g2|mixed,True,True,True,True,0,3,0.0,p1g6_071_s2,ok,0.0,40.06552242571092,53.420696567614556,p1g6_071_s3,ok,0.0,34.94041155713741,46.587215409516546,False,37.303540414392344,False,False,False,False,False,34.94041155713741,False,29.842832331513875,False,False,False,False,False,27.952329245709926
1,p1g6_000,6,mutate,"[""p2g6_020""]",79bb24c1af7fc13c,ok,partial,0.5139,62.42582943798794,66.1044392506506,3|switch|mobile|liquid|s1|g2|structured,False,False,False,False,0,1,,,,,,,,,,,,True,62.42582943798794,True,False,False,False,False,,True,60.21866355039036,True,False,False,False,False,
1,p1g6_005,6,mutate,"[""p2g6_020""]",db0dda17602845f9,ok,partial,0.0,36.84787034512092,49.13049379349456,2|switch|drift|liquid|s1|g2|mixed,False,False,False,False,0,1,,,,,,,,,,,,False,36.84787034512092,False,False,False,False,False,,False,29.478296276096735,False,False,False,False,False,
1,p1g6_015,6,mutate,"[""p5g8_007""]",198fd2e35c3c19ac,ok,partial,0.0,36.33921099282856,48.452281323771416,2|constant|drift|flicker|s1|g2|mixed,True,True,True,True,0,3,0.0,p1g6_015_s2,ok,0.0,25.721062691147786,34.294750254863715,p1g6_015_s3,ok,0.0,25.441676434087253,33.92223524544967,False,36.33921099282856,False,False,False,False,False,25.441676434087253,False,29.07136879426285,False,False,False,False,False,20.353341147269802
1,p1g6_016,6,mint_bilin,"[""p2g6_020""]",61331ea65bda5aa2,ok,partial,0.3465,67.92288403227862,79.01384537637149,3|grow|mobile|liquid|s2|g2|structured,False,False,False,False,0,1,,,,,,,,,,,,False,67.92288403227862,False,False,False,False,False,,False,61.268307225822895,False,False,False,False,False,
1,p1g6_019,6,mint_bilin,"[""p1g5_053""]",e5092767048f8389,ok,partial,0.0,46.49626576995948,61.99502102661264,3|switch|still|liquid|s1|g2|mixed,False,False,False,False,0,1,,,,,,,,,,,,False,46.49626576995948,False,False,False,False,False,,False,37.19701261596758,False,False,False,False,False,
1,p1g6_029,6,delete_bilin,"[""p1g3_027""]",75f92993057dad0d,ok,partial,0.3495,64.99493937059076,75.00991916078767,3|switch|rotor|liquid|s1|g2|structured,False,False,False,False,0,1,,,,,,,,,,,,False,64.99493937059076,False,False,False,False,False,,False,58.9859514964726,False,False,False,False,False,
1,p1g6_030,6,delete_bilin,"[""p1g1_010""]",9392b07bdc4b174c,ok,partial,0.0,21.05217705118844,28.069569401584587,1|switch|still|gas|s1|g2|mixed,False,False,False,False,0,1,,,,,,,,,,,,False,21.05217705118844,False,False,False,False,False,,False,16.84174164095075,False,False,False,False,False,
1,p1g6_063,6,merge_cross_edge,"[""p10g0_ds6_000"",""ref_iso_d0.75""]",a0d6d0d20632137a,ok,partial,0.5542,65.86736826059283,69.3498243474571,3|switch|rotor|liquid|s1|g2|structured,False,False,False,False,0,1,,,,,,,,,,,,True,65.86736826059283,True,False,False,False,False,,True,63.777894608474256,True,False,False,False,False,
1,p1g6_080,6,immigrate,,26b92a875e70e7ba,no_blobs,missing,,0.0,,,False,False,False,False,0,1,,,,,,,,,,,,False,,False,False,False,False,False,,False,,False,False,False,False,False,
1,p1g6_082,6,immigrate,,6a9b6f8560875df4,no_blobs,missing,,0.0,,,False,False,False,False,0,1,,,,,,,,,,,,False,,False,False,False,False,False,,False,,False,False,False,False,False,
1,p1g6_083,6,immigrate,,890bf72637f00d57,no_blobs,missing,,0.0,,,False,False,False,False,0,1,,,,,,,,,,,,False,,False,False,False,False,False,,False,,False,False,False,False,False,
1,p1g6_084,6,immigrate,,a501e3bda87b0278,no_blobs,missing,,0.0,,,False,False,False,False,0,1,,,,,,,,,,,,False,,False,False,False,False,False,,False,,False,False,False,False,False,
1,p1g6_091,6,immigrate,,70d8df7c9cf8bc28,no_blobs,missing,,0.0,,,False,False,False,False,0,1,,,,,,,,,,,,False,,False,False,False,False,False,,False,,False,False,False,False,False,
1,p1g6_092,6,immigrate,,19699d1055d228e7,no_blobs,missing,,0.0,,,False,False,False,False,0,1,,,,,,,,,,,,False,,False,False,False,False,False,,False,,False,False,False,False,False,
1,p1g6_096,6,immigrate,,6ad1884cf3374f08,no_blobs,missing,,0.0,,,False,False,False,False,0,1,,,,,,,,,,,,False,,False,False,False,False,False,,False,,False,False,False,False,False,
1,p1g6_087,6,immigrate,,926b9422eb71d42c,no_blobs,missing,,0.0,,,False,False,False,False,0,1,,,,,,,,,,,,False,,False,False,False,False,False,,False,,False,False,False,False,False,
1,p1g6_088,6,immigrate,,1fa710f2d96598f0,no_blobs,missing,,0.0,,,False,False,False,False,0,1,,,,,,,,,,,,False,,False,False,False,False,False,,False,,False,False,False,False,False,
1,p1g6_089,6,immigrate,,a99ef300dacfd122,no_blobs,missing,,0.0,,,False,False,False,False,0,1,,,,,,,,,,,,False,,False,False,False,False,False,,False,,False,False,False,False,False,
1,p1g6_097,6,immigrate,,8f45d8e05f0ffb6e,no_blobs,missing,,0.0,,,False,False,False,False,0,1,,,,,,,,,,,,False,,False,False,False,False,False,,False,,False,False,False,False,False,
1,p1g6_081,6,immigrate,,e0b6397f38231fa1,ok,partial,0.0,0.0,0.0,1|constant|still|gas|s1|g0|mixed,False,False,False,False,0,1,,,,,,,,,,,,False,0.0,False,False,False,False,False,,False,0.0,False,False,False,False,False,
1,p1g6_093,6,immigrate,,09c23302ec8a9eab,ok,partial,0.0,0.0,0.0,1|constant|still|gas|s1|g0|mixed,False,False,False,False,0,1,,,,,,,,,,,,False,0.0,False,False,False,False,False,,False,0.0,False,False,False,False,False,
1,p1g6_098,6,immigrate,,9a82510852b595a7,ok,partial,0.0,0.0,0.0,1|constant|still|gas|s1|g0|mixed,False,False,False,False,0,1,,,,,,,,,,,,False,0.0,False,False,False,False,False,,False,0.0,False,False,False,False,False,
1,p1g6_095,6,immigrate,,8fbf618b1c046118,ok,partial,0.0,0.0,0.0,1|constant|still|gas|s1|g0|mixed,False,False,False,False,0,1,,,,,,,,,,,,False,0.0,False,False,False,False,False,,False,0.0,False,False,False,False,False,
1,p1g6_079,6,immigrate,,577949156e4da6d5,no_blobs,missing,,0.0,,,False,False,False,False,0,1,,,,,,,,,,,,False,,False,False,False,False,False,,False,,False,False,False,False,False,
1,p1g6_085,6,immigrate,,c4032bf66556d476,no_blobs,missing,,0.0,,,False,False,False,False,0,1,,,,,,,,,,,,False,,False,False,False,False,False,,False,,False,False,False,False,False,
1,p1g6_086,6,immigrate,,e8b041cd9caa5bf2,no_blobs,missing,,0.0,,,False,False,False,False,0,1,,,,,,,,,,,,False,,False,False,False,False,False,,False,,False,False,False,False,False,
1,p1g6_090,6,immigrate,,f51b03267f9fb61e,no_blobs,missing,,0.0,,,False,False,False,False,0,1,,,,,,,,,,,,False,,False,False,False,False,False,,False,,False,False,False,False,False,
1,p1g6_094,6,immigrate,,c57cc826173cafdd,no_blobs,missing,,0.0,,,False,False,False,False,0,1,,,,,,,,,,,,False,,False,False,False,False,False,,False,,False,False,False,False,False,
1,p1g6_059,6,merge_cross_edge,"[""p1g4_081"",""ref_M0""]",abc5cba950450230,ok,partial,0.0,22.486729249661057,29.982305666214742,3|constant|drift|flicker|s1|g0|mixed,True,True,False,False,0,2,,p1g6_059_s2,ok,0.0,23.32643312418002,31.10191083224003,,,,,,False,22.486729249661057,False,False,False,False,False,,False,17.989383399728844,False,False,False,False,False,
1,p1g6_066,6,merge_cross_edge,"[""p1g4_081"",""ref_iso_d0.65""]",7c2fc0cb13290533,ok,partial,0.0,28.42313622754491,37.89751497005988,3|constant|drift|flicker|s1|g0|mixed,True,True,True,True,0,3,0.0,p1g6_066_s2,ok,0.0,25.050034885253865,33.40004651367182,p1g6_066_s3,ok,0.0,28.892599019580267,38.52346535944036,False,28.42313622754491,False,False,False,False,False,25.050034885253865,False,22.738508982035928,False,False,False,False,False,20.04002790820309
1,p1g6_041,6,dup_act,"[""p1g5_085""]",e4f5c10674e021e9,ok,partial,0.0,17.310321690027447,23.080428920036596,2|oscillator|still|flicker|s1|g0|mixed,True,True,True,True,0,3,0.0,p1g6_041_s2,ok,0.0,15.632570033566196,20.843426711421596,p1g6_041_s3,ok,0.0,21.83418008265206,29.112240110202748,False,17.310321690027447,False,False,False,False,False,15.632570033566196,False,13.848257352021957,False,False,False,False,False,12.506056026852958
1,p1g7_047,7,dup_act,"[""p6g5_026""]",15b8ea3768981680,fail_g0a,missing,,,,,False,False,False,False,0,1,,,,,,,,,,,,False,,False,False,False,False,False,,False,,False,False,False,False,False,
1,p1g7_074,7,merge_share_chan,"[""p1g2_008"",""blk_p1g2_008""]",b9aae280db5ff625,fail_g0a,missing,,,,,False,False,False,False,0,1,,,,,,,,,,,,False,,False,False,False,False,False,,False,,False,False,False,False,False,
1,p1g7_075,7,merge_share_chan,"[""p2g6_020"",""ref_iso_d0.65""]",8b0055208f6c5ba2,fail_g0a,missing,,,,,False,False,False,False,0,1,,,,,,,,,,,,False,,False,False,False,False,False,,False,,False,False,False,False,False,
1,p1g7_076,7,merge_share_chan,"[""p2g6_020"",""ref_M4_tau5.7""]",f5e407520e2a299c,fail_g0a,missing,,,,,False,False,False,False,0,1,,,,,,,,,,,,False,,False,False,False,False,False,,False,,False,False,False,False,False,
1,p1g7_042,7,dup_act,"[""p2g6_020""]",43cbc6866c0913e3,fail_g0a,missing,,,,,False,False,False,False,0,1,,,,,,,,,,,,False,,False,False,False,False,False,,False,,False,False,False,False,False,
1,p1g7_044,7,dup_act,"[""p2g6_020""]",a924602917226573,fail_g0a,missing,,,,,False,False,False,False,0,1,,,,,,,,,,,,False,,False,False,False,False,False,,False,,False,False,False,False,False,
1,p1g7_073,7,merge_share_chan,"[""p2g4_053"",""ref_XV_tau15.7""]",73c7a77a867ef760,fail_g0a,missing,,,,,False,False,False,False,0,1,,,,,,,,,,,,False,,False,False,False,False,False,,False,,False,False,False,False,False,
1,p1g7_045,7,dup_act,"[""p5g8_014""]",df4c939b81b6b820,fail_g0a,missing,,,,,False,False,False,False,0,1,,,,,,,,,,,,False,,False,False,False,False,False,,False,,False,False,False,False,False,
1,p1g7_011,7,mutate,"[""p0g0_ds2g11_009""]",da3c846ae1d133b3,ok,partial,0.2288,50.91869300234005,60.26492400312007,3|grow|rotor|liquid|s1|g2|structured,False,False,False,False,0,1,,,,,,,,,,,,False,50.91869300234005,False,False,False,False,False,,False,45.310954401872046,False,False,False,False,False,
1,p1g7_002,7,mutate,"[""p1g1_023""]",6adeb29968a5792b,ok,partial,0.0,38.26340547752521,51.01787397003361,3|switch|mobile|liquid|s1|g1|mixed,True,True,True,True,0,3,0.0,p1g7_002_s2,ok,0.0,24.021796698028595,32.029062264038124,p1g7_002_s3,ok,0.0,42.25340770511275,56.33787694015033,False,38.26340547752521,False,False,False,False,False,24.021796698028595,False,30.610724382020166,False,False,False,False,False,19.217437358422874
1,p1g7_062,7,merge_cross_edge,"[""p6g1_043"",""blk_engine_10748""]",1dcc1af7ac666cfc,ok,partial,0.1845,31.44907311308609,35.782097484114786,3|switch|mobile|liquid|s1|g0|structured,False,False,False,False,0,1,,,,,,,,,,,,False,31.44907311308609,False,False,False,False,False,,False,28.84925849046887,False,False,False,False,False,
1,p1g7_022,7,mint_bilin,"[""p5g8_014""]",6759ed87d04a39a6,ok,partial,0.5599,61.88625908931266,63.85167878575021,2|switch|mobile|flicker|s1|g2|structured,False,False,False,False,0,1,,,,,,,,,,,,True,61.88625908931266,True,False,False,False,False,,True,60.707007271450124,True,False,False,False,False,
1,p1g7_004,7,mutate,"[""p2g7_039""]",6d98b934cd0ce414,ok,partial,0.0,31.674763142180318,42.23301752290709,2|grow|mobile|liquid|s1|g0|mixed,True,True,True,True,0,3,0.0,p1g7_004_s2,ok,0.0,31.094803471764497,41.45973796235266,p1g7_004_s3,ok,0.0,31.04233857154413,41.38978476205884,False,31.674763142180318,False,False,False,False,False,31.04233857154413,False,25.339810513744254,False,False,False,False,False,24.8338708572353
1,p1g7_007,7,mutate,"[""p2g7_039""]",2182f0d215b2d3e8,ok,partial,0.4098,70.96745325638064,80.9632710085075,4|switch|mobile|liquid|s2|g2|structured,False,False,False,False,0,1,,,,,,,,,,,,True,70.96745325638064,True,False,False,False,False,,True,64.9699626051045,True,False,False,False,False,
1,p1g7_014,7,mutate,"[""p2g7_039""]",a05a2d3b7c167c35,ok,partial,0.5609,68.69566094149494,72.89754792199325,4|switch|mobile|liquid|s1|g2|structured,False,False,False,False,0,1,,,,,,,,,,,,True,68.69566094149494,True,False,False,False,False,,True,66.17452875319594,True,False,False,False,False,
1,p1g7_016,7,mint_bilin,"[""p2g7_039""]",a4e8c1bcaef2fc13,ok,partial,0.2926,61.44412424410121,72.17216565880162,4|switch|rotor|liquid|s1|g2|mixed,True,True,True,True,0,3,0.0,p1g7_016_s2,ok,0.0,56.03037830909193,74.70717107878924,p1g7_016_s3,ok,0.0,58.72438351299742,78.2991780173299,False,61.44412424410121,False,False,False,False,False,56.03037830909193,False,55.00729939528097,False,False,False,False,False,44.82430264727355
1,p1g7_017,7,mint_bilin,"[""p1g3_017""]",df888871f6b77cc9,ok,partial,0.0,47.82217083455123,63.76289444606831,3|grow|mobile|liquid|s1|g2|mixed,True,True,True,True,0,3,0.0,p1g7_017_s2,ok,0.0,50.92662962612284,67.90217283483045,p1g7_017_s3,ok,0.0,48.56056134700469,64.74741512933959,False,47.82217083455123,False,False,False,False,False,47.82217083455123,False,38.257736667640984,False,False,False,False,False,38.257736667640984
1,p1g7_037,7,add_chan,"[""p6g9_021""]",e01ea61ddb0e265c,ok,partial,0.5639,57.04611410176767,57.2648188023569,2|switch|mobile|liquid|s1|g2|structured,False,False,False,False,0,1,,,,,,,,,,,,False,57.04611410176767,False,False,False,False,False,,False,56.914891281414135,False,False,False,False,False,
1,p1g7_039,7,add_chan,"[""p3g6_032""]",4d3ae37d2980084b,ok,partial,0.3586,26.766041614440116,23.73472215258682,3|constant|mobile|liquid|s1|g0|structured,False,False,False,False,0,1,,,,,,,,,,,,False,26.766041614440116,False,False,False,False,False,,False,28.58483329155209,False,False,False,False,False,
1,p1g7_041,7,dup_act,"[""p6g8_033""]",acd9a39b78f49a5b,ok,partial,0.0,22.92809926588928,30.570799021185707,2|constant|still|frozen|s1|g2|mixed,False,False,False,False,0,1,,,,,,,,,,,,False,22.92809926588928,False,False,False,False,False,,False,18.342479412711423,False,False,False,False,False,
1,p1g7_043,7,dup_act,"[""p6g9_021""]",a2fcd6207a2cefbb,ok,partial,0.0,22.93344084959765,30.577921132796863,2|constant|still|frozen|s1|g2|mixed,False,False,False,False,0,1,,,,,,,,,,,,False,22.93344084959765,False,False,False,False,False,,False,18.34675267967812,False,False,False,False,False,
1,p1g7_046,7,dup_act,"[""p6g9_021""]",11c1da3c20323afe,ok,partial,0.0,28.74507852622773,38.32677136830364,2|oscillator|still|liquid|s1|g2|mixed,False,False,False,False,0,1,,,,,,,,,,,,False,28.74507852622773,False,False,False,False,False,,False,22.996062820982182,False,False,False,False,False,
1,p1g7_050,7,merge_spatial_ic,"[""p4g7_057"",""p3g5_003""]",8c1b8d558ff3eab5,ok,partial,0.0,55.03437015737394,73.37916020983192,4|switch|mobile|liquid|s1|g2|mixed,False,False,False,False,0,1,,,,,,,,,,,,False,55.03437015737394,False,False,False,False,False,,False,44.027496125899155,False,False,False,False,False,
1,p1g7_057,7,merge_cross_edge,"[""p2g6_020"",""ref_M0""]",d674150ee97ead01,ok,partial,0.4821,67.60272715656386,74.06696954208515,3|switch|rotor|liquid|s2|g2|structured,False,False,False,False,0,1,,,,,,,,,,,,True,67.60272715656386,True,False,False,False,False,,True,63.724181725251086,True,False,False,False,False,
1,p1g7_059,7,merge_cross_edge,"[""p2g6_020"",""ref_M4_tau5.7""]",3ae08889f3578b2c,ok,partial,0.4157,70.0749461546278,79.57659487283706,4|grow|rotor|liquid|s2|g2|structured,False,False,False,False,0,1,,,,,,,,,,,,True,70.0749461546278,True,False,False,False,False,,True,64.37395692370224,True,False,False,False,False,
1,p1g7_060,7,merge_cross_edge,"[""p2g6_020"",""ref_iso_d0.75""]",130415b0828cdbab,ok,partial,0.3317,68.85948665856453,80.75598221141938,4|switch|rotor|liquid|s2|g2|structured,False,False,False,False,0,1,,,,,,,,,,,,False,68.85948665856453,False,False,False,False,False,,False,61.72158932685163,False,False,False,False,False,
1,p1g7_064,7,merge_cross_edge,"[""p2g6_020"",""ref_iso_d0.75""]",28d152e6d9d20c1d,ok,partial,0.6338,68.51708036610759,70.22944048814345,4|switch|mobile|liquid|s1|g2|structured,False,False,False,False,0,1,,,,,,,,,,,,True,68.51708036610759,True,False,False,False,False,,True,67.48966429288608,True,False,False,False,False,
1,p1g7_065,7,merge_cross_edge,"[""p2g6_020"",""ref_iso_d0.75""]",f089573bf4669d1d,ok,partial,0.0,51.12061919553152,68.16082559404202,3|switch|rotor|liquid|s1|g2|mixed,True,True,True,True,0,3,0.0,p1g7_065_s2,ok,0.3355,52.2263304182251,58.4517738909668,p1g7_065_s3,ok,0.2336,48.46172072694125,56.82896096925501,False,51.12061919553152,False,False,False,False,False,48.46172072694125,False,40.89649535642521,False,False,False,False,False,40.89649535642521
1,p1g7_068,7,merge_cross_edge,"[""p1g1_006"",""ref_M0""]",6b6a22062749efd1,ok,partial,0.0495,29.184128940417242,37.26217192055632,3|oscillator|still|frozen|s1|g2|mixed,True,True,True,True,0,3,0.0495,p1g7_068_s2,ok,0.1357,40.863078412690186,49.96077121692025,p1g7_068_s3,ok,0.1631,45.18976397975791,54.816351973010555,False,29.184128940417242,False,False,False,False,False,29.184128940417242,False,24.337303152333792,False,False,False,False,False,24.337303152333792
1,p1g7_072,7,merge_cross_edge,"[""p1g5_053"",""ref_iso_d0.75""]",0e482bdca82972bb,ok,partial,0.0,48.83528093730965,65.11370791641286,4|switch|drift|liquid|s1|g2|mixed,False,False,False,False,0,1,,,,,,,,,,,,False,48.83528093730965,False,False,False,False,False,,False,39.068224749847715,False,False,False,False,False,
1,p1g7_026,7,mint_bilin,"[""p5g7_040""]",75a1c85078dfc1aa,ok,partial,0.41,70.47546319853322,80.3006175980443,4|grow|rotor|liquid|s2|g2|structured,False,False,False,False,0,1,,,,,,,,,,,,True,70.47546319853322,True,False,False,False,False,,True,64.58037055882657,True,False,False,False,False,
1,p1g7_033,7,add_chan,"[""p6g8_033""]",24db89121b2646b7,ok,partial,0.343,59.45349849822583,67.83799799763443,3|grow|rotor|liquid|s1|g2|structured,False,False,False,False,0,1,,,,,,,,,,,,False,59.45349849822583,False,False,False,False,False,,False,54.42279879858066,False,False,False,False,False,
1,p1g7_040,7,dup_act,"[""p6g9_021""]",594c536554e25f3b,ok,partial,0.0,59.50544208557584,79.34058944743445,4|grow|mobile|liquid|s2|g2|mixed,False,False,False,False,0,1,,,,,,,,,,,,False,59.50544208557584,False,False,False,False,False,,False,47.60435366846067,False,False,False,False,False,
1,p1g7_052,7,merge_spatial_ic,"[""p2g7_039"",""p3g6_032""]",fa86cb8089d048d0,ok,partial,0.5554,80.25707756389387,88.49610341852515,4|grow|rotor|liquid|s3|g2|structured,True,True,True,True,0,3,0.4605,p1g7_052_s2,ok,0.4605,75.20370958109125,84.92161277478833,p1g7_052_s3,ok,0.6347,82.3327196684081,88.6202928912108,True,80.25707756389387,True,True,True,True,True,75.20370958109125,True,75.31366205111509,True,True,True,True,True,69.37296766487299
1,p1g7_061,7,merge_cross_edge,"[""p2g6_020"",""blk_engine_10748""]",856eddbeaa61be9a,ok,partial,0.315,61.08980114406891,70.95306819209188,3|grow|rotor|liquid|s2|g2|mixed,True,True,True,True,0,3,0.315,p1g7_061_s2,ok,0.4493,68.75583719577241,76.69778292769655,p1g7_061_s3,ok,0.3881,63.7975052365899,72.12667364878654,False,61.08980114406891,True,True,False,False,False,61.08980114406891,False,55.171840915255125,True,True,False,False,False,55.171840915255125
1,p1g7_063,7,merge_cross_edge,"[""p2g6_020"",""blk_engine_10748""]",4bdb0e1dc7d2e438,ok,partial,0.2622,45.83861006786757,52.37814675715676,3|switch|rotor|liquid|s1|g2|structured,False,False,False,False,0,1,,,,,,,,,,,,False,45.83861006786757,False,False,False,False,False,,False,41.91488805429405,False,False,False,False,False,
1,p1g7_069,7,merge_slow_tanh,"[""p3g9_021"",""ref_BFIELD_g0.05""]",5b99600a9c5a47e8,ok,partial,0.0,53.15345943569516,70.87127924759355,4|switch|mobile|liquid|s1|g2|mixed,False,False,False,False,0,1,,,,,,,,,,,,False,53.15345943569516,False,False,False,False,False,,False,42.522767548556125,False,False,False,False,False,
1,p1g7_071,7,merge_cross_edge,"[""p2g6_020"",""blk_engine_10748""]",ba676c80d94a9aad,ok,partial,0.1912,57.19863895492246,69.89151860656328,4|switch|rotor|liquid|s1|g2|mixed,False,False,False,False,0,1,,,,,,,,,,,,False,57.19863895492246,False,False,False,False,False,,False,49.58291116393797,False,False,False,False,False,
1,p1g7_000,7,mutate,"[""p6g9_021""]",7f31c25e374a722d,ok,partial,0.1225,43.31806507136388,53.67408676181851,2|switch|drift|liquid|s1|g2|structured,False,False,False,False,0,1,,,,,,,,,,,,False,43.31806507136388,False,False,False,False,False,,False,37.1044520570911,False,False,False,False,False,
1,p1g7_006,7,mutate,"[""p3g9_022""]",5cda4635cb3891c9,ok,partial,0.109,37.737030605264025,46.68270747368536,3|switch|mobile|liquid|s1|g2|structured,False,False,False,False,0,1,,,,,,,,,,,,False,37.737030605264025,False,False,False,False,False,,False,32.369624484211215,False,False,False,False,False,
1,p1g7_008,7,mutate,"[""p1g1_013""]",7616724451e4a89f,ok,partial,0.3562,55.419114343705374,62.01881912494049,3|switch|mobile|liquid|s1|g1|structured,False,False,False,False,0,1,,,,,,,,,,,,False,55.419114343705374,False,False,False,False,False,,False,51.45929147496429,False,False,False,False,False,
1,p1g7_010,7,mutate,"[""p3g9_022""]",e5356066f9160bf0,ok,partial,0.3553,55.73115835817074,62.464877810894315,3|switch|mobile|liquid|s1|g2|structured,False,False,False,False,0,1,,,,,,,,,,,,False,55.73115835817074,False,False,False,False,False,,False,51.690926686536585,False,False,False,False,False,
1,p1g7_012,7,mutate,"[""p3g6_032""]",7dd4abb4761fea51,ok,partial,0.0,38.25038956128618,51.00051941504824,2|switch|mobile|liquid|s1|g0|mixed,True,True,True,True,0,3,0.0,p1g7_012_s2,ok,0.0,37.631559005289326,50.17541200705244,p1g7_012_s3,ok,0.0,38.345982054160515,51.12797607221402,False,38.25038956128618,False,False,False,False,False,37.631559005289326,False,30.600311649028942,False,False,False,False,False,30.10524720423146
1,p1g7_013,7,mutate,"[""p6g8_033""]",6b63cffdd428ddd6,ok,partial,0.4401,62.23862486932546,68.31483315910062,3|switch|mobile|liquid|s1|g2|structured,False,False,False,False,0,1,,,,,,,,,,,,True,62.23862486932546,True,False,False,False,False,,False,58.59289989546037,False,False,False,False,False,
1,p1g7_018,7,mint_bilin,"[""p3g6_032""]",c5713909d73d5219,ok,partial,0.5108,72.68097825114387,79.8813043348585,4|grow|mobile|liquid|s2|g1|structured,False,False,False,False,0,1,,,,,,,,,,,,True,72.68097825114387,True,False,False,False,False,,True,68.3607826009151,True,False,False,False,False,
1,p1g7_019,7,mint_bilin,"[""p6g8_033""]",bf8bbd9ae45b0890,ok,partial,0.1304,47.23154167262394,58.62872223016525,3|grow|drift|liquid|s1|g2|mixed,True,True,True,True,0,3,0.0,p1g7_019_s2,ok,0.0,29.83844909527088,39.78459879369451,p1g7_019_s3,ok,0.0517,43.318149142422236,56.03419885656298,False,47.23154167262394,False,False,False,False,False,29.83844909527088,False,40.39323333809915,False,False,False,False,False,23.870759276216702
1,p1g7_020,7,mint_bilin,"[""p6g8_033""]",6c9a55a720b4c6b6,ok,partial,0.3655,71.54708116007653,83.21277488010203,3|switch|rotor|liquid|s2|g2|structured,False,False,False,False,0,1,,,,,,,,,,,,False,71.54708116007653,False,False,False,False,False,,False,64.54766492806122,False,False,False,False,False,
1,p1g7_025,7,mint_bilin,"[""p6g9_021""]",de1b14c1d5bc2426,ok,partial,0.4729,70.56844761409967,78.32793015213288,3|grow|rotor|liquid|s2|g2|structured,False,False,False,False,0,1,,,,,,,,,,,,True,70.56844761409967,True,False,False,False,False,,True,65.91275809127973,True,False,False,False,False,
1,p1g7_029,7,delete_bilin,"[""p3g9_022""]",3e9e387b61a8cb22,ok,partial,0.3719,57.56930213449225,64.36240284598966,4|grow|mobile|liquid|s1|g1|structured,False,False,False,False,0,1,,,,,,,,,,,,False,57.56930213449225,False,False,False,False,False,,False,53.4934417075938,False,False,False,False,False,
1,p1g7_030,7,delete_bilin,"[""p3g9_022""]",3e9e387b61a8cb22,ok,partial,0.3719,57.56930213449225,64.36240284598966,4|grow|mobile|liquid|s1|g1|structured,False,False,False,False,0,1,,,,,,,,,,,,False,57.56930213449225,False,False,False,False,False,,False,53.4934417075938,False,False,False,False,False,
1,p1g7_032,7,add_chan,"[""p6g7_035""]",53ba29b19dcd90c2,ok,partial,0.5278,63.13646506587222,66.58862008782963,3|switch|rotor|liquid|s1|g2|structured,False,False,False,False,0,1,,,,,,,,,,,,True,63.13646506587222,True,False,False,False,False,,True,61.065172052697775,True,False,False,False,False,
1,p1g7_036,7,add_chan,"[""p2g6_001""]",6303cc761dede811,ok,partial,0.2744,47.61775760130314,54.343676801737516,3|grow|rotor|liquid|s1|g2|structured,False,False,False,False,0,1,,,,,,,,,,,,False,47.61775760130314,False,False,False,False,False,,False,43.58220608104251,False,False,False,False,False,
1,p1g7_038,7,add_chan,"[""p6g7_035""]",8b003ad3e5db7bef,ok,partial,0.309,59.21761020013577,68.65681360018102,2|grow|mobile|liquid|s1|g2|structured,False,False,False,False,0,1,,,,,,,,,,,,False,59.21761020013577,False,False,False,False,False,,False,53.55408816010861,False,False,False,False,False,
1,p1g7_053,7,merge_spatial_ic,"[""p6g9_021"",""p3g7_014""]",b310fbfc5cac334e,ok,partial,0.4575,70.20601577453122,78.3580210327083,3|switch|mobile|liquid|s2|g2|structured,False,False,False,False,0,1,,,,,,,,,,,,True,70.20601577453122,True,False,False,False,False,,True,65.31481261962497,True,False,False,False,False,
1,p1g7_054,7,merge_spatial_ic,"[""p3g6_032"",""p6g3_008""]",3e9e387b61a8cb22,ok,partial,0.5929,65.19297167243772,67.16062889658362,4|switch|mobile|liquid|s1|g1|structured,False,False,False,False,0,1,,,,,,,,,,,,True,65.19297167243772,True,False,False,False,False,,True,64.01237733795017,True,False,False,False,False,
1,p1g7_066,7,merge_slow_tanh,"[""p1g6_053"",""ref_iso_d0.65""]",8bd523c265dd37b3,ok,partial,0.0,16.80755032887901,22.41006710517201,2|constant|drift|flicker|s1|g0|mixed,True,True,True,True,0,3,0.0,p1g7_066_s2,ok,0.0,18.10114381991406,24.134858426552082,p1g7_066_s3,ok,0.0,16.187574839955865,21.583433119941155,False,16.80755032887901,False,False,False,False,False,16.187574839955865,False,13.446040263103207,False,False,False,False,False,12.950059871964692
1,p1g7_003,7,mutate,"[""p6g5_026""]",e28f25d1ebaef03d,ok,partial,0.2875,46.219620065550146,52.042826754066866,2|switch|mobile|liquid|s1|g2|structured,False,False,False,False,0,1,,,,,,,,,,,,False,46.219620065550146,False,False,False,False,False,,False,42.725696052440114,False,False,False,False,False,
1,p1g7_015,7,mutate,"[""p6g7_028""]",ba5676345fb8b456,ok,partial,0.1823,42.47939417654607,50.5625255687281,2|switch|drift|liquid|s1|g2|structured,False,False,False,False,0,1,,,,,,,,,,,,False,42.47939417654607,False,False,False,False,False,,False,37.62951534123686,False,False,False,False,False,
1,p1g7_024,7,mint_bilin,"[""p6g5_026""]",d1002a014e17f207,ok,partial,0.4406,68.85964018958441,77.12618691944589,3|switch|mobile|liquid|s2|g2|structured,False,False,False,False,0,1,,,,,,,,,,,,True,68.85964018958441,True,False,False,False,False,,True,63.89971215166753,True,False,False,False,False,
1,p1g7_027,7,mint_bilin,"[""p6g7_028""]",e9c7c3f70a24bba0,ok,partial,0.384,57.96556070709335,64.48741427612447,2|switch|mobile|liquid|s1|g2|structured,False,False,False,False,0,1,,,,,,,,,,,,False,57.96556070709335,False,False,False,False,False,,False,54.05244856567468,False,False,False,False,False,
1,p1g7_034,7,add_chan,"[""p2g6_020""]",314466245f2d61fa,ok,partial,0.3461,56.913657187657336,64.34820958354311,2|switch|mobile|liquid|s1|g2|structured,False,False,False,False,0,1,,,,,,,,,,,,False,56.913657187657336,False,False,False,False,False,,False,52.452925750125864,False,False,False,False,False,
1,p1g7_048,7,merge_spatial_ic,"[""p4g2_044"",""p6g5_019""]",173f84b80256caeb,ok,partial,0.0,41.4335991431511,55.244798857534796,4|switch|mobile|liquid|s1|g2|mixed,False,False,False,False,0,1,,,,,,,,,,,,False,41.4335991431511,False,False,False,False,False,,False,33.14687931452087,False,False,False,False,False,
1,p1g7_001,7,mutate,"[""p2g6_020""]",973efddc2c5efe2b,ok,partial,0.1789,47.333012253883,57.147349671844005,3|switch|drift|liquid|s1|g2|mixed,False,False,False,False,0,1,,,,,,,,,,,,False,47.333012253883,False,False,False,False,False,,False,41.4444098031064,False,False,False,False,False,
1,p1g7_021,7,mint_bilin,"[""p2g6_020""]",ee31f4df74a66ba3,ok,partial,0.5145,66.06801171650358,70.94068228867144,3|switch|mobile|liquid|s1|g2|structured,False,False,False,False,0,1,,,,,,,,,,,,True,66.06801171650358,True,False,False,False,False,,True,63.14440937320286,True,False,False,False,False,
1,p1g7_023,7,mint_bilin,"[""p2g6_020""]",eb5e4ef733bd5672,ok,partial,0.6487,67.79691010868635,68.7725468115818,3|switch|mobile|liquid|s1|g2|structured,False,False,False,False,0,1,,,,,,,,,,,,True,67.79691010868635,True,False,False,False,False,,True,67.21152808694907,True,False,False,False,False,
1,p1g7_031,7,delete_bilin,"[""p2g6_020""]",0ca4df05e2dd82dc,ok,partial,0.6214,73.04652070990643,76.68202761320858,3|switch|rotor|liquid|s2|g2|structured,False,False,False,False,0,1,,,,,,,,,,,,True,73.04652070990643,True,False,False,False,False,,True,70.86521656792515,True,False,False,False,False,
1,p1g7_067,7,merge_slow_tanh,"[""p1g6_066"",""ref_iso_d0.75""]",6511171ef33182b5,ok,partial,0.0,36.97200003839829,49.29600005119772,4|constant|drift|liquid|s1|g2|mixed,True,True,True,True,0,3,0.0,p1g7_067_s2,ok,0.0,37.623501159016456,50.16466821202194,p1g7_067_s3,ok,0.0,36.1582120768069,48.21094943574253,False,36.97200003839829,False,False,False,False,False,36.1582120768069,False,29.57760003071863,False,False,False,False,False,28.926569661445516
1,p1g7_028,7,delete_bilin,"[""p6g9_021""]",21b09ff296b50769,ok,partial,0.3523,69.6652441612608,81.14365888168106,3|grow|rotor|liquid|s2|g2|structured,False,False,False,False,0,1,,,,,,,,,,,,False,69.6652441612608,False,False,False,False,False,,False,62.77819532900863,False,False,False,False,False,
1,p1g7_049,7,merge_spatial_ic,"[""p6g9_021"",""p3g6_036""]",b310fbfc5cac334e,ok,partial,0.1689,53.96943828481845,66.3292510464246,3|switch|mobile|liquid|s1|g2|structured,False,False,False,False,0,1,,,,,,,,,,,,False,53.96943828481845,False,False,False,False,False,,False,46.55355062785476,False,False,False,False,False,
1,p1g7_070,7,merge_slow_tanh,"[""p10g0_ds6_000"",""ref_BFIELD_g0.05""]",425606c47fe293cf,ok,partial,0.4893,62.97845447524098,67.66127263365463,3|switch|mobile|liquid|s1|g2|structured,False,False,False,False,0,1,,,,,,,,,,,,True,62.97845447524098,True,False,False,False,False,,True,60.168763580192774,True,False,False,False,False,
1,p1g7_051,7,merge_spatial_ic,"[""p6g7_028"",""p2g4_062""]",99843d9cd96588d6,ok,partial,0.3523,69.3107376932479,80.6709835909972,3|grow|rotor|liquid|s2|g2|structured,False,False,False,False,0,1,,,,,,,,,,,,False,69.3107376932479,False,False,False,False,False,,False,62.49459015459831,False,False,False,False,False,
1,p1g7_058,7,merge_cross_edge,"[""p1g4_038"",""blk_engine_10748""]",ee421ab837a7940f,ok,partial,0.5196,57.833903612595535,59.791871483460724,3|switch|mobile|liquid|s1|g2|structured,False,False,False,False,0,1,,,,,,,,,,,,False,57.833903612595535,False,False,False,False,False,,False,56.65912289007643,False,False,False,False,False,
1,p1g7_055,7,merge_spatial_ic,"[""p2g6_020"",""p4g2_028""]",489530b94bd868b0,ok,partial,0.1566,63.793172671112124,79.83756356148284,3|switch|rotor|liquid|s2|g2|structured,False,False,False,False,0,1,,,,,,,,,,,,False,63.793172671112124,False,False,False,False,False,,False,54.1665381368897,False,False,False,False,False,
1,p1g7_078,7,immigrate,,cbf56d84b99a2017,no_blobs,missing,,0.0,,,False,False,False,False,0,1,,,,,,,,,,,,False,,False,False,False,False,False,,False,,False,False,False,False,False,
1,p1g7_082,7,immigrate,,e210398de6c264b4,no_blobs,missing,,0.0,,,False,False,False,False,0,1,,,,,,,,,,,,False,,False,False,False,False,False,,False,,False,False,False,False,False,
1,p1g7_091,7,immigrate,,5977fec7b38c1737,no_blobs,missing,,0.0,,,False,False,False,False,0,1,,,,,,,,,,,,False,,False,False,False,False,False,,False,,False,False,False,False,False,
1,p1g7_093,7,immigrate,,9ade4b3f886ca26d,no_blobs,missing,,0.0,,,False,False,False,False,0,1,,,,,,,,,,,,False,,False,False,False,False,False,,False,,False,False,False,False,False,
1,p1g7_077,7,immigrate,,b883610720a782a3,no_blobs,missing,,0.0,,,False,False,False,False,0,1,,,,,,,,,,,,False,,False,False,False,False,False,,False,,False,False,False,False,False,
1,p1g7_085,7,immigrate,,212445517383aeee,no_blobs,missing,,0.0,,,False,False,False,False,0,1,,,,,,,,,,,,False,,False,False,False,False,False,,False,,False,False,False,False,False,
1,p1g7_086,7,immigrate,,691cc97ad1a6b0d4,no_blobs,missing,,0.0,,,False,False,False,False,0,1,,,,,,,,,,,,False,,False,False,False,False,False,,False,,False,False,False,False,False,
1,p1g7_090,7,immigrate,,acb2cba65649cd34,no_blobs,missing,,0.0,,,False,False,False,False,0,1,,,,,,,,,,,,False,,False,False,False,False,False,,False,,False,False,False,False,False,
1,p1g7_005,7,mutate,"[""p1g7_023""]",739009a35470caad,ok,partial,0.3208,50.08709087998294,56.08945450664391,4|grow|mobile|flicker|s1|g0|mixed,True,True,True,True,0,3,0.3208,p1g7_005_s2,ok,0.3293,50.13300633713827,55.86734178285102,p1g7_005_s3,ok,0.3326,50.67304032002999,56.47738709337332,False,50.08709087998294,False,False,False,False,False,50.08709087998294,False,46.485672703986346,False,False,False,False,False,46.485672703986346
1,p1g7_080,7,immigrate,,2892c01137d4aa89,ok,partial,0.0,0.0,0.0,1|constant|still|gas|s1|g2|mixed,False,False,False,False,0,1,,,,,,,,,,,,False,0.0,False,False,False,False,False,,False,0.0,False,False,False,False,False,
1,p1g7_081,7,immigrate,,c356526cea6d57bd,ok,partial,0.0,0.0,0.0,1|constant|still|gas|s1|g0|mixed,False,False,False,False,0,1,,,,,,,,,,,,False,0.0,False,False,False,False,False,,False,0.0,False,False,False,False,False,
1,p1g7_084,7,immigrate,,abd2dc5712219b33,ok,partial,0.0,0.0,0.0,1|constant|still|gas|s1|g0|mixed,False,False,False,False,0,1,,,,,,,,,,,,False,0.0,False,False,False,False,False,,False,0.0,False,False,False,False,False,
1,p1g7_088,7,immigrate,,e3cfa528fc70abdc,ok,partial,0.0,0.0,0.0,1|constant|still|gas|s1|g0|mixed,False,False,False,False,0,1,,,,,,,,,,,,False,0.0,False,False,False,False,False,,False,0.0,False,False,False,False,False,
1,p1g7_089,7,immigrate,,4406d3ab4f0eb1cc,ok,partial,0.0,0.0,0.0,1|constant|still|gas|s1|g0|mixed,False,False,False,False,0,1,,,,,,,,,,,,False,0.0,False,False,False,False,False,,False,0.0,False,False,False,False,False,
1,p1g7_094,7,immigrate,,56ab18166ebd564b,ok,partial,0.0,0.0,0.0,1|constant|still|gas|s1|g0|mixed,False,False,False,False,0,1,,,,,,,,,,,,False,0.0,False,False,False,False,False,,False,0.0,False,False,False,False,False,
1,p1g7_079,7,immigrate,,131d339d2ae3747d,ok,partial,0.0,0.0,0.0,1|constant|still|gas|s1|g0|mixed,False,False,False,False,0,1,,,,,,,,,,,,False,0.0,False,False,False,False,False,,False,0.0,False,False,False,False,False,
1,p1g7_095,7,immigrate,,ef70b7dac8d2b60a,no_blobs,missing,,0.0,,,False,False,False,False,0,1,,,,,,,,,,,,False,,False,False,False,False,False,,False,,False,False,False,False,False,
1,p1g7_083,7,immigrate,,68317049a40b9cd3,no_blobs,missing,,0.0,,,False,False,False,False,0,1,,,,,,,,,,,,False,,False,False,False,False,False,,False,,False,False,False,False,False,
1,p1g7_096,7,immigrate,,eb1f7ad15c1c534a,no_blobs,missing,,0.0,,,False,False,False,False,0,1,,,,,,,,,,,,False,,False,False,False,False,False,,False,,False,False,False,False,False,
1,p1g7_035,7,add_chan,"[""p1g6_041""]",039f9829412135c3,ok,partial,0.0,16.65257005166098,22.20342673554797,2|oscillator|still|flicker|s1|g0|mixed,False,False,False,False,0,1,,,,,,,,,,,,False,16.65257005166098,False,False,False,False,False,,False,13.322056041328782,False,False,False,False,False,
1,p1g7_087,7,immigrate,,25c20d1b5ba04ab2,ok,partial,0.0,0.0,0.0,1|constant|still|gas|s1|g0|mixed,False,False,False,False,0,1,,,,,,,,,,,,False,0.0,False,False,False,False,False,,False,0.0,False,False,False,False,False,
1,p1g7_092,7,immigrate,,a4bca227d455ee12,ok,partial,0.0,0.0,0.0,1|constant|still|gas|s1|g2|mixed,False,False,False,False,0,1,,,,,,,,,,,,False,0.0,False,False,False,False,False,,False,0.0,False,False,False,False,False,
1,p1g7_009,7,mutate,"[""p1g2_008""]",fdc82e4934708eff,ok,partial,0.4181,54.6362136839998,58.91161824533307,2|switch|mobile|liquid|s1|g2|structured,False,False,False,False,0,1,,,,,,,,,,,,False,54.6362136839998,False,False,False,False,False,,False,52.07097094719984,False,False,False,False,False,
1,p1g7_056,7,merge_cross_edge,"[""p1g4_084"",""ref_M4_tau5.7""]",a2ee49e1e3f04f01,ok,partial,0.0743,38.470623767206554,48.8174983562754,2|switch|rotor|liquid|s1|g2|mixed,True,True,True,True,0,3,0.0743,p1g7_056_s2,ok,0.0983,32.885483438351876,40.570644584469164,p1g7_056_s3,ok,0.1017,39.93234932265703,49.85313243020938,False,38.470623767206554,False,False,False,False,False,32.885483438351876,False,32.262499013765236,False,False,False,False,False,28.274386750681497
1,p1g8_001,8,mutate,"[""p1g3_002""]",411fe7c13b4e425b,fail_g0a,missing,,,,,False,False,False,False,0,1,,,,,,,,,,,,False,,False,False,False,False,False,,False,,False,False,False,False,False,
1,p1g8_034,8,delete_bilin,"[""p1g6_002""]",14cbd70822dadcb6,ok,partial,0.0623,40.274188037348694,62.970313395581165,3|grow|rotor|frozen|s1|g2|structured,False,False,False,False,0,1,,,,,,,,,,,,False,48.78523504668587,False,False,False,False,False,,False,40.274188037348694,False,False,False,False,False,
1,p1g8_000,8,mutate,"[""p3g9_021""]",f435770ddd03344c,ok,partial,0.0,12.293500667048997,20.489167778414995,2|oscillator|drift|flicker|s1|g0|mixed,True,True,True,True,0,3,0.0,p1g8_000_s2,ok,0.0,8.47,14.116666666666667,p1g8_000_s3,ok,0.0,18.904570797464768,31.507617995774613,False,15.366875833811246,False,False,False,False,False,10.5875,False,12.293500667048997,False,False,False,False,False,8.47
1,p1g8_009,8,mutate,"[""p3g6_061""]",9be98878286f081f,ok,partial,0.0,29.94298018414323,49.90496697357205,2|switch|rotor|liquid|s1|g1|mixed,True,True,False,False,0,2,,p1g8_009_s2,ok,0.0,14.19114400851195,23.65190668085325,,,,,,False,37.42872523017904,False,False,False,False,False,,False,29.94298018414323,False,False,False,False,False,
1,p1g8_024,8,mint_bilin,"[""p3g9_021""]",d44e729353eb2ba9,ok,partial,0.0,43.116192153125304,71.86032025520885,3|grow|mobile|liquid|s1|g1|mixed,True,True,True,True,0,3,0.0,p1g8_024_s2,ok,0.0,42.268286241495275,70.44714373582546,p1g8_024_s3,ok,0.0,45.198258147529344,75.33043024588224,False,53.895240191406636,False,False,False,False,False,52.835357801869094,False,43.116192153125304,False,False,False,False,False,42.268286241495275
1,p1g8_053,8,merge_spatial_ic,"[""p3g5_061"",""p3g5_003""]",c63ba0e852b7880c,ok,partial,0.0,26.307867843809234,43.846446406348726,3|constant|mobile|flicker|s1|g2|mixed,False,False,False,False,0,1,,,,,,,,,,,,False,32.884834804761546,False,False,False,False,False,,False,26.307867843809234,False,False,False,False,False,
1,p1g8_071,8,merge_cross_edge,"[""p6g1_043"",""ref_M0""]",b8383c59e0829be9,ok,partial,0.6017,60.515068900445584,60.745114834075984,3|grow|mobile|liquid|s1|g0|structured,True,True,True,True,0,3,0.3375,p1g8_071_s2,ok,0.433,49.14907267867094,53.04845446445157,p1g8_071_s3,ok,0.3375,58.350314822986924,74.7505247049782,True,60.60133612555698,True,False,False,False,False,50.61134084833867,True,60.515068900445584,True,False,False,False,False,49.14907267867094
1,p1g8_041,8,add_chan,"[""p1g7_056""]",69466a706d743be1,ok,partial,0.0501,27.66090110556562,42.76150184260937,2|oscillator|mobile|liquid|s1|g2|structured,True,True,True,True,0,3,0.0501,p1g8_041_s2,ok,0.0878,29.909675702063335,43.99612617010556,p1g8_041_s3,ok,0.0877,31.909485874853743,47.33580979142291,False,33.32362638195703,False,False,False,False,False,33.32362638195703,False,27.66090110556562,False,False,False,False,False,27.66090110556562
1,p1g8_003,8,mutate,"[""p1g1_052""]",660216f2522b8a89,ok,partial,0.0,4.668274805459074,7.7804580090984565,2|constant|still|frozen|s1|g0|mixed,True,True,True,True,0,3,0.0,p1g8_003_s2,ok,0.0,4.678009560557198,7.796682600928665,p1g8_003_s3,ok,0.0,4.650699827167687,7.751166378612812,False,5.835343506823842,False,False,False,False,False,5.813374783959609,False,4.668274805459074,False,False,False,False,False,4.650699827167687
1,p1g8_004,8,mutate,"[""p1g1_052""]",53a9018e9cc5c4c6,ok,partial,0.5607,50.622495354425986,46.99082559070998,4|switch|mobile|liquid|s1|g2|structured,False,False,False,False,0,1,,,,,,,,,,,,False,49.26061919303248,False,False,False,False,False,,False,50.622495354425986,False,False,False,False,False,
1,p1g8_007,8,mutate,"[""p1g2_006""]",2720b5e6d04e364d,ok,partial,0.0,21.531233587386563,35.88538931231094,2|switch|drift|gas|s1|g2|mixed,True,True,True,True,0,3,0.0,p1g8_007_s2,ok,0.0,25.34547244862213,42.24245408103688,p1g8_007_s3,ok,0.0,25.378658308738444,42.29776384789741,False,26.914041984233208,False,False,False,False,False,26.914041984233208,False,21.531233587386563,False,False,False,False,False,21.531233587386563
1,p1g8_011,8,mutate,"[""p1g3_068""]",d20d3e42b432548f,ok,partial,0.6291,70.21834261046251,75.09057101743754,4|switch|mobile|liquid|s1|g2|structured,False,False,False,False,0,1,,,,,,,,,,,,True,72.04542826307815,True,False,False,False,False,,True,70.21834261046251,True,False,False,False,False,
1,p1g8_012,8,mutate,"[""p1g2_025""]",a753668dcc796bab,ok,partial,0.4378,48.16468699083926,51.08781165139876,3|grow|mobile|liquid|s1|g0|structured,False,False,False,False,0,1,,,,,,,,,,,,False,49.26085873854907,False,False,False,False,False,,False,48.16468699083926,False,False,False,False,False,
1,p1g8_017,8,mint_bilin,"[""p1g3_068""]",3bbd4d0d27769916,ok,partial,0.3148,51.03855542471945,64.07759237453241,3|switch|rotor|liquid|s2|g2|structured,False,False,False,False,0,1,,,,,,,,,,,,False,55.92819428089932,False,False,False,False,False,,False,51.03855542471945,False,False,False,False,False,
1,p1g8_019,8,mint_bilin,"[""p1g1_052""]",7f97c7d0c7cc8faa,ok,partial,0.4342,61.422050165363245,73.42341694227208,4|grow|rotor|liquid|s1|g2|structured,False,False,False,False,0,1,,,,,,,,,,,,True,65.92256270670407,True,False,False,False,False,,True,61.422050165363245,True,False,False,False,False,
1,p1g8_025,8,mint_bilin,"[""p2g1_040""]",b2503eb744361953,ok,partial,0.0,40.13694962398447,66.89491603997412,3|switch|mobile|liquid|s3|g2|mixed,True,True,True,True,0,3,0.0,p1g8_025_s2,ok,0.0,39.67420440061648,66.12367400102747,p1g8_025_s3,ok,0.0,40.23699360417185,67.06165600695309,False,50.17118702998059,False,False,False,False,False,49.5927555007706,False,40.13694962398447,False,False,False,False,False,39.67420440061648
1,p1g8_028,8,mint_bilin,"[""p1g3_068""]",59f23b2b869f1053,ok,partial,0.0,29.613504303780214,49.35584050630036,4|switch|mobile|liquid|s1|g2|mixed,False,False,False,False,0,1,,,,,,,,,,,,False,37.01688037972527,False,False,False,False,False,,False,29.613504303780214,False,False,False,False,False,
1,p1g8_029,8,mint_bilin,"[""p1g3_068""]",fc118f66693383c7,ok,partial,0.7,74.06333114437204,76.77221857395341,4|switch|rotor|liquid|s2|g2|structured,True,True,True,True,0,3,0.2762,p1g8_029_s2,ok,0.2762,64.7161512692369,89.44691878206152,p1g8_029_s3,ok,0.3028,61.47276483902351,82.26794139837251,True,75.07916393046506,True,False,False,False,False,69.2709560487794,True,74.06333114437204,True,False,False,False,False,61.47276483902351
1,p1g8_036,8,add_chan,"[""p1g6_018""]",d00e33f27f2a7484,ok,partial,0.3984,60.74176471657689,74.67627452762815,3|switch|rotor|liquid|s2|g2|structured,False,False,False,False,0,1,,,,,,,,,,,,False,65.96720589572111,False,False,False,False,False,,False,60.74176471657689,False,False,False,False,False,
1,p1g8_040,8,add_chan,"[""p1g4_029""]",3e8ae7d6fcb04428,ok,partial,0.0,19.572736319981402,32.621227199969006,3|oscillator|drift|flicker|s1|g2|mixed,True,True,True,True,0,3,0.0,p1g8_040_s2,ok,0.0,17.282817202613412,28.80469533768902,p1g8_040_s3,ok,0.0,17.055994941199952,28.426658235333253,False,24.465920399976753,False,False,False,False,False,21.31999367649994,False,19.572736319981402,False,False,False,False,False,17.055994941199952
1,p1g8_047,8,merge_spatial_ic,"[""p1g1_052"",""p5g4_065""]",fa86cb8089d048d0,ok,partial,0.4103,35.30681786772351,31.491363112872524,3|constant|drift|liquid|s1|g2|structured,True,True,True,True,0,3,0.4103,p1g8_047_s2,ok,0.4447,66.25837989149613,80.78396648582688,p1g8_047_s3,ok,0.6347,78.56017573472647,88.6202928912108,False,33.876022334654394,True,True,False,False,False,33.876022334654394,False,35.30681786772351,True,True,False,False,False,35.30681786772351
1,p1g8_065,8,merge_spatial_ic,"[""p1g1_052"",""p1g4_089""]",fa86cb8089d048d0,ok,partial,0.3924,58.19149066953621,70.82581778256034,4|grow|mobile|liquid|s1|g2|structured,False,False,False,False,0,1,,,,,,,,,,,,False,62.929363336920254,False,False,False,False,False,,False,58.19149066953621,False,False,False,False,False,
1,p1g8_067,8,merge_cross_edge,"[""p1g5_048"",""ref_M4_tau5.7""]",afb0e68864178de4,ok,partial,0.0,21.74671735478055,36.24452892463425,2|switch|still|frozen|s1|g2|mixed,True,True,True,True,0,3,0.0,p1g8_067_s2,ok,0.0,22.115693401344355,36.85948900224059,p1g8_067_s3,ok,0.0,18.772341612915504,31.28723602152584,False,27.18339669347569,False,False,False,False,False,23.46542701614438,False,21.74671735478055,False,False,False,False,False,18.772341612915504
1,p1g8_068,8,merge_cross_edge,"[""p1g6_065"",""ref_iso_d0.75""]",7ec501919a2bd06d,ok,partial,0.3995,42.67671561320578,44.49452602200963,4|constant|drift|liquid|s1|g2|mixed,True,True,True,True,0,3,0.3995,p1g8_068_s2,ok,0.4398,49.47608961823961,53.14014936373268,p1g8_068_s3,ok,0.6134,59.13233512123399,57.66055853539,False,43.35839451650722,False,False,False,False,False,43.35839451650722,False,42.67671561320578,False,False,False,False,False,42.67671561320578
1,p1g8_073,8,merge_slow_tanh,"[""p4g5_070"",""blk_engine_10748""]",4337bce396b86089,ok,partial,0.5145,42.646823134728834,36.7780385578814,2|constant|mobile|liquid|s1|g2|structured,False,False,False,False,0,1,,,,,,,,,,,,False,40.44602891841105,False,False,False,False,False,,False,42.646823134728834,False,False,False,False,False,
1,p1g8_008,8,mutate,"[""p1g6_052""]",bf739ecea830a795,ok,partial,0.6193,41.537963067742865,27.94327177957145,3|constant|mobile|liquid|s1|g0|structured,False,False,False,False,0,1,,,,,,,,,,,,False,36.43995383467859,False,False,False,False,False,,False,41.537963067742865,False,False,False,False,False,
1,p1g8_014,8,mutate,"[""p1g5_028""]",30cd3f4cfc591808,ok,partial,0.1442,27.37821850081736,36.0170308346956,3|constant|drift|liquid|s1|g1|structured,True,True,True,True,0,3,0.1361,p1g8_014_s2,ok,0.1361,29.158669631965825,39.52444938660971,p1g8_014_s3,ok,0.1417,27.612874158830802,36.574790264718004,False,30.617773126021703,False,False,False,False,False,30.617773126021703,False,27.37821850081736,False,False,False,False,False,27.37821850081736
1,p1g8_002,8,mutate,"[""p1g4_056""]",eb940a7e88702d14,ok,partial,0.3379,50.64722681599771,61.88537802666286,4|switch|drift|liquid|s1|g2|mixed,True,True,True,True,0,3,0.3168,p1g8_002_s2,ok,0.3909,52.54509975676073,61.51516626126787,p1g8_002_s3,ok,0.3168,48.672420062344074,60.00070010390678,False,54.861533519997145,False,False,False,False,False,52.92052507793009,False,50.64722681599771,False,False,False,False,False,48.672420062344074
1,p1g8_021,8,mint_bilin,"[""p1g7_052""]",278b9aacc4e2f51a,ok,partial,0.6525,73.10058291117392,78.33430485195653,4|switch|mobile|liquid|s1|g2|structured,True,True,True,True,0,3,0.4945,p1g8_021_s2,ok,0.4945,67.58401018008425,79.67335030014043,p1g8_021_s3,ok,0.5321,69.75431827854723,80.78386379757873,True,75.0632286389674,True,True,True,True,True,72.11751272510531,True,73.10058291117392,True,True,True,True,True,67.58401018008425
1,p1g8_030,8,mint_bilin,"[""p1g2_025""]",e3303540ae1876af,ok,partial,0.4599,67.8018648035131,82.34310800585516,4|grow|mobile|liquid|s2|g2|structured,False,False,False,False,0,1,,,,,,,,,,,,True,73.25483100439136,True,False,False,False,False,,True,67.8018648035131,True,False,False,False,False,
1,p1g8_044,8,merge_spatial_ic,"[""p1g1_052"",""p1g4_008""]",fa86cb8089d048d0,ok,partial,0.4317,61.39846133805404,73.55076889675674,3|switch|rotor|liquid|s1|g2|structured,False,False,False,False,0,1,,,,,,,,,,,,True,65.95557667256756,True,False,False,False,False,,True,61.39846133805404,True,False,False,False,False,
1,p1g8_056,8,merge_spatial_ic,"[""p1g1_052"",""p6g7_013""]",fa86cb8089d048d0,ok,partial,0.4854,58.84110023891452,65.70850039819088,4|switch|rotor|liquid|s1|g2|structured,False,False,False,False,0,1,,,,,,,,,,,,True,61.41637529864315,True,False,False,False,False,,False,58.84110023891452,False,False,False,False,False,
1,p1g8_058,8,merge_spatial_ic,"[""p1g1_052"",""p2g6_020""]",fa86cb8089d048d0,ok,partial,0.4987,58.528901398495705,64.30150233082618,3|switch|rotor|liquid|s1|g2|structured,False,False,False,False,0,1,,,,,,,,,,,,True,60.69362674811964,True,False,False,False,False,,False,58.528901398495705,False,False,False,False,False,
1,p1g8_064,8,merge_spatial_ic,"[""p1g1_052"",""p1g6_041""]",fa86cb8089d048d0,ok,partial,0.5797,71.87197119293768,81.13995198822947,4|grow|mobile|liquid|s2|g2|structured,False,False,False,False,0,1,,,,,,,,,,,,True,75.3474639911721,True,False,False,False,False,,True,71.87197119293768,True,False,False,False,False,
1,p1g8_072,8,merge_cross_edge,"[""p1g2_008"",""blk_p1g7_056""]",7bdc92d63577a3f9,ok,partial,0.5418,56.26624840077462,57.657080667957715,4|switch|rotor|liquid|s1|g2|structured,False,False,False,False,0,1,,,,,,,,,,,,False,56.78781050096829,False,False,False,False,False,,False,56.26624840077462,False,False,False,False,False,
1,p1g8_018,8,mint_bilin,"[""p1g5_028""]",4089ddf84b6a8c17,ok,partial,0.4354,60.18975155791634,71.28958592986056,4|grow|mobile|liquid|s1|g1|structured,False,False,False,False,0,1,,,,,,,,,,,,True,64.35218944739543,True,False,False,False,False,,True,60.18975155791634,True,False,False,False,False,
1,p1g8_020,8,mint_bilin,"[""p1g6_018""]",52106c0cd0f61b9e,ok,partial,0.1569,52.72700874306692,77.41834790511153,3|grow|mobile|liquid|s2|g2|structured,False,False,False,False,0,1,,,,,,,,,,,,False,61.986260928833644,False,False,False,False,False,,False,52.72700874306692,False,False,False,False,False,
1,p1g8_022,8,mint_bilin,"[""p1g5_028""]",98f708691ff67383,ok,partial,0.4312,54.73883518332022,62.48472530553369,4|grow|rotor|liquid|s1|g1|structured,False,False,False,False,0,1,,,,,,,,,,,,False,57.64354397915027,False,False,False,False,False,,False,54.73883518332022,False,False,False,False,False,
1,p1g8_023,8,mint_bilin,"[""p1g6_052""]",5e78ec4d4515a6a3,ok,partial,0.4325,58.800691630450686,69.16781938408447,4|switch|mobile|liquid|s1|g2|structured,False,False,False,False,0,1,,,,,,,,,,,,True,62.688364538063354,True,False,False,False,False,,False,58.800691630450686,False,False,False,False,False,
1,p1g8_026,8,mint_bilin,"[""p1g4_050""]",e5cac80fb430210e,ok,partial,0.5681,72.51054754765543,82.97757924609239,4|grow|mobile|liquid|s2|g2|structured,False,False,False,False,0,1,,,,,,,,,,,,True,76.4356844345693,True,False,False,False,False,,True,72.51054754765543,True,False,False,False,False,
1,p1g8_027,8,mint_bilin,"[""p1g1_049""]",d843fb8011e7c0d9,ok,partial,0.3619,54.7948948393172,67.19815806552867,3|switch|mobile|liquid|s1|g1|structured,False,False,False,False,0,1,,,,,,,,,,,,False,59.446118549146505,False,False,False,False,False,,False,54.7948948393172,False,False,False,False,False,
1,p1g8_032,8,delete_bilin,"[""p1g4_050""]",c401209e21e6aa4c,ok,partial,0.2777,52.76967521752702,69.43612536254504,4|grow|mobile|liquid|s1|g2|structured,False,False,False,False,0,1,,,,,,,,,,,,False,59.01959402190878,False,False,False,False,False,,False,52.76967521752702,False,False,False,False,False,
1,p1g8_045,8,merge_spatial_ic,"[""p1g4_015"",""p0g0_ds2g11_009""]",520c5cfdb13c97f1,ok,partial,0.0602,18.1082313551752,26.167052258625333,1|switch|still|frozen|s1|g2|mixed,True,True,True,True,0,3,0.0602,p1g8_045_s2,ok,0.1331,22.96694729876883,29.404912164614714,p1g8_045_s3,ok,0.148,23.499636361794934,29.299393936324897,False,21.130289193969,False,False,False,False,False,21.130289193969,False,18.1082313551752,False,False,False,False,False,18.1082313551752
1,p1g8_051,8,merge_spatial_ic,"[""p6g6_032"",""p3g9_020""]",e85f4b309db0d245,ok,partial,0.4849,61.87873863360656,70.80456438934426,4|switch|mobile|liquid|s1|g2|structured,False,False,False,False,0,1,,,,,,,,,,,,True,65.2259232920082,True,False,False,False,False,,True,61.87873863360656,True,False,False,False,False,
1,p1g8_055,8,merge_spatial_ic,"[""p1g7_066"",""p1g6_010""]",8bd523c265dd37b3,ok,partial,0.0,17.730171811135556,29.550286351892595,2|switch|mobile|flicker|s1|g0|mixed,True,True,True,True,0,3,0.0,p1g8_055_s2,ok,0.0,14.480915055931249,24.134858426552082,p1g8_055_s3,ok,0.0,12.950059871964692,21.583433119941155,False,22.162714763919446,False,False,False,False,False,16.187574839955865,False,17.730171811135556,False,False,False,False,False,12.950059871964692
1,p1g8_062,8,merge_spatial_ic,"[""p1g4_001"",""p1g1_052""]",00b1d737ee707e06,ok,partial,0.0,17.649697382115168,29.416162303525283,3|switch|drift|flicker|s1|g2|mixed,True,True,True,True,0,3,0.0,p1g8_062_s2,ok,0.0,17.961563886792597,29.935939811320996,p1g8_062_s3,ok,0.0,19.56979117978513,32.61631863297522,False,22.062121727643962,False,False,False,False,False,22.062121727643962,False,17.649697382115168,False,False,False,False,False,17.649697382115168
1,p1g8_063,8,merge_spatial_ic,"[""p1g5_007"",""p1g3_024""]",8682b73f9a4cfc74,ok,partial,0.0,12.595471642499,20.992452737498333,3|oscillator|still|frozen|s1|g1|mixed,True,True,True,True,0,3,0.0,p1g8_063_s2,ok,0.0139,11.500023800747579,18.240039667912633,p1g8_063_s3,ok,0.0213,11.69245424424961,18.067423740416018,False,15.74433955312375,False,False,False,False,False,14.027529750934475,False,12.595471642499,False,False,False,False,False,11.500023800747579
1,p1g8_074,8,merge_slow_tanh,"[""p6g1_043"",""ref_XV_tau15.7""]",11a4f6f3b7219a00,ok,partial,0.5279,64.23169338056337,71.85948896760561,4|grow|mobile|liquid|s2|g2|structured,False,False,False,False,0,1,,,,,,,,,,,,True,67.09211672570422,True,False,False,False,False,,True,64.23169338056337,True,False,False,False,False,
1,p1g8_075,8,merge_slow_tanh,"[""p6g1_043"",""p6g1_043""]",e046d66c5e83c8c6,ok,partial,0.5506,62.108041650590046,66.80673608431674,4|grow|mobile|liquid|s1|g2|structured,False,False,False,False,0,1,,,,,,,,,,,,True,63.87005206323755,True,False,False,False,False,,True,62.108041650590046,True,False,False,False,False,
1,p1g8_005,8,mutate,"[""p1g2_036""]",d7f817b8b16d674a,ok,partial,0.0775,29.678251544954005,44.297085908256676,3|switch|drift|liquid|s1|g2|structured,False,False,False,False,0,1,,,,,,,,,,,,False,35.1603144311925,False,False,False,False,False,,False,29.678251544954005,False,False,False,False,False,
1,p1g8_013,8,mutate,"[""p1g3_007""]",3648f76a95579627,ok,partial,0.0,39.493098486988494,65.82183081164749,3|switch|mobile|liquid|s1|g2|mixed,False,False,False,False,0,1,,,,,,,,,,,,False,49.366373108735615,False,False,False,False,False,,False,39.493098486988494,False,False,False,False,False,
1,p1g8_015,8,mutate,"[""p3g7_015""]",2a8e1271a615723a,ok,partial,0.3928,52.18857828462248,60.79429714103747,4|switch|mobile|liquid|s1|g1|structured,False,False,False,False,0,1,,,,,,,,,,,,False,55.4157228557781,False,False,False,False,False,,False,52.18857828462248,False,False,False,False,False,
1,p1g8_043,8,add_chan,"[""p4g2_028""]",5bd71546e6e69f82,ok,partial,0.0,19.91463446781311,33.19105744635518,2|constant|mobile|flicker|s1|g2|mixed,False,False,False,False,0,1,,,,,,,,,,,,False,24.893293084766384,False,False,False,False,False,,False,19.91463446781311,False,False,False,False,False,
1,p1g8_048,8,merge_spatial_ic,"[""p2g4_015"",""p3g7_014""]",04a0f0e5eb95cb51,ok,partial,0.1585,33.14294841923391,44.67158069872318,4|grow|drift|liquid|s1|g2|structured,True,True,True,True,0,3,0.0754,p1g8_048_s2,ok,0.0879,45.38690812360016,69.78484687266693,p1g8_048_s3,ok,0.0754,48.214037414145174,75.33006235690863,False,37.46618552404239,False,False,False,False,False,37.46618552404239,False,33.14294841923391,False,False,False,False,False,33.14294841923391
1,p1g8_049,8,merge_spatial_ic,"[""p2g2_038"",""p6g5_019""]",ad835d9583d074b2,ok,partial,0.2917,40.192859111185065,47.54143185197511,2|switch|mobile|liquid|s1|g2|structured,False,False,False,False,0,1,,,,,,,,,,,,False,42.94857388898133,False,False,False,False,False,,False,40.192859111185065,False,False,False,False,False,
1,p1g8_059,8,merge_spatial_ic,"[""p6g8_061"",""p2g7_010""]",0849acc60943ebb4,ok,partial,0.0,17.049530693325632,28.415884488876053,1|grow|still|gas|s1|g2|mixed,True,True,True,True,0,3,0.0,p1g8_059_s2,ok,0.0,15.605272148336997,26.008786913894998,p1g8_059_s3,ok,0.0,16.298977310479412,27.164962184132357,False,21.311913366657038,False,False,False,False,False,19.50659018542125,False,17.049530693325632,False,False,False,False,False,15.605272148336997
1,p1g8_077,8,immigrate,,8b1a2e0ff69939ba,no_blobs,missing,,0.0,,,False,False,False,False,0,1,,,,,,,,,,,,False,,False,False,False,False,False,,False,,False,False,False,False,False,
1,p1g8_078,8,immigrate,,19a2161fe9948993,no_blobs,missing,,0.0,,,False,False,False,False,0,1,,,,,,,,,,,,False,,False,False,False,False,False,,False,,False,False,False,False,False,
1,p1g8_079,8,immigrate,,b78a851132585758,no_blobs,missing,,0.0,,,False,False,False,False,0,1,,,,,,,,,,,,False,,False,False,False,False,False,,False,,False,False,False,False,False,
1,p1g8_035,8,delete_bilin,"[""p1g4_044""]",c3287ed91427254d,ok,partial,0.0,47.543072272132896,79.23845378688816,4|grow|mobile|liquid|s2|g2|mixed,False,False,False,False,0,1,,,,,,,,,,,,False,59.42884034016612,False,False,False,False,False,,False,47.543072272132896,False,False,False,False,False,
1,p1g8_061,8,merge_spatial_ic,"[""p6g8_020"",""p4g4_007""]",3f6f5093e8b0e1db,ok,partial,0.5521,63.224950641882124,68.56825106980354,4|switch|rotor|liquid|s1|g2|structured,False,False,False,False,0,1,,,,,,,,,,,,True,65.22868830235265,True,False,False,False,False,,True,63.224950641882124,True,False,False,False,False,
1,p1g8_006,8,mutate,"[""p2g6_001""]",11973805a6d316ed,ok,partial,0.0,22.52368244863053,37.53947074771755,2|switch|mobile|liquid|s1|g0|mixed,False,False,False,False,0,1,,,,,,,,,,,,False,28.154603060788162,False,False,False,False,False,,False,22.52368244863053,False,False,False,False,False,
1,p1g8_050,8,merge_spatial_ic,"[""p6g4_021"",""p3g9_000""]",f1d619e4608e8429,ok,partial,0.6365,66.33188603736318,68.11981006227197,4|switch|rotor|liquid|s1|g2|structured,False,False,False,False,0,1,,,,,,,,,,,,True,67.00235754670398,True,False,False,False,False,,True,66.33188603736318,True,False,False,False,False,
1,p1g8_057,8,merge_spatial_ic,"[""p1g3_024"",""p6g9_024""]",b25e612be02566b2,ok,partial,0.0744,12.315788003483167,15.56631333913861,4|constant|still|frozen|s1|g2|mixed,False,False,False,False,0,1,,,,,,,,,,,,False,13.534735004353957,False,False,False,False,False,,False,12.315788003483167,False,False,False,False,False,
1,p1g8_060,8,merge_spatial_ic,"[""p6g5_019"",""p4g2_044""]",0477d3f126e0b4df,ok,partial,0.481,59.49485227674576,67.09142046124293,4|switch|mobile|liquid|s1|g1|structured,False,False,False,False,0,1,,,,,,,,,,,,True,62.3435653459322,True,False,False,False,False,,False,59.49485227674576,False,False,False,False,False,
1,p1g8_037,8,add_chan,"[""p0g0_ds2g11_009""]",59aa40b9c413dc2c,ok,partial,0.1447,38.25159558868732,54.10599264781221,2|grow|drift|liquid|s1|g2|structured,True,True,True,True,0,3,0.1012,p1g8_037_s2,ok,0.1877,43.00573639538065,59.16289399230108,p1g8_037_s3,ok,0.1012,37.53287793546489,55.808129892441485,False,44.19699448585916,False,False,False,False,False,44.19699448585916,False,38.25159558868732,False,False,False,False,False,37.53287793546489
1,p1g8_039,8,add_chan,"[""p1g3_044""]",060c77f9a2c1858d,ok,partial,0.0,36.49239022129615,60.82065036882691,4|grow|rotor|liquid|s1|g1|mixed,True,True,True,True,0,3,0.0,p1g8_039_s2,ok,0.0,36.89071407811951,61.48452346353251,p1g8_039_s3,ok,0.0,37.09834775940866,61.830579599014435,False,45.615487776620185,False,False,False,False,False,45.615487776620185,False,36.49239022129615,False,False,False,False,False,36.49239022129615
1,p1g8_042,8,add_chan,"[""p0g0_ds2g11_009""]",6543f4639ba316b5,ok,partial,0.2582,35.49826944549295,41.95044907582158,2|constant|rotor|liquid|s1|g2|structured,False,False,False,False,0,1,,,,,,,,,,,,False,37.917836806866184,False,False,False,False,False,,False,35.49826944549295,False,False,False,False,False,
1,p1g8_046,8,merge_spatial_ic,"[""p6g5_025"",""p6g8_033""]",c53633b366a18482,ok,partial,0.2852,59.06771218513449,79.43285364189082,3|grow|rotor|liquid|s2|g2|structured,False,False,False,False,0,1,,,,,,,,,,,,False,66.70464023141811,False,False,False,False,False,,False,59.06771218513449,False,False,False,False,False,
1,p1g8_052,8,merge_spatial_ic,"[""p5g8_007"",""p1g6_010""]",8e4299986c7764fd,ok,partial,0.0,28.808687084021777,48.01447847336963,3|switch|still|flicker|s1|g2|mixed,True,True,True,True,0,3,0.0,p1g8_052_s2,ok,0.0,37.563388403547826,62.60564733924638,p1g8_052_s3,ok,0.1033,44.69432242703968,67.60387071173281,False,36.01085885502722,False,False,False,False,False,36.01085885502722,False,28.808687084021777,False,False,False,False,False,28.808687084021777
1,p1g8_080,8,immigrate,,878501634df937f6,no_blobs,missing,,0.0,,,False,False,False,False,0,1,,,,,,,,,,,,False,,False,False,False,False,False,,False,,False,False,False,False,False,
1,p1g8_070,8,merge_cross_edge,"[""p0g0_ds2g11_009"",""ref_M0""]",48bc8ab3b9b73ff2,ok,partial,0.2524,42.87558338950673,54.63263898251122,4|grow|rotor|liquid|s1|g2|structured,False,False,False,False,0,1,,,,,,,,,,,,False,47.28447923688341,False,False,False,False,False,,False,42.87558338950673,False,False,False,False,False,
1,p1g8_010,8,mutate,"[""p1g7_005""]",4f9f6aba1e7a1f0a,ok,partial,0.4957,52.70321412925573,54.79202354875954,4|switch|mobile|flicker|s1|g0|structured,True,True,True,True,0,3,0.4957,p1g8_010_s2,ok,0.5132,53.78826651445997,55.43377752409996,p1g8_010_s3,ok,0.4997,53.24567124475126,55.42945207458543,False,53.48651766156965,False,False,False,False,False,53.48651766156965,False,52.70321412925573,False,False,False,False,False,52.70321412925573
1,p1g8_033,8,delete_bilin,"[""p2g2_023""]",7608d053dd375c1c,ok,partial,0.5263,61.10518364768101,66.75530607946835,3|grow|mobile|liquid|s2|g0|structured,True,True,True,True,0,3,0.4821,p1g8_033_s2,ok,0.4901,57.069184943395854,62.441974905659755,p1g8_033_s3,ok,0.4821,61.095772924202684,69.68628820700448,True,63.22397955960126,True,True,True,False,False,59.083981179244816,True,61.10518364768101,True,True,True,False,False,57.069184943395854
1,p1g8_038,8,add_chan,"[""p1g6_041""]",ec6cc66a95e97392,ok,partial,0.0,13.844457352021957,23.07409558670326,2|oscillator|still|flicker|s1|g0|mixed,False,False,False,False,0,1,,,,,,,,,,,,False,17.305571690027445,False,False,False,False,False,,False,13.844457352021957,False,False,False,False,False,
1,p1g8_066,8,merge_cross_edge,"[""p1g4_084"",""ref_iso_d0.65""]",f9693712b31d3167,ok,partial,0.2674,31.116763780746787,34.034606301244644,1|constant|drift|liquid|s1|g2|mixed,True,True,True,True,0,3,0.0908,p1g8_066_s2,ok,0.0908,26.62266018685125,38.317766978085416,p1g8_066_s3,ok,0.2709,32.78753664618497,36.585894410308285,False,32.21095472593348,False,False,False,False,False,31.00832523356406,False,31.116763780746787,False,False,False,False,False,26.62266018685125
1,p1g8_069,8,merge_cross_edge,"[""p1g4_081"",""ref_M4_tau5.7""]",f5f56e4884f9b17b,ok,partial,0.0,22.845885739099035,38.07647623183173,3|constant|drift|flicker|s1|g0|mixed,False,False,False,False,0,1,,,,,,,,,,,,False,28.557357173873797,False,False,False,False,False,,False,22.845885739099035,False,False,False,False,False,
1,p1g8_076,8,immigrate,,6d26ddb25ac77870,ok,partial,0.0,0.0,0.0,1|constant|still|gas|s1|g2|mixed,False,False,False,False,0,1,,,,,,,,,,,,False,0.0,False,False,False,False,False,,False,0.0,False,False,False,False,False,
1,p1g8_016,8,mint_bilin,"[""p1g2_008""]",4dc737b5207b7f89,ok,partial,0.5198,57.174621221698494,60.63770203616416,2|switch|mobile|liquid|s1|g2|structured,False,False,False,False,0,1,,,,,,,,,,,,False,58.47327652712312,False,False,False,False,False,,False,57.174621221698494,False,False,False,False,False,
1,p1g8_031,8,mint_bilin,"[""p1g2_008""]",0e68026670668131,ok,partial,0.4703,58.83458031226556,66.70430052044259,2|switch|mobile|liquid|s1|g2|structured,False,False,False,False,0,1,,,,,,,,,,,,True,61.78572539033194,True,False,False,False,False,,False,58.83458031226556,False,False,False,False,False,
1,p1g8_054,8,merge_spatial_ic,"[""p2g4_062"",""p6g2_022""]",37e5bf4d92c4be41,ok,partial,0.4015,59.717742862117646,72.76290477019607,2|grow|mobile|liquid|s1|g2|structured,False,False,False,False,0,1,,,,,,,,,,,,True,64.60967857764706,True,False,False,False,False,,False,59.717742862117646,False,False,False,False,False,
1,p1g9_019,9,mutate,"[""p1g2_038""]",8b233fa9a7390131,fail_g0a,missing,,,,,False,False,False,False,0,1,,,,,,,,,,,,False,,False,False,False,False,False,,False,,False,False,False,False,False,
1,p1g9_048,9,add_chan,"[""p1g5_077""]",8412d00e4e6e54b4,fail_g0a,missing,,,,,False,False,False,False,0,1,,,,,,,,,,,,False,,False,False,False,False,False,,False,,False,False,False,False,False,
1,p1g9_047,9,add_chan,"[""p6g2_022""]",719586bc47ca0042,fail_g0a,missing,,,,,False,False,False,False,0,1,,,,,,,,,,,,False,,False,False,False,False,False,,False,,False,False,False,False,False,
1,p1g9_029,9,mint_bilin,"[""p1g6_033""]",7838bbee01bb9579,ok,partial,0.0,21.484009877364606,35.80668312894101,2|constant|drift|liquid|s1|g2|mixed,False,False,False,False,0,1,,,,,,,,,,,,False,26.855012346705756,False,False,False,False,False,,False,21.484009877364606,False,False,False,False,False,
1,p1g9_044,9,add_chan,"[""p1g6_068""]",451da800fe8c6fce,ok,partial,0.2772,43.18048797013786,53.48747995022977,2|constant|mobile|liquid|s1|g2|structured,False,False,False,False,0,1,,,,,,,,,,,,False,47.04560996267232,False,False,False,False,False,,False,43.18048797013786,False,False,False,False,False,
1,p1g9_045,9,add_chan,"[""p1g2_023""]",b424809ae787c9c9,ok,partial,0.0,1.7550000000000001,2.9250000000000003,1|constant|still|gas|s1|g0|mixed,False,False,False,False,0,1,,,,,,,,,,,,False,2.19375,False,False,False,False,False,,False,1.7550000000000001,False,False,False,False,False,
1,p1g9_057,9,merge_cross_edge,"[""p1g5_085"",""ref_iso_d0.75""]",0874c764ff8070bf,ok,partial,0.0,23.145759759152376,38.57626626525396,2|switch|drift|liquid|s1|g0|mixed,True,True,True,True,0,3,0.0,p1g9_057_s2,ok,0.0,20.179959643148077,33.63326607191346,p1g9_057_s3,ok,0.0,20.037785125959417,33.3963085432657,False,28.932199698940472,False,False,False,False,False,25.047231407449274,False,23.145759759152376,False,False,False,False,False,20.037785125959417
1,p1g9_064,9,merge_slow_tanh,"[""p1g4_081"",""ref_iso_d0.65""]",a32b3b27b31b075d,ok,partial,0.0,15.912626249999999,26.52104375,3|constant|still|flicker|s1|g2|mixed,True,True,True,True,0,3,0.0,p1g9_064_s2,ok,0.0,14.903906249999999,24.83984375,p1g9_064_s3,ok,0.0,17.43002625,29.05004375,False,19.8907828125,False,False,False,False,False,18.6298828125,False,15.912626249999999,False,False,False,False,False,14.903906249999999
1,p1g9_000,9,mutate,"[""p3g8_049""]",265d9f6d4b92f114,ok,partial,0.0,32.08312331199917,53.47187218666528,3|switch|still|liquid|s1|g2|mixed,False,False,False,False,0,1,,,,,,,,,,,,False,40.10390413999896,False,False,False,False,False,,False,32.08312331199917,False,False,False,False,False,
1,p1g9_010,9,mutate,"[""p1g2_049""]",40bc52dfc3586521,ok,partial,0.3427,43.67576948937894,49.946282482298244,3|oscillator|mobile|liquid|s1|g0|structured,True,True,True,True,0,3,0.3332,p1g9_010_s2,ok,0.3904,48.270389187399644,54.423981978999414,p1g9_010_s3,ok,0.3332,46.683062255027835,55.591770425046384,False,46.027211861723686,False,False,False,False,False,46.027211861723686,False,43.67576948937894,False,False,False,False,False,43.67576948937894
1,p1g9_016,9,mutate,"[""p1g7_052""]",f4a0b44d6fde4407,ok,partial,0.2484,26.659479234923946,27.87246539153991,2|constant|drift|liquid|s1|g0|mixed,True,True,False,False,0,2,,p1g9_016_s2,ok,0.0,11.543163234350837,19.23860539058473,,,,,,False,27.114349043654933,False,False,False,False,False,,False,26.659479234923946,False,False,False,False,False,
1,p1g9_005,9,mutate,"[""p1g7_052""]",f34840f0fe817935,ok,partial,0.4776,53.96797072119256,58.10661786865426,4|switch|mobile|liquid|s1|g2|structured,False,False,False,False,0,1,,,,,,,,,,,,False,55.5199634014907,False,False,False,False,False,,False,53.96797072119256,False,False,False,False,False,
1,p1g9_012,9,mutate,"[""p1g1_052""]",0c7cae28b1f6de3b,ok,partial,0.1372,33.910177937640036,47.370296562733394,3|switch|mobile|liquid|s1|g2|structured,False,False,False,False,0,1,,,,,,,,,,,,False,38.95772242205005,False,False,False,False,False,,False,33.910177937640036,False,False,False,False,False,
1,p1g9_017,9,mutate,"[""p1g1_052""]",6d6446a2bdaaf66e,ok,partial,0.4378,55.617535958076566,63.50922659679428,2|switch|mobile|liquid|s1|g2|structured,False,False,False,False,0,1,,,,,,,,,,,,False,58.576919947595705,False,False,False,False,False,,False,55.617535958076566,False,False,False,False,False,
1,p1g9_020,9,mutate,"[""p1g2_025""]",785acdaf4d56bf73,ok,partial,0.5649,65.92536701837506,72.21561169729176,4|switch|mobile|liquid|s1|g2|structured,False,False,False,False,0,1,,,,,,,,,,,,True,68.28420877296882,True,False,False,False,False,,True,65.92536701837506,True,False,False,False,False,
1,p1g9_021,9,mutate,"[""p1g2_049""]",39ea9f612bd3fd24,ok,partial,0.3364,53.524425650298454,66.7807094171641,4|switch|mobile|liquid|s1|g2|structured,False,False,False,False,0,1,,,,,,,,,,,,False,58.49553206287308,False,False,False,False,False,,False,53.524425650298454,False,False,False,False,False,
1,p1g9_022,9,mint_bilin,"[""p1g2_049""]",3713c73bc9dd141a,ok,partial,0.4901,65.89510353748952,77.1518392291492,4|grow|rotor|liquid|s1|g2|structured,True,True,True,True,0,3,0.3155,p1g9_022_s2,ok,0.3155,60.300327275486026,79.46721212581004,p1g9_022_s3,ok,0.5467,72.40314819407153,84.22524699011922,True,70.11637942186191,True,True,True,False,False,67.48790909435753,True,65.89510353748952,True,True,True,False,False,60.300327275486026
1,p1g9_023,9,mint_bilin,"[""p1g2_025""]",0e2a80eead09f677,ok,partial,0.5568,72.83092336744414,84.26487227907359,4|grow|rotor|flicker|s2|g2|structured,True,True,True,True,0,3,0.5515,p1g9_023_s2,ok,0.5593,73.00615633980834,84.39026056634724,p1g9_023_s3,ok,0.5515,69.79810809088359,79.563513484806,True,77.11865420930519,True,True,True,True,True,73.4601351136045,True,72.83092336744414,True,True,True,True,True,69.79810809088359
1,p1g9_024,9,mint_bilin,"[""p1g8_029""]",986518e2fcff4f95,ok,partial,0.4056,66.01038495571946,82.97730825953244,4|switch|rotor|liquid|s3|g2|structured,True,True,True,True,0,3,0.4056,p1g9_024_s2,ok,0.5234,70.06868391649488,81.88780652749146,p1g9_024_s3,ok,0.6534,77.03626705164123,84.83377841940207,True,72.37298119464933,True,True,True,True,True,72.37298119464933,True,66.01038495571946,True,True,True,True,True,66.01038495571946
1,p1g9_031,9,mint_bilin,"[""p1g1_052""]",4459dd9f1a75dbe1,ok,partial,0.6248,74.5041819035933,82.5203031726555,4|grow|rotor|liquid|s2|g2|structured,True,True,True,True,0,3,0.6057,p1g9_031_s2,ok,0.6057,73.90734487860442,82.79890813100737,p1g9_031_s3,ok,0.6134,74.27175770135007,82.89292950225011,True,77.51022737949162,True,True,True,True,True,77.24168109825553,True,74.5041819035933,True,True,True,True,True,73.90734487860442
1,p1g9_032,9,mint_bilin,"[""p1g1_052""]",f0690f7c81e100e2,ok,partial,0.5684,64.76224148806139,70.04373581343566,4|grow|mobile|flicker|s1|g2|structured,True,True,True,True,0,3,0.5324,p1g9_032_s2,ok,0.5531,66.8953660510655,74.61894341844248,p1g9_032_s3,ok,0.5324,65.97454707960776,74.4642451326796,True,66.74280186007675,True,True,True,True,True,66.74280186007675,True,64.76224148806139,True,True,True,True,True,64.76224148806139
1,p1g9_033,9,mint_bilin,"[""p1g2_025""]",5b8821c7b8a5032e,ok,partial,0.6369,65.41122667532824,66.55871112554706,4|grow|rotor|flicker|s1|g2|structured,False,False,False,False,0,1,,,,,,,,,,,,True,65.8415333441603,True,False,False,False,False,,True,65.41122667532824,True,False,False,False,False,
1,p1g9_038,9,mint_bilin,"[""p1g7_052""]",4a1d614d71dcd9d7,ok,partial,0.4394,67.6102723296307,83.39045388271784,4|grow|rotor|liquid|s2|g2|structured,False,False,False,False,0,1,,,,,,,,,,,,True,73.52784041203837,True,False,False,False,False,,True,67.6102723296307,True,False,False,False,False,
1,p1g9_040,9,delete_bilin,"[""p1g2_049""]",8b6c65374d3dbb50,ok,partial,0.406,60.085010882504704,73.07501813750784,4|grow|rotor|liquid|s1|g2|structured,False,False,False,False,0,1,,,,,,,,,,,,True,64.95626360313088,True,False,False,False,False,,True,60.085010882504704,True,False,False,False,False,
1,p1g9_041,9,delete_bilin,"[""p1g7_052""]",cb8ed6c04e9d5665,ok,partial,0.3823,62.63842503307471,78.91070838845786,4|grow|mobile|liquid|s2|g2|structured,False,False,False,False,0,1,,,,,,,,,,,,False,68.7405312913434,False,False,False,False,False,,False,62.63842503307471,False,False,False,False,False,
1,p1g9_042,9,delete_bilin,"[""p1g2_025""]",2aa0708294418d2b,ok,partial,0.529,62.097012491010645,68.2283541516844,3|grow|rotor|flicker|s1|g2|structured,True,True,True,True,0,3,0.529,p1g9_042_s2,ok,0.5313,68.05067032554072,77.9977838759012,p1g9_042_s3,ok,0.5764,69.64351193402068,77.64585322336781,True,64.39626561376329,True,True,True,True,True,64.39626561376329,True,62.097012491010645,True,True,True,True,True,62.097012491010645
1,p1g9_046,9,add_chan,"[""p1g6_027""]",2d0f8a6de70a5420,ok,partial,0.4183,53.626767208860414,61.491278681434025,2|switch|mobile|liquid|s1|g1|structured,True,True,True,True,0,3,0.3672,p1g9_046_s2,ok,0.4474,53.35605390920597,59.10008984867662,p1g9_046_s3,ok,0.3672,54.701197357385404,66.68866226230901,False,56.57595901107551,False,False,False,False,False,55.510067386507465,False,53.626767208860414,False,False,False,False,False,53.35605390920597
1,p1g9_049,9,add_chan,"[""p1g4_050""]",7cad7ec2d0cdd653,ok,partial,0.0,32.17973227687955,53.63288712813259,3|switch|mobile|liquid|s1|g2|mixed,False,False,False,False,0,1,,,,,,,,,,,,False,40.22466534609944,False,False,False,False,False,,False,32.17973227687955,False,False,False,False,False,
1,p1g9_051,9,add_chan,"[""p1g6_052""]",c0123eb3a0af9a2c,ok,partial,0.0,28.366398276788736,47.27733046131456,3|constant|rotor|liquid|s1|g2|mixed,True,True,True,True,0,3,0.0,p1g9_051_s2,ok,0.0,24.469290559879255,40.782150933132094,p1g9_051_s3,ok,0.0,26.51177103113924,44.186285051898736,False,35.45799784598592,False,False,False,False,False,30.58661319984907,False,28.366398276788736,False,False,False,False,False,24.469290559879255
1,p1g9_052,9,merge_spatial_ic,"[""p1g1_052"",""p1g8_045""]",fa86cb8089d048d0,ok,partial,0.4642,60.60689406868569,70.06482344780949,4|switch|rotor|liquid|s1|g2|structured,False,False,False,False,0,1,,,,,,,,,,,,True,64.15361758585712,True,False,False,False,False,,True,60.60689406868569,True,False,False,False,False,
1,p1g9_053,9,merge_spatial_ic,"[""p1g1_052"",""p1g8_055""]",fa86cb8089d048d0,ok,partial,0.4258,65.19537440419487,80.27229067365812,3|grow|rotor|liquid|s2|g2|structured,False,False,False,False,0,1,,,,,,,,,,,,True,70.84921800524359,True,False,False,False,False,,True,65.19537440419487,True,False,False,False,False,
1,p1g9_062,9,merge_slow_tanh,"[""p0g0_ds2g11_009"",""blk_engine_10748""]",11eda4c569e4f100,ok,partial,0.608,52.3441973088368,46.706995514728,4|oscillator|rotor|liquid|s1|g2|structured,True,True,True,True,0,3,0.171,p1g9_062_s2,ok,0.1778,50.88675097666307,72.95791829443846,p1g9_062_s3,ok,0.171,47.71244987641732,68.12074979402885,False,50.230246636046004,False,False,False,False,False,50.230246636046004,False,52.3441973088368,False,False,False,False,False,47.71244987641732
1,p1g9_065,9,merge_cross_edge,"[""p4g4_018"",""ref_M0""]",0394c21db258be37,ok,partial,0.0,39.373195562470805,65.621992604118,4|switch|drift|liquid|s1|g2|mixed,False,False,False,False,0,1,,,,,,,,,,,,False,49.2164944530885,False,False,False,False,False,,False,39.373195562470805,False,False,False,False,False,
1,p1g9_002,9,mutate,"[""p1g5_028""]",45537b9f4e966afb,ok,partial,0.3169,42.64041084734979,49.940684745582985,3|switch|mobile|liquid|s1|g0|structured,False,False,False,False,0,1,,,,,,,,,,,,False,45.37801355918724,False,False,False,False,False,,False,42.64041084734979,False,False,False,False,False,
1,p1g9_004,9,mutate,"[""p1g6_018""]",d6208dbbaeec303f,ok,partial,0.5791,58.71695612803673,59.25492688006122,3|switch|mobile|liquid|s1|g2|structured,False,False,False,False,0,1,,,,,,,,,,,,False,58.918695160045914,False,False,False,False,False,,False,58.71695612803673,False,False,False,False,False,
1,p1g9_006,9,mutate,"[""p1g4_050""]",cfaa69297946795a,ok,partial,0.0,3.110489478739905,5.184149131233175,2|constant|still|frozen|s1|g0|mixed,False,False,False,False,0,1,,,,,,,,,,,,False,3.8881118484248813,False,False,False,False,False,,False,3.110489478739905,False,False,False,False,False,
1,p1g9_007,9,mutate,"[""p6g8_033""]",b09aec5252694231,ok,partial,0.0,19.985754451885803,33.309590753143006,2|switch|still|frozen|s1|g2|structured,True,True,True,True,0,3,0.0,p1g9_007_s2,ok,0.0147,18.41735954048996,29.715599234149938,p1g9_007_s3,ok,0.0517,19.458172350621084,28.983620584368474,False,24.982193064857256,False,False,False,False,False,22.654199425612454,False,19.985754451885803,False,False,False,False,False,18.41735954048996
1,p1g9_009,9,mutate,"[""p1g5_028""]",30055aededeedd4e,ok,partial,0.5769,60.75478722558962,62.79797870931603,4|switch|mobile|liquid|s1|g1|structured,False,False,False,False,0,1,,,,,,,,,,,,True,61.52098403198702,True,False,False,False,False,,True,60.75478722558962,True,False,False,False,False,
1,p1g9_011,9,mutate,"[""p1g8_062""]",32e455bdf74ebb2b,ok,partial,0.0,21.631489454578283,36.05248242429714,4|constant|mobile|liquid|s1|g2|mixed,True,True,True,True,0,3,0.0,p1g9_011_s2,ok,0.0,31.001028386601998,51.668380644336665,p1g9_011_s3,ok,0.0,23.752048904569644,39.58674817428274,False,27.039361818222854,False,False,False,False,False,27.039361818222854,False,21.631489454578283,False,False,False,False,False,21.631489454578283
1,p1g9_013,9,mutate,"[""p1g2_014""]",32e73d69fe198380,ok,partial,0.7436,75.50492988051496,76.26821646752495,3|switch|mobile|liquid|s1|g2|structured,True,True,True,True,0,3,0.6415,p1g9_013_s2,ok,0.6415,71.07664699260039,75.69441165433399,p1g9_013_s3,ok,0.7086,76.7840965481866,80.73349424697767,True,75.79116235064372,True,True,True,True,True,72.80830874075049,True,75.50492988051496,True,True,True,True,True,71.07664699260039
1,p1g9_018,9,mutate,"[""p1g4_050""]",8ebac0354e1a2485,ok,partial,0.5537,65.69075503070651,72.57125838451086,4|grow|mobile|liquid|s2|g2|structured,False,False,False,False,0,1,,,,,,,,,,,,True,68.27094378838314,True,False,False,False,False,,True,65.69075503070651,True,False,False,False,False,
1,p1g9_030,9,mint_bilin,"[""p1g4_015""]",ab6977299920c8bc,ok,partial,0.1423,30.25250384437259,40.93417307395432,2|switch|drift|liquid|s1|g2|structured,False,False,False,False,0,1,,,,,,,,,,,,False,34.258129805465735,False,False,False,False,False,,False,30.25250384437259,False,False,False,False,False,
1,p1g9_054,9,merge_cross_edge,"[""p1g8_066"",""blk_p1g7_056""]",71a96bdc674b6d7d,ok,partial,0.1469,39.12003612126592,55.40672686877654,3|switch|rotor|liquid|s1|g2|structured,False,False,False,False,0,1,,,,,,,,,,,,False,45.227545151582405,False,False,False,False,False,,False,39.12003612126592,False,False,False,False,False,
1,p1g9_060,9,merge_cross_edge,"[""p1g3_027"",""ref_M4_tau5.7""]",2ffc7895438ddfca,ok,partial,0.1755,44.15081534364677,61.88469223941129,4|switch|rotor|liquid|s1|g2|structured,False,False,False,False,0,1,,,,,,,,,,,,False,50.801019179558466,False,False,False,False,False,,False,44.15081534364677,False,False,False,False,False,
1,p1g9_061,9,merge_cross_edge,"[""p1g7_056"",""blk_p1g2_008""]",eb1584b1b4e7958d,ok,partial,0.4766,57.28067069499856,63.69445115833094,3|switch|mobile|liquid|s1|g2|structured,False,False,False,False,0,1,,,,,,,,,,,,False,59.68583836874821,False,False,False,False,False,,False,57.28067069499856,False,False,False,False,False,
1,p1g9_063,9,merge_cross_edge,"[""p6g1_043"",""blk_p10g0_ds6_000""]",d4070e2edc86f11a,ok,partial,0.5766,61.55313318993207,64.14855531655346,3|switch|rotor|liquid|s1|g2|structured,False,False,False,False,0,1,,,,,,,,,,,,True,62.52641648741509,True,False,False,False,False,,True,61.55313318993207,True,False,False,False,False,
1,p1g9_066,9,merge_cross_edge,"[""p2g4_062"",""blk_p2g4_053""]",35550dd27ab39597,ok,partial,0.6473,67.11523293534376,68.70538822557292,4|grow|mobile|liquid|s1|g2|structured,False,False,False,False,0,1,,,,,,,,,,,,True,67.7115411691797,True,False,False,False,False,,True,67.11523293534376,True,False,False,False,False,
1,p1g9_003,9,mutate,"[""p1g3_064""]",541b193552a7745c,ok,partial,0.0,36.699916331086634,61.166527218477725,3|switch|mobile|liquid|s1|g2|mixed,False,False,False,False,0,1,,,,,,,,,,,,False,45.8748954138583,False,False,False,False,False,,False,36.699916331086634,False,False,False,False,False,
1,p1g9_026,9,mint_bilin,"[""p1g6_052""]",14a2a484559433fe,ok,partial,0.5936,67.66354621873069,73.19924369788447,4|grow|mobile|liquid|s2|g2|structured,False,False,False,False,0,1,,,,,,,,,,,,True,69.73943277341336,True,False,False,False,False,,True,67.66354621873069,True,False,False,False,False,
1,p1g9_027,9,mint_bilin,"[""p5g3_040""]",6248c417881e7bb0,ok,partial,0.0,42.440039444220595,70.733399073701,4|switch|rotor|liquid|s1|g2|structured,False,False,False,False,0,1,,,,,,,,,,,,False,53.05004930527575,False,False,False,False,False,,False,42.440039444220595,False,False,False,False,False,
1,p1g9_028,9,mint_bilin,"[""p1g6_027""]",b25e222180d7451d,ok,partial,0.4585,57.52002641215455,65.30004402025759,3|switch|mobile|liquid|s1|g1|structured,False,False,False,False,0,1,,,,,,,,,,,,True,60.43753301519319,True,False,False,False,False,,False,57.52002641215455,False,False,False,False,False,
1,p1g9_034,9,mint_bilin,"[""p1g4_050""]",d1c7e025d85aae1b,ok,partial,0.2824,57.51077658575777,77.02462764292962,4|grow|rotor|liquid|s2|g2|structured,False,False,False,False,0,1,,,,,,,,,,,,False,64.82847073219722,False,False,False,False,False,,False,57.51077658575777,False,False,False,False,False,
1,p1g9_035,9,mint_bilin,"[""p1g6_052""]",c6a39b2227048c67,ok,partial,0.0,41.79198750766027,69.65331251276712,4|switch|mobile|liquid|s1|g2|structured,False,False,False,False,0,1,,,,,,,,,,,,False,52.23998438457534,False,False,False,False,False,,False,41.79198750766027,False,False,False,False,False,
1,p1g9_039,9,mint_bilin,"[""p1g4_050""]",0cf92f4a6bd6780a,ok,partial,0.39,60.54671831116691,74.91119718527818,4|grow|mobile|liquid|s1|g2|structured,False,False,False,False,0,1,,,,,,,,,,,,False,65.93339788895864,False,False,False,False,False,,False,60.54671831116691,False,False,False,False,False,
1,p1g9_043,9,delete_bilin,"[""p6g8_068""]",0d93cf1801640fc5,ok,partial,0.3156,52.64220191730432,66.6970031955072,4|switch|rotor|flicker|s1|g2|structured,False,False,False,False,0,1,,,,,,,,,,,,False,57.912752396630395,False,False,False,False,False,,False,52.64220191730432,False,False,False,False,False,
1,p1g9_056,9,merge_cross_edge,"[""p3g6_061"",""ref_BFIELD_g0.05""]",e0fc412185bc07de,ok,partial,0.0,41.343722051976115,68.90620341996019,3|grow|rotor|liquid|s1|g2|mixed,False,False,False,False,0,1,,,,,,,,,,,,False,51.67965256497014,False,False,False,False,False,,False,41.343722051976115,False,False,False,False,False,
1,p1g9_058,9,merge_cross_edge,"[""p1g8_000"",""ref_BFIELD_g0.05""]",6d285ab4c4b978e6,ok,partial,0.0,34.46187381973679,57.436456366227986,4|switch|mobile|liquid|s1|g2|mixed,False,False,False,False,0,1,,,,,,,,,,,,False,43.07734227467099,False,False,False,False,False,,False,34.46187381973679,False,False,False,False,False,
1,p1g9_001,9,mutate,"[""p2g2_038""]",9b2ba2e3d2bfc508,ok,partial,0.0,23.228111860050507,38.71351976675085,2|oscillator|drift|liquid|s1|g2|mixed,True,True,True,True,0,3,0.0,p1g9_001_s2,ok,0.0,25.799397682731456,42.99899613788576,p1g9_001_s3,ok,0.0,21.59672782889941,35.99454638149902,False,29.035139825063137,False,False,False,False,False,26.995909786124265,False,23.228111860050507,False,False,False,False,False,21.59672782889941
1,p1g9_008,9,mutate,"[""p1g1_003""]",95c2d4b639ad9c92,ok,partial,0.0,0.0,0.0,1|constant|still|gas|s1|g0|mixed,False,False,False,False,0,1,,,,,,,,,,,,False,0.0,False,False,False,False,False,,False,0.0,False,False,False,False,False,
1,p1g9_014,9,mutate,"[""p4g3_022""]",98e316c743e05287,ok,partial,0.5121,51.69748435327596,52.0224739221266,3|switch|mobile|liquid|s1|g0|structured,False,False,False,False,0,1,,,,,,,,,,,,False,51.81935544159495,False,False,False,False,False,,False,51.69748435327596,False,False,False,False,False,
1,p1g9_025,9,mint_bilin,"[""p1g6_071""]",008576bc85ca9f86,ok,partial,0.0,22.852410564194837,38.08735094032473,4|constant|still|flicker|s1|g2|mixed,True,True,True,True,0,3,0.0,p1g9_025_s2,ok,0.0,24.383171672304716,40.638619453841194,p1g9_025_s3,ok,0.0,21.964766713260968,36.60794452210161,False,28.565513205243548,False,False,False,False,False,27.45595839157621,False,22.852410564194837,False,False,False,False,False,21.964766713260968
1,p1g9_036,9,mint_bilin,"[""p2g6_001""]",efd22b5c4bbb51ac,ok,partial,0.0967,40.714378674402944,61.41063112400491,4|grow|drift|frozen|s1|g2|mixed,True,True,True,True,0,3,0.0828,p1g9_036_s2,ok,0.0828,29.164303903173952,43.087173171956586,p1g9_036_s3,ok,0.0837,40.80672425562141,62.43120709270236,False,48.47547334300368,False,False,False,False,False,34.38537987896744,False,40.714378674402944,False,False,False,False,False,29.164303903173952
1,p1g9_037,9,mint_bilin,"[""p1g5_035""]",ce21f484ed2b2a01,ok,partial,0.1046,36.90020601433954,54.52701002389924,2|switch|still|liquid|s1|g2|mixed,False,False,False,False,0,1,,,,,,,,,,,,False,43.51025751792443,False,False,False,False,False,,False,36.90020601433954,False,False,False,False,False,
1,p1g9_050,9,add_chan,"[""p5g8_007""]",6e20ebe36a668fdf,ok,partial,0.0,20.291764564624078,33.8196076077068,2|switch|still|frozen|s1|g2|mixed,False,False,False,False,0,1,,,,,,,,,,,,False,25.3647057057801,False,False,False,False,False,,False,20.291764564624078,False,False,False,False,False,
1,p1g9_059,9,merge_cross_edge,"[""p1g7_002"",""ref_M4_tau5.7""]",47c370993df9f652,ok,partial,0.0,20.132716139947245,33.55452689991208,4|oscillator|drift|liquid|s1|g1|mixed,True,True,True,True,0,3,0.0,p1g9_059_s2,ok,0.0,22.520688086142496,37.534480143570825,p1g9_059_s3,ok,0.0,21.541005677254667,35.90167612875778,False,25.165895174934057,False,False,False,False,False,25.165895174934057,False,20.132716139947245,False,False,False,False,False,20.132716139947245
1,p1g9_055,9,merge_cross_edge,"[""p1g4_084"",""p1g7_056""]",8d704c6175fecffe,ok,partial,0.0808,21.696789579608904,30.774649299348173,3|switch|drift|frozen|s1|g2|structured,True,True,True,True,0,3,0.0247,p1g9_055_s2,ok,0.0247,21.203987645280243,33.69331274213374,p1g9_055_s3,ok,0.0626,23.717743579628504,35.35623929938084,False,25.10098697451113,False,False,False,False,False,25.10098697451113,False,21.696789579608904,False,False,False,False,False,21.203987645280243
1,p1g9_067,9,immigrate,,4b5ced3ece56efc9,no_blobs,missing,,0.0,,,False,False,False,False,0,1,,,,,,,,,,,,False,,False,False,False,False,False,,False,,False,False,False,False,False,
1,p1g9_068,9,immigrate,,27efd14240a547f4,no_blobs,missing,,0.0,,,False,False,False,False,0,1,,,,,,,,,,,,False,,False,False,False,False,False,,False,,False,False,False,False,False,
1,p1g9_069,9,immigrate,,172eefc2dde29219,ok,partial,0.0,0.0,0.0,1|constant|still|gas|s1|g0|mixed,False,False,False,False,0,1,,,,,,,,,,,,False,0.0,False,False,False,False,False,,False,0.0,False,False,False,False,False,
1,p1g9_070,9,immigrate,,5630698e0aff679f,no_blobs,missing,,0.0,,,False,False,False,False,0,1,,,,,,,,,,,,False,,False,False,False,False,False,,False,,False,False,False,False,False,
1,p1g9_071,9,immigrate,,64295ce99e55f29b,no_blobs,missing,,0.0,,,False,False,False,False,0,1,,,,,,,,,,,,False,,False,False,False,False,False,,False,,False,False,False,False,False,
1,p1g9_015,9,mutate,"[""p1g6_041""]",6539ca6966ea0547,ok,partial,0.0,8.485199999999999,14.142,2|constant|still|gas|s1|g0|mixed,False,False,False,False,0,1,,,,,,,,,,,,False,10.6065,False,False,False,False,False,,False,8.485199999999999,False,False,False,False,False,
1,p1g10_002,10,mutate,"[""p1g1_052""]",450f1f1f8179ac1a,fail_g0a,missing,,,,,False,False,False,False,0,1,,,,,,,,,,,,False,,False,False,False,False,False,,False,,False,False,False,False,False,
1,p1g10_003,10,mutate,"[""p1g2_079""]",3d76769ebd6464bf,fail_g0a,missing,,,,,False,False,False,False,0,1,,,,,,,,,,,,False,,False,False,False,False,False,,False,,False,False,False,False,False,
1,p1g10_011,10,mutate,"[""p2g7_010""]",e6c101023721c919,fail_g0a,missing,,,,,False,False,False,False,0,1,,,,,,,,,,,,False,,False,False,False,False,False,,False,,False,False,False,False,False,
1,p1g10_031,10,mint_bilin,"[""p0g0_ds2g11_009""]",57d68df04cb4b16e,ok,partial,0.1596,39.742593343628855,55.597655572714764,2|grow|drift|liquid|s1|g2|structured,True,True,False,False,0,2,,p1g10_031_s2,ok,0.134,37.539555355465616,53.632592259109366,,,,,,False,45.68824167953608,False,False,False,False,False,,False,39.742593343628855,False,False,False,False,False,
1,p1g10_024,10,mint_bilin,"[""p1g8_041""]",59e4ad0110c91a18,ok,partial,0.0652,24.843104461380868,37.05850743563478,2|switch|drift|frozen|s1|g2|structured,False,False,False,False,0,1,,,,,,,,,,,,False,29.423880576726084,False,False,False,False,False,,False,24.843104461380868,False,False,False,False,False,
1,p1g10_007,10,mutate,"[""p1g2_049""]",0bb8dd5aeb56da75,ok,partial,0.2983,44.506142908052745,54.29023818008791,3|grow|rotor|liquid|s1|g2|structured,False,False,False,False,0,1,,,,,,,,,,,,False,48.17517863506594,False,False,False,False,False,,False,44.506142908052745,False,False,False,False,False,
1,p1g10_008,10,mutate,"[""p1g9_031""]",74240b5b4e461d30,ok,partial,0.1108,30.873826617002372,44.06971102833729,3|switch|drift|liquid|s1|g2|structured,False,False,False,False,0,1,,,,,,,,,,,,False,35.82228327125297,False,False,False,False,False,,False,30.873826617002372,False,False,False,False,False,
1,p1g10_009,10,mutate,"[""p2g2_070""]",1481736d25ed39d6,ok,partial,0.2169,45.38086716112251,61.17477860187085,3|switch|mobile|flicker|s1|g2|mixed,False,False,False,False,0,1,,,,,,,,,,,,False,51.303583951403134,False,False,False,False,False,,False,45.38086716112251,False,False,False,False,False,
1,p1g10_010,10,mutate,"[""p1g2_049""]",e3adebca6e9383bd,ok,partial,0.203,35.58441575270507,45.77402625450844,3|switch|rotor|liquid|s1|g2|structured,False,False,False,False,0,1,,,,,,,,,,,,False,39.405519690881334,False,False,False,False,False,,False,35.58441575270507,False,False,False,False,False,
1,p1g10_015,10,mutate,"[""p1g1_052""]",bd00bf00eb8d056f,ok,partial,0.5101,57.709673568857525,62.176122614762534,3|switch|mobile|liquid|s1|g2|structured,False,False,False,False,0,1,,,,,,,,,,,,False,59.3845919610719,False,False,False,False,False,,False,57.709673568857525,False,False,False,False,False,
1,p1g10_016,10,mutate,"[""p1g1_052""]",7c8ea3095f7b0b0b,ok,partial,0.2813,42.35502071416907,51.838367856948466,3|switch|mobile|liquid|s1|g0|structured,False,False,False,False,0,1,,,,,,,,,,,,False,45.911275892711345,False,False,False,False,False,,False,42.35502071416907,False,False,False,False,False,
1,p1g10_017,10,mutate,"[""p1g2_025""]",8cfb7e77fd8ffb11,ok,partial,0.0,4.210412688193037,7.017354480321727,2|constant|still|frozen|s1|g0|mixed,False,False,False,False,0,1,,,,,,,,,,,,False,5.263015860241295,False,False,False,False,False,,False,4.210412688193037,False,False,False,False,False,
1,p1g10_022,10,mint_bilin,"[""p1g2_025""]",4aa290f5c5576d0b,ok,partial,0.4968,64.65457903427412,74.6376317237902,2|grow|rotor|liquid|s2|g2|structured,True,True,True,True,0,3,0.4968,p1g10_022_s2,ok,0.5805,72.77884747002824,82.59807911671373,p1g10_022_s3,ok,0.6526,73.55318520408025,79.08197534013375,True,68.39822379284264,True,True,True,True,True,68.39822379284264,True,64.65457903427412,True,True,True,True,True,64.65457903427412
1,p1g10_023,10,mint_bilin,"[""p1g1_052""]",8fbaee4efea9f57c,ok,partial,0.4544,64.38014545857637,77.00690909762727,4|grow|rotor|liquid|s2|g2|structured,False,False,False,False,0,1,,,,,,,,,,,,True,69.11518182322045,True,False,False,False,False,,True,64.38014545857637,True,False,False,False,False,
1,p1g10_025,10,mint_bilin,"[""p2g4_020""]",367e043199abceb1,ok,partial,0.4136,56.02591699835135,65.80319499725225,3|grow|mobile|liquid|s2|g2|structured,False,False,False,False,0,1,,,,,,,,,,,,False,59.692396247939186,False,False,False,False,False,,False,56.02591699835135,False,False,False,False,False,
1,p1g10_028,10,mint_bilin,"[""p1g7_052""]",5405fd2b9b010105,ok,partial,0.4784,62.446688379315844,72.18448063219309,4|grow|rotor|liquid|s1|g2|structured,False,False,False,False,0,1,,,,,,,,,,,,True,66.09836047414481,True,False,False,False,False,,True,62.446688379315844,True,False,False,False,False,
1,p1g10_032,10,mint_bilin,"[""p1g8_003""]",1935b0d2ef94c950,ok,partial,0.0,4.66834922703866,7.780582045064433,2|constant|still|frozen|s1|g0|mixed,True,True,True,True,0,3,0.0,p1g10_032_s2,ok,0.0,4.677956172785181,7.796593621308634,p1g10_032_s3,ok,0.0,4.6506841458323445,7.751140243053907,False,5.835436533798324,False,False,False,False,False,5.81335518229043,False,4.66834922703866,False,False,False,False,False,4.6506841458323445
1,p1g10_036,10,mint_bilin,"[""p1g2_004""]",96b78d635d669dff,ok,partial,0.0362,24.820676232193236,38.95446038698873,3|switch|still|frozen|s1|g2|structured,False,False,False,False,0,1,,,,,,,,,,,,False,30.120845290241547,False,False,False,False,False,,False,24.820676232193236,False,False,False,False,False,
1,p1g10_040,10,delete_bilin,"[""p1g1_052""]",a7a35a3c26075296,ok,partial,0.441,65.45741184723364,79.69568641205608,4|grow|rotor|liquid|s2|g1|structured,True,True,True,True,0,3,0.4092,p1g10_040_s2,ok,0.4092,65.4161133566495,81.74685559441583,p1g10_040_s3,ok,0.6118,72.4825747001632,80.01762450027199,True,70.79676480904206,True,True,True,True,True,70.79676480904206,True,65.45741184723364,True,True,True,True,True,65.4161133566495
1,p1g10_041,10,delete_bilin,"[""p1g7_052""]",8b6c65374d3dbb50,ok,partial,0.3866,58.65711039840855,71.98851733068092,4|grow|rotor|liquid|s1|g2|structured,False,False,False,False,0,1,,,,,,,,,,,,False,63.65638799801069,False,False,False,False,False,,False,58.65711039840855,False,False,False,False,False,
1,p1g10_042,10,delete_bilin,"[""p1g9_062""]",649650071954f42d,ok,partial,0.211,50.127607735783165,69.47934622630528,4|grow|drift|liquid|s1|g2|structured,True,True,True,True,0,3,0.211,p1g10_042_s2,ok,0.5271,43.193630264561776,36.849383774269626,p1g10_042_s3,ok,0.5788,45.99635053215006,38.073917553583435,False,57.38450966972896,False,False,False,False,False,40.81453783070222,False,50.127607735783165,False,False,False,False,False,43.193630264561776
1,p1g10_046,10,add_chan,"[""p1g5_007""]",19ecd1ea99fe9efe,ok,partial,0.0171,13.993206475972427,22.18201079328738,3|constant|still|frozen|s1|g2|mixed,True,True,True,True,0,3,0.0,p1g10_046_s2,ok,0.0,11.866530628944433,19.777551048240724,p1g10_046_s3,ok,0.018,11.977730694757616,18.762884491262692,False,17.064008094965534,False,False,False,False,False,14.522163368447018,False,13.993206475972427,False,False,False,False,False,11.866530628944433
1,p1g10_049,10,add_chan,"[""p1g9_013""]",5533b0810599267e,ok,partial,0.3301,41.672906872235046,47.44817812039174,2|grow|drift|liquid|s1|g2|structured,True,True,True,True,0,3,0.3301,p1g10_049_s2,ok,0.6646,69.59808291739344,71.69013819565575,p1g10_049_s3,ok,0.4545,61.24982590406973,71.78304317344956,False,43.8386335902938,True,True,False,False,False,43.8386335902938,False,41.672906872235046,True,True,False,False,False,41.672906872235046
1,p1g10_050,10,add_chan,"[""p1g4_050""]",6ba2c834d59cb36a,ok,partial,0.4641,54.933039406585614,60.61506567764269,3|grow|mobile|liquid|s2|g2|structured,False,False,False,False,0,1,,,,,,,,,,,,False,57.06379925823202,False,False,False,False,False,,False,54.933039406585614,False,False,False,False,False,
1,p1g10_051,10,add_chan,"[""p1g8_045""]",79befca7969b918e,ok,partial,0.0753,19.509367160851742,27.4956119347529,1|switch|still|frozen|s1|g2|structured,False,False,False,False,0,1,,,,,,,,,,,,False,22.504208951064676,False,False,False,False,False,,False,19.509367160851742,False,False,False,False,False,
1,p1g10_054,10,merge_cross_edge,"[""p1g2_003"",""ref_M0""]",e56307efe134821a,ok,partial,0.1622,45.81998647187057,65.55331078645095,4|switch|mobile|liquid|s1|g2|mixed,False,False,False,False,0,1,,,,,,,,,,,,False,53.219983089838216,False,False,False,False,False,,False,45.81998647187057,False,False,False,False,False,
1,p1g10_056,10,merge_cross_edge,"[""p1g2_012"",""p1g4_089""]",4c655165195c5e81,ok,partial,0.0253,24.498735475137376,39.14455912522896,3|switch|still|frozen|s1|g2|mixed,True,True,True,True,0,3,0.0,p1g10_056_s2,ok,0.031,25.478543870759598,40.397573117932666,p1g10_056_s3,ok,0.0,25.97904489736678,43.298408162277966,False,29.990919343921718,False,False,False,False,False,29.990919343921718,False,24.498735475137376,False,False,False,False,False,24.498735475137376
1,p1g10_000,10,mutate,"[""p1g4_050""]",2825b68637d248dd,ok,partial,0.5152,37.13081526422468,27.53802544037447,3|constant|mobile|liquid|s1|g0|structured,False,False,False,False,0,1,,,,,,,,,,,,False,33.533519080280854,False,False,False,False,False,,False,37.13081526422468,False,False,False,False,False,
1,p1g10_001,10,mutate,"[""p1g4_050""]",5ed1b960bfec38e6,ok,partial,0.4381,55.438655088567394,63.19109181427899,3|switch|mobile|liquid|s1|g2|structured,False,False,False,False,0,1,,,,,,,,,,,,False,58.345818860709244,False,False,False,False,False,,False,55.438655088567394,False,False,False,False,False,
1,p1g10_005,10,mutate,"[""p4g1_037""]",256c369a73761118,ok,partial,0.1895,26.884723126142212,32.17453854357036,3|switch|still|liquid|s1|g0|structured,True,True,True,True,0,3,0.1625,p1g10_005_s2,ok,0.1759,26.396496689525293,32.26749448254216,p1g10_005_s3,ok,0.1625,25.772725584103444,32.12120930683908,False,28.86840390767777,False,False,False,False,False,28.153406980129308,False,26.884723126142212,False,False,False,False,False,25.772725584103444
1,p1g10_013,10,mutate,"[""p1g9_013""]",83e0c1b22c93cf2e,ok,partial,0.0,10.219119171665783,17.03186528610964,1|constant|still|frozen|s1|g2|mixed,True,True,True,True,0,3,0.0,p1g10_013_s2,ok,0.0,10.186353523103186,16.977255871838643,p1g10_013_s3,ok,0.0,9.556098828393367,15.926831380655612,False,12.77389896458223,False,False,False,False,False,11.945123535491708,False,10.219119171665783,False,False,False,False,False,9.556098828393367
1,p1g10_018,10,mutate,"[""p1g9_013""]",0b08e74588a93b52,ok,partial,0.0,21.174169253216654,35.290282088694426,1|constant|rotor|flicker|s1|g2|structured,False,False,False,False,0,1,,,,,,,,,,,,False,26.46771156652082,False,False,False,False,False,,False,21.174169253216654,False,False,False,False,False,
1,p1g10_019,10,mutate,"[""p1g1_050""]",7bae484bd7edc32c,ok,partial,0.2523,54.074236489051465,73.30372748175245,3|grow|rotor|liquid|s1|g2|mixed,True,True,True,True,0,3,0.2523,p1g10_019_s2,ok,0.2691,56.531283372751474,76.27880562125246,p1g10_019_s3,ok,0.3273,55.91424880924492,71.37041468207487,False,61.28529561131434,False,False,False,False,False,61.28529561131434,False,54.074236489051465,False,False,False,False,False,54.074236489051465
1,p1g10_020,10,mutate,"[""p1g9_013""]",7e1f4bd8dc0677ff,ok,partial,0.5371,60.45424658381951,64.95041097303252,3|oscillator|mobile|liquid|s1|g2|structured,True,True,True,True,0,3,0.3503,p1g10_020_s2,ok,0.3503,55.157268230074756,68.5754470501246,p1g10_020_s3,ok,0.353,51.32008093567669,62.0001348927945,True,62.14030822977439,True,False,False,False,False,55.32510116959587,True,60.45424658381951,True,False,False,False,False,51.32008093567669
1,p1g10_021,10,mutate,"[""p1g8_014""]",e544854c7b9b1747,ok,partial,0.0,16.896488064567368,28.160813440945613,3|constant|mobile|liquid|s1|g1|mixed,True,True,True,True,0,3,0.0,p1g10_021_s2,ok,0.0,16.827171457711906,28.04528576285318,p1g10_021_s3,ok,0.0,16.6855046154483,27.809174359080497,False,21.12061008070921,False,False,False,False,False,20.856880769310372,False,16.896488064567368,False,False,False,False,False,16.6855046154483
1,p1g10_026,10,mint_bilin,"[""p1g5_001""]",ec8cc398fb7ab853,ok,partial,0.1594,18.090229511996625,19.52371585332771,3|constant|still|liquid|s1|g0|structured,False,False,False,False,0,1,,,,,,,,,,,,False,18.627786889995782,False,False,False,False,False,,False,18.090229511996625,False,False,False,False,False,
1,p1g10_029,10,mint_bilin,"[""p1g4_053""]",eae06e5ef655b755,ok,partial,0.3848,61.13479175498158,76.23798625830264,3|switch|rotor|liquid|s2|g2|structured,False,False,False,False,0,1,,,,,,,,,,,,False,66.79848969372698,False,False,False,False,False,,False,61.13479175498158,False,False,False,False,False,
1,p1g10_033,10,mint_bilin,"[""p1g4_050""]",15be3ed2b78ba69e,ok,partial,0.6404,67.52803033335897,69.85338388893162,4|grow|mobile|liquid|s1|g2|structured,False,False,False,False,0,1,,,,,,,,,,,,True,68.40003791669872,True,False,False,False,False,,True,67.52803033335897,True,False,False,False,False,
1,p1g10_035,10,mint_bilin,"[""p1g7_066""]",0883fa11fd893c82,ok,partial,0.0,13.446039575264026,22.410065958773377,2|constant|drift|flicker|s1|g0|mixed,False,False,False,False,0,1,,,,,,,,,,,,False,16.807549469080033,False,False,False,False,False,,False,13.446039575264026,False,False,False,False,False,
1,p1g10_037,10,mint_bilin,"[""p1g6_026""]",cf1fd3beb74e5e51,ok,partial,0.5169,64.52858943897178,73.08764906495296,3|switch|rotor|liquid|s2|g2|structured,False,False,False,False,0,1,,,,,,,,,,,,True,67.73823679871472,True,False,False,False,False,,True,64.52858943897178,True,False,False,False,False,
1,p1g10_053,10,merge_spatial_ic,"[""p1g8_055"",""p1g8_055""]",8bd523c265dd37b3,ok,partial,0.0,12.154673735036189,20.25778955839365,2|oscillator|still|flicker|s1|g0|mixed,False,False,False,False,0,1,,,,,,,,,,,,False,15.193342168795237,False,False,False,False,False,,False,12.154673735036189,False,False,False,False,False,
1,p1g10_058,10,merge_cross_edge,"[""p4g5_070"",""ref_iso_d0.65""]",71a3e78fc96363f8,ok,partial,0.5086,44.40175662837301,40.09626104728835,2|constant|mobile|liquid|s1|g2|structured,False,False,False,False,0,1,,,,,,,,,,,,False,42.78719578546627,False,False,False,False,False,,False,44.40175662837301,False,False,False,False,False,
1,p1g10_060,10,merge_cross_edge,"[""p1g6_033"",""ref_iso_d0.75""]",b98c57da30bb7951,ok,partial,0.0,23.787355471709393,39.64559245284899,2|oscillator|drift|flicker|s1|g2|mixed,True,True,True,True,0,3,0.0,p1g10_060_s2,ok,0.0,28.118249157196367,46.86374859532728,p1g10_060_s3,ok,0.0,33.35651553900364,55.59419256500606,False,29.73419433963674,False,False,False,False,False,29.73419433963674,False,23.787355471709393,False,False,False,False,False,23.787355471709393
1,p1g10_063,10,merge_slow_tanh,"[""p1g8_009"",""ref_iso_d0.75""]",a623f57eb9e65f1d,ok,partial,0.0,29.089789058480367,48.482981764133946,3|constant|drift|liquid|s1|g2|mixed,True,True,True,True,0,3,0.0,p1g10_063_s2,ok,0.0,18.858994840516193,31.43165806752699,p1g10_063_s3,ok,0.0,19.312935065832427,32.18822510972071,False,36.36223632310046,False,False,False,False,False,23.57374355064524,False,29.089789058480367,False,False,False,False,False,18.858994840516193
1,p1g10_044,10,add_chan,"[""p1g3_008""]",a25a06b56397fc3f,ok,partial,0.4512,62.71439237785846,74.44398729643076,3|grow|mobile|liquid|s1|g2|structured,False,False,False,False,0,1,,,,,,,,,,,,True,67.11299047232308,True,False,False,False,False,,True,62.71439237785846,True,False,False,False,False,
1,p1g10_045,10,add_chan,"[""p1g5_028""]",5f26c793f0e67118,ok,partial,0.52,69.43598490551824,81.05997484253041,4|grow|mobile|liquid|s2|g1|structured,False,False,False,False,0,1,,,,,,,,,,,,True,73.7949811318978,True,False,False,False,False,,True,69.43598490551824,True,False,False,False,False,
1,p1g10_052,10,merge_spatial_ic,"[""p1g1_052"",""p1g8_062""]",fa86cb8089d048d0,ok,partial,0.4222,67.68086573051168,84.65477621751948,4|grow|rotor|liquid|s2|g2|structured,False,False,False,False,0,1,,,,,,,,,,,,True,74.0460821631396,True,False,False,False,False,,True,67.68086573051168,True,False,False,False,False,
1,p1g10_030,10,mint_bilin,"[""p1g4_050""]",9ceb6c1c86b67ef0,ok,partial,0.4937,68.98291469838436,82.05819116397393,4|grow|mobile|liquid|s2|g2|structured,False,False,False,False,0,1,,,,,,,,,,,,True,73.88614337298046,True,False,False,False,False,,True,68.98291469838436,True,False,False,False,False,
1,p1g10_039,10,mint_bilin,"[""p2g4_002""]",7e247502a46cdc0c,ok,partial,0.3836,59.43858285830527,73.49097143050878,3|switch|mobile|liquid|s1|g2|structured,False,False,False,False,0,1,,,,,,,,,,,,False,64.70822857288158,False,False,False,False,False,,False,59.43858285830527,False,False,False,False,False,
1,p1g10_048,10,add_chan,"[""p6g4_021""]",433c3d0184147edf,ok,partial,0.736,78.58009001646884,81.90015002744808,4|grow|rotor|liquid|s2|g2|structured,True,True,True,True,0,3,0.5289,p1g10_048_s2,ok,0.5525,69.56319775987699,79.10532959979497,p1g10_048_s3,ok,0.5289,67.2804056010774,76.87400933512902,True,79.82511252058606,True,True,True,True,True,70.87800700134676,True,78.58009001646884,True,True,True,True,True,67.2804056010774
1,p1g10_006,10,mutate,"[""p4g1_018""]",d534469953be10b4,ok,partial,0.0,41.0873987458964,68.47899790982734,3|switch|mobile|flicker|s1|g2|mixed,False,False,False,False,0,1,,,,,,,,,,,,False,51.35924843237051,False,False,False,False,False,,False,41.0873987458964,False,False,False,False,False,
1,p1g10_027,10,mint_bilin,"[""p1g1_003""]",d850d8ca6fbad311,ok,partial,0.0,33.6105328973639,56.01755482893984,2|constant|rotor|liquid|s1|g2|mixed,False,False,False,False,0,1,,,,,,,,,,,,False,42.013166121704884,False,False,False,False,False,,False,33.6105328973639,False,False,False,False,False,
1,p1g10_038,10,mint_bilin,"[""p1g7_023""]",0b6b177288d9da87,ok,partial,0.5041,57.214647597857095,61.75107932976183,4|switch|mobile|liquid|s1|g0|structured,True,True,True,True,0,3,0.4755,p1g10_038_s2,ok,0.6781,63.852170410361666,61.213617350602775,p1g10_038_s3,ok,0.4755,54.245588380191776,58.7093139669863,False,58.91580949732137,True,True,False,False,False,55.919485475239725,False,57.214647597857095,True,True,False,False,False,54.245588380191776
1,p1g10_061,10,merge_slow_tanh,"[""p1g8_066"",""ref_BFIELD_g0.05""]",570735ea05016ef3,ok,partial,0.2787,40.26646557651229,48.53077596085381,2|constant|rotor|liquid|s1|g2|structured,False,False,False,False,0,1,,,,,,,,,,,,False,43.365581970640356,False,False,False,False,False,,False,40.26646557651229,False,False,False,False,False,
1,p1g10_043,10,delete_bilin,"[""p1g2_003""]",956c2d6650dc1bdb,ok,partial,0.0,40.38783619017358,67.31306031695597,3|switch|drift|liquid|s1|g2|mixed,False,False,False,False,0,1,,,,,,,,,,,,False,50.48479523771698,False,False,False,False,False,,False,40.38783619017358,False,False,False,False,False,
1,p1g10_047,10,add_chan,"[""p1g4_016""]",4d132b54679d5d47,ok,partial,0.0,30.7680906203383,51.28015103389717,4|switch|rotor|flicker|s1|g2|mixed,False,False,False,False,0,1,,,,,,,,,,,,False,38.46011327542288,False,False,False,False,False,,False,30.7680906203383,False,False,False,False,False,
1,p1g10_059,10,merge_cross_edge,"[""p1g9_057"",""ref_iso_d0.65""]",5d345680d0552f0a,ok,partial,0.0,23.67236963098998,39.453949384983304,3|switch|still|liquid|s1|g0|mixed,True,True,True,True,0,3,0.0,p1g10_059_s2,ok,0.0,19.745079750211374,32.90846625035229,p1g10_059_s3,ok,0.0,19.56723269639409,32.61205449399015,False,29.590462038737478,False,False,False,False,False,24.459040870492615,False,23.67236963098998,False,False,False,False,False,19.56723269639409
1,p1g10_012,10,mutate,"[""p2g6_031""]",4fdbc8d4f33a44bd,ok,partial,0.4426,60.62158179612782,71.52930299354637,3|switch|rotor|flicker|s2|g2|mixed,True,True,True,True,0,3,0.4186,p1g10_012_s2,ok,0.4289,59.57422559435,70.69704265725,p1g10_012_s3,ok,0.4186,59.26683769493963,70.87139615823273,True,64.71197724515977,True,True,True,True,True,63.61854711867454,True,60.62158179612782,True,False,False,False,False,59.26683769493963
1,p1g10_014,10,mutate,"[""p6g9_022""]",461b4f12d95a682c,ok,partial,0.0713,18.920918154198564,26.78153025699761,3|switch|drift|liquid|s1|g0|mixed,True,True,True,True,0,3,0.0699,p1g10_014_s2,ok,0.0699,18.87635914571207,26.800598576186786,p1g10_014_s3,ok,0.0753,18.551044484474037,25.898407474123395,False,21.868647692748205,False,False,False,False,False,21.30630560559255,False,18.920918154198564,False,False,False,False,False,18.551044484474037
1,p1g10_034,10,mint_bilin,"[""p1g8_048""]",712b88769548ac9b,ok,partial,0.1055,45.08690043740068,68.11150072900114,4|grow|drift|frozen|s2|g2|structured,True,True,True,True,0,3,0.0868,p1g10_034_s2,ok,0.1179,45.266481597871994,67.58413599645333,p1g10_034_s3,ok,0.0868,45.37856527060443,69.84427545100739,False,53.721125546750855,False,False,False,False,False,53.63560199734,False,45.08690043740068,False,False,False,False,False,45.08690043740068
1,p1g10_057,10,merge_cross_edge,"[""p1g5_085"",""blk_p2g4_053""]",37fdb1abfbd0d55a,ok,partial,0.0,39.04156753329523,65.06927922215871,3|switch|mobile|liquid|s1|g2|mixed,False,False,False,False,0,1,,,,,,,,,,,,False,48.801959416619034,False,False,False,False,False,,False,39.04156753329523,False,False,False,False,False,
1,p1g10_062,10,merge_slow_tanh,"[""p10g0_ds6_000"",""ref_M0""]",03e4235790f0afcc,ok,partial,0.5511,61.85149873417683,66.34583122362805,3|switch|mobile|flicker|s1|g2|structured,True,True,True,True,0,3,0.5505,p1g10_062_s2,ok,0.5508,61.81404867035469,66.30341445059115,p1g10_062_s3,ok,0.5505,62.08344914343722,66.77241523906203,True,63.53687341772104,True,True,True,True,True,63.497560837943354,True,61.85149873417683,True,True,True,True,True,61.81404867035469
1,p1g10_004,10,mutate,"[""p5g3_062""]",32e8882a7f165294,ok,partial,0.0,20.46175416259343,34.102923604322385,4|constant|still|liquid|s1|g0|mixed,True,True,True,True,0,3,0.0,p1g10_004_s2,ok,0.0,20.782203762554495,34.63700627092416,p1g10_004_s3,ok,0.0,20.613785286472336,34.356308810787226,False,25.57719270324179,False,False,False,False,False,25.57719270324179,False,20.46175416259343,False,False,False,False,False,20.46175416259343
1,p1g10_066,10,immigrate,,8cdc425a3ffc1ee5,no_blobs,missing,,0.0,,,False,False,False,False,0,1,,,,,,,,,,,,False,,False,False,False,False,False,,False,,False,False,False,False,False,
1,p1g10_065,10,immigrate,,f0f4d62ac1559254,no_blobs,missing,,0.0,,,False,False,False,False,0,1,,,,,,,,,,,,False,,False,False,False,False,False,,False,,False,False,False,False,False,
1,p1g10_068,10,immigrate,,cf9d5596f3289f0f,no_blobs,missing,,0.0,,,False,False,False,False,0,1,,,,,,,,,,,,False,,False,False,False,False,False,,False,,False,False,False,False,False,
1,p1g10_064,10,immigrate,,b3e148c303dcd2ce,ok,partial,0.0,0.0,0.0,1|constant|still|gas|s1|g0|mixed,False,False,False,False,0,1,,,,,,,,,,,,False,0.0,False,False,False,False,False,,False,0.0,False,False,False,False,False,
1,p1g10_067,10,immigrate,,44beaffe3d4225be,ok,partial,0.0,0.0,0.0,1|constant|still|gas|s1|g0|mixed,False,False,False,False,0,1,,,,,,,,,,,,False,0.0,False,False,False,False,False,,False,0.0,False,False,False,False,False,
1,p1g10_055,10,merge_cross_edge,"[""p1g4_089"",""blk_engine_10748""]",fff2b9f18b62dee6,ok,partial,0.5752,51.907039842005126,48.165066403341875,2|constant|mobile|liquid|s1|g0|structured,True,True,True,True,0,3,0.4439,p1g10_055_s2,ok,0.4439,48.82065490749923,51.77442484583206,p1g10_055_s3,ok,0.5392,51.783431861550056,50.35905310258343,False,50.50379980250641,False,False,False,False,False,49.92831863437404,False,51.907039842005126,False,False,False,False,False,48.82065490749923
1,p1g11_011,11,mutate,"[""p1g7_068""]",f6355104ec7d8a20,fail_g0a,missing,,,,,False,False,False,False,0,1,,,,,,,,,,,,False,,False,False,False,False,False,,False,,False,False,False,False,False,
1,p1g11_024,11,mint_bilin,"[""p1g4_016""]",82ed959f89554d00,ok,partial,0.0,35.625937547882415,59.37656257980402,4|switch|rotor|liquid|s1|g1|mixed,True,True,True,True,0,3,0.0,p1g11_024_s2,ok,0.0,37.107675415287986,61.84612569214665,p1g11_024_s3,ok,0.0,36.62108943965585,61.035149066093076,False,44.53242193485302,False,False,False,False,False,44.53242193485302,False,35.625937547882415,False,False,False,False,False,35.625937547882415
1,p1g11_031,11,mint_bilin,"[""p1g6_033""]",5677743811c7ed27,ok,partial,0.0,20.506356964096955,34.17726160682826,2|constant|mobile|flicker|s1|g2|mixed,False,False,False,False,0,1,,,,,,,,,,,,False,25.632946205121193,False,False,False,False,False,,False,20.506356964096955,False,False,False,False,False,
1,p1g11_044,11,add_chan,"[""p3g6_061""]",47b524f0004df9f0,ok,partial,0.0,18.546990307472583,30.911650512454308,1|switch|rotor|flicker|s1|g0|mixed,True,True,False,False,0,2,,p1g11_044_s2,ok,0.0,8.900513565695688,14.834189276159481,,,,,,False,23.18373788434073,False,False,False,False,False,,False,18.546990307472583,False,False,False,False,False,
1,p1g11_045,11,add_chan,"[""p3g6_061""]",f335e3171a6179b6,ok,partial,0.0,40.778707934932726,67.96451322488788,2|grow|mobile|liquid|s1|g2|mixed,True,True,True,True,0,3,0.0,p1g11_045_s2,ok,0.0,41.34809069816751,68.91348449694586,p1g11_045_s3,ok,0.0,41.11479620497304,68.52466034162174,False,50.973384918665914,False,False,False,False,False,50.973384918665914,False,40.778707934932726,False,False,False,False,False,40.778707934932726
1,p1g11_057,11,merge_cross_edge,"[""p1g2_023"",""ref_M0""]",28bd4396bf195935,ok,partial,0.5349,59.74461700353695,63.91436167256158,3|grow|mobile|liquid|s1|g2|structured,False,False,False,False,0,1,,,,,,,,,,,,True,61.308271254421186,True,False,False,False,False,,False,59.74461700353695,False,False,False,False,False,
1,p1g11_059,11,merge_cross_edge,"[""p1g2_008"",""blk_engine_10748""]",725c25d14fecdf11,ok,partial,0.5174,60.13975828214796,65.73959713691328,3|switch|mobile|liquid|s1|g2|structured,False,False,False,False,0,1,,,,,,,,,,,,True,62.239697852684955,True,False,False,False,False,,True,60.13975828214796,True,False,False,False,False,
1,p1g11_060,11,merge_cross_edge,"[""p6g1_043"",""ref_iso_d0.75""]",841a75290e950632,ok,partial,0.38,45.88384871437604,51.13974785729341,3|switch|rotor|liquid|s1|g0|structured,True,True,True,True,0,3,0.38,p1g11_060_s2,ok,0.4659,40.0121579249233,35.62692987487217,p1g11_060_s3,ok,0.3835,36.25249312965777,34.85415521609629,False,47.85481089297006,False,False,False,False,False,35.72811641207222,False,45.88384871437604,False,False,False,False,False,36.25249312965777
1,p1g11_061,11,merge_cross_edge,"[""p1g4_089"",""blk_p1g6_041""]",a75cd7e8952500b1,ok,partial,0.0,24.217347161888675,40.36224526981446,4|constant|still|flicker|s1|g0|mixed,True,True,True,True,0,3,0.0,p1g11_061_s2,ok,0.0,19.75507445697429,32.925124094957155,p1g11_061_s3,ok,0.0,21.795810361099676,36.32635060183279,False,30.271683952360846,False,False,False,False,False,24.693843071217866,False,24.217347161888675,False,False,False,False,False,19.75507445697429
1,p1g11_052,11,merge_spatial_ic,"[""p1g9_057"",""p1g9_001""]",0874c764ff8070bf,ok,partial,0.0,17.651974112747762,29.419956854579603,2|constant|still|liquid|s1|g0|mixed,True,True,True,True,0,3,0.0,p1g11_052_s2,ok,0.0,20.179959643148077,33.63326607191346,p1g11_052_s3,ok,0.0,20.037785125959417,33.3963085432657,False,22.064967640934704,False,False,False,False,False,22.064967640934704,False,17.651974112747762,False,False,False,False,False,17.651974112747762
1,p1g11_000,11,mutate,"[""p1g7_052""]",12afa15cbea8a945,ok,partial,0.6121,73.04661688113798,80.93769480189663,4|grow|mobile|liquid|s2|g2|structured,True,True,True,True,0,3,0.506,p1g11_000_s2,ok,0.506,71.16621708733875,84.87702847889791,p1g11_000_s3,ok,0.5331,72.31952664320833,84.99254440534723,True,76.00577110142247,True,True,True,True,True,76.00577110142247,True,73.04661688113798,True,True,True,True,True,71.16621708733875
1,p1g11_003,11,mutate,"[""p1g2_049""]",7865e810893ea91c,ok,partial,0.365,55.84797729935151,68.74662883225253,3|switch|mobile|liquid|s1|g2|structured,False,False,False,False,0,1,,,,,,,,,,,,False,60.684971624189394,False,False,False,False,False,,False,55.84797729935151,False,False,False,False,False,
1,p1g11_007,11,mutate,"[""p1g1_052""]",b259aced1fad5d39,ok,partial,0.5826,64.00816798635782,67.84027997726302,4|switch|mobile|liquid|s1|g2|structured,False,False,False,False,0,1,,,,,,,,,,,,True,65.44520998294726,True,False,False,False,False,,True,64.00816798635782,True,False,False,False,False,
1,p1g11_009,11,mutate,"[""p1g1_052""]",4ec485177b6dfa12,ok,partial,0.3646,50.82454049055947,60.40090081759912,3|grow|mobile|liquid|s1|g2|structured,False,False,False,False,0,1,,,,,,,,,,,,False,54.41567561319935,False,False,False,False,False,,False,50.82454049055947,False,False,False,False,False,
1,p1g11_013,11,mutate,"[""p1g7_052""]",b17dff77f20eb54a,ok,partial,0.0,3.1106715418843724,5.184452569807288,2|constant|still|frozen|s1|g0|mixed,False,False,False,False,0,1,,,,,,,,,,,,False,3.888339427355466,False,False,False,False,False,,False,3.1106715418843724,False,False,False,False,False,
1,p1g11_015,11,mutate,"[""p1g1_052""]",27c1cf911908e5d1,ok,partial,0.5204,46.257829415513754,42.403049025856255,2|grow|mobile|liquid|s1|g0|structured,True,True,True,True,0,3,0.382,p1g11_015_s2,ok,0.4959,48.61850716752676,47.970845279211275,p1g11_015_s3,ok,0.382,47.29035937513487,53.350598958558116,False,44.81228676939219,False,False,False,False,False,44.81228676939219,False,46.257829415513754,False,False,False,False,False,46.257829415513754
1,p1g11_018,11,mutate,"[""p1g5_067""]",9d8d05ca40ad6d42,ok,partial,0.0949,25.185483023867658,35.64913837311276,3|oscillator|drift|liquid|s1|g2|structured,False,False,False,False,0,1,,,,,,,,,,,,False,29.10935377983457,False,False,False,False,False,,False,25.185483023867658,False,False,False,False,False,
1,p1g11_019,11,mutate,"[""p2g4_041""]",9f08842d7cf9bec7,ok,partial,0.3003,51.879778851193755,66.44629808532292,4|switch|drift|liquid|s1|g2|structured,True,True,True,True,0,3,0.1913,p1g11_019_s2,ok,0.1913,42.94986484263719,58.82977473772865,p1g11_019_s3,ok,0.2596,51.33131357862235,68.24552263103725,False,57.34222356399219,False,False,False,False,False,48.90483105329648,False,51.879778851193755,False,False,False,False,False,42.94986484263719
1,p1g11_020,11,mutate,"[""p1g2_049""]",81641001f2d9e94b,ok,partial,0.3764,49.55324853617692,57.49541422696155,4|switch|mobile|liquid|s1|g2|structured,False,False,False,False,0,1,,,,,,,,,,,,False,52.53156067022117,False,False,False,False,False,,False,49.55324853617692,False,False,False,False,False,
1,p1g11_025,11,mint_bilin,"[""p1g9_022""]",cdf870268ddf1604,ok,partial,0.2734,49.39126773170794,64.0921128861799,3|grow|mobile|liquid|s1|g2|structured,False,False,False,False,0,1,,,,,,,,,,,,False,54.90408466463493,False,False,False,False,False,,False,49.39126773170794,False,False,False,False,False,
1,p1g11_032,11,mint_bilin,"[""p2g7_039""]",c3c6022fdbd4edf9,ok,partial,0.5587,73.66207072462572,85.52345120770953,4|grow|rotor|liquid|s3|g2|structured,False,False,False,False,0,1,,,,,,,,,,,,True,78.11008840578215,True,False,False,False,False,,True,73.66207072462572,True,False,False,False,False,
1,p1g11_034,11,mint_bilin,"[""p5g7_040""]",f7e8f346fac24e7d,ok,partial,0.4519,65.64987548414685,79.28979247357807,4|grow|rotor|liquid|s2|g2|structured,False,False,False,False,0,1,,,,,,,,,,,,True,70.76484435518356,True,False,False,False,False,,True,65.64987548414685,True,False,False,False,False,
1,p1g11_037,11,mint_bilin,"[""p1g10_022""]",dc91ecddb26ab78a,ok,partial,0.4609,65.62426336737477,78.64710561229128,2|grow|rotor|liquid|s3|g2|structured,True,True,True,True,0,3,0.4609,p1g11_037_s2,ok,0.4625,61.67534906919054,71.95891511531757,p1g11_037_s3,ok,0.4645,61.68913508005579,71.84855846675966,True,70.50782920921846,True,True,True,True,True,65.49891885006974,True,65.62426336737477,True,True,True,True,True,61.67534906919054
1,p1g11_038,11,mint_bilin,"[""p1g7_052""]",f10d7d7acdbdeec0,ok,partial,0.3507,62.23283695794441,80.34139492990735,4|grow|rotor|liquid|s2|g2|structured,False,False,False,False,0,1,,,,,,,,,,,,False,69.02354619743052,False,False,False,False,False,,False,62.23283695794441,False,False,False,False,False,
1,p1g11_049,11,add_chan,"[""p1g10_048""]",fa0db340a7dfbc17,ok,partial,0.4035,54.3654926179339,63.70915436322318,3|switch|mobile|liquid|s1|g2|structured,False,False,False,False,0,1,,,,,,,,,,,,False,57.86936577241738,False,False,False,False,False,,False,54.3654926179339,False,False,False,False,False,
1,p1g11_051,11,add_chan,"[""p1g9_013""]",acef47d96865032f,ok,partial,0.5204,59.065041933970875,63.7484032232848,2|switch|mobile|liquid|s1|g2|structured,False,False,False,False,0,1,,,,,,,,,,,,True,60.82130241746359,True,False,False,False,False,,False,59.065041933970875,False,False,False,False,False,
1,p1g11_063,11,merge_cross_edge,"[""p1g3_027"",""ref_iso_d0.75""]",19aa1c201562d777,ok,partial,0.5309,64.09900170338858,71.4383361723143,4|switch|rotor|liquid|s1|g2|structured,False,False,False,False,0,1,,,,,,,,,,,,True,66.85125212923572,True,False,False,False,False,,True,64.09900170338858,True,False,False,False,False,
1,p1g11_064,11,merge_slow_tanh,"[""p4g5_070"",""ref_M4_tau5.7""]",1217e77c5ae79591,ok,partial,0.4208,41.738625254309575,41.51104209051596,2|switch|mobile|liquid|s1|g2|structured,False,False,False,False,0,1,,,,,,,,,,,,False,41.653281567886964,False,False,False,False,False,,False,41.738625254309575,False,False,False,False,False,
1,p1g11_002,11,mutate,"[""p6g9_038""]",9b906260964aaf16,ok,partial,0.0,9.945034271718686,16.575057119531145,1|constant|still|frozen|s1|g2|mixed,False,False,False,False,0,1,,,,,,,,,,,,False,12.431292839648359,False,False,False,False,False,,False,9.945034271718686,False,False,False,False,False,
1,p1g11_005,11,mutate,"[""p6g6_032""]",71b15e52fc3fe4bf,ok,partial,0.4274,54.752105702539325,62.76017617089889,3|switch|mobile|liquid|s1|g2|structured,False,False,False,False,0,1,,,,,,,,,,,,False,57.75513212817417,False,False,False,False,False,,False,54.752105702539325,False,False,False,False,False,
1,p1g11_006,11,mutate,"[""p1g4_025""]",7291f614d509a9c1,ok,partial,0.3117,49.82825990527148,62.267099842119144,3|switch|mobile|liquid|s1|g2|structured,False,False,False,False,0,1,,,,,,,,,,,,False,54.49282488158936,False,False,False,False,False,,False,49.82825990527148,False,False,False,False,False,
1,p1g11_014,11,mutate,"[""p1g4_050""]",4d61bfc3537b29e3,ok,partial,0.3665,53.31087787839934,64.41812979733224,3|grow|mobile|liquid|s1|g2|structured,False,False,False,False,0,1,,,,,,,,,,,,False,57.47609734799918,False,False,False,False,False,,False,53.31087787839934,False,False,False,False,False,
1,p1g11_016,11,mutate,"[""p1g4_050""]",8398cbd700d8eb18,ok,partial,0.0,3.1132902175213037,5.188817029202173,2|constant|still|frozen|s1|g0|mixed,False,False,False,False,0,1,,,,,,,,,,,,False,3.89161277190163,False,False,False,False,False,,False,3.1132902175213037,False,False,False,False,False,
1,p1g11_021,11,mutate,"[""p1g1_050""]",5d60b1dcae1e90b6,ok,partial,0.346,56.25933550466546,70.69889250777577,3|switch|mobile|liquid|s1|g2|structured,False,False,False,False,0,1,,,,,,,,,,,,False,61.67416938083182,False,False,False,False,False,,False,56.25933550466546,False,False,False,False,False,
1,p1g11_023,11,mint_bilin,"[""p1g4_050""]",11e30203660016d7,ok,partial,0.3194,30.278819192028564,29.171365320047606,4|constant|drift|liquid|s1|g2|structured,False,False,False,False,0,1,,,,,,,,,,,,False,29.863523990035702,False,False,False,False,False,,False,30.278819192028564,False,False,False,False,False,
1,p1g11_036,11,mint_bilin,"[""p1g7_052""]",a866632f7e79ce3f,ok,partial,0.4312,67.70188558621916,84.08980931036528,4|grow|rotor|liquid|s2|g2|structured,False,False,False,False,0,1,,,,,,,,,,,,True,73.84735698277396,True,False,False,False,False,,True,67.70188558621916,True,False,False,False,False,
1,p1g11_047,11,add_chan,"[""p1g10_048""]",b0c8b1ac637ea355,ok,partial,0.4405,66.92668644673118,82.17781074455198,4|grow|rotor|liquid|s2|g2|structured,False,False,False,False,0,1,,,,,,,,,,,,True,72.64585805841398,True,False,False,False,False,,True,66.92668644673118,True,False,False,False,False,
1,p1g11_048,11,add_chan,"[""p1g3_050""]",c6a0e9c1716c1715,ok,partial,0.1316,45.399570781228576,66.89261796871429,4|grow|rotor|flicker|s1|g2|mixed,True,True,True,True,0,3,0.1103,p1g11_048_s2,ok,0.1225,45.767204241345325,68.11200706890888,p1g11_048_s3,ok,0.1103,45.18313381473193,67.95188969121989,False,53.45946347653572,False,False,False,False,False,53.45946347653572,False,45.399570781228576,False,False,False,False,False,45.18313381473193
1,p1g11_055,11,merge_spatial_ic,"[""p1g1_052"",""p1g3_010""]",fa86cb8089d048d0,ok,partial,0.6282,76.55238145944875,85.70730243241458,4|grow|mobile|liquid|s3|g2|structured,False,False,False,False,0,1,,,,,,,,,,,,True,79.98547682431094,True,False,False,False,False,,True,76.55238145944875,True,False,False,False,False,
1,p1g11_058,11,merge_cross_edge,"[""p2g4_062"",""blk_p1g2_008""]",7d81cca80f4b565b,ok,partial,0.5799,62.35041920232313,65.25736533720523,4|grow|mobile|liquid|s1|g2|structured,False,False,False,False,0,1,,,,,,,,,,,,True,63.44052400290393,True,False,False,False,False,,True,62.35041920232313,True,False,False,False,False,
1,p1g11_004,11,mutate,"[""p1g5_028""]",0c26eab9d7fe2fe1,ok,partial,0.5622,61.211215470917075,64.53869245152846,3|grow|mobile|liquid|s1|g1|structured,False,False,False,False,0,1,,,,,,,,,,,,True,62.45901933864635,True,False,False,False,False,,True,61.211215470917075,True,False,False,False,False,
1,p1g11_022,11,mint_bilin,"[""p1g4_050""]",22044b186cef108c,ok,partial,0.5046,68.41544282353561,80.38573803922601,4|grow|mobile|liquid|s2|g2|structured,False,False,False,False,0,1,,,,,,,,,,,,True,72.90430352941951,True,False,False,False,False,,True,68.41544282353561,True,False,False,False,False,
1,p1g11_027,11,mint_bilin,"[""p1g10_048""]",d7dd4da3653006fa,ok,partial,0.481,61.57114234088456,70.55190390147428,4|switch|mobile|liquid|s1|g2|structured,False,False,False,False,0,1,,,,,,,,,,,,True,64.9389279261057,True,False,False,False,False,,True,61.57114234088456,True,False,False,False,False,
1,p1g11_030,11,mint_bilin,"[""p1g5_028""]",c77d30d26dc7ec2a,ok,partial,0.6188,73.80370017533171,81.75283362555285,4|grow|mobile|liquid|s2|g1|structured,False,False,False,False,0,1,,,,,,,,,,,,True,76.78462521916464,True,False,False,False,False,,True,73.80370017533171,True,False,False,False,False,
1,p1g11_033,11,mint_bilin,"[""p3g6_036""]",66b67495c557dfbd,ok,partial,0.4385,59.20890618022954,69.44817696704924,4|switch|rotor|flicker|s1|g1|structured,True,True,True,True,0,3,0.3329,p1g11_033_s2,ok,0.3329,60.68486748326066,78.94811247210112,p1g11_033_s3,ok,0.3864,60.05408830549021,74.33014717581702,True,63.04863272528693,True,False,False,False,False,63.04863272528693,False,59.20890618022954,False,False,False,False,False,59.20890618022954
1,p1g11_035,11,mint_bilin,"[""p1g2_075""]",d9cd08b82407fc58,ok,partial,0.0,24.77810975547278,41.296849592454635,3|constant|mobile|flicker|s1|g2|mixed,False,False,False,False,0,1,,,,,,,,,,,,False,30.972637194340976,False,False,False,False,False,,False,24.77810975547278,False,False,False,False,False,
1,p1g11_040,11,delete_bilin,"[""p1g10_048""]",6c8bfe6ffd6b37ea,ok,partial,0.6888,73.52415285218399,76.62025475363997,4|grow|rotor|flicker|s1|g2|structured,False,False,False,False,0,1,,,,,,,,,,,,True,74.68519106522997,True,False,False,False,False,,True,73.52415285218399,True,False,False,False,False,
1,p1g11_043,11,delete_bilin,"[""p1g10_048""]",14b3f7c08d2701ed,ok,partial,0.8185,74.5464560559511,69.6774267599185,4|switch|rotor|flicker|s1|g2|structured,True,True,True,True,0,3,0.0,p1g11_043_s2,ok,0.0,50.53061271352412,84.21768785587354,p1g11_043_s3,ok,0.0,48.41350248070177,80.68917080116962,True,72.72057006993887,True,False,False,False,False,60.51687810087722,True,74.5464560559511,True,False,False,False,False,48.41350248070177
1,p1g11_050,11,add_chan,"[""p1g9_036""]",a23109d0ecf8321c,ok,partial,0.4211,47.197929772560336,50.58988295426723,3|constant|rotor|liquid|s1|g2|structured,True,True,True,True,0,3,0.3996,p1g11_050_s2,ok,0.4626,42.812623057759026,40.51437176293172,p1g11_050_s3,ok,0.3996,49.65851424217752,56.12419040362919,False,48.46991221570042,False,False,False,False,False,41.950778822198785,False,47.197929772560336,False,False,False,False,False,42.812623057759026
1,p1g11_054,11,merge_spatial_ic,"[""p1g8_062"",""p1g1_049""]",00b1d737ee707e06,ok,partial,0.0,19.455662496574934,32.426104160958225,3|switch|drift|liquid|s1|g2|mixed,False,False,False,False,0,1,,,,,,,,,,,,False,24.319578120718667,False,False,False,False,False,,False,19.455662496574934,False,False,False,False,False,
1,p1g11_001,11,mutate,"[""p1g9_025""]",e1fd7549f34a4404,ok,partial,0.0,37.66592655456703,62.77654425761172,4|switch|mobile|liquid|s1|g2|mixed,False,False,False,False,0,1,,,,,,,,,,,,False,47.08240819320879,False,False,False,False,False,,False,37.66592655456703,False,False,False,False,False,
1,p1g11_008,11,mutate,"[""p1g6_050""]",cb034e45d10df5b3,ok,partial,0.5486,49.58087668529336,46.06146114215561,3|switch|mobile|liquid|s1|g0|structured,False,False,False,False,0,1,,,,,,,,,,,,False,48.261095856616706,False,False,False,False,False,,False,49.58087668529336,False,False,False,False,False,
1,p1g11_010,11,mutate,"[""p1g9_001""]",7ee02387dea7064d,ok,partial,0.0,31.424229682095635,52.37371613682606,2|switch|drift|liquid|s1|g2|mixed,False,False,False,False,0,1,,,,,,,,,,,,False,39.280287102619546,False,False,False,False,False,,False,31.424229682095635,False,False,False,False,False,
1,p1g11_017,11,mutate,"[""p1g1_035""]",eec17dd0c735bd9b,ok,partial,0.2788,43.73767075362874,54.3094512560479,2|grow|rotor|liquid|s1|g2|structured,True,True,True,True,0,3,0.2,p1g11_017_s2,ok,0.2257,42.590740522246506,55.93790087041084,p1g11_017_s3,ok,0.2,41.75343235551934,56.255720592532235,False,47.70208844203592,False,False,False,False,False,47.191790444399174,False,43.73767075362874,False,False,False,False,False,41.75343235551934
1,p1g11_039,11,mint_bilin,"[""p1g9_059""]",5f511b5a0cbc36c8,ok,partial,0.0,20.19948929807254,33.665815496787566,4|oscillator|drift|liquid|s1|g1|mixed,True,True,True,True,0,3,0.0,p1g11_039_s2,ok,0.0,23.72980288055759,39.549671467595985,p1g11_039_s3,ok,0.0,21.892414473073472,36.487357455122456,False,25.249361622590676,False,False,False,False,False,25.249361622590676,False,20.19948929807254,False,False,False,False,False,20.19948929807254
1,p1g11_041,11,delete_bilin,"[""p6g7_028""]",dea7994c8dfda98f,ok,partial,0.3286,55.64812503298752,70.84020838831255,3|switch|mobile|liquid|s1|g2|structured,False,False,False,False,0,1,,,,,,,,,,,,False,61.34515629123442,False,False,False,False,False,,False,55.64812503298752,False,False,False,False,False,
1,p1g11_042,11,delete_bilin,"[""p6g9_024""]",c12ecee8c627b141,ok,partial,0.4244,53.8370439250701,61.43507320845016,4|switch|mobile|liquid|s1|g0|structured,False,False,False,False,0,1,,,,,,,,,,,,False,56.686304906337625,False,False,False,False,False,,False,53.8370439250701,False,False,False,False,False,
1,p1g11_046,11,add_chan,"[""p1g2_003""]",3f62c429242e2ab5,ok,partial,0.0548,43.75294163352381,69.26823605587302,3|switch|mobile|liquid|s1|g2|mixed,False,False,False,False,0,1,,,,,,,,,,,,False,53.32117704190476,False,False,False,False,False,,False,43.75294163352381,False,False,False,False,False,
1,p1g11_053,11,merge_spatial_ic,"[""p6g8_061"",""p1g10_056""]",0849acc60943ebb4,ok,partial,0.5881,61.70951388662618,63.64252314437698,2|grow|mobile|liquid|s1|g2|structured,True,True,False,False,0,2,,p1g11_053_s2,ok,0.0,15.605268423829527,26.008780706382545,,,,,,True,62.434392358282736,True,False,False,False,False,,True,61.70951388662618,True,False,False,False,False,
1,p1g11_056,11,merge_spatial_ic,"[""p1g3_024"",""p1g5_007""]",b25e612be02566b2,ok,partial,0.1137,21.170125667940148,27.703542779900243,4|constant|drift|liquid|s1|g2|structured,False,False,False,False,0,1,,,,,,,,,,,,False,23.620157084925182,False,False,False,False,False,,False,21.170125667940148,False,False,False,False,False,
1,p1g11_012,11,mutate,"[""p1g9_055""]",328c565b0d018581,ok,partial,0.0271,21.869706563183524,34.64284427197254,3|oscillator|drift|frozen|s1|g2|mixed,True,True,True,True,0,3,0.0,p1g11_012_s2,ok,0.0,24.558525770941916,40.93087628490319,p1g11_012_s3,ok,0.0,22.97557643482717,38.292627391378616,False,26.659633203979407,False,False,False,False,False,26.659633203979407,False,21.869706563183524,False,False,False,False,False,21.869706563183524
1,p1g11_026,11,mint_bilin,"[""p1g8_039""]",4c925f5e83d67e59,ok,partial,0.0,37.72039835081898,62.86733058469831,4|grow|mobile|liquid|s1|g1|mixed,False,False,False,False,0,1,,,,,,,,,,,,False,47.15049793852373,False,False,False,False,False,,False,37.72039835081898,False,False,False,False,False,
1,p1g11_028,11,mint_bilin,"[""p1g3_041""]",ab6ccbfe8f8ec1bc,ok,partial,0.0,25.981461417126273,43.302435695210455,3|constant|mobile|frozen|s1|g2|mixed,False,False,False,False,0,1,,,,,,,,,,,,False,32.47682677140784,False,False,False,False,False,,False,25.981461417126273,False,False,False,False,False,
1,p1g11_068,11,immigrate,,2819d00a70b25274,no_blobs,missing,,0.0,,,False,False,False,False,0,1,,,,,,,,,,,,False,,False,False,False,False,False,,False,,False,False,False,False,False,
1,p1g11_065,11,immigrate,,a3ba121bc65f89e7,ok,partial,0.0,0.0,0.0,1|constant|still|gas|s1|g0|mixed,False,False,False,False,0,1,,,,,,,,,,,,False,0.0,False,False,False,False,False,,False,0.0,False,False,False,False,False,
1,p1g11_066,11,immigrate,,6988adae60ef0abe,no_blobs,missing,,0.0,,,False,False,False,False,0,1,,,,,,,,,,,,False,,False,False,False,False,False,,False,,False,False,False,False,False,
1,p1g11_062,11,merge_slow_tanh,"[""p1g4_081"",""blk_p2g4_053""]",7c6028a442600738,ok,partial,0.0,41.46895688541495,69.11492814235825,4|grow|mobile|liquid|s1|g2|mixed,False,False,False,False,0,1,,,,,,,,,,,,False,51.83619610676869,False,False,False,False,False,,False,41.46895688541495,False,False,False,False,False,
1,p1g11_029,11,mint_bilin,"[""p1g6_066""]",bcebd89fbe054f23,ok,partial,0.0,22.737663952095804,37.89610658682634,3|constant|drift|flicker|s1|g0|mixed,False,False,False,False,0,1,,,,,,,,,,,,False,28.422079940119758,False,False,False,False,False,,False,22.737663952095804,False,False,False,False,False,
1,p1g11_067,11,immigrate,,71dad9c845079a26,ok,partial,0.0,0.0,0.0,1|constant|still|gas|s1|g0|mixed,False,False,False,False,0,1,,,,,,,,,,,,False,0.0,False,False,False,False,False,,False,0.0,False,False,False,False,False,
1,p1g11_069,11,immigrate,,03054da9b9dbef70,ok,partial,0.0,0.0,0.0,1|constant|still|gas|s1|g0|mixed,False,False,False,False,0,1,,,,,,,,,,,,False,0.0,False,False,False,False,False,,False,0.0,False,False,False,False,False,
1,p1g12_000,12,mutate,"[""p4g1_018""]",06394edced30b2e8,fail_g0a,missing,,,,,False,False,False,False,0,1,,,,,,,,,,,,False,,False,False,False,False,False,,False,,False,False,False,False,False,
1,p1g12_010,12,mutate,"[""p2g6_020""]",c263e0e422dadf43,fail_g0a,missing,,,,,False,False,False,False,0,1,,,,,,,,,,,,False,,False,False,False,False,False,,False,,False,False,False,False,False,
1,p1g12_025,12,mint_bilin,"[""p4g5_070""]",a77bc08aee9fb387,ok,partial,0.0,39.95953368675528,66.5992228112588,2|switch|mobile|liquid|s1|g2|structured,False,False,False,False,0,1,,,,,,,,,,,,False,49.949417108444095,False,False,False,False,False,,False,39.95953368675528,False,False,False,False,False,
1,p1g12_045,12,add_chan,"[""p1g3_009""]",bdfea8e36f92c526,ok,partial,0.0,22.213854603511038,37.02309100585173,2|switch|rotor|flicker|s1|g0|mixed,True,True,True,True,0,3,0.0,p1g12_045_s2,ok,0.0,15.5619919237849,25.93665320630817,p1g12_045_s3,ok,0.0,9.493806895723557,15.823011492872595,False,27.767318254388798,False,False,False,False,False,11.867258619654447,False,22.213854603511038,False,False,False,False,False,9.493806895723557
1,p1g12_058,12,merge_cross_edge,"[""p1g4_089"",""blk_p2g4_053""]",c5b0f3b70416818f,ok,partial,0.1909,47.686365662371884,66.75060943728649,3|switch|mobile|liquid|s1|g2|structured,False,False,False,False,0,1,,,,,,,,,,,,False,54.83545707796487,False,False,False,False,False,,False,47.686365662371884,False,False,False,False,False,
1,p1g12_059,12,merge_cross_edge,"[""p1g4_084"",""p1g6_041""]",ddec632e1ed20fae,ok,partial,0.0,34.03135620738833,56.71892701231388,4|switch|mobile|liquid|s1|g2|mixed,False,False,False,False,0,1,,,,,,,,,,,,False,42.539195259235406,False,False,False,False,False,,False,34.03135620738833,False,False,False,False,False,
1,p1g12_002,12,mutate,"[""p1g8_024""]",961c06a5505f2d5d,ok,partial,0.0,36.61927644507434,61.032127408457235,3|switch|mobile|liquid|s1|g1|mixed,True,True,True,True,0,3,0.0,p1g12_002_s2,ok,0.0,35.93002856514048,59.88338094190081,p1g12_002_s3,ok,0.0,35.773640677278266,59.622734462130445,False,45.77409555634293,False,False,False,False,False,44.717050846597836,False,36.61927644507434,False,False,False,False,False,35.773640677278266
1,p1g12_051,12,add_chan,"[""p1g7_056""]",383a6415ea2c9938,ok,partial,0.1194,26.328740511452725,35.92123418575454,1|switch|mobile|liquid|s1|g2|structured,True,True,True,True,0,3,0.1194,p1g12_051_s2,ok,0.1574,27.67036305225377,35.62393842042295,p1g12_051_s3,ok,0.1957,29.063032181300613,35.39172030216769,False,29.925925639315906,False,False,False,False,False,29.925925639315906,False,26.328740511452725,False,False,False,False,False,26.328740511452725
1,p1g12_003,12,mutate,"[""p1g7_052""]",d8d142b6f9aab82e,ok,partial,0.2399,38.507793537265655,48.18632256210943,3|switch|mobile|liquid|s1|g0|structured,False,False,False,False,0,1,,,,,,,,,,,,False,42.137241921582074,False,False,False,False,False,,False,38.507793537265655,False,False,False,False,False,
1,p1g12_006,12,mutate,"[""p1g2_049""]",3bf9426c34d24e06,ok,partial,0.5652,69.1317663989449,77.53961066490817,4|switch|mobile|liquid|s2|g2|structured,False,False,False,False,0,1,,,,,,,,,,,,True,72.28470799868113,True,False,False,False,False,,True,69.1317663989449,True,False,False,False,False,
1,p1g12_018,12,mutate,"[""p1g1_052""]",c2ae12e2f96ad1d4,ok,partial,0.4329,61.20259260743239,73.14432101238734,3|switch|rotor|liquid|s1|g2|structured,False,False,False,False,0,1,,,,,,,,,,,,True,65.6807407592905,True,False,False,False,False,,True,61.20259260743239,True,False,False,False,False,
1,p1g12_019,12,mutate,"[""p1g1_052""]",8dac32f77209612c,ok,partial,0.0,15.918105051822936,26.53017508637156,3|constant|drift|frozen|s1|g2|mixed,False,False,False,False,0,1,,,,,,,,,,,,False,19.89763131477867,False,False,False,False,False,,False,15.918105051822936,False,False,False,False,False,
1,p1g12_026,12,mint_bilin,"[""p2g1_040""]",32dcd8147bef983c,ok,partial,0.3348,51.493025266794746,63.50170877799124,3|grow|mobile|liquid|s2|g2|structured,False,False,False,False,0,1,,,,,,,,,,,,False,55.99628158349343,False,False,False,False,False,,False,51.493025266794746,False,False,False,False,False,
1,p1g12_027,12,mint_bilin,"[""p1g5_041""]",62a671aa42a0b92e,ok,partial,0.0,23.288563643855667,38.814272739759446,2|oscillator|still|liquid|s1|g2|mixed,False,False,False,False,0,1,,,,,,,,,,,,False,29.110704554819584,False,False,False,False,False,,False,23.288563643855667,False,False,False,False,False,
1,p1g12_028,12,mint_bilin,"[""p1g8_067""]",f05e65d1715830d6,ok,partial,0.0,21.79623550937019,36.327059182283655,2|switch|drift|frozen|s1|g2|mixed,True,True,True,True,0,3,0.0,p1g12_028_s2,ok,0.0,23.005884286961916,38.34314047826986,p1g12_028_s3,ok,0.0,20.92525741529818,34.87542902549697,False,27.245294386712743,False,False,False,False,False,26.156571769122728,False,21.79623550937019,False,False,False,False,False,20.92525741529818
1,p1g12_030,12,mint_bilin,"[""p1g2_049""]",912eb065bf661acb,ok,partial,0.4427,63.653170269251554,76.57528378208593,4|grow|rotor|liquid|s1|g2|structured,False,False,False,False,0,1,,,,,,,,,,,,True,68.49896283656444,True,False,False,False,False,,True,63.653170269251554,True,False,False,False,False,
1,p1g12_031,12,mint_bilin,"[""p1g1_052""]",7cd2fd9d095e5982,ok,partial,0.6838,74.9306325704789,79.29772095079818,4|grow|mobile|flicker|s1|g2|structured,True,True,True,True,0,3,0.5919,p1g12_031_s2,ok,0.5919,73.05833317470474,82.30388862450792,p1g12_031_s3,ok,0.6771,77.22228645718562,83.56381076197603,True,76.56829071309863,True,True,True,True,True,76.52541646838094,True,74.9306325704789,True,True,True,True,True,73.05833317470474
1,p1g12_035,12,mint_bilin,"[""p1g4_037""]",3908fd0ca851d301,ok,partial,0.2574,49.5903325030167,65.4905541716945,3|switch|drift|liquid|s1|g2|structured,False,False,False,False,0,1,,,,,,,,,,,,False,55.552915628770876,False,False,False,False,False,,False,49.5903325030167,False,False,False,False,False,
1,p1g12_038,12,mint_bilin,"[""p1g5_029""]",6a0acbdb7b839eab,ok,partial,0.6269,65.66104459715372,67.6417409952562,4|constant|rotor|liquid|s1|g2|structured,False,False,False,False,0,1,,,,,,,,,,,,True,66.40380574644215,True,False,False,False,False,,True,65.66104459715372,True,False,False,False,False,
1,p1g12_040,12,delete_bilin,"[""p1g6_012""]",e28ac7e2ad94c3be,ok,partial,0.1149,36.79469867753413,53.66449779589022,3|switch|still|liquid|s1|g2|structured,False,False,False,False,0,1,,,,,,,,,,,,False,43.12087334691767,False,False,False,False,False,,False,36.79469867753413,False,False,False,False,False,
1,p1g12_043,12,delete_bilin,"[""p1g1_052""]",a7a35a3c26075296,ok,partial,0.441,65.45741184723363,79.69568641205606,4|grow|rotor|liquid|s2|g1|structured,False,False,False,False,0,1,,,,,,,,,,,,True,70.79676480904205,True,False,False,False,False,,True,65.45741184723363,True,False,False,False,False,
1,p1g12_044,12,add_chan,"[""p1g5_007""]",4b54efbee873f2d2,ok,partial,0.0,29.04220673366185,48.403677889436416,2|switch|mobile|liquid|s1|g1|mixed,True,True,True,True,0,3,0.0,p1g12_044_s2,ok,0.0,30.119415009072107,50.19902501512018,p1g12_044_s3,ok,0.0,28.22616803335148,47.043613388919134,False,36.302758417077314,False,False,False,False,False,35.28271004168935,False,29.04220673366185,False,False,False,False,False,28.22616803335148
1,p1g12_046,12,add_chan,"[""p1g5_028""]",c2352f5ec6549219,ok,partial,0.3586,53.10154095198223,64.59590158663705,3|grow|mobile|liquid|s1|g1|structured,False,False,False,False,0,1,,,,,,,,,,,,False,57.41192618997779,False,False,False,False,False,,False,53.10154095198223,False,False,False,False,False,
1,p1g12_048,12,add_chan,"[""p1g5_077""]",9a0a8b9bc1eae150,ok,partial,0.0,19.01632309805084,31.693871830084735,3|switch|drift|flicker|s1|g2|mixed,True,True,True,True,0,3,0.0,p1g12_048_s2,ok,0.0,22.718405871816397,37.86400978636066,p1g12_048_s3,ok,0.0,17.207816853694617,28.679694756157698,False,23.770403872563552,False,False,False,False,False,21.509771067118272,False,19.01632309805084,False,False,False,False,False,17.207816853694617
1,p1g12_049,12,add_chan,"[""p1g11_043""]",ade485a3c34506e6,ok,partial,0.6737,75.37794386374819,80.71657310624698,4|grow|rotor|flicker|s2|g2|structured,True,True,True,True,0,3,0.6737,p1g12_049_s2,ok,0.8854,84.24539192398363,81.38231987330606,p1g12_049_s3,ok,0.8895,82.6504598758784,78.45076645979732,True,77.37992982968524,True,True,True,True,True,77.37992982968524,True,75.37794386374819,True,True,True,True,True,75.37794386374819
1,p1g12_050,12,add_chan,"[""p1g5_001""]",7d824211e5bb91da,ok,partial,0.1785,18.767377199082276,19.378961998470462,3|constant|still|liquid|s1|g0|structured,False,False,False,False,0,1,,,,,,,,,,,,False,18.996721498852846,False,False,False,False,False,,False,18.767377199082276,False,False,False,False,False,
1,p1g12_052,12,merge_spatial_ic,"[""p1g1_052"",""p1g8_045""]",fa86cb8089d048d0,ok,partial,0.4588,61.55035123817248,71.9972520636208,4|switch|rotor|liquid|s1|g2|structured,False,False,False,False,0,1,,,,,,,,,,,,True,65.4679390477156,True,False,False,False,False,,True,61.55035123817248,True,False,False,False,False,
1,p1g12_055,12,merge_cross_edge,"[""p5g8_007"",""ref_iso_d0.75""]",e07bde4b884bd618,ok,partial,0.0,39.36583897300017,65.60973162166695,4|switch|drift|liquid|s1|g2|mixed,False,False,False,False,0,1,,,,,,,,,,,,False,49.207298716250214,False,False,False,False,False,,False,39.36583897300017,False,False,False,False,False,
1,p1g12_060,12,merge_cross_edge,"[""p1g6_015"",""ref_M0""]",c3c5573d595aa656,ok,partial,0.0,22.757491377304657,37.92915229550776,3|constant|still|liquid|s1|g2|mixed,True,True,True,True,0,3,0.0,p1g12_060_s2,ok,0.0,22.72692635155468,37.87821058592447,p1g12_060_s3,ok,0.0,24.707187057264203,41.17864509544034,False,28.446864221630822,False,False,False,False,False,28.40865793944335,False,22.757491377304657,False,False,False,False,False,22.72692635155468
1,p1g12_001,12,mutate,"[""p1g4_050""]",ddbb302981eb730b,ok,partial,0.5783,63.418372664810235,67.14395444135039,4|switch|mobile|liquid|s1|g2|structured,False,False,False,False,0,1,,,,,,,,,,,,True,64.81546583101279,True,False,False,False,False,,True,63.418372664810235,True,False,False,False,False,
1,p1g12_004,12,mutate,"[""p1g4_050""]",84a4430456318925,ok,partial,0.3638,37.26819728260767,37.860328804346125,4|constant|drift|liquid|s1|g2|structured,False,False,False,False,0,1,,,,,,,,,,,,False,37.49024660325959,False,False,False,False,False,,False,37.26819728260767,False,False,False,False,False,
1,p1g12_005,12,mutate,"[""p1g4_050""]",bbb2894eb343125c,ok,partial,0.5064,51.88946653756901,52.722444229281685,4|switch|mobile|liquid|s1|g2|structured,False,False,False,False,0,1,,,,,,,,,,,,False,52.20183317196126,False,False,False,False,False,,False,51.88946653756901,False,False,False,False,False,
1,p1g12_008,12,mutate,"[""p1g7_025""]",b8ac31326ebd67c5,ok,partial,0.2758,42.98290794626342,53.251513243772365,2|switch|mobile|liquid|s1|g1|structured,False,False,False,False,0,1,,,,,,,,,,,,False,46.83363493282927,False,False,False,False,False,,False,42.98290794626342,False,False,False,False,False,
1,p1g12_009,12,mutate,"[""p1g9_013""]",bb3800e0e4e063fb,ok,partial,0.5211,57.42291867012487,60.964864450208125,2|switch|mobile|liquid|s1|g2|structured,False,False,False,False,0,1,,,,,,,,,,,,False,58.75114833765609,False,False,False,False,False,,False,57.42291867012487,False,False,False,False,False,
1,p1g12_012,12,mutate,"[""p1g4_050""]",dfdf9d814c1720dc,ok,partial,0.128,24.01035670106833,31.483927835113878,2|switch|drift|liquid|s1|g0|mixed,True,True,True,True,0,3,0.1143,p1g12_012_s2,ok,0.1143,17.862636128312783,22.151060213854638,p1g12_012_s3,ok,0.161,22.900248613317668,27.43374768886278,False,26.81294587633541,False,False,False,False,False,19.470795160390978,False,24.01035670106833,False,False,False,False,False,17.862636128312783
1,p1g12_013,12,mutate,"[""p1g11_043""]",b9ad6803191a828b,ok,partial,0.0945,24.933440463751204,35.25573410625201,2|constant|drift|liquid|s1|g2|mixed,False,False,False,False,0,1,,,,,,,,,,,,False,28.804300579689006,False,False,False,False,False,,False,24.933440463751204,False,False,False,False,False,
1,p1g12_015,12,mutate,"[""p4g1_037""]",c0cda954627e1b40,ok,partial,0.0845,16.410915040908215,21.718191734847025,2|switch|still|frozen|s1|g0|structured,True,True,True,True,0,3,0.0601,p1g12_015_s2,ok,0.0601,15.013819055138216,21.016365091897026,p1g12_015_s3,ok,0.0919,16.982634803823988,22.17772467303998,False,18.40114380113527,False,False,False,False,False,17.26477381892277,False,16.410915040908215,False,False,False,False,False,15.013819055138216
1,p1g12_021,12,mutate,"[""p3g8_042""]",3af4d7d612fe0f9e,ok,partial,0.1768,45.40911587278972,63.8951931213162,3|switch|mobile|liquid|s1|g2|structured,False,False,False,False,0,1,,,,,,,,,,,,False,52.34139484098715,False,False,False,False,False,,False,45.40911587278972,False,False,False,False,False,
1,p1g12_029,12,mint_bilin,"[""p1g5_028""]",05a74214fb37df5f,ok,partial,0.3772,53.37655470760407,63.81425784600678,4|grow|mobile|liquid|s1|g1|structured,False,False,False,False,0,1,,,,,,,,,,,,False,57.29069338450508,False,False,False,False,False,,False,53.37655470760407,False,False,False,False,False,
1,p1g12_034,12,mint_bilin,"[""p1g5_028""]",6d55e68ce313cc49,ok,partial,0.5916,63.75576478140453,66.81960796900755,4|grow|mobile|liquid|s1|g1|structured,False,False,False,False,0,1,,,,,,,,,,,,True,64.90470597675566,True,False,False,False,False,,True,63.75576478140453,True,False,False,False,False,
1,p1g12_036,12,mint_bilin,"[""p1g5_028""]",b681ecd7f2801714,ok,partial,0.3375,54.22278588242892,67.87130980404821,4|grow|mobile|liquid|s1|g1|structured,False,False,False,False,0,1,,,,,,,,,,,,False,59.34098235303615,False,False,False,False,False,,False,54.22278588242892,False,False,False,False,False,
1,p1g12_039,12,mint_bilin,"[""p1g4_050""]",d1498f4aad189996,ok,partial,0.3421,59.56963851711086,76.47606419518478,4|grow|rotor|liquid|s1|g2|structured,False,False,False,False,0,1,,,,,,,,,,,,False,65.90954814638857,False,False,False,False,False,,False,59.56963851711086,False,False,False,False,False,
1,p1g12_041,12,delete_bilin,"[""p1g6_001""]",ea45f16e329176e8,ok,partial,0.1619,27.97510066051615,35.83183443419359,1|grow|drift|liquid|s1|g2|structured,False,False,False,False,0,1,,,,,,,,,,,,False,30.921375825645192,False,False,False,False,False,,False,27.97510066051615,False,False,False,False,False,
1,p1g12_042,12,delete_bilin,"[""p1g4_050""]",aeee09d4cce63b36,ok,partial,0.376,63.040447873739055,80.00074645623177,4|grow|rotor|liquid|s2|g2|structured,False,False,False,False,0,1,,,,,,,,,,,,False,69.40055984217383,False,False,False,False,False,,False,63.040447873739055,False,False,False,False,False,
1,p1g12_047,12,add_chan,"[""p1g1_036""]",0a97762fff106566,ok,partial,0.2099,45.155582895644535,61.26597149274089,2|switch|rotor|liquid|s1|g2|structured,False,False,False,False,0,1,,,,,,,,,,,,False,51.196978619555665,False,False,False,False,False,,False,45.155582895644535,False,False,False,False,False,
1,p1g12_053,12,merge_spatial_ic,"[""p1g4_001"",""p1g8_062""]",00b1d737ee707e06,ok,partial,0.0,23.686480973483835,39.47746828913973,3|constant|drift|flicker|s1|g2|mixed,True,True,True,True,0,3,0.0,p1g12_053_s2,ok,0.0,17.961563886792586,29.935939811320978,p1g12_053_s3,ok,0.0,19.569791179785128,32.616318632975215,False,29.6081012168548,False,False,False,False,False,22.451954858490733,False,23.686480973483835,False,False,False,False,False,17.961563886792586
1,p1g12_063,12,merge_slow_tanh,"[""p1g11_060"",""blk_engine_10748""]",d84abcc169046ffd,ok,partial,0.659,52.61963218868658,43.76605364781097,4|switch|mobile|liquid|s1|g2|structured,False,False,False,False,0,1,,,,,,,,,,,,False,49.29954023585823,False,False,False,False,False,,False,52.61963218868658,False,False,False,False,False,
1,p1g12_064,12,merge_slow_tanh,"[""p1g11_060"",""ref_M4_tau5.7""]",24231a8aee7d4144,ok,partial,0.5964,58.73188999793881,58.126483329898015,4|switch|rotor|liquid|s1|g2|structured,False,False,False,False,0,1,,,,,,,,,,,,False,58.50486249742352,False,False,False,False,False,,False,58.73188999793881,False,False,False,False,False,
1,p1g12_065,12,merge_slow_tanh,"[""p1g4_038"",""ref_M4_tau5.7""]",0457059f18441141,ok,partial,0.5798,59.1619530916961,59.949921819493504,3|switch|mobile|liquid|s1|g2|structured,False,False,False,False,0,1,,,,,,,,,,,,False,59.457441364620124,False,False,False,False,False,,False,59.1619530916961,False,False,False,False,False,
1,p1g12_014,12,mutate,"[""p3g7_015""]",de784825e3c7a087,ok,partial,0.5575,59.54118614190624,62.06864356984373,3|switch|mobile|liquid|s1|g1|structured,True,True,True,True,0,3,0.4959,p1g12_014_s2,ok,0.5116,57.40890628148473,61.574843802474554,p1g12_014_s3,ok,0.4959,57.71191923776374,63.12653206293957,True,60.48898267738279,True,False,False,False,False,58.97113285185591,False,59.54118614190624,False,False,False,False,False,57.40890628148473
1,p1g12_007,12,mutate,"[""p1g11_043""]",f76814c5c3c3bbe2,ok,partial,0.7916,78.6137524063647,78.24958734394116,3|switch|rotor|flicker|s1|g2|structured,True,True,True,True,0,3,0.5677,p1g12_007_s2,ok,0.5677,65.77130527106834,71.77217545178057,p1g12_007_s3,ok,0.8867,79.71012062938584,73.73686771564307,True,78.47719050795587,True,True,True,True,True,68.02163158883542,True,78.6137524063647,True,True,True,True,True,65.77130527106834
1,p1g12_020,12,mutate,"[""p1g11_043""]",32cb9813056f4f3b,ok,partial,0.4727,67.3245271168675,80.69421186144582,4|switch|mobile|liquid|s1|g2|structured,False,False,False,False,0,1,,,,,,,,,,,,True,72.33815889608437,True,False,False,False,False,,True,67.3245271168675,True,False,False,False,False,
1,p1g12_037,12,mint_bilin,"[""p1g10_048""]",f28ff34704c181dd,ok,partial,0.5299,69.00803290900228,79.68672151500381,4|grow|rotor|liquid|s1|g2|structured,True,True,True,True,0,3,0.4901,p1g12_037_s2,ok,0.8195,81.00909559985232,80.38182599975386,p1g12_037_s3,ok,0.4901,67.4201732917217,79.6936221528695,True,73.01254113625286,True,True,True,True,True,72.02271661465213,True,69.00803290900228,True,True,True,True,True,67.4201732917217
1,p1g12_011,12,mutate,"[""p6g9_024""]",2ba7e28670eb08e0,ok,partial,0.249,49.627188690655046,66.11198115109174,4|switch|mobile|liquid|s1|g0|mixed,False,False,False,False,0,1,,,,,,,,,,,,False,55.8089858633188,False,False,False,False,False,,False,49.627188690655046,False,False,False,False,False,
1,p1g12_023,12,mint_bilin,"[""p2g2_023""]",3e156ac64c27510d,ok,partial,0.6682,59.61584550004859,54.813075833414324,3|switch|rotor|flicker|s1|g0|structured,True,True,True,True,0,3,0.4473,p1g12_023_s2,ok,0.5995,61.59110725853195,62.68517876421993,p1g12_023_s3,ok,0.4473,56.25319523154381,63.93532538590636,False,57.81480687506074,True,True,False,False,False,57.81480687506074,False,59.61584550004859,True,True,False,False,False,56.25319523154381
1,p1g12_024,12,mint_bilin,"[""p1g3_034""]",082b91f8e4b67949,ok,partial,0.0,29.308781942560955,48.84796990426826,2|constant|mobile|liquid|s1|g2|structured,False,False,False,False,0,1,,,,,,,,,,,,False,36.635977428201194,False,False,False,False,False,,False,29.308781942560955,False,False,False,False,False,
1,p1g12_032,12,mint_bilin,"[""p1g1_003""]",2197fdd05166a19d,ok,partial,0.0,29.357501879260695,48.92916979876783,2|constant|drift|liquid|s1|g2|mixed,False,False,False,False,0,1,,,,,,,,,,,,False,36.696877349075876,False,False,False,False,False,,False,29.357501879260695,False,False,False,False,False,
1,p1g12_033,12,mint_bilin,"[""p1g11_053""]",ad1d0195a18521f6,ok,partial,0.0,18.16746231676434,30.2791038612739,1|grow|still|flicker|s1|g2|mixed,True,True,True,True,0,3,0.0,p1g12_033_s2,ok,0.0,15.605268432795627,26.008780721326048,p1g12_033_s3,ok,0.0,16.298977310479412,27.164962184132357,False,22.709327895955425,False,False,False,False,False,19.506585540994536,False,18.16746231676434,False,False,False,False,False,15.605268432795627
1,p1g12_054,12,merge_spatial_ic,"[""p1g1_012"",""p1g4_089""]",c0cd8328b83c234c,ok,partial,0.0223,13.482768497380876,20.98461416230146,4|constant|still|frozen|s1|g2|mixed,False,False,False,False,0,1,,,,,,,,,,,,False,16.295960621726095,False,False,False,False,False,,False,13.482768497380876,False,False,False,False,False,
1,p1g12_062,12,merge_slow_tanh,"[""p1g5_071"",""ref_iso_d0.65""]",8766cf1d60d73884,ok,partial,0.0,18.036822642181303,30.061371070302172,3|constant|still|flicker|s1|g2|mixed,True,True,True,True,0,3,0.0,p1g12_062_s2,ok,0.0,19.8752266680124,33.12537778002066,p1g12_062_s3,ok,0.0,18.47945158742898,30.7990859790483,False,22.54602830272663,False,False,False,False,False,22.54602830272663,False,18.036822642181303,False,False,False,False,False,18.036822642181303
1,p1g12_066,12,merge_slow_tanh,"[""p2g4_053"",""ref_M0""]",e1705085d6ecb169,ok,partial,0.5672,62.88218085414616,66.99030142357694,3|switch|mobile|liquid|s1|g2|structured,False,False,False,False,0,1,,,,,,,,,,,,True,64.4227260676827,True,False,False,False,False,,True,62.88218085414616,True,False,False,False,False,
1,p1g12_068,12,immigrate,,1cd0ae918e5c5b06,no_blobs,missing,,0.0,,,False,False,False,False,0,1,,,,,,,,,,,,False,,False,False,False,False,False,,False,,False,False,False,False,False,
1,p1g12_070,12,immigrate,,308205b67c1c8056,no_blobs,missing,,0.0,,,False,False,False,False,0,1,,,,,,,,,,,,False,,False,False,False,False,False,,False,,False,False,False,False,False,
1,p1g12_067,12,immigrate,,1cbf0cda45f6ba50,no_blobs,missing,,0.0,,,False,False,False,False,0,1,,,,,,,,,,,,False,,False,False,False,False,False,,False,,False,False,False,False,False,
1,p1g12_069,12,immigrate,,efe95512608a54d0,no_blobs,missing,,0.0,,,False,False,False,False,0,1,,,,,,,,,,,,False,,False,False,False,False,False,,False,,False,False,False,False,False,
1,p1g12_016,12,mutate,"[""p1g8_010""]",63ac6f27c05769a1,ok,partial,0.5806,51.37231041919783,46.91385069866305,2|switch|rotor|liquid|s1|g0|structured,True,True,True,True,0,3,0.5444,p1g12_016_s2,ok,0.5444,51.3362723478344,49.26712057972401,p1g12_016_s3,ok,0.5978,52.39815816634983,47.47693027724972,False,49.700388023997284,False,False,False,False,False,49.700388023997284,False,51.37231041919783,False,False,False,False,False,51.3362723478344
1,p1g12_022,12,mint_bilin,"[""p1g2_036""]",9493a91f77bfd30c,ok,partial,0.1282,40.13319338890601,58.34198898151002,2|switch|drift|liquid|s1|g2|mixed,False,False,False,False,0,1,,,,,,,,,,,,False,46.961491736132515,False,False,False,False,False,,False,40.13319338890601,False,False,False,False,False,
1,p1g12_057,12,merge_cross_edge,"[""p1g1_023"",""ref_iso_d0.65""]",ca1360fdf1e46f57,ok,partial,0.0,41.064607549964016,68.44101258327336,4|grow|mobile|liquid|s1|g1|mixed,True,True,True,True,0,3,0.0,p1g12_057_s2,ok,0.0,41.03276405953177,68.38794009921962,p1g12_057_s3,ok,0.0,42.79839992903309,71.33066654838848,False,51.33075943745502,False,False,False,False,False,51.29095507441471,False,41.064607549964016,False,False,False,False,False,41.03276405953177
1,p1g12_061,12,merge_cross_edge,"[""p10g0_ds6_000"",""ref_BFIELD_g0.05""]",16dec4f0551cd9c8,ok,partial,0.5615,61.665273047370306,65.34212174561718,3|switch|mobile|flicker|s1|g2|structured,False,False,False,False,0,1,,,,,,,,,,,,True,63.04409130921288,True,False,False,False,False,,True,61.665273047370306,True,False,False,False,False,
1,p1g12_056,12,merge_cross_edge,"[""p1g4_089"",""blk_p10g0_ds6_000""]",eca0770b62210dd5,ok,partial,0.501,59.3503259420196,65.51720990336601,3|switch|mobile|flicker|s1|g2|structured,False,False,False,False,0,1,,,,,,,,,,,,True,61.66290742752451,True,False,False,False,False,,False,59.3503259420196,False,False,False,False,False,
1,p1g12_071,12,immigrate,,a95bb7d960f17765,ok,partial,0.0,0.0,0.0,1|constant|still|gas|s1|g0|mixed,False,False,False,False,0,1,,,,,,,,,,,,False,0.0,False,False,False,False,False,,False,0.0,False,False,False,False,False,
1,p1g12_017,12,mutate,"[""p1g5_064""]",ac0a21d217228ed8,ok,partial,0.0399,19.935119306975604,30.56519884495934,1|switch|drift|frozen|s1|g2|mixed,True,True,True,True,0,3,0.0399,p1g12_017_s2,ok,0.0477,20.159580988095986,30.41930164682664,p1g12_017_s3,ok,0.0538,20.62344943284764,30.785749054746063,False,23.921399133719504,False,False,False,False,False,23.921399133719504,False,19.935119306975604,False,False,False,False,False,19.935119306975604
2,p2g1_042,1,dup_act,"[""p4g1_018""]",ae33d8920bc047a9,fail_g0a,missing,,,,,False,False,False,False,0,1,,,,,,,,,,,,False,,False,False,False,False,False,,False,,False,False,False,False,False,
2,p2g1_046,1,dup_act,"[""p6g7_028""]",18c112c81b71d363,fail_g0a,missing,,,,,False,False,False,False,0,1,,,,,,,,,,,,False,,False,False,False,False,False,,False,,False,False,False,False,False,
2,p2g1_076,1,merge_share_chan,"[""p0g0_ds2g11_009"",""ref_BFIELD_g0.05""]",c18f563fc88fc64c,fail_g0a,missing,,,,,False,False,False,False,0,1,,,,,,,,,,,,False,,False,False,False,False,False,,False,,False,False,False,False,False,
2,p2g1_077,1,merge_share_chan,"[""p2g6_020"",""ref_M4_tau5.7""]",8847f3194a7975f4,fail_g0a,missing,,,,,False,False,False,False,0,1,,,,,,,,,,,,False,,False,False,False,False,False,,False,,False,False,False,False,False,
2,p2g1_004,1,mutate,"[""p6g5_026""]",9afc6c55a52155dd,fail_g0a,missing,,,,,False,False,False,False,0,1,,,,,,,,,,,,False,,False,False,False,False,False,,False,,False,False,False,False,False,
2,p2g1_040,1,dup_act,"[""p2g6_020""]",13784f68981fe067,fail_g0a,missing,,,,,False,False,False,False,0,1,,,,,,,,,,,,False,,False,False,False,False,False,,False,,False,False,False,False,False,
2,p2g1_044,1,dup_act,"[""p3g9_021""]",97cb29634ff33d3d,fail_g0a,missing,,,,,False,False,False,False,0,1,,,,,,,,,,,,False,,False,False,False,False,False,,False,,False,False,False,False,False,
2,p2g1_059,1,merge_cross_edge,"[""p6g1_043"",""ref_M0""]",3f49f37f9c9de350,fail_g0a,missing,,,,,False,False,False,False,0,1,,,,,,,,,,,,False,,False,False,False,False,False,,False,,False,False,False,False,False,
2,p2g1_054,1,merge_spatial_ic,"[""p2g1_040"",""p3g6_036""]",eef1806b5f1e0089,ok,full,0.4112,63.728,71.26463792269367,4|switch|mobile|liquid|s1|g2|economy,True,True,True,True,0,3,0.3162,p2g1_054_s2,ok,0.3162,60.83594784560613,70.57459712747483,p2g1_054_s3,ok,0.3374,56.19799667595626,63.68399556794168,True,63.72847844202025,True,False,False,False,False,56.19799667595626,False,59.206782753616196,False,False,False,False,False,51.70639734076501
2,p2g1_048,1,merge_spatial_ic,"[""p6g9_021"",""p5g3_040""]",b310fbfc5cac334e,ok,full,0.3958,56.163,61.69062523433355,3|switch|mobile|liquid|s1|g2|economy,True,True,False,False,0,2,,p2g1_048_s2,ok,0.4777,62.48383372609107,67.38844496812142,,,,,,False,56.162968925750164,True,True,False,False,False,,False,52.84637514060013,False,False,False,False,False,
2,p2g1_051,1,merge_spatial_ic,"[""p6g8_033"",""p1g2_008""]",27a2960d05f47297,ok,full,0.2772,60.748,71.75757499870106,3|switch|mobile|liquid|s1|g2|economy,True,True,True,True,0,3,0.2772,p2g1_051_s2,ok,0.3381,71.75258520963418,84.40011361284557,p2g1_051_s3,ok,0.3775,70.85962167519237,81.89616223358983,False,60.7481812490258,False,False,False,False,False,60.7481812490258,False,54.14254499922063,False,False,False,False,False,54.14254499922063
2,p2g1_053,1,merge_spatial_ic,"[""p6g3_033"",""p1g2_008""]",45d84b9a9c2d5329,ok,full,0.5586,62.923,65.27786846156035,4|switch|mobile|liquid|s1|g1|economy,True,True,True,True,0,3,0.3785,p2g1_053_s2,ok,0.3785,64.24874302494892,73.04832403326523,p2g1_053_s3,ok,0.5313,69.42335647395456,74.85447529860608,True,62.923401346170266,True,True,True,False,False,62.923401346170266,True,61.51072107693621,True,True,True,False,False,58.96899441995914
2,p2g1_055,1,merge_spatial_ic,"[""p6g8_033"",""p4g1_037""]",27a2960d05f47297,ok,full,0.3959,70.207,80.41317890220077,3|switch|mobile|liquid|s2|g2|economy,True,True,True,True,0,3,0.3381,p2g1_055_s2,ok,0.3381,71.75258520963418,84.40011361284557,p2g1_055_s3,ok,0.3775,70.85962167519237,81.89616223358983,False,70.20738417665058,False,False,False,False,False,70.20738417665058,False,64.08390734132047,False,False,False,False,False,64.08390734132047
2,p2g1_052,1,merge_spatial_ic,"[""p6g2_022"",""p6g5_019""]",4822df84bbe8edf6,ok,full,0.5673,53.533,52.467975769911476,3|switch|mobile|liquid|s1|g0|economy,True,True,True,True,0,3,0.519,p2g1_052_s2,ok,0.519,59.91544328158486,62.58725770877981,p2g1_052_s3,ok,0.5881,57.16515488210084,56.616873176134455,False,53.533481827433604,False,False,False,False,False,53.533481827433604,False,54.17278546194689,False,False,False,False,False,54.17278546194689
2,p2g1_049,1,merge_spatial_ic,"[""p5g3_062"",""p2g4_053""]",6588fedcc859d014,ok,full,0.347,57.878,65.60445577050523,4|switch|rotor|liquid|s1|g0|structured,True,True,True,True,0,3,0.0,p2g1_049_s2,ok,0.0,47.23237397000261,62.97649862667015,p2g1_049_s3,ok,0.0,47.35790979379884,63.14387972506512,False,57.87834182787891,False,False,False,False,False,47.23237397000261,False,53.24267346230313,False,False,False,False,False,37.78589917600209
2,p2g1_050,1,merge_spatial_ic,"[""p3g6_070"",""p6g9_040""]",0754aa976555d950,ok,full,0.4143,59.996,66.18403599078533,3|switch|mobile|liquid|s2|g2|economy,False,False,False,False,0,1,,,,,,,,,,,,False,59.995526993089,False,False,False,False,False,,False,56.2824215944712,False,False,False,False,False,
2,p2g1_002,1,mutate,"[""p4g5_070""]",d9ed7061a56002ec,ok,partial,0.4684,48.822081539438436,49.48277538591792,1|grow|mobile|liquid|s1|g2|structured,True,True,False,False,0,2,,p2g1_002_s2,no_blobs,,0.0,,,,,,,False,48.822081539438436,False,False,False,False,False,,False,48.42566523155075,False,False,False,False,False,
2,p2g1_060,1,merge_cross_edge,"[""p1g2_008"",""blk_engine_10748""]",d9f0c4ecd66facf6,ok,partial,0.4728,65.1980222014522,71.17069626860292,3|switch|rotor|liquid|s1|g2|structured,True,True,True,True,0,3,0.4671,p2g1_060_s2,ok,0.4808,62.36969169678551,67.13292226238067,p2g1_060_s3,ok,0.4671,65.76206307705202,72.1127507694027,True,65.1980222014522,True,True,True,True,True,62.36969169678551,True,61.614417761161754,True,True,True,False,False,59.511753357428404
2,p2g1_078,1,merge_share_chan,"[""p1g2_008"",""ref_iso_d0.65""]",9fb172b36e41b539,ok,partial,0.4283,57.51354476011966,62.40805968015955,3|switch|mobile|liquid|s1|g2|mixed,True,True,True,True,0,3,0.4283,p2g1_078_s2,ok,0.4303,60.427311925822444,66.22641590109659,p2g1_078_s3,ok,0.4301,58.355342400316346,63.470456533755126,False,57.51354476011966,True,True,False,False,False,57.51354476011966,False,54.57683580809574,False,False,False,False,False,54.57683580809574
2,p2g1_005,1,mutate,"[""p2g7_039""]",73784bc096c6af9e,ok,partial,0.4311,57.89692353901252,62.82589805201669,3|switch|mobile|liquid|s2|g2|structured,True,True,False,False,0,2,,p2g1_005_s2,ok,0.4595,51.35855823154931,53.16141097539907,,,,,,False,57.89692353901252,False,False,False,False,False,,False,54.939538831210015,False,False,False,False,False,
2,p2g1_006,1,mutate,"[""p5g7_040""]",1df18c697ace6321,ok,partial,0.5104,60.76750530192378,64.0100070692317,4|switch|mobile|liquid|s2|g2|structured,True,True,True,True,0,3,0.4319,p2g1_006_s2,ok,0.4319,54.12187777283532,57.76583703044709,p2g1_006_s3,ok,0.5032,55.24395514523334,56.8852735269778,True,60.76750530192378,True,False,False,False,False,54.12187777283532,False,58.82200424153902,False,False,False,False,False,51.935502218268255
2,p2g1_008,1,mutate,"[""p2g7_039""]",0d24c2f81f35c74b,ok,partial,0.4139,62.25318749118851,69.20758332158469,3|switch|rotor|liquid|s1|g2|structured,False,False,False,False,0,1,,,,,,,,,,,,True,62.25318749118851,True,False,False,False,False,,False,58.08054999295082,False,False,False,False,False,
2,p2g1_010,1,mutate,"[""p2g7_039""]",10dcec8fde768a05,ok,partial,0.5204,65.27536828333969,69.68715771111958,4|grow|mobile|liquid|s1|g2|structured,True,True,False,False,0,2,,p2g1_010_s2,ok,0.5697,66.45077445708657,69.61103260944876,,,,,,True,65.27536828333969,True,True,True,False,False,,True,62.628294626671746,True,True,True,False,False,
2,p2g1_012,1,mutate,"[""p2g7_039""]",d938fd3c7bed9cd1,ok,partial,0.4744,59.0693549299038,62.94580657320507,3|switch|mobile|liquid|s1|g2|structured,True,True,False,False,0,2,,p2g1_012_s2,ok,0.4504,54.471797112110345,57.61572948281379,,,,,,False,59.0693549299038,False,False,False,False,False,,False,56.74348394392304,False,False,False,False,False,
2,p2g1_014,1,mutate,"[""p4g5_040""]",25ba4c839e86a51e,ok,partial,0.2705,43.67231293181164,49.21308390908218,2|switch|mobile|liquid|s1|g1|structured,True,True,True,True,0,3,0.2705,p2g1_014_s2,ok,0.4504,49.36700098029952,50.80933464039936,p2g1_014_s3,ok,0.4578,49.93726027559192,51.32301370078922,False,43.67231293181164,False,False,False,False,False,43.67231293181164,False,40.3478503454493,False,False,False,False,False,40.3478503454493
2,p2g1_017,1,mint_bilin,"[""p5g7_040""]",bf9d2724ed64b209,ok,partial,0.5181,73.71569785533013,81.01759714044017,4|grow|mobile|liquid|s1|g2|structured,True,True,True,True,0,3,0.5181,p2g1_017_s2,ok,0.6435,75.97974711686268,79.85632948915024,p2g1_017_s3,ok,0.6592,79.28309980771103,83.73746641028137,True,73.71569785533013,True,True,True,True,True,73.71569785533013,True,69.3345582842641,True,True,True,True,True,69.3345582842641
2,p2g1_022,1,mint_bilin,"[""p2g4_041""]",584b63dd04238c30,ok,partial,0.3608,60.73846702420535,68.9579560322738,3|grow|mobile|liquid|s1|g2|structured,True,True,False,False,0,2,,p2g1_022_s2,ok,0.177,34.52462738930644,40.132836519075255,,,,,,False,60.73846702420535,False,False,False,False,False,,False,55.80677361936428,False,False,False,False,False,
2,p2g1_026,1,mint_bilin,"[""p2g7_039""]",01a17419ed0932c4,ok,partial,0.4708,53.419900655771386,55.533200874361846,4|grow|mobile|liquid|s1|g2|structured,False,False,False,False,0,1,,,,,,,,,,,,False,53.419900655771386,False,False,False,False,False,,False,52.151920524617104,False,False,False,False,False,
2,p2g1_029,1,delete_bilin,"[""p2g7_039""]",8b6c65374d3dbb50,ok,partial,0.5023,64.26346820227221,68.94129093636295,4|grow|mobile|liquid|s1|g2|structured,False,False,False,False,0,1,,,,,,,,,,,,True,64.26346820227221,True,False,False,False,False,,True,61.45677456181777,True,False,False,False,False,
2,p2g1_032,1,add_chan,"[""p6g8_033""]",45f5b439a6f9cee8,ok,partial,0.3077,62.79695645993674,73.472608613249,3|switch|rotor|liquid|s1|g2|structured,False,False,False,False,0,1,,,,,,,,,,,,False,62.79695645993674,False,False,False,False,False,,False,56.391565167949395,False,False,False,False,False,
2,p2g1_034,1,add_chan,"[""p3g6_032""]",36e53c11d42a1a40,ok,partial,0.3559,32.36678821913009,31.29238429217346,3|switch|drift|liquid|s1|g0|structured,True,True,True,True,0,3,0.3552,p2g1_034_s2,ok,0.6002,35.689292432489594,27.5790565766528,p2g1_034_s3,ok,0.3552,51.46473428766696,56.77964571688927,False,32.36678821913009,False,False,False,False,False,32.36678821913009,False,33.011430575304075,False,False,False,False,False,33.011430575304075
2,p2g1_035,1,add_chan,"[""p3g9_022""]",d172b0ae30b4adf9,ok,partial,0.3559,32.36678821913009,31.29238429217346,3|switch|drift|liquid|s1|g0|structured,False,False,False,False,0,1,,,,,,,,,,,,False,32.36678821913009,False,False,False,False,False,,False,33.011430575304075,False,False,False,False,False,
2,p2g1_041,1,dup_act,"[""p4g4_018""]",78ccae7b22823d5b,ok,partial,0.0,48.67036574394335,64.89382099192447,4|switch|drift|liquid|s1|g2|mixed,True,True,False,False,0,2,,p2g1_041_s2,ok,0.0,49.511176109020745,66.01490147869433,,,,,,False,48.67036574394335,False,False,False,False,False,,False,38.93629259515468,False,False,False,False,False,
2,p2g1_047,1,dup_act,"[""p6g8_033""]",0d2edece61b7493e,ok,partial,0.0,26.87284940310861,35.83046587081148,3|constant|still|frozen|s1|g2|mixed,True,True,True,True,0,3,0.0,p2g1_047_s2,ok,0.0,39.93629570051975,53.248394267359664,p2g1_047_s3,ok,0.0,41.14206497943601,54.85608663924801,False,26.87284940310861,False,False,False,False,False,26.87284940310861,False,21.498279522486886,False,False,False,False,False,21.498279522486886
2,p2g1_056,1,merge_cross_edge,"[""p5g8_007"",""blk_engine_10748""]",815d82c89c6b56a6,ok,partial,0.0,58.67530635437622,78.23374180583495,4|switch|rotor|liquid|s1|g2|mixed,True,True,False,False,0,2,,p2g1_056_s2,ok,0.0,58.64294421696012,78.19059228928016,,,,,,False,58.67530635437622,False,False,False,False,False,,False,46.94024508350097,False,False,False,False,False,
2,p2g1_058,1,merge_cross_edge,"[""p2g6_020"",""ref_iso_d0.75""]",1bdf372c0be1c70d,ok,partial,0.4434,71.96443436960362,81.1725791594715,4|grow|rotor|liquid|s2|g2|structured,True,True,True,True,0,3,0.0,p2g1_058_s2,ok,0.0,52.96769513394031,70.62359351192042,p2g1_058_s3,ok,0.5229,70.32191562582881,76.33255416777173,True,71.96443436960362,True,True,True,False,False,52.96769513394031,True,66.4395474956829,True,True,True,False,False,42.37415610715225
2,p2g1_061,1,merge_cross_edge,"[""p6g5_025"",""blk_engine_10748""]",c8d53a1cfde0c859,ok,partial,0.3838,49.025222370329814,52.573629827106416,3|grow|mobile|liquid|s1|g2|structured,False,False,False,False,0,1,,,,,,,,,,,,False,49.025222370329814,False,False,False,False,False,,False,46.89617789626384,False,False,False,False,False,
2,p2g1_063,1,merge_cross_edge,"[""p6g5_025"",""ref_iso_d0.65""]",d450711a8614982c,ok,partial,0.3351,52.434584537707124,58.7427793836095,2|grow|mobile|liquid|s1|g2|structured,True,True,True,True,0,3,0.3351,p2g1_063_s2,ok,0.41,59.69508006610231,65.92677342146975,p2g1_063_s3,ok,0.391,52.5441336939345,57.02551159191267,False,52.434584537707124,False,False,False,False,False,52.434584537707124,False,48.649667630165695,False,False,False,False,False,48.649667630165695
2,p2g1_064,1,merge_cross_edge,"[""p6g5_025"",""ref_iso_d0.65""]",c837e7036b2649e8,ok,partial,0.2626,55.27488128370284,64.94650837827045,4|switch|mobile|liquid|s1|g2|structured,True,True,True,True,0,3,0.2626,p2g1_064_s2,ok,0.2907,53.00626340030766,60.98501786707688,p2g1_064_s3,ok,0.2629,61.5379222626995,73.28722968359934,False,55.27488128370284,False,False,False,False,False,53.00626340030766,False,49.47190502696227,False,False,False,False,False,48.219010720246125
2,p2g1_066,1,merge_cross_edge,"[""p2g6_020"",""blk_engine_10748""]",a883c14e2162f124,ok,partial,0.5379,72.22384107966982,78.36845477289309,4|switch|rotor|liquid|s2|g2|structured,True,True,True,True,0,3,0.3892,p2g1_066_s2,ok,0.3892,69.21123753280355,79.30831671040472,p2g1_066_s3,ok,0.3999,70.52628814786111,80.70505086381482,True,72.22384107966982,True,False,False,False,False,69.21123753280355,True,68.53707286373586,True,False,False,False,False,63.15299002624283
2,p2g1_067,1,merge_cross_edge,"[""p2g6_020"",""blk_engine_10748""]",b0b5c22cd90792e9,ok,partial,0.6498,77.67241321957417,81.9032176260989,4|grow|rotor|liquid|s3|g2|structured,True,True,True,True,0,3,0.2232,p2g1_067_s2,ok,0.2232,62.79873047686109,76.29164063581479,p2g1_067_s3,ok,0.4833,71.70841567359125,79.50122089812167,True,77.67241321957417,True,True,True,False,False,62.79873047686109,True,75.13393057565933,True,True,True,False,False,54.702984381488875
2,p2g1_068,1,merge_cross_edge,"[""p5g8_007"",""blk_engine_10748""]",e74f103ca33c4c22,ok,partial,0.0,58.67530635437622,78.23374180583495,4|switch|rotor|liquid|s1|g2|mixed,False,False,False,False,0,1,,,,,,,,,,,,False,58.67530635437622,False,False,False,False,False,,False,46.94024508350097,False,False,False,False,False,
2,p2g1_069,1,merge_slow_tanh,"[""p3g5_061"",""ref_BFIELD_g0.05""]",d180217b39c4da02,ok,partial,0.0,36.774994490742635,49.033325987656845,4|constant|mobile|liquid|s1|g2|mixed,True,True,True,True,0,3,0.0,p2g1_069_s2,ok,0.0,40.39755839844001,53.863411197920016,p2g1_069_s3,ok,0.0,43.38355308364474,57.84473744485965,False,36.774994490742635,False,False,False,False,False,36.774994490742635,False,29.419995592594105,False,False,False,False,False,29.419995592594105
2,p2g1_070,1,merge_cross_edge,"[""p4g4_018"",""ref_M0""]",238b93e584c49631,ok,partial,0.0814,50.97441437388865,65.2525524985182,4|switch|drift|liquid|s1|g2|mixed,True,True,True,True,0,3,0.0814,p2g1_070_s2,ok,0.2615,55.826880876143775,65.71917450152503,p2g1_070_s3,ok,0.1925,55.379673511278455,67.42289801503794,False,50.97441437388865,False,False,False,False,False,50.97441437388865,False,42.40753149911092,False,False,False,False,False,42.40753149911092
2,p2g1_071,1,merge_cross_edge,"[""p2g6_020"",""ref_M0""]",4a67738b092c14e3,ok,partial,0.3269,69.81250069490468,82.18666759320624,4|grow|mobile|liquid|s2|g2|structured,True,True,True,True,0,3,0.3269,p2g1_071_s2,ok,0.4086,74.83561393638269,86.16081858184357,p2g1_071_s3,ok,0.5103,73.94839882995313,81.58786510660417,False,69.81250069490468,True,True,False,False,False,69.81250069490468,False,62.38800055592374,True,True,False,False,False,62.38800055592374
2,p2g1_072,1,merge_cross_edge,"[""p1g6_065"",""ref_M0""]",26d0e37a72033beb,ok,partial,0.3343,41.805460664900664,44.59728088653422,4|constant|drift|liquid|s1|g2|structured,True,True,True,True,0,3,0.3343,p2g1_072_s2,ok,0.3895,50.30014517282734,54.08352689710313,p2g1_072_s3,ok,0.3879,49.61475138480571,53.22300184640761,False,41.805460664900664,False,False,False,False,False,41.805460664900664,False,40.13036853192053,False,False,False,False,False,40.13036853192053
2,p2g1_073,1,merge_cross_edge,"[""p4g4_018"",""ref_iso_d0.75""]",48cc33961cb18ab5,ok,partial,0.0884,50.972545743943364,65.01672765859115,4|switch|drift|liquid|s1|g2|mixed,False,False,False,False,0,1,,,,,,,,,,,,False,50.972545743943364,False,False,False,False,False,,False,42.54603659515469,False,False,False,False,False,
2,p2g1_074,1,merge_cross_edge,"[""p2g6_020"",""blk_engine_10748""]",cf978f6cd658a548,ok,partial,0.0,28.140550192823,37.520733590430666,4|switch|drift|frozen|s1|g2|mixed,True,True,True,True,0,3,0.0,p2g1_074_s2,ok,0.0,27.28390433315004,36.37853911086672,p2g1_074_s3,ok,0.0,23.61045998494365,31.4806133132582,False,28.140550192823,False,False,False,False,False,23.61045998494365,False,22.5124401542584,False,False,False,False,False,18.88836798795492
2,p2g1_075,1,merge_cross_edge,"[""p1g6_065"",""ref_M0""]",e67e943201c983af,ok,partial,0.3893,46.83118817872586,49.46491757163448,4|switch|drift|liquid|s1|g2|structured,True,True,True,True,0,3,0.3494,p2g1_075_s2,ok,0.4018,48.657110325517145,51.48281376735619,p2g1_075_s3,ok,0.3494,53.3288318824655,59.458442509954004,False,46.83118817872586,False,False,False,False,False,46.83118817872586,False,45.25095054298069,False,False,False,False,False,45.25095054298069
2,p2g1_001,1,mutate,"[""p2g2_041""]",1363809be9c9c0c3,ok,partial,0.0,37.623996829109295,50.16532910547906,3|grow|mobile|liquid|s1|g2|mixed,True,True,True,True,0,3,0.0,p2g1_001_s2,ok,0.0,36.67605255259269,48.90140340345692,p2g1_001_s3,ok,0.0,41.042211943971985,54.72294925862931,False,37.623996829109295,False,False,False,False,False,36.67605255259269,False,30.099197463287435,False,False,False,False,False,29.34084204207415
2,p2g1_009,1,mutate,"[""p3g9_022""]",c87dae7197d7ca1b,ok,partial,0.5772,42.67832018856189,37.66442691808252,3|constant|mobile|liquid|s1|g2|structured,True,True,True,True,0,3,0.5565,p2g1_009_s2,ok,0.574,42.668306484661656,37.757741979548875,p2g1_009_s3,ok,0.5565,46.16121743411655,42.9982899121554,False,42.67832018856189,False,False,False,False,False,42.668306484661656,False,45.686656150849515,False,False,False,False,False,45.61464518772932
2,p2g1_011,1,mutate,"[""p6g9_021""]",9de01c91384e7539,ok,partial,0.5078,75.79762386410493,84.13683181880658,3|grow|mobile|liquid|s2|g2|structured,True,True,True,True,0,3,0.3732,p2g1_011_s2,ok,0.3732,71.45639998742594,82.83519998323459,p2g1_011_s3,ok,0.3863,65.14903213528336,73.98870951371114,True,75.79762386410493,True,False,False,False,False,65.14903213528336,True,70.79409909128395,True,False,False,False,False,59.845225708226685
2,p2g1_013,1,mutate,"[""p6g8_033""]",495df91b3251fa11,ok,partial,0.4282,52.58797154975514,55.84396206634019,2|switch|mobile|flicker|s1|g2|mixed,True,True,True,True,0,3,0.0,p2g1_013_s2,ok,0.0,32.54685281523436,43.395803753645815,p2g1_013_s3,ok,0.3517,49.09962282411992,53.74283043215989,False,52.58797154975514,False,False,False,False,False,32.54685281523436,False,50.63437723980411,False,False,False,False,False,26.037482252187488
2,p2g1_019,1,mint_bilin,"[""p3g6_036""]",22370673b4d2c63c,ok,partial,0.3799,62.76704825591241,71.02606434121654,3|switch|mobile|liquid|s1|g1|structured,True,True,True,True,0,3,0.3799,p2g1_019_s2,ok,0.4539,64.39773984782956,70.73365313043941,p2g1_019_s3,ok,0.4755,64.86069410964363,70.63092547952485,False,62.76704825591241,True,True,False,False,False,62.76704825591241,False,57.81163860472992,True,True,False,False,False,57.81163860472992
2,p2g1_020,1,mint_bilin,"[""p2g2_041""]",c3f261e54c163527,ok,partial,0.2535,36.014973244537245,39.56996432604966,4|constant|drift|liquid|s1|g2|structured,False,False,False,False,0,1,,,,,,,,,,,,False,36.014973244537245,False,False,False,False,False,,False,33.88197859562979,False,False,False,False,False,
2,p2g1_021,1,mint_bilin,"[""p6g8_033""]",37a17f25d12bbe2d,ok,partial,0.2981,62.81673389125408,73.81897852167211,3|grow|rotor|liquid|s1|g2|structured,True,True,True,True,0,3,0.2981,p2g1_021_s2,ok,0.3078,65.45788156741108,77.01717542321477,p2g1_021_s3,ok,0.3108,65.27994961923103,76.67993282564137,False,62.81673389125408,False,False,False,False,False,62.81673389125408,False,56.21538711300326,False,False,False,False,False,56.21538711300326
2,p2g1_024,1,mint_bilin,"[""p3g6_032""]",b3e14a306a3b29ca,ok,partial,0.0,45.46933126125061,60.62577501500081,3|switch|rotor|flicker|s1|g1|mixed,True,True,True,True,0,3,0.0,p2g1_024_s2,ok,0.0,45.761458276876255,61.01527770250168,p2g1_024_s3,ok,0.0,53.673321326517645,71.56442843535686,False,45.46933126125061,False,False,False,False,False,45.46933126125061,False,36.375465009000486,False,False,False,False,False,36.375465009000486
2,p2g1_028,1,delete_bilin,"[""p2g4_069""]",c968f42c900825af,ok,partial,0.0545,46.429022471284625,60.0886966283795,3|grow|still|frozen|s3|g2|mixed,True,True,True,True,0,3,0.0333,p2g1_028_s2,ok,0.0372,37.34750231586021,48.55666975448028,p2g1_028_s3,ok,0.0333,35.75027680862056,46.55703574482742,False,46.429022471284625,False,False,False,False,False,35.75027680862056,False,38.2332179770277,False,False,False,False,False,29.26622144689645
2,p2g1_031,1,delete_bilin,"[""p6g8_033""]",54fe617cf706055f,ok,partial,0.301,59.542349082844055,69.35646544379208,3|grow|rotor|liquid|s1|g2|structured,False,False,False,False,0,1,,,,,,,,,,,,False,59.542349082844055,False,False,False,False,False,,False,53.65387926627524,False,False,False,False,False,
2,p2g1_033,1,add_chan,"[""p4g3_022""]",0e4c2afa711b0d24,ok,partial,0.4307,52.659205030053364,55.855606706737824,3|switch|mobile|liquid|s1|g0|structured,True,True,True,True,0,3,0.3689,p2g1_033_s2,ok,0.4686,55.30413216581569,58.11884288775424,p2g1_033_s3,ok,0.3689,53.81102222515261,59.45136296687015,False,52.659205030053364,False,False,False,False,False,52.659205030053364,False,50.741364024042696,False,False,False,False,False,50.426817780122086
2,p2g1_036,1,add_chan,"[""p6g5_026""]",2937ade6b1a91c5d,ok,partial,0.264,61.95272836018706,73.80363781358274,3|grow|mobile|liquid|s1|g2|structured,True,True,True,True,0,3,0.2616,p2g1_036_s2,ok,0.2616,64.57457346234165,77.37943128312219,p2g1_036_s3,ok,0.2775,62.46181793070113,74.03242390760151,False,61.95272836018706,False,False,False,False,False,61.95272836018706,False,54.84218268814964,False,False,False,False,False,54.84218268814964
2,p2g1_037,1,add_chan,"[""p1g7_023""]",3690c9f2501aa004,ok,partial,0.4526,52.725593972317384,55.21412529642318,2|switch|mobile|liquid|s1|g0|structured,True,True,True,True,0,3,0.3822,p2g1_037_s2,ok,0.3822,50.08584017167875,54.041120228905,p2g1_037_s3,ok,0.4458,51.18004229994358,53.38005639992477,False,52.725593972317384,False,False,False,False,False,50.08584017167875,False,51.23247517785391,False,False,False,False,False,47.712672137343006
2,p2g1_038,1,add_chan,"[""p6g7_028""]",d7c8debf0a1bb592,ok,partial,0.3744,66.62134105719375,76.348454742925,3|switch|mobile|liquid|s2|g2|structured,True,True,True,True,0,3,0.3442,p2g1_038_s2,ok,0.5614,69.8125276005493,74.37003680073241,p2g1_038_s3,ok,0.3442,67.55572719625096,78.60096959500127,False,66.62134105719375,True,True,False,False,False,66.62134105719375,False,60.785072845754996,True,True,False,False,False,60.785072845754996
2,p2g1_043,1,dup_act,"[""p6g7_028""]",c18ebbe9a26d9db6,ok,partial,0.0,22.00844362456444,29.344591499419252,2|constant|still|frozen|s1|g2|mixed,True,True,True,True,0,3,0.0,p2g1_043_s2,ok,0.0,25.384229763506564,33.84563968467542,p2g1_043_s3,ok,0.0,27.11919698920368,36.15892931893824,False,22.00844362456444,False,False,False,False,False,22.00844362456444,False,17.606754899651552,False,False,False,False,False,17.606754899651552
2,p2g1_045,1,dup_act,"[""p5g8_007""]",0c1fc022331e2949,ok,partial,0.0,33.693027703860004,44.92403693848001,3|switch|still|frozen|s1|g2|mixed,True,True,True,True,0,3,0.0,p2g1_045_s2,ok,0.0,39.99558606272733,53.32744808363644,p2g1_045_s3,ok,0.0,35.59838255581811,47.46451007442415,False,33.693027703860004,False,False,False,False,False,33.693027703860004,False,26.954422163088005,False,False,False,False,False,26.954422163088005
2,p2g1_057,1,merge_cross_edge,"[""p3g6_061"",""ref_BFIELD_g0.05""]",eeeea0dff8936f5d,ok,partial,0.0,35.93339828867682,47.91119771823576,2|oscillator|mobile|flicker|s1|g2|mixed,True,True,True,True,0,3,0.0,p2g1_057_s2,ok,0.0,32.236955587603724,42.982607450138296,p2g1_057_s3,ok,0.0,38.99202957168354,51.98937276224472,False,35.93339828867682,False,False,False,False,False,32.236955587603724,False,28.746718630941455,False,False,False,False,False,25.789564470082976
2,p2g1_062,1,merge_cross_edge,"[""p6g7_013"",""ref_M4_tau5.7""]",5b4ad6640be17b4b,ok,partial,0.2846,68.93072257922546,82.42096343896729,4|switch|rotor|liquid|s1|g2|mixed,True,True,True,True,0,3,0.2846,p2g1_062_s2,ok,0.3069,63.12296719302665,73.93395625736888,p2g1_062_s3,ok,0.3053,61.84453740586316,72.28271654115088,False,68.93072257922546,False,False,False,False,False,61.84453740586316,False,60.83657806338037,False,False,False,False,False,55.58162992469052
2,p2g1_079,1,merge_share_chan,"[""p3g6_070"",""ref_iso_d0.65""]",035df3a7b903a464,ok,partial,0.0,51.0509006150143,68.06786748668573,4|grow|mobile|liquid|s1|g2|mixed,True,True,True,True,0,3,0.0,p2g1_079_s2,ok,0.0,53.654893625025665,71.53985816670088,p2g1_079_s3,ok,0.0,56.465343901077475,75.28712520143664,False,51.0509006150143,False,False,False,False,False,51.0509006150143,False,40.840720492011435,False,False,False,False,False,40.840720492011435
2,p2g1_000,1,mutate,"[""p3g7_015""]",8374a12be60874cc,ok,partial,0.5144,68.45014180868388,74.12018907824518,4|switch|rotor|flicker|s1|g1|structured,True,True,True,True,0,3,0.5144,p2g1_000_s2,ok,0.5479,68.93352065087262,73.64802753449683,p2g1_000_s3,ok,0.5399,68.37659051596835,73.17212068795779,True,68.45014180868388,True,True,True,True,True,68.37659051596835,True,65.0481134469471,True,True,True,True,True,65.0481134469471
2,p2g1_003,1,mutate,"[""p5g4_065""]",f891cbf384200ef8,ok,partial,0.0,19.966709050111042,26.62227873348139,2|switch|drift|flicker|s1|g2|mixed,True,True,True,True,0,3,0.0,p2g1_003_s2,ok,0.0,18.51519710415328,24.686929472204373,p2g1_003_s3,ok,0.0,28.141092838271803,37.52145711769574,False,19.966709050111042,False,False,False,False,False,18.51519710415328,False,15.973367240088834,False,False,False,False,False,14.812157683322623
2,p2g1_015,1,mutate,"[""p6g5_026""]",942ef4a4cd6b8a1b,ok,partial,0.4165,61.43117680525941,68.02490240701255,3|oscillator|mobile|liquid|s1|g2|structured,True,True,True,True,0,3,0.3902,p2g1_015_s2,ok,0.6191,65.22424912980665,66.3289988397422,p2g1_015_s3,ok,0.3902,56.514563840437646,62.34608512058354,True,61.43117680525941,True,True,True,False,False,56.514563840437646,False,57.47494144420753,True,True,False,False,False,53.015651072350124
2,p2g1_018,1,mint_bilin,"[""p1g7_023""]",924ba5a10dc24335,ok,partial,0.4621,64.8295351426385,71.03604685685134,4|grow|mobile|liquid|s2|g0|structured,True,True,True,True,0,3,0.4184,p2g1_018_s2,ok,0.4781,65.3281259843641,71.16750131248548,p2g1_018_s3,ok,0.4184,62.931350481436475,69.9618006419153,True,64.8295351426385,True,True,True,True,True,62.931350481436475,True,61.10562811411081,True,True,True,False,False,58.71308038514918
2,p2g1_023,1,mint_bilin,"[""p6g7_028""]",14d77591986afc56,ok,partial,0.5746,65.15573924167154,67.72098565556206,3|switch|mobile|liquid|s1|g2|structured,True,True,False,False,0,2,,p2g1_023_s2,ok,0.3678,72.66548878220748,84.62731837627663,,,,,,True,65.15573924167154,True,False,False,False,False,,True,63.61659139333724,True,False,False,False,False,
2,p2g1_025,1,mint_bilin,"[""p1g3_035""]",b775106c35d12be9,ok,partial,0.6581,71.52799736509368,73.43399648679157,4|grow|mobile|liquid|s1|g1|structured,True,True,True,True,0,3,0.5527,p2g1_025_s2,ok,0.6845,75.9169995489554,78.40599939860721,p2g1_025_s3,ok,0.5527,74.01626567944356,80.26502090592476,True,71.52799736509368,True,True,True,True,True,71.52799736509368,True,70.38439789207494,True,True,True,True,True,70.26701254355484
2,p2g1_027,1,mint_bilin,"[""p1g3_035""]",2fe61fe3de1b9ff5,ok,partial,0.3953,64.5932254575709,72.94763394342785,4|grow|rotor|liquid|s2|g1|structured,True,True,True,True,0,3,0.3953,p2g1_027_s2,ok,0.5212,63.737257876679294,67.60967716890572,p2g1_027_s3,ok,0.5253,71.03204121943098,77.19938829257464,False,64.5932254575709,True,True,False,False,False,63.737257876679294,False,59.5805803660567,True,True,False,False,False,59.5805803660567
2,p2g1_030,1,delete_bilin,"[""p1g5_022""]",4e4cd0ea7942ce19,ok,partial,0.098,49.048238136417524,62.13098418189003,4|grow|rotor|frozen|s1|g2|structured,True,True,True,True,0,3,0.0505,p2g1_030_s2,ok,0.0632,48.2105991574938,62.17413220999174,p2g1_030_s3,ok,0.0505,43.445406977228515,56.24387596963801,False,49.048238136417524,False,False,False,False,False,43.445406977228515,False,41.198590509134014,False,False,False,False,False,35.76632558178281
2,p2g1_065,1,merge_cross_edge,"[""p3g5_061"",""ref_iso_d0.65""]",a318103d190665fb,ok,partial,0.0,37.08292992985312,49.4439065731375,4|constant|drift|liquid|s1|g2|mixed,True,True,True,True,0,3,0.0,p2g1_065_s2,ok,0.0,40.88569425962745,54.5142590128366,p2g1_065_s3,ok,0.0,45.164296733172996,60.21906231089733,False,37.08292992985312,False,False,False,False,False,37.08292992985312,False,29.666343943882495,False,False,False,False,False,29.666343943882495
2,p2g1_016,1,mint_bilin,"[""p2g6_020""]",72aafa6862339280,ok,partial,0.2002,41.76455999221147,49.012746656281955,3|switch|mobile|liquid|s1|g2|mixed,False,False,False,False,0,1,,,,,,,,,,,,False,41.76455999221147,False,False,False,False,False,,False,37.41564799376917,False,False,False,False,False,
2,p2g1_080,1,immigrate,,47f1730cec82769b,no_blobs,missing,,0.0,,,False,False,False,False,0,1,,,,,,,,,,,,False,,False,False,False,False,False,,False,,False,False,False,False,False,
2,p2g1_081,1,immigrate,,1df4d0b68cfb7b70,no_blobs,missing,,0.0,,,False,False,False,False,0,1,,,,,,,,,,,,False,,False,False,False,False,False,,False,,False,False,False,False,False,
2,p2g1_083,1,immigrate,,4ad7c66fbc50f01b,no_blobs,missing,,0.0,,,False,False,False,False,0,1,,,,,,,,,,,,False,,False,False,False,False,False,,False,,False,False,False,False,False,
2,p2g1_085,1,immigrate,,cc3a01905f33f7fa,no_blobs,missing,,0.0,,,False,False,False,False,0,1,,,,,,,,,,,,False,,False,False,False,False,False,,False,,False,False,False,False,False,
2,p2g1_094,1,immigrate,,e79323550c95e545,no_blobs,missing,,0.0,,,False,False,False,False,0,1,,,,,,,,,,,,False,,False,False,False,False,False,,False,,False,False,False,False,False,
2,p2g1_095,1,immigrate,,f647782dda61ae01,no_blobs,missing,,0.0,,,False,False,False,False,0,1,,,,,,,,,,,,False,,False,False,False,False,False,,False,,False,False,False,False,False,
2,p2g1_096,1,immigrate,,f03eeea1a73f1e21,no_blobs,missing,,0.0,,,False,False,False,False,0,1,,,,,,,,,,,,False,,False,False,False,False,False,,False,,False,False,False,False,False,
2,p2g1_097,1,immigrate,,9ca91f5837dcb2be,no_blobs,missing,,0.0,,,False,False,False,False,0,1,,,,,,,,,,,,False,,False,False,False,False,False,,False,,False,False,False,False,False,
2,p2g1_098,1,immigrate,,114ff23ee23fde5c,no_blobs,missing,,0.0,,,False,False,False,False,0,1,,,,,,,,,,,,False,,False,False,False,False,False,,False,,False,False,False,False,False,
2,p2g1_084,1,immigrate,,ee971d4cc1be9396,no_blobs,missing,,0.0,,,False,False,False,False,0,1,,,,,,,,,,,,False,,False,False,False,False,False,,False,,False,False,False,False,False,
2,p2g1_089,1,immigrate,,f9d8c9d3e16039eb,no_blobs,missing,,0.0,,,False,False,False,False,0,1,,,,,,,,,,,,False,,False,False,False,False,False,,False,,False,False,False,False,False,
2,p2g1_090,1,immigrate,,b6c79f4124636f3d,no_blobs,missing,,0.0,,,False,False,False,False,0,1,,,,,,,,,,,,False,,False,False,False,False,False,,False,,False,False,False,False,False,
2,p2g1_091,1,immigrate,,ebe586f3c46d786e,no_blobs,missing,,0.0,,,False,False,False,False,0,1,,,,,,,,,,,,False,,False,False,False,False,False,,False,,False,False,False,False,False,
2,p2g1_099,1,immigrate,,0fefc5f3d643e5ce,no_blobs,missing,,0.0,,,False,False,False,False,0,1,,,,,,,,,,,,False,,False,False,False,False,False,,False,,False,False,False,False,False,
2,p2g1_039,1,add_chan,"[""p2g6_020""]",c245b852050beef9,ok,partial,0.39,69.74382746918795,79.99176995891726,3|switch|rotor|liquid|s2|g2|structured,True,True,True,True,0,3,0.39,p2g1_039_s2,ok,0.5146,66.0923373452402,70.96978312698693,p2g1_039_s3,ok,0.5104,70.35060177460377,76.78746903280503,False,69.74382746918795,True,True,False,False,False,66.0923373452402,False,63.595061975350355,True,True,False,False,False,63.16586987619215
2,p2g1_007,1,mutate,"[""p2g6_020""]",8e12e46756768553,ok,partial,0.5208,67.0085185816285,71.98469144217133,3|switch|mobile|liquid|s1|g2|structured,True,True,True,True,0,3,0.5097,p2g1_007_s2,ok,0.5298,66.46799403401312,70.96399204535082,p2g1_007_s3,ok,0.5097,67.5763872072078,73.1118496096104,True,67.0085185816285,True,True,True,True,True,66.46799403401312,True,64.02281486530279,True,True,True,True,True,63.77039522721049
2,p2g1_082,1,immigrate,,1672840b0b201e70,ok,partial,0.0,0.0,0.0,1|constant|still|gas|s1|g0|mixed,False,False,False,False,0,1,,,,,,,,,,,,False,0.0,False,False,False,False,False,,False,0.0,False,False,False,False,False,
2,p2g1_087,1,immigrate,,915c36cff0bbb212,ok,partial,0.0,0.0,0.0,1|constant|still|gas|s1|g0|mixed,False,False,False,False,0,1,,,,,,,,,,,,False,0.0,False,False,False,False,False,,False,0.0,False,False,False,False,False,
2,p2g1_093,1,immigrate,,8c72f9f30926d05c,ok,partial,0.0,0.0,0.0,1|constant|still|gas|s1|g0|mixed,False,False,False,False,0,1,,,,,,,,,,,,False,0.0,False,False,False,False,False,,False,0.0,False,False,False,False,False,
2,p2g1_088,1,immigrate,,a8ebdc9bdd5629c4,no_blobs,missing,,0.0,,,False,False,False,False,0,1,,,,,,,,,,,,False,,False,False,False,False,False,,False,,False,False,False,False,False,
2,p2g1_086,1,immigrate,,26427bf2891d0a69,ok,partial,0.0,15.337500000000002,20.450000000000003,2|constant|still|gas|s1|g0|mixed,True,True,True,True,0,3,0.0,p2g1_086_s2,ok,0.0,15.337500000000002,20.450000000000003,p2g1_086_s3,ok,0.0,15.337500000000002,20.450000000000003,False,15.337500000000002,False,False,False,False,False,15.337500000000002,False,12.270000000000001,False,False,False,False,False,12.270000000000001
2,p2g1_092,1,immigrate,,4532ffe10914220d,ok,partial,0.0,22.987499999999997,30.65,2|constant|still|gas|s1|g2|mixed,True,True,True,True,0,3,0.0,p2g1_092_s2,ok,0.0,22.987499999999997,30.65,p2g1_092_s3,ok,0.0,22.987499999999997,30.65,False,22.987499999999997,False,False,False,False,False,22.987499999999997,False,18.389999999999997,False,False,False,False,False,18.389999999999997
2,p2g2_045,2,dup_act,"[""p6g8_033""]",6c610572aaddf7a2,fail_g0a,missing,,,,,False,False,False,False,0,1,,,,,,,,,,,,False,,False,False,False,False,False,,False,,False,False,False,False,False,
2,p2g2_065,2,merge_cross_edge,"[""p2g4_053"",""blk_p2g4_053""]",bb982e8560b2eab7,fail_g0a,missing,,,,,False,False,False,False,0,1,,,,,,,,,,,,False,,False,False,False,False,False,,False,,False,False,False,False,False,
2,p2g2_002,2,mutate,"[""p2g1_079""]",b217a16632af5112,fail_g0a,missing,,,,,False,False,False,False,0,1,,,,,,,,,,,,False,,False,False,False,False,False,,False,,False,False,False,False,False,
2,p2g2_040,2,dup_act,"[""p6g7_028""]",9d20510112e4dd22,fail_g0a,missing,,,,,False,False,False,False,0,1,,,,,,,,,,,,False,,False,False,False,False,False,,False,,False,False,False,False,False,
2,p2g2_076,2,merge_share_chan,"[""p2g6_020"",""blk_engine_10748""]",26b035f68bee13c5,fail_g0a,missing,,,,,False,False,False,False,0,1,,,,,,,,,,,,False,,False,False,False,False,False,,False,,False,False,False,False,False,
2,p2g2_046,2,dup_act,"[""p1g6_065""]",04b0b077dbcfedf7,fail_g0a,missing,,,,,False,False,False,False,0,1,,,,,,,,,,,,False,,False,False,False,False,False,,False,,False,False,False,False,False,
2,p2g2_077,2,merge_share_chan,"[""p2g1_002"",""ref_M4_tau5.7""]",135b9c374b095b07,fail_g0a,missing,,,,,False,False,False,False,0,1,,,,,,,,,,,,False,,False,False,False,False,False,,False,,False,False,False,False,False,
2,p2g2_075,2,merge_share_chan,"[""p10g0_ds6_000"",""blk_engine_10748""]",68c1d37f5fc14557,fail_g0a,missing,,,,,False,False,False,False,0,1,,,,,,,,,,,,False,,False,False,False,False,False,,False,,False,False,False,False,False,
2,p2g2_064,2,merge_cross_edge,"[""p2g4_062"",""blk_engine_10748""]",c1f9928b940fc209,ok,partial,0.4053,65.61446569293699,73.97595425724933,3|grow|mobile|liquid|s1|g2|structured,True,True,True,True,0,3,0.4053,p2g2_064_s2,ok,0.4093,64.87806311046089,72.86075081394785,p2g2_064_s3,ok,0.41,66.67321641622578,75.23095522163439,True,65.61446569293699,True,True,True,True,True,64.87806311046089,True,60.5975725543496,True,True,True,True,True,60.08845048836871
2,p2g2_013,2,mutate,"[""p3g5_061""]",f05addd37969cb37,ok,partial,0.0,10.5875,14.116666666666667,2|constant|still|gas|s1|g0|mixed,False,False,False,False,0,1,,,,,,,,,,,,False,10.5875,False,False,False,False,False,,False,8.47,False,False,False,False,False,
2,p2g2_015,2,mutate,"[""p2g7_039""]",cd8380c18ee6bb4b,ok,partial,0.3694,50.977060241461864,55.656080321949155,3|grow|mobile|liquid|s1|g0|structured,True,True,True,True,0,3,0.3694,p2g2_015_s2,ok,0.4209,51.12633976664418,54.13845302219224,p2g2_015_s3,ok,0.3928,47.5201812771973,50.26690836959641,False,50.977060241461864,False,False,False,False,False,47.5201812771973,False,48.16964819316949,False,False,False,False,False,45.872145021757845
2,p2g2_027,2,mint_bilin,"[""p2g1_070""]",72ae489b0abbca50,ok,partial,0.0846,50.876309931135474,65.01507990818062,4|switch|drift|liquid|s1|g2|mixed,False,False,False,False,0,1,,,,,,,,,,,,False,50.876309931135474,False,False,False,False,False,,False,42.393047944908375,False,False,False,False,False,
2,p2g2_029,2,delete_bilin,"[""p2g1_069""]",bfa54c73d140756c,ok,partial,0.0,34.70802810846936,46.27737081129248,4|constant|drift|liquid|s1|g2|mixed,False,False,False,False,0,1,,,,,,,,,,,,False,34.70802810846936,False,False,False,False,False,,False,27.766422486775486,False,False,False,False,False,
2,p2g2_030,2,delete_bilin,"[""p2g1_070""]",beaf5262003aedf1,ok,partial,0.1133,52.15951977678829,65.76935970238438,4|switch|drift|liquid|s1|g2|mixed,True,True,True,True,0,3,0.1133,p2g2_030_s2,ok,0.2627,56.98059478082317,67.21745970776422,p2g2_030_s3,ok,0.1371,54.76183063634231,68.44577418178974,False,52.15951977678829,False,False,False,False,False,52.15951977678829,False,43.99361582143062,False,False,False,False,False,43.99361582143062
2,p2g2_032,2,add_chan,"[""p6g8_033""]",0421ca1c09d33bb6,ok,partial,0.3786,61.83417107414964,69.8255614321995,3|switch|mobile|liquid|s1|g2|structured,False,False,False,False,0,1,,,,,,,,,,,,False,61.83417107414964,False,False,False,False,False,,False,57.039336859319704,False,False,False,False,False,
2,p2g2_041,2,dup_act,"[""p6g8_033""]",2c35048f8d3575ac,ok,partial,0.0,38.950523587011396,51.93403144934853,3|constant|drift|liquid|s1|g2|mixed,True,True,False,False,0,2,,p2g2_041_s2,ok,0.0,26.121610768023466,34.82881435736462,,,,,,False,38.950523587011396,False,False,False,False,False,,False,31.160418869609117,False,False,False,False,False,
2,p2g2_056,2,merge_cross_edge,"[""p2g6_020"",""ref_iso_d0.75""]",f642853f66ccd8c8,ok,partial,0.0,51.757033615524946,69.00937815403326,4|switch|mobile|liquid|s1|g2|mixed,True,True,True,True,0,3,0.0,p2g2_056_s2,ok,0.0,54.196885382607164,72.26251384347621,p2g2_056_s3,ok,0.0,55.46030672531575,73.94707563375434,False,51.757033615524946,False,False,False,False,False,51.757033615524946,False,41.40562689241995,False,False,False,False,False,41.40562689241995
2,p2g2_000,2,mutate,"[""p2g7_039""]",74c194cc0545ad46,ok,partial,0.5004,61.14007359871615,64.84009813162153,3|switch|mobile|liquid|s1|g2|structured,False,False,False,False,0,1,,,,,,,,,,,,True,61.14007359871615,True,False,False,False,False,,False,58.92005887897292,False,False,False,False,False,
2,p2g2_034,2,add_chan,"[""p3g6_032""]",afe011c2a70b0605,ok,partial,0.5388,73.25711468865056,79.71615291820075,4|grow|mobile|liquid|s2|g1|structured,True,True,True,True,0,3,0.5388,p2g2_034_s2,ok,0.5593,74.11897876613416,80.18197168817889,p2g2_034_s3,ok,0.5634,74.46422224071915,80.50562965429219,True,73.25711468865056,True,True,True,True,True,73.25711468865056,True,69.38169175092045,True,True,True,True,True,69.38169175092045
2,p2g2_039,2,add_chan,"[""p6g8_033""]",736f16ae2b03baa9,ok,partial,0.3112,62.0038361962549,72.2984482616732,3|grow|mobile|liquid|s2|g2|structured,False,False,False,False,0,1,,,,,,,,,,,,False,62.0038361962549,False,False,False,False,False,,False,55.82706895700392,False,False,False,False,False,
2,p2g2_043,2,dup_act,"[""p2g6_020""]",3aa0812c719477bf,ok,partial,0.2772,65.04849412656895,77.49132550209194,4|switch|drift|liquid|s2|g2|structured,True,True,True,True,0,3,0.244,p2g2_043_s2,ok,0.244,63.85136662136029,77.00182216181372,p2g2_043_s3,ok,0.3162,68.56226192794638,80.87634923726183,False,65.04849412656895,False,False,False,False,False,63.85136662136029,False,57.58279530125516,False,False,False,False,False,55.961093297088226
2,p2g2_050,2,merge_spatial_ic,"[""p2g7_039"",""p2g1_049""]",fa86cb8089d048d0,ok,partial,0.5532,65.57415267752525,68.99220357003367,4|grow|mobile|liquid|s1|g2|structured,False,False,False,False,0,1,,,,,,,,,,,,True,65.57415267752525,True,False,False,False,False,,True,63.5233221420202,True,False,False,False,False,
2,p2g2_057,2,merge_cross_edge,"[""p6g5_025"",""ref_iso_d0.65""]",7eefd3bf8f5d508a,ok,partial,0.3381,59.192016014642434,67.65268801952324,3|grow|rotor|liquid|s1|g2|structured,False,False,False,False,0,1,,,,,,,,,,,,False,59.192016014642434,False,False,False,False,False,,False,54.115612811713945,False,False,False,False,False,
2,p2g2_058,2,merge_cross_edge,"[""p2g6_020"",""ref_M0""]",e6ec7b37ad3ac417,ok,partial,0.4807,75.9304653478542,85.21728713047226,4|switch|rotor|liquid|s2|g2|structured,True,True,True,True,0,3,0.2912,p2g2_058_s2,ok,0.4169,69.1323291510028,78.27977220133707,p2g2_058_s3,ok,0.2912,69.28110503535014,82.66814004713352,True,75.9304653478542,True,True,True,False,False,69.1323291510028,True,70.35837227828335,True,True,True,False,False,61.248884028280116
2,p2g2_059,2,merge_cross_edge,"[""p2g6_020"",""ref_iso_d0.75""]",f5dc3c4ef4f01028,ok,partial,0.5432,74.4816809535988,81.20224127146507,4|switch|rotor|liquid|s2|g2|structured,False,False,False,False,0,1,,,,,,,,,,,,True,74.4816809535988,True,False,False,False,False,,True,70.44934476287904,True,False,False,False,False,
2,p2g2_060,2,merge_cross_edge,"[""p2g6_020"",""blk_engine_10748""]",87f090a8524d6f79,ok,partial,0.5509,71.60771869062128,77.11362492082839,3|grow|rotor|liquid|s2|g2|structured,True,True,False,False,0,2,,p2g2_060_s2,ok,0.6662,74.34839552011894,76.92452736015859,,,,,,True,71.60771869062128,True,True,True,False,False,,True,68.30417495249702,True,True,True,False,False,
2,p2g2_061,2,merge_cross_edge,"[""p2g6_020"",""ref_M0""]",2858ea7e8fe8708e,ok,partial,0.3559,70.0183718397505,81.49449578633401,4|switch|rotor|liquid|s2|g2|structured,False,False,False,False,0,1,,,,,,,,,,,,False,70.0183718397505,False,False,False,False,False,,False,63.13269747180041,False,False,False,False,False,
2,p2g2_062,2,merge_cross_edge,"[""p2g1_007"",""ref_iso_d0.75""]",7628e5e23b517c98,ok,partial,0.3114,49.60733663583663,55.76311551444885,3|switch|still|liquid|s1|g2|structured,True,True,True,True,0,3,0.2609,p2g2_062_s2,ok,0.2609,49.25867295930933,56.98156394574577,p2g2_062_s3,ok,0.3305,44.66883024717292,48.54177366289723,False,49.60733663583663,False,False,False,False,False,44.66883024717292,False,45.913869308669305,False,False,False,False,False,42.34506419773834
2,p2g2_067,2,merge_cross_edge,"[""p2g6_020"",""ref_iso_d0.65""]",71d96c0d2e2adfc3,ok,partial,0.5486,53.41073200828289,52.92764267771053,3|oscillator|rotor|liquid|s1|g2|structured,True,True,True,True,0,3,0.5486,p2g2_067_s2,ok,0.6137,56.364900365667076,54.696533820889435,p2g2_067_s3,ok,0.6352,51.25031799563661,47.160423994182146,False,53.41073200828289,False,False,False,False,False,51.25031799563661,False,53.70058560662632,False,False,False,False,False,53.70058560662632
2,p2g2_068,2,merge_cross_edge,"[""p2g6_020"",""ref_M4_tau5.7""]",1ee7ce1b7838f956,ok,partial,0.4693,72.03701886326192,80.4060251510159,4|grow|rotor|liquid|s3|g2|structured,False,False,False,False,0,1,,,,,,,,,,,,True,72.03701886326192,True,False,False,False,False,,True,67.01561509060954,True,False,False,False,False,
2,p2g2_069,2,merge_cross_edge,"[""p4g4_018"",""blk_engine_10748""]",9a985419bb8a4390,ok,partial,0.2081,63.74462100476468,78.05616133968624,4|switch|rotor|liquid|s1|g2|mixed,False,False,False,False,0,1,,,,,,,,,,,,False,63.74462100476468,False,False,False,False,False,,False,55.15769680381174,False,False,False,False,False,
2,p2g2_070,2,merge_cross_edge,"[""p2g6_020"",""ref_M0""]",2ccd2e15c8fa6fb9,ok,partial,0.5156,67.62419910247876,72.97893213663833,4|switch|mobile|liquid|s1|g2|structured,True,True,True,False,1,2,,p2g2_070_s2,ok,0.5843,69.77567388869726,73.55756518492967,,,,,,True,67.62419910247876,True,True,True,False,False,,True,64.411359281983,True,True,True,False,False,
2,p2g2_071,2,merge_cross_edge,"[""p2g6_020"",""ref_iso_d0.75""]",db5ab524addbfa0d,ok,partial,0.4328,73.91554869382584,84.12739825843445,4|grow|rotor|liquid|s3|g2|structured,False,False,False,False,0,1,,,,,,,,,,,,True,73.91554869382584,True,False,False,False,False,,True,67.78843895506067,True,False,False,False,False,
2,p2g2_001,2,mutate,"[""p3g6_032""]",81432c314a05abfa,ok,partial,0.5394,41.40693097835819,37.22924130447758,3|constant|mobile|liquid|s1|g1|structured,True,True,False,False,0,2,,p2g2_001_s2,ok,0.5824,42.47515107597583,37.22020143463444,,,,,,False,41.40693097835819,False,False,False,False,False,,False,43.91354478268655,False,False,False,False,False,
2,p2g2_004,2,mutate,"[""p6g8_033""]",4367715aa0823f2a,ok,partial,0.2563,43.842051224082184,49.91273496544291,2|switch|mobile|liquid|s1|g2|structured,True,True,True,True,0,3,0.1999,p2g2_004_s2,ok,0.1999,39.03663166765123,45.385508890201635,p2g2_004_s3,ok,0.2796,45.24007679026511,51.00010238702014,False,43.842051224082184,False,False,False,False,False,39.03663166765123,False,40.19964097926574,False,False,False,False,False,35.22730533412098
2,p2g2_006,2,mutate,"[""p6g9_021""]",24b09477e69160fc,ok,partial,0.3229,51.95584208156717,58.5111227754229,2|grow|mobile|liquid|s2|g2|structured,True,True,False,False,0,2,,p2g2_006_s2,ok,0.2899,57.789527465316695,67.38936995375559,,,,,,False,51.95584208156717,False,False,False,False,False,,False,48.022673665253734,False,False,False,False,False,
2,p2g2_007,2,mutate,"[""p3g6_032""]",25358d15ec16e629,ok,partial,0.251,45.18175063973011,51.87566751964015,3|switch|mobile|liquid|s1|g0|structured,False,False,False,False,0,1,,,,,,,,,,,,False,45.18175063973011,False,False,False,False,False,,False,41.165400511784085,False,False,False,False,False,
2,p2g2_008,2,mutate,"[""p6g9_021""]",0cd0a755cd316c5a,ok,partial,0.3204,47.34395579591856,52.44527439455808,2|oscillator|mobile|liquid|s1|g2|structured,True,True,True,True,0,3,0.2854,p2g2_008_s2,ok,0.6379,59.853299383353935,58.541065844471916,p2g2_008_s3,ok,0.2854,50.3867891734346,57.669052231246134,False,47.34395579591856,False,False,False,False,False,47.34395579591856,False,44.28316463673485,True,True,False,False,False,44.28316463673485
2,p2g2_009,2,mutate,"[""p3g9_022""]",496b14b66cf1bdde,ok,partial,0.5789,64.84256568186383,67.16008757581844,4|grow|mobile|liquid|s2|g2|structured,False,False,False,False,0,1,,,,,,,,,,,,True,64.84256568186383,True,False,False,False,False,,True,63.45205254549106,True,False,False,False,False,
2,p2g2_010,2,mutate,"[""p3g6_032""]",d622c2d8cf881d56,ok,partial,0.5912,42.587057532553786,37.07607671007172,3|constant|mobile|liquid|s1|g1|structured,True,True,True,True,0,3,0.5825,p2g2_010_s2,ok,0.5825,42.33424618054357,37.028994907391436,p2g2_010_s3,ok,0.5886,41.545026094230366,35.773368125640495,False,42.587057532553786,False,False,False,False,False,41.545026094230366,False,45.89364602604303,False,False,False,False,False,45.0080208753843
2,p2g2_011,2,mutate,"[""p2g1_053""]",d93c906158f78639,ok,partial,0.3578,56.15559535507187,62.94746047342915,4|switch|mobile|liquid|s1|g1|structured,True,True,False,False,0,2,,p2g2_011_s2,ok,0.5545,62.11886532879129,64.34182043838838,,,,,,False,56.15559535507187,True,True,False,False,False,,False,52.0804762840575,True,True,False,False,False,
2,p2g2_014,2,mutate,"[""p6g8_020""]",2a344074153e7f5d,ok,partial,0.5359,69.24521586052015,74.4636211473602,4|grow|rotor|liquid|s1|g2|structured,True,True,True,True,0,3,0.3855,p2g2_014_s2,ok,0.5131,70.24639185915477,76.55852247887303,p2g2_014_s3,ok,0.3855,67.18546770069446,76.73062360092595,True,69.24521586052015,True,True,True,False,False,67.18546770069446,True,66.11417268841612,True,True,True,False,False,61.45837416055557
2,p2g2_021,2,mint_bilin,"[""p3g6_032""]",bf7e83194d770cac,ok,partial,0.6515,50.317404232591116,45.37320564345482,4|oscillator|mobile|liquid|s1|g1|structured,True,True,True,True,0,3,0.4354,p2g2_021_s2,ok,0.4354,64.8981064443546,72.01747525913946,p2g2_021_s3,ok,0.5663,70.48466486743747,75.10288648991663,False,50.317404232591116,True,True,False,False,False,50.317404232591116,False,53.283923386072885,True,True,False,False,False,53.283923386072885
2,p2g2_024,2,mint_bilin,"[""p3g6_032""]",00ad67098ca52841,ok,partial,0.3684,32.67928821913009,31.29238429217346,3|switch|drift|liquid|s1|g0|structured,True,True,True,True,0,3,0.3552,p2g2_024_s2,ok,0.6002,35.689292432489594,27.5790565766528,p2g2_024_s3,ok,0.3552,51.46473428766696,56.77964571688927,False,32.67928821913009,False,False,False,False,False,32.67928821913009,False,33.511430575304075,False,False,False,False,False,33.511430575304075
2,p2g2_016,2,mint_bilin,"[""p2g4_002""]",68792846f53adaa5,ok,partial,0.316,59.97947995586325,69.43930660781767,3|switch|mobile|liquid|s1|g2|structured,False,False,False,False,0,1,,,,,,,,,,,,False,59.97947995586325,False,False,False,False,False,,False,54.3035839646906,False,False,False,False,False,
2,p2g2_018,2,mint_bilin,"[""p6g9_040""]",0af6510266e625be,ok,partial,0.7576,48.77120516361141,39.774940218148544,3|switch|mobile|flicker|s1|g0|structured,True,True,True,True,0,3,0.3326,p2g2_018_s2,ok,0.6591,55.55911702410574,52.10882269880766,p2g2_018_s3,ok,0.3326,47.9249994225621,52.81333256341614,False,48.77120516361141,False,False,False,False,False,47.9249994225621,False,54.16896413088912,False,False,False,False,False,44.99199953804968
2,p2g2_020,2,mint_bilin,"[""p5g3_040""]",f9a23970e353ef6d,ok,partial,0.5614,71.42459630873384,76.51946174497846,4|grow|mobile|liquid|s1|g2|structured,False,False,False,False,0,1,,,,,,,,,,,,True,71.42459630873384,True,False,False,False,False,,True,68.36767704698707,True,False,False,False,False,
2,p2g2_022,2,mint_bilin,"[""p2g4_030""]",b4d5b1c1281d75e2,ok,partial,0.2612,62.65591758662842,74.83455678217122,4|grow|mobile|flicker|s2|g2|mixed,True,True,True,True,0,3,0.2183,p2g2_022_s2,ok,0.2183,67.35502004199006,82.53002672265342,p2g2_022_s3,ok,0.2793,61.009636195897954,72.0361815945306,False,62.65591758662842,False,False,False,False,False,61.009636195897954,False,55.34873406930273,False,False,False,False,False,54.393708956718356
2,p2g2_023,2,mint_bilin,"[""p6g9_021""]",7fa13f78a42abf98,ok,partial,0.2108,53.748445188084744,64.63792691744632,2|grow|mobile|liquid|s2|g2|structured,True,True,True,False,1,2,,p2g2_023_s2,ok,0.2103,60.59308669147416,73.78078225529889,,,,,,False,53.748445188084744,False,False,False,False,False,,False,47.21475615046779,False,False,False,False,False,
2,p2g2_028,2,delete_bilin,"[""p6g8_033""]",54fe617cf706055f,ok,partial,0.301,59.542349082844055,69.35646544379208,3|grow|rotor|liquid|s1|g2|structured,False,False,False,False,0,1,,,,,,,,,,,,False,59.542349082844055,False,False,False,False,False,,False,53.65387926627524,False,False,False,False,False,
2,p2g2_031,2,delete_bilin,"[""p3g6_032""]",f696871bd3d8ad9a,ok,partial,0.5084,65.37461158003394,70.21948210671194,4|grow|mobile|liquid|s1|g1|structured,False,False,False,False,0,1,,,,,,,,,,,,True,65.37461158003394,True,False,False,False,False,,True,62.46768926402716,True,False,False,False,False,
2,p2g2_037,2,add_chan,"[""p6g5_026""]",d2c92dfd3075f3b5,ok,partial,0.3002,67.40147179135403,79.86196238847204,3|switch|rotor|liquid|s2|g2|structured,False,False,False,False,0,1,,,,,,,,,,,,False,67.40147179135403,False,False,False,False,False,,False,59.92517743308322,False,False,False,False,False,
2,p2g2_038,2,add_chan,"[""p6g5_026""]",5c3b22eec22509f0,ok,partial,0.176,39.95405574549072,47.4054076606543,2|switch|still|liquid|s1|g2|structured,True,True,True,False,1,2,,p2g2_038_s2,ok,0.1171,45.78291704405667,57.14055605874222,,,,,,False,39.95405574549072,False,False,False,False,False,,False,35.48324459639258,False,False,False,False,False,
2,p2g2_042,2,dup_act,"[""p6g7_028""]",ea28b70c8b93a743,ok,partial,0.3286,65.03090341596193,75.75453788794924,4|grow|rotor|liquid|s1|g2|mixed,True,True,True,True,0,3,0.2842,p2g2_042_s2,ok,0.2842,65.87215330893761,78.3562044119168,p2g2_042_s3,ok,0.4208,67.22227073154512,75.60302764206017,False,65.03090341596193,True,True,False,False,False,65.03090341596193,False,58.59672273276954,True,True,False,False,False,58.381722647150085
2,p2g2_044,2,dup_act,"[""p6g5_026""]",0278a89bbec247c9,ok,partial,0.0,39.927799928595725,53.237066571460964,3|constant|mobile|liquid|s1|g2|mixed,True,True,True,True,0,3,0.0,p2g2_044_s2,ok,0.0,35.59418312080159,47.45891082773545,p2g2_044_s3,ok,0.0,36.25002690866423,48.33336921155231,False,39.927799928595725,False,False,False,False,False,35.59418312080159,False,31.942239942876576,False,False,False,False,False,28.47534649664127
2,p2g2_047,2,dup_act,"[""p6g7_028""]",e36d149d612e35ba,ok,partial,0.0,57.17622907397967,76.23497209863956,4|grow|rotor|liquid|s1|g2|mixed,False,False,False,False,0,1,,,,,,,,,,,,False,57.17622907397967,False,False,False,False,False,,False,45.740983259183736,False,False,False,False,False,
2,p2g2_048,2,merge_spatial_ic,"[""p3g5_003"",""p6g7_035""]",a8588ddb13332b62,ok,partial,0.6146,68.58976278792657,70.96635038390211,4|switch|mobile|liquid|s1|g1|structured,True,True,False,False,0,2,,p2g2_048_s2,ok,0.5251,69.34038448310847,74.95051264414462,,,,,,True,68.58976278792657,True,True,True,False,False,,True,67.16381023034127,True,True,True,False,False,
2,p2g2_049,2,merge_spatial_ic,"[""p6g3_033"",""p2g1_054""]",45d84b9a9c2d5329,ok,partial,0.5609,69.37763783265525,73.80685044354034,4|switch|mobile|liquid|s1|g1|structured,True,True,True,True,0,3,0.4232,p2g2_049_s2,ok,0.4627,70.08692054178246,78.02589405570995,p2g2_049_s3,ok,0.4232,69.46242462940712,78.50989950587616,True,69.37763783265525,True,True,True,True,True,69.37763783265525,True,66.72011026612421,True,True,True,True,True,64.0339397035257
2,p2g2_051,2,merge_spatial_ic,"[""p6g9_021"",""p3g5_061""]",b310fbfc5cac334e,ok,partial,0.2935,55.57721480958929,64.31961974611906,3|switch|mobile|liquid|s1|g2|structured,False,False,False,False,0,1,,,,,,,,,,,,False,55.57721480958929,False,False,False,False,False,,False,50.33177184767143,False,False,False,False,False,
2,p2g2_053,2,merge_spatial_ic,"[""p2g1_043"",""p2g4_030""]",c18ebbe9a26d9db6,ok,partial,0.0,34.753742513085434,46.33832335078058,2|constant|drift|liquid|s1|g2|mixed,True,True,True,True,0,3,0.0,p2g2_053_s2,ok,0.0,28.130232172196887,37.50697622959585,p2g2_053_s3,ok,0.0,26.729739948381898,35.6396532645092,False,34.753742513085434,False,False,False,False,False,26.729739948381898,False,27.802994010468346,False,False,False,False,False,21.38379195870552
2,p2g2_055,2,merge_spatial_ic,"[""p3g6_032"",""p4g4_007""]",3e9e387b61a8cb22,ok,partial,0.0326,11.300091430659096,13.980121907545461,2|constant|still|frozen|s1|g1|structured,True,True,True,True,0,3,0.0326,p2g2_055_s2,ok,0.5511,73.74063785581511,79.95085047442015,p2g2_055_s3,ok,0.6332,76.30137289189193,80.62849718918925,False,11.300091430659096,True,True,False,False,False,11.300091430659096,False,9.692073144527276,True,True,False,False,False,9.692073144527276
2,p2g2_066,2,merge_cross_edge,"[""p6g1_043"",""blk_p2g4_053""]",d93a95db3f5c1951,ok,partial,0.4329,65.69876179951122,73.16834906601495,4|grow|mobile|liquid|s2|g2|structured,False,False,False,False,0,1,,,,,,,,,,,,True,65.69876179951122,True,False,False,False,False,,True,61.21700943960897,True,False,False,False,False,
2,p2g2_073,2,merge_slow_tanh,"[""p3g9_021"",""blk_engine_10748""]",9a1ee4288cbfa1ad,ok,partial,0.0,54.3137269480018,72.41830259733574,4|grow|mobile|liquid|s1|g2|mixed,True,True,True,True,0,3,0.0,p2g2_073_s2,ok,0.0,50.87413944415415,67.83218592553887,p2g2_073_s3,ok,0.0,52.09985350021692,69.46647133362256,False,54.3137269480018,False,False,False,False,False,50.87413944415415,False,43.450981558401445,False,False,False,False,False,40.69931155532332
2,p2g2_003,2,mutate,"[""p6g7_028""]",91425fc736d65a66,ok,partial,0.0,37.21151850627725,49.61535800836967,3|oscillator|drift|frozen|s1|g2|mixed,True,True,True,True,0,3,0.0,p2g2_003_s2,ok,0.0,31.05211273185897,41.40281697581196,p2g2_003_s3,ok,0.0,28.411798172327654,37.88239756310354,False,37.21151850627725,False,False,False,False,False,28.411798172327654,False,29.7692148050218,False,False,False,False,False,22.729438537862123
2,p2g2_005,2,mutate,"[""p6g5_026""]",4324b465f4de690a,ok,partial,0.068,33.959598008097466,43.01279734412995,2|switch|drift|liquid|s1|g2|mixed,True,True,False,False,0,2,,p2g2_005_s2,ok,0.0744,32.22459683636123,40.48612911514831,,,,,,False,33.959598008097466,False,False,False,False,False,,False,28.527678406477968,False,False,False,False,False,
2,p2g2_012,2,mutate,"[""p2g4_015""]",dabdea6e2f08244c,ok,partial,0.1306,54.800122162329494,68.71349621643932,3|grow|rotor|frozen|s2|g2|structured,True,True,True,True,0,3,0.109,p2g2_012_s2,ok,0.109,44.401226563656984,55.568302084875974,p2g2_012_s3,ok,0.124,51.747300387704186,64.86306718360558,False,54.800122162329494,False,False,False,False,False,44.401226563656984,False,46.452097729863596,False,False,False,False,False,37.70098125092558
2,p2g2_019,2,mint_bilin,"[""p6g7_028""]",0d85b30990119b1c,ok,partial,0.2593,71.48029241884493,86.66372322512656,3|grow|rotor|liquid|s2|g2|structured,False,False,False,False,0,1,,,,,,,,,,,,False,71.48029241884493,False,False,False,False,False,,False,62.37023393507594,False,False,False,False,False,
2,p2g2_025,2,mint_bilin,"[""p6g5_026""]",94397f8f8a384c9d,ok,partial,0.2865,72.94953364751504,87.7160448633534,3|grow|rotor|liquid|s2|g2|structured,True,True,True,True,0,3,0.2522,p2g2_025_s2,ok,0.3504,74.30567314940954,87.3942308658794,p2g2_025_s3,ok,0.2522,68.8344436445112,83.37259152601494,False,72.94953364751504,False,False,False,False,False,68.8344436445112,False,64.08962691801204,False,False,False,False,False,60.11155491560896
2,p2g2_026,2,mint_bilin,"[""p2g1_025""]",7fd20ea086ecb059,ok,partial,0.0,49.366070572140266,65.82142742952036,4|switch|mobile|flicker|s1|g1|structured,True,True,True,True,0,3,0.0,p2g2_026_s2,ok,0.5663,63.811124833870764,66.20483311182768,p2g2_026_s3,ok,0.5192,60.690062754560785,63.61341700608105,False,49.366070572140266,True,True,False,False,False,49.366070572140266,False,39.492856457712215,True,True,False,False,False,39.492856457712215
2,p2g2_033,2,add_chan,"[""p2g6_020""]",1633f44115f45bc1,ok,partial,0.2818,37.649071764795494,40.80542901972733,2|switch|drift|liquid|s1|g2|mixed,True,True,True,True,0,3,0.2675,p2g2_033_s2,ok,0.2764,44.366257374409805,49.94167649921308,p2g2_033_s3,ok,0.2675,40.34342591751828,44.87456789002437,False,37.649071764795494,False,False,False,False,False,37.649071764795494,False,35.755257411836396,False,False,False,False,False,35.755257411836396
2,p2g2_036,2,add_chan,"[""p2g6_020""]",026bfb1c5e9e2400,ok,partial,0.2729,47.80761514829444,54.64682019772592,2|switch|rotor|liquid|s1|g2|structured,True,True,True,True,0,3,0.2729,p2g2_036_s2,ok,0.4144,39.59781462880082,38.98375283840109,p2g2_036_s3,ok,0.4209,39.56497976534493,38.72330635379324,False,47.80761514829444,False,False,False,False,False,39.56497976534493,False,43.70409211863555,False,False,False,False,False,39.966251703040655
2,p2g2_052,2,merge_spatial_ic,"[""p6g4_021"",""p2g2_041""]",f1d619e4608e8429,ok,partial,0.4936,65.1902069740648,70.46694263208639,4|switch|mobile|liquid|s1|g2|structured,False,False,False,False,0,1,,,,,,,,,,,,True,65.1902069740648,True,False,False,False,False,,True,62.02416557925183,True,False,False,False,False,
2,p2g2_054,2,merge_spatial_ic,"[""p6g7_028"",""p5g3_062""]",99843d9cd96588d6,ok,partial,0.1828,53.83442845092198,65.68590460122931,3|switch|rotor|liquid|s2|g2|structured,False,False,False,False,0,1,,,,,,,,,,,,False,53.83442845092198,False,False,False,False,False,,False,46.72354276073758,False,False,False,False,False,
2,p2g2_072,2,merge_slow_tanh,"[""p2g4_062"",""ref_BFIELD_g0.05""]",f2fb66a126aacca6,ok,partial,0.5561,64.14395943448832,66.98861257931776,3|switch|mobile|liquid|s1|g2|structured,False,False,False,False,0,1,,,,,,,,,,,,True,64.14395943448832,True,False,False,False,False,,True,62.437167547590654,True,False,False,False,False,
2,p2g2_017,2,mint_bilin,"[""p2g6_020""]",04d7948e3f523272,ok,partial,0.0,18.286622540262492,24.382163387016657,2|constant|still|gas|s1|g2|mixed,False,False,False,False,0,1,,,,,,,,,,,,False,18.286622540262492,False,False,False,False,False,,False,14.629298032209993,False,False,False,False,False,
2,p2g2_074,2,merge_slow_tanh,"[""p2g4_053"",""ref_iso_d0.75""]",b8f8146a49cbd2af,ok,partial,0.0546,22.910321918773576,28.727095891698102,2|oscillator|drift|liquid|s1|g2|structured,True,True,True,True,0,3,0.0532,p2g2_074_s2,ok,0.0532,25.132043244685008,31.736057659580013,p2g2_074_s3,ok,0.0586,21.79262525750257,27.103500343336762,False,22.910321918773576,False,False,False,False,False,21.79262525750257,False,19.420257535018862,False,False,False,False,False,18.606100206002058
2,p2g2_078,2,merge_share_chan,"[""p3g5_061"",""ref_iso_d0.65""]",d1043afb7de72337,ok,partial,0.0,34.733060212690454,46.310746950253936,3|constant|mobile|flicker|s1|g2|mixed,True,True,True,True,0,3,0.0,p2g2_078_s2,ok,0.0,38.60613913683626,51.47485218244835,p2g2_078_s3,ok,0.0,40.67655108478243,54.23540144637657,False,34.733060212690454,False,False,False,False,False,34.733060212690454,False,27.78644817015236,False,False,False,False,False,27.78644817015236
2,p2g2_085,2,immigrate,,e4db8f1dce0356e3,no_blobs,missing,,0.0,,,False,False,False,False,0,1,,,,,,,,,,,,False,,False,False,False,False,False,,False,,False,False,False,False,False,
2,p2g2_088,2,immigrate,,9463c51652ca4edc,no_blobs,missing,,0.0,,,False,False,False,False,0,1,,,,,,,,,,,,False,,False,False,False,False,False,,False,,False,False,False,False,False,
2,p2g2_079,2,immigrate,,d9daeea16d1fd24c,no_blobs,missing,,0.0,,,False,False,False,False,0,1,,,,,,,,,,,,False,,False,False,False,False,False,,False,,False,False,False,False,False,
2,p2g2_083,2,immigrate,,3dcad276f359fea1,no_blobs,missing,,0.0,,,False,False,False,False,0,1,,,,,,,,,,,,False,,False,False,False,False,False,,False,,False,False,False,False,False,
2,p2g2_084,2,immigrate,,b797ac8f8c0c5e39,no_blobs,missing,,0.0,,,False,False,False,False,0,1,,,,,,,,,,,,False,,False,False,False,False,False,,False,,False,False,False,False,False,
2,p2g2_092,2,immigrate,,449326d9a445333a,no_blobs,missing,,0.0,,,False,False,False,False,0,1,,,,,,,,,,,,False,,False,False,False,False,False,,False,,False,False,False,False,False,
2,p2g2_095,2,immigrate,,2d621c36cc92a0a2,no_blobs,missing,,0.0,,,False,False,False,False,0,1,,,,,,,,,,,,False,,False,False,False,False,False,,False,,False,False,False,False,False,
2,p2g2_063,2,merge_cross_edge,"[""p10g0_ds6_000"",""ref_M4_tau5.7""]",0b4d15bf1943f2a0,ok,partial,0.5446,61.49888324366185,63.84517765821581,3|switch|rotor|liquid|s1|g2|structured,False,False,False,False,0,1,,,,,,,,,,,,True,61.49888324366185,True,False,False,False,False,,True,60.091106594929485,True,False,False,False,False,
2,p2g2_089,2,immigrate,,088c2f9c2e24e779,ok,partial,0.0,0.0,0.0,1|constant|still|gas|s1|g0|mixed,False,False,False,False,0,1,,,,,,,,,,,,False,0.0,False,False,False,False,False,,False,0.0,False,False,False,False,False,
2,p2g2_093,2,immigrate,,95e852b6d2cdbf5d,ok,partial,0.0,0.0,0.0,1|constant|still|gas|s1|g0|mixed,False,False,False,False,0,1,,,,,,,,,,,,False,0.0,False,False,False,False,False,,False,0.0,False,False,False,False,False,
2,p2g2_080,2,immigrate,,81e422059083c916,ok,partial,0.0,0.0,0.0,1|constant|still|gas|s1|g0|mixed,False,False,False,False,0,1,,,,,,,,,,,,False,0.0,False,False,False,False,False,,False,0.0,False,False,False,False,False,
2,p2g2_086,2,immigrate,,7788883bf3ddf677,ok,partial,0.0,0.0,0.0,1|constant|still|gas|s1|g0|mixed,False,False,False,False,0,1,,,,,,,,,,,,False,0.0,False,False,False,False,False,,False,0.0,False,False,False,False,False,
2,p2g2_090,2,immigrate,,4d6c236b8eee57ae,ok,partial,0.0,0.0,0.0,1|constant|still|gas|s1|g0|mixed,False,False,False,False,0,1,,,,,,,,,,,,False,0.0,False,False,False,False,False,,False,0.0,False,False,False,False,False,
2,p2g2_097,2,immigrate,,73925ba1909c46b0,ok,partial,0.0,0.0,0.0,1|constant|still|gas|s1|g0|mixed,False,False,False,False,0,1,,,,,,,,,,,,False,0.0,False,False,False,False,False,,False,0.0,False,False,False,False,False,
2,p2g2_081,2,immigrate,,989bef851ce746c0,no_blobs,missing,,0.0,,,False,False,False,False,0,1,,,,,,,,,,,,False,,False,False,False,False,False,,False,,False,False,False,False,False,
2,p2g2_094,2,immigrate,,f09308d52b6030c6,no_blobs,missing,,0.0,,,False,False,False,False,0,1,,,,,,,,,,,,False,,False,False,False,False,False,,False,,False,False,False,False,False,
2,p2g2_096,2,immigrate,,71ba1d277405738d,no_blobs,missing,,0.0,,,False,False,False,False,0,1,,,,,,,,,,,,False,,False,False,False,False,False,,False,,False,False,False,False,False,
2,p2g2_087,2,immigrate,,fb250c82368168d8,ok,partial,0.0,0.0,0.0,1|constant|still|gas|s1|g0|mixed,False,False,False,False,0,1,,,,,,,,,,,,False,0.0,False,False,False,False,False,,False,0.0,False,False,False,False,False,
2,p2g2_091,2,immigrate,,0eed7f84c7f456c7,ok,partial,0.0,0.0,0.0,1|constant|still|gas|s1|g0|mixed,False,False,False,False,0,1,,,,,,,,,,,,False,0.0,False,False,False,False,False,,False,0.0,False,False,False,False,False,
2,p2g2_098,2,immigrate,,d99d4d913f8aaa38,ok,partial,0.0,8.212499999999999,10.95,1|constant|still|gas|s1|g0|mixed,True,True,True,True,0,3,0.0,p2g2_098_s2,ok,0.0,8.212499999999999,10.95,p2g2_098_s3,ok,0.0,8.212499999999999,10.95,False,8.212499999999999,False,False,False,False,False,8.212499999999999,False,6.569999999999999,False,False,False,False,False,6.569999999999999
2,p2g2_035,2,add_chan,"[""p6g1_043""]",ebe3a0c4fbf55544,ok,partial,0.4198,66.30178403506389,74.40904538008519,2|grow|rotor|liquid|s2|g2|structured,True,True,True,True,0,3,0.3227,p2g2_035_s2,ok,0.3227,52.23587398856378,58.89116531808504,p2g2_035_s3,ok,0.3713,55.81689113663651,62.04585484884868,True,66.30178403506389,True,False,False,False,False,52.23587398856378,True,61.437427228051114,True,False,False,False,False,48.24269919085102
2,p2g2_082,2,immigrate,,67885b5c68ea89c3,ok,partial,0.0,0.0,0.0,1|constant|still|gas|s1|g2|mixed,False,False,False,False,0,1,,,,,,,,,,,,False,0.0,False,False,False,False,False,,False,0.0,False,False,False,False,False,
2,p2g3_033,3,add_chan,"[""p6g9_021""]",43e7305f9dddab5e,fail_g0a,missing,,,,,False,False,False,False,0,1,,,,,,,,,,,,False,,False,False,False,False,False,,False,,False,False,False,False,False,
2,p2g3_075,3,merge_share_chan,"[""p2g6_020"",""blk_engine_10748""]",26b035f68bee13c5,fail_g0a,missing,,,,,False,False,False,False,0,1,,,,,,,,,,,,False,,False,False,False,False,False,,False,,False,False,False,False,False,
2,p2g3_044,3,dup_act,"[""p3g6_070""]",5f5eafcc28949284,fail_g0a,missing,,,,,False,False,False,False,0,1,,,,,,,,,,,,False,,False,False,False,False,False,,False,,False,False,False,False,False,
2,p2g3_042,3,dup_act,"[""p4g5_070""]",49abcda0d4b843ff,fail_g0a,missing,,,,,False,False,False,False,0,1,,,,,,,,,,,,False,,False,False,False,False,False,,False,,False,False,False,False,False,
2,p2g3_077,3,merge_share_chan,"[""p2g4_062"",""ref_BFIELD_g0.05""]",f8cee188c730f3f4,fail_g0a,missing,,,,,False,False,False,False,0,1,,,,,,,,,,,,False,,False,False,False,False,False,,False,,False,False,False,False,False,
2,p2g3_057,3,merge_cross_edge,"[""p2g4_062"",""ref_M0""]",f2d3e5267967cb8e,ok,partial,0.6854,57.90562598285527,54.36083464380703,3|switch|rotor|liquid|s1|g2|structured,False,False,False,False,0,1,,,,,,,,,,,,False,57.90562598285527,False,False,False,False,False,,True,60.03250078628422,True,False,False,False,False,
2,p2g3_074,3,merge_slow_tanh,"[""p2g2_098"",""ref_M0""]",6634364b80c274e9,ok,partial,0.0,19.79175,26.389000000000003,2|constant|still|flicker|s1|g2|mixed,True,True,True,True,0,3,0.0,p2g3_074_s2,ok,0.0,21.283970579078456,28.378627438771275,p2g3_074_s3,ok,0.0,21.64051052868531,28.85401403824708,False,19.79175,False,False,False,False,False,19.79175,False,15.833400000000001,False,False,False,False,False,15.833400000000001
2,p2g3_015,3,mutate,"[""p10g0_ds6_000""]",f9dd6e59d30a116b,ok,partial,0.0391,19.414775965487706,24.583034620650274,1|oscillator|still|frozen|s1|g2|mixed,True,True,True,True,0,3,0.0284,p2g3_015_s2,ok,0.0284,18.813344459434557,24.137792612579407,p2g3_015_s3,ok,0.0329,15.355803561392236,19.377738081856315,False,19.414775965487706,False,False,False,False,False,15.355803561392236,False,16.313820772390166,False,False,False,False,False,12.942642849113788
2,p2g3_039,3,add_chan,"[""p1g2_008""]",0a3181d14eb6eb77,ok,partial,0.5347,56.35073656952836,57.31098209270448,2|switch|mobile|liquid|s1|g2|structured,True,True,True,True,0,3,0.5316,p2g3_039_s2,ok,0.5319,60.83228289871445,63.379710531619274,p2g3_039_s3,ok,0.5316,58.78670325669163,60.662271008922175,False,56.35073656952836,True,True,False,False,False,56.35073656952836,False,55.774589255622686,False,False,False,False,False,55.774589255622686
2,p2g3_041,3,dup_act,"[""p2g2_035""]",777147746d38b8ea,ok,partial,0.0,18.580247489679508,24.773663319572677,2|constant|still|gas|s1|g2|mixed,False,False,False,False,0,1,,,,,,,,,,,,False,18.580247489679508,False,False,False,False,False,,False,14.864197991743605,False,False,False,False,False,
2,p2g3_003,3,mutate,"[""p2g2_062""]",1f0975d805bc89f2,ok,partial,0.1641,56.041047566151285,69.25139675486838,3|switch|rotor|liquid|s2|g2|mixed,True,True,True,True,0,3,0.1313,p2g3_003_s2,ok,0.1725,55.70948736543748,68.52931648724997,p2g3_003_s3,ok,0.1313,50.71360389901659,63.24147186535545,False,56.041047566151285,False,False,False,False,False,50.71360389901659,False,48.11483805292103,False,False,False,False,False,43.19688311921327
2,p2g3_011,3,mutate,"[""p2g7_039""]",b06becd833d54271,ok,partial,0.2953,45.48272563015239,50.800300840203185,3|switch|mobile|liquid|s1|g0|structured,False,False,False,False,0,1,,,,,,,,,,,,False,45.48272563015239,False,False,False,False,False,,False,42.292180504121916,False,False,False,False,False,
2,p2g3_019,3,mint_bilin,"[""p2g1_075""]",9262761e57800ed7,ok,partial,0.3902,46.849955506059956,49.45994067474662,4|switch|drift|liquid|s1|g2|structured,True,True,True,True,0,3,0.3505,p2g3_019_s2,ok,0.4037,48.702062695254284,51.479416927005715,p2g3_019_s3,ok,0.3505,53.3218288197812,59.41243842637493,False,46.849955506059956,False,False,False,False,False,46.849955506059956,False,45.28396440484797,False,False,False,False,False,45.28396440484797
2,p2g3_028,3,delete_bilin,"[""p2g7_039""]",cb8ed6c04e9d5665,ok,partial,0.4201,69.09511687504612,78.12348916672816,3|grow|rotor|liquid|s2|g2|structured,False,False,False,False,0,1,,,,,,,,,,,,True,69.09511687504612,True,False,False,False,False,,True,63.678093500036894,True,False,False,False,False,
2,p2g3_030,3,delete_bilin,"[""p2g7_039""]",cb8ed6c04e9d5665,ok,partial,0.4201,69.09511687504612,78.12348916672816,3|grow|rotor|liquid|s2|g2|structured,False,False,False,False,0,1,,,,,,,,,,,,True,69.09511687504612,True,False,False,False,False,,True,63.678093500036894,True,False,False,False,False,
2,p2g3_034,3,add_chan,"[""p2g1_009""]",5428015770475b33,ok,partial,0.5765,46.337420182691815,42.56656024358909,3|constant|rotor|liquid|s1|g2|structured,True,True,True,True,0,3,0.5109,p2g3_034_s2,ok,0.5109,42.2800264045219,39.34336853936253,p2g3_034_s3,ok,0.5398,46.635751404453906,44.187668539271876,False,46.337420182691815,False,False,False,False,False,42.2800264045219,False,48.59993614615345,False,False,False,False,False,44.042021123617516
2,p2g3_035,3,add_chan,"[""p6g9_021""]",4d49e269e1d6da01,ok,partial,0.2654,56.924666644007914,67.05288885867722,2|switch|mobile|liquid|s2|g2|structured,True,True,True,True,0,3,0.1889,p2g3_035_s2,ok,0.1889,59.53594043865883,73.0845872515451,p2g3_035_s3,ok,0.2024,59.67902106160906,72.82536141547875,False,56.924666644007914,False,False,False,False,False,56.924666644007914,False,50.847733315206334,False,False,False,False,False,50.847733315206334
2,p2g3_036,3,add_chan,"[""p2g4_030""]",f9125bf6e89c7de9,ok,partial,0.1602,56.92218257215073,70.5562434295343,4|grow|mobile|flicker|s1|g2|mixed,True,True,True,True,0,3,0.1335,p2g3_036_s2,ok,0.1335,55.300806717046235,69.28440895606165,p2g3_036_s3,ok,0.1766,56.913166546486934,69.99755539531591,False,56.92218257215073,False,False,False,False,False,55.300806717046235,False,48.74174605772058,False,False,False,False,False,46.910645373636996
2,p2g3_037,3,add_chan,"[""p6g9_021""]",32e6e6e63471240f,ok,partial,0.3219,66.06416468012834,77.35555290683779,3|grow|rotor|liquid|s1|g2|structured,True,True,True,True,0,3,0.3219,p2g3_037_s2,ok,0.3764,69.65176718079934,80.32235624106579,p2g3_037_s3,ok,0.4904,63.68024980631831,68.56033307509108,False,66.06416468012834,True,True,False,False,False,63.68024980631831,False,59.28933174410267,True,True,False,False,False,59.28933174410267
2,p2g3_043,3,dup_act,"[""p2g1_021""]",f32b0dd9e5fc9b61,ok,partial,0.4296,59.47855957595755,64.98474610127673,4|grow|mobile|liquid|s1|g2|structured,False,False,False,False,0,1,,,,,,,,,,,,False,59.47855957595755,False,False,False,False,False,,False,56.174847660766034,False,False,False,False,False,
2,p2g3_045,3,dup_act,"[""p6g9_021""]",eafbbd5e35ae84c9,ok,partial,0.0,28.189456370013612,37.58594182668482,2|oscillator|still|liquid|s1|g2|mixed,True,True,True,True,0,3,0.0,p2g3_045_s2,ok,0.0,29.61634850349499,39.48846467132665,p2g3_045_s3,ok,0.0,42.291031614823154,56.38804215309754,False,28.189456370013612,False,False,False,False,False,28.189456370013612,False,22.55156509601089,False,False,False,False,False,22.55156509601089
2,p2g3_047,3,dup_act,"[""p6g8_033""]",1b435d3f5c5bf120,ok,partial,0.0,33.482529085071434,44.64337211342858,3|constant|drift|gas|s1|g2|mixed,True,True,True,True,0,3,0.0,p2g3_047_s2,ok,0.0,31.167293443431376,41.5563912579085,p2g3_047_s3,ok,0.0,40.43260553048761,53.91014070731682,False,33.482529085071434,False,False,False,False,False,31.167293443431376,False,26.78602326805715,False,False,False,False,False,24.9338347547451
2,p2g3_048,3,merge_spatial_ic,"[""p2g7_039"",""p0g0_ds2g11_009""]",fa86cb8089d048d0,ok,partial,0.4124,63.15661506476136,70.46215341968181,4|grow|mobile|liquid|s1|g2|structured,False,False,False,False,0,1,,,,,,,,,,,,True,63.15661506476136,True,False,False,False,False,,False,58.77329205180908,False,False,False,False,False,
2,p2g3_055,3,merge_spatial_ic,"[""p2g7_039"",""p3g9_020""]",fa86cb8089d048d0,ok,partial,0.4532,68.90499377660906,76.76665836881209,4|grow|mobile|liquid|s2|g2|structured,False,False,False,False,0,1,,,,,,,,,,,,True,68.90499377660906,True,False,False,False,False,,True,64.18799502128725,True,False,False,False,False,
2,p2g3_058,3,merge_cross_edge,"[""p2g6_020"",""ref_M0""]",e11f21e54b40dc8a,ok,partial,0.456,71.3893555539647,79.98580740528627,4|switch|rotor|liquid|s2|g2|structured,False,False,False,False,0,1,,,,,,,,,,,,True,71.3893555539647,True,False,False,False,False,,True,66.23148444317175,True,False,False,False,False,
2,p2g3_061,3,merge_cross_edge,"[""p2g6_020"",""blk_engine_10748""]",06f526c4c39a2928,ok,partial,0.5189,73.2008603420444,80.3044804560592,3|grow|rotor|liquid|s3|g2|structured,True,True,True,True,0,3,0.5189,p2g3_061_s2,ok,0.6411,70.767305145819,72.986406861092,p2g3_061_s3,ok,0.5284,73.25664353844064,80.06219138458752,True,73.2008603420444,True,True,True,True,True,70.767305145819,True,68.9386882736355,True,True,True,True,True,68.9386882736355
2,p2g3_062,3,merge_cross_edge,"[""p2g6_020"",""ref_M4_tau5.7""]",a08e7f63b3d52f09,ok,partial,0.2027,63.411095646403176,77.7914608618709,4|grow|rotor|liquid|s2|g2|mixed,True,True,True,True,0,3,0.2027,p2g3_062_s2,ok,0.2055,60.69171521252737,74.0722869500365,p2g3_062_s3,ok,0.2086,61.6711846405679,75.27491285409053,False,63.411095646403176,False,False,False,False,False,60.69171521252737,False,54.782876517122546,False,False,False,False,False,52.663372170021894
2,p2g3_063,3,merge_cross_edge,"[""p2g6_020"",""blk_engine_10748""]",474725ef32256b2a,ok,partial,0.2967,55.37071325023922,63.93761766698562,4|switch|rotor|liquid|s2|g2|structured,False,False,False,False,0,1,,,,,,,,,,,,False,55.37071325023922,False,False,False,False,False,,False,50.23057060019138,False,False,False,False,False,
2,p2g3_067,3,merge_cross_edge,"[""p4g2_028"",""ref_iso_d0.75""]",1f610a2182f0479d,ok,partial,0.1491,51.07541847861207,63.13055797148276,4|grow|still|liquid|s1|g2|structured,True,True,True,True,0,3,0.1301,p2g3_067_s2,ok,0.1301,49.196677155661185,61.25890287421492,p2g3_067_s3,ok,0.2541,53.21244349480596,62.47992465974128,False,51.07541847861207,False,False,False,False,False,49.196677155661185,False,43.84233478288965,False,False,False,False,False,41.95934172452895
2,p2g3_068,3,merge_cross_edge,"[""p2g6_020"",""ref_iso_d0.75""]",fd26834ce8b09d94,ok,partial,0.363,71.598119841807,83.36415978907601,4|grow|rotor|liquid|s3|g2|structured,False,False,False,False,0,1,,,,,,,,,,,,False,71.598119841807,False,False,False,False,False,,False,64.53849587344561,False,False,False,False,False,
2,p2g3_071,3,merge_cross_edge,"[""p2g6_020"",""ref_M4_tau5.7""]",dda84bcbfe3a8189,ok,partial,0.0807,53.78124945170666,69.01833260227555,4|switch|drift|liquid|s1|g2|mixed,True,True,True,True,0,3,0.0807,p2g3_071_s2,ok,0.0973,59.351762381599606,75.89234984213282,p2g3_071_s3,ok,0.1112,58.898090360533345,74.82412048071113,False,53.78124945170666,False,False,False,False,False,53.78124945170666,False,44.63899956136533,False,False,False,False,False,44.63899956136533
2,p2g3_072,3,merge_slow_tanh,"[""p2g1_002"",""ref_M4_tau5.7""]",59991b48b80a857d,ok,partial,0.3669,41.69661713188144,43.36548950917525,1|switch|mobile|liquid|s1|g2|structured,True,True,True,True,0,3,0.0,p2g3_072_s2,ok,0.0,31.471769047023678,41.9623587293649,p2g3_072_s3,ok,0.0,30.692401347896553,40.923201797195404,False,41.69661713188144,False,False,False,False,False,30.692401347896553,False,40.69529370550515,False,False,False,False,False,24.55392107831724
2,p2g3_073,3,merge_cross_edge,"[""p2g6_020"",""ref_iso_d0.65""]",97de45f90d6ebef4,ok,partial,0.437,64.59279195253237,71.55705593670983,4|switch|rotor|liquid|s1|g2|structured,True,True,True,False,1,2,,p2g3_073_s2,ok,0.4562,72.4242894620836,81.35905261611148,,,,,,True,64.59279195253237,True,True,True,False,False,,True,60.4142335620259,True,True,True,False,False,
2,p2g3_000,3,mutate,"[""p3g6_032""]",40a12fd5f7b71f16,ok,partial,0.2543,42.01253433786337,47.54004578381783,3|switch|mobile|liquid|s1|g0|structured,False,False,False,False,0,1,,,,,,,,,,,,False,42.01253433786337,False,False,False,False,False,,False,38.6960274702907,False,False,False,False,False,
2,p2g3_001,3,mutate,"[""p6g9_021""]",9a0d52b18c2eddc0,ok,partial,0.2402,63.12535116332293,76.1604682177639,3|grow|rotor|liquid|s2|g2|structured,False,False,False,False,0,1,,,,,,,,,,,,False,63.12535116332293,False,False,False,False,False,,False,55.30428093065834,False,False,False,False,False,
2,p2g3_002,3,mutate,"[""p2g1_051""]",2be4f8dff8ef1a63,ok,partial,0.2298,60.14363568221196,72.53151424294929,3|grow|rotor|liquid|s1|g2|structured,False,False,False,False,0,1,,,,,,,,,,,,False,60.14363568221196,False,False,False,False,False,,False,52.71090854576957,False,False,False,False,False,
2,p2g3_005,3,mutate,"[""p3g9_022""]",a7f40fe789ee4cd6,ok,partial,0.2963,60.56954861072603,70.88273148096805,4|switch|mobile|liquid|s1|g2|structured,False,False,False,False,0,1,,,,,,,,,,,,False,60.56954861072603,False,False,False,False,False,,False,54.381638888580824,False,False,False,False,False,
2,p2g3_007,3,mutate,"[""p2g2_021""]",6ecd5718ab5c33ee,ok,partial,0.5396,62.85976422318815,65.82635229758421,4|switch|mobile|liquid|s1|g1|structured,False,False,False,False,0,1,,,,,,,,,,,,True,62.85976422318815,True,False,False,False,False,,True,61.07981137855052,True,False,False,False,False,
2,p2g3_016,3,mint_bilin,"[""p2g2_073""]",b6df4cdd976e8aec,ok,partial,0.0,53.11609871039457,70.82146494719275,4|grow|mobile|liquid|s1|g2|mixed,False,False,False,False,0,1,,,,,,,,,,,,False,53.11609871039457,False,False,False,False,False,,False,42.49287896831565,False,False,False,False,False,
2,p2g3_018,3,mint_bilin,"[""p2g2_018""]",bbf6d9ff26312f70,ok,partial,0.4361,47.93423599011672,49.375647986822294,3|switch|mobile|flicker|s1|g0|structured,False,False,False,False,0,1,,,,,,,,,,,,False,47.93423599011672,False,False,False,False,False,,False,47.06938879209338,False,False,False,False,False,
2,p2g3_022,3,mint_bilin,"[""p2g1_011""]",5861f05931fffd2e,ok,partial,0.2758,66.5917858188858,79.59571442518106,3|switch|mobile|liquid|s1|g2|structured,False,False,False,False,0,1,,,,,,,,,,,,False,66.5917858188858,False,False,False,False,False,,False,58.78942865510864,False,False,False,False,False,
2,p2g3_024,3,mint_bilin,"[""p3g9_022""]",7d8a041ea5576e80,ok,partial,0.4054,28.710390625000002,24.767187500000002,3|constant|mobile|liquid|s1|g0|structured,True,True,True,True,0,3,0.4054,p2g3_024_s2,ok,0.6057,42.35898126758271,36.28864169011028,p2g3_024_s3,ok,0.6426,48.92768528335212,43.816913711136166,False,28.710390625000002,False,False,False,False,False,28.710390625000002,False,31.0763125,False,False,False,False,False,31.0763125
2,p2g3_025,3,mint_bilin,"[""p2g1_055""]",99cf65bde72f6197,ok,partial,0.453,62.46818493251913,68.19091324335884,3|grow|mobile|liquid|s1|g2|structured,False,False,False,False,0,1,,,,,,,,,,,,True,62.46818493251913,True,False,False,False,False,,False,59.034547946015294,False,False,False,False,False,
2,p2g3_026,3,mint_bilin,"[""p6g9_021""]",f0aff80ed8620203,ok,partial,0.4021,70.74783749926053,80.92711666568071,3|switch|rotor|liquid|s1|g2|structured,True,True,True,True,0,3,0.3123,p2g3_026_s2,ok,0.3123,73.33891051126749,87.3752140150233,p2g3_026_s3,ok,0.3543,70.98919766096462,82.84226354795283,True,70.74783749926053,True,False,False,False,False,70.74783749926053,True,64.64026999940843,True,False,False,False,False,63.87735812877169
2,p2g3_031,3,delete_bilin,"[""p3g6_032""]",f696871bd3d8ad9a,ok,partial,0.7026,70.67672353635295,70.81563138180394,4|grow|rotor|liquid|s1|g1|structured,True,True,True,True,0,3,0.3997,p2g3_031_s2,ok,0.3997,68.13118586086313,77.51824781448417,p2g3_031_s3,ok,0.5712,70.89090196501164,75.48120262001552,True,70.67672353635295,True,True,True,False,False,68.13118586086313,True,70.59337882908235,True,True,True,False,False,62.4989486886905
2,p2g3_038,3,add_chan,"[""p2g1_027""]",444b8ab6b085eeb3,ok,partial,0.5815,64.49274425208338,66.60699233611118,3|grow|mobile|liquid|s2|g1|structured,True,True,True,True,0,3,0.3585,p2g3_038_s2,ok,0.5461,63.290240135817,66.18365351442267,p2g3_038_s3,ok,0.3585,57.767424121297076,65.07323216172944,True,64.49274425208338,True,True,True,False,False,57.767424121297076,True,63.224195401666705,True,True,True,False,False,53.38393929703766
2,p2g3_040,3,dup_act,"[""p6g5_026""]",39678fa65a422cd5,ok,partial,0.0,26.712904180946254,35.617205574595005,3|constant|still|frozen|s1|g2|mixed,False,False,False,False,0,1,,,,,,,,,,,,False,26.712904180946254,False,False,False,False,False,,False,21.370323344757,False,False,False,False,False,
2,p2g3_046,3,dup_act,"[""p6g5_026""]",85079c76e40d2547,ok,partial,0.3207,68.0138650445008,79.99515339266775,4|grow|rotor|liquid|s2|g2|structured,False,False,False,False,0,1,,,,,,,,,,,,False,68.0138650445008,False,False,False,False,False,,False,60.82509203560065,False,False,False,False,False,
2,p2g3_050,3,merge_spatial_ic,"[""p3g5_003"",""p6g9_021""]",a8588ddb13332b62,ok,partial,0.5042,64.81151473449674,69.60868631266231,4|switch|mobile|liquid|s1|g1|structured,False,False,False,False,0,1,,,,,,,,,,,,True,64.81151473449674,True,False,False,False,False,,True,61.933211787597386,True,False,False,False,False,
2,p2g3_051,3,merge_spatial_ic,"[""p3g9_022"",""p6g1_023""]",9a815b4bb1db78ea,ok,partial,0.5329,66.45137760053767,70.83850346738355,4|grow|mobile|liquid|s2|g2|structured,False,False,False,False,0,1,,,,,,,,,,,,True,66.45137760053767,True,False,False,False,False,,True,63.81910208043013,True,False,False,False,False,
2,p2g3_052,3,merge_spatial_ic,"[""p3g9_022"",""p6g2_022""]",9a815b4bb1db78ea,ok,partial,0.5658,65.5252745706704,68.50703276089388,4|grow|mobile|liquid|s1|g2|structured,False,False,False,False,0,1,,,,,,,,,,,,True,65.5252745706704,True,False,False,False,False,,True,63.73621965653632,True,False,False,False,False,
2,p2g3_056,3,merge_cross_edge,"[""p2g1_002"",""ref_iso_d0.65""]",05fe15f426abcff5,ok,partial,0.0,2.7874999999999996,3.716666666666666,1|constant|still|gas|s1|g0|mixed,False,False,False,False,0,1,,,,,,,,,,,,False,2.7874999999999996,False,False,False,False,False,,False,2.2299999999999995,False,False,False,False,False,
2,p2g3_076,3,merge_share_chan,"[""p2g6_020"",""ref_iso_d0.65""]",051b6bceea36ceaf,ok,partial,0.1965,47.393154130552496,56.64087217407,4|switch|drift|liquid|s1|g2|mixed,False,False,False,False,0,1,,,,,,,,,,,,False,47.393154130552496,False,False,False,False,False,,False,41.844523304442,False,False,False,False,False,
2,p2g3_006,3,mutate,"[""p6g7_028""]",600dafa29840a140,ok,partial,0.0972,41.44749743378474,52.02332991171299,3|switch|mobile|liquid|s1|g2|mixed,False,False,False,False,0,1,,,,,,,,,,,,False,41.44749743378474,False,False,False,False,False,,False,35.10199794702779,False,False,False,False,False,
2,p2g3_008,3,mutate,"[""p6g5_026""]",2d7f3885939399b0,ok,partial,0.2586,44.01767041820197,50.070227224269296,2|switch|drift|liquid|s1|g2|structured,True,True,True,True,0,3,0.0,p2g3_008_s2,ok,0.0,29.650824717625945,39.53443295683459,p2g3_008_s3,ok,0.1727,44.16491840837595,53.12989121116792,False,44.01767041820197,False,False,False,False,False,29.650824717625945,False,40.38613633456158,False,False,False,False,False,23.720659774100756
2,p2g3_010,3,mutate,"[""p6g7_028""]",23573ba859c8d3ac,ok,partial,0.2327,43.47111934579747,50.204825794396626,2|switch|mobile|liquid|s1|g2|mixed,True,True,True,True,0,3,0.1343,p2g3_010_s2,ok,0.1343,36.48404237396655,44.16872316528873,p2g3_010_s3,ok,0.2269,42.555145969403796,49.17686129253839,False,43.47111934579747,False,False,False,False,False,36.48404237396655,False,39.43089547663797,False,False,False,False,False,31.87323389917324
2,p2g3_013,3,mutate,"[""p6g3_008""]",5cadc927c068d6e8,ok,partial,0.0,37.32657278127623,49.7687637083683,2|oscillator|mobile|liquid|s1|g2|structured,False,False,False,False,0,1,,,,,,,,,,,,False,37.32657278127623,False,False,False,False,False,,False,29.861258225020975,False,False,False,False,False,
2,p2g3_009,3,mutate,"[""p4g3_022""]",005fd718d9102596,ok,partial,0.4104,50.058139613128354,53.06418615083781,4|switch|mobile|liquid|s1|g0|mixed,True,True,True,True,0,3,0.3827,p2g3_009_s2,ok,0.4039,48.424336631956194,51.10244884260826,p2g3_009_s3,ok,0.3827,48.212404589296895,51.52653945239586,False,50.058139613128354,False,False,False,False,False,48.212404589296895,False,48.25451169050268,False,False,False,False,False,46.22392367143752
2,p2g3_012,3,mutate,"[""p6g7_028""]",eed5c62ba9e2a329,ok,partial,0.4585,68.67314950040736,76.28086600054314,3|switch|rotor|liquid|s1|g2|structured,False,False,False,False,0,1,,,,,,,,,,,,True,68.67314950040736,True,False,False,False,False,,True,64.10851960032588,True,False,False,False,False,
2,p2g3_014,3,mutate,"[""p6g5_026""]",522b011d7090cba6,ok,partial,0.448,67.24098163612405,74.72130884816539,3|switch|mobile|liquid|s2|g2|structured,True,True,False,False,0,2,,p2g3_014_s2,ok,0.4293,67.11474852347797,75.17633136463729,,,,,,True,67.24098163612405,True,True,True,False,False,,True,62.752785308899234,True,True,True,False,False,
2,p2g3_020,3,mint_bilin,"[""p3g7_014""]",57836ae2a6b2fd4f,ok,partial,0.3486,61.96935097009326,71.00580129345768,2|switch|rotor|liquid|s1|g2|structured,True,True,True,True,0,3,0.3486,p2g3_020_s2,ok,0.3816,66.3846410085746,75.79285467809947,p2g3_020_s3,ok,0.3906,62.31127378995341,70.06169838660455,False,61.96935097009326,False,False,False,False,False,61.96935097009326,False,56.54748077607461,False,False,False,False,False,56.54748077607461
2,p2g3_021,3,mint_bilin,"[""p2g2_023""]",028c392fd54da7d6,ok,partial,0.5099,60.52963557784753,63.70951410379671,3|grow|mobile|liquid|s2|g0|structured,True,True,True,True,0,3,0.4204,p2g3_021_s2,ok,0.5043,55.67106371621546,57.41808495495394,p2g3_021_s3,ok,0.4204,56.70479824974446,61.59306433299261,True,60.52963557784753,True,False,False,False,False,55.67106371621546,False,58.62170846227802,False,False,False,False,False,53.77183859979556
2,p2g3_023,3,mint_bilin,"[""p3g7_015""]",dfaeb416991befa6,ok,partial,0.4533,59.29852304646691,63.954697395289216,4|grow|rotor|liquid|s1|g1|structured,False,False,False,False,0,1,,,,,,,,,,,,False,59.29852304646691,False,False,False,False,False,,False,56.504818437173526,False,False,False,False,False,
2,p2g3_029,3,delete_bilin,"[""p6g7_028""]",04abf03262a9dbaf,ok,partial,0.3715,71.44535554152746,82.87714072203663,3|switch|mobile|liquid|s2|g2|structured,True,True,True,True,0,3,0.2062,p2g3_029_s2,ok,0.3252,73.57147575671203,87.25530100894939,p2g3_029_s3,ok,0.2062,63.41106175848477,77.67474901131303,False,71.44535554152746,False,False,False,False,False,63.41106175848477,False,64.58628443322198,False,False,False,False,False,54.85284940678781
2,p2g3_053,3,merge_spatial_ic,"[""p4g3_022"",""p3g5_003""]",c12ecee8c627b141,ok,partial,0.498,56.963415302881984,59.35122040384265,4|switch|mobile|liquid|s1|g0|structured,True,True,True,True,0,3,0.3579,p2g3_053_s2,ok,0.4005,55.89995801605005,61.1832773547334,p2g3_053_s3,ok,0.3579,56.56864144657562,63.49485526210083,False,56.963415302881984,False,False,False,False,False,55.89995801605005,False,55.53073224230559,False,False,False,False,False,52.41291315726049
2,p2g3_059,3,merge_cross_edge,"[""p3g5_061"",""blk_engine_10748""]",6c11baa8f1c1623e,ok,partial,0.0,39.21893196372587,52.29190928496783,4|constant|rotor|liquid|s1|g2|mixed,True,True,True,True,0,3,0.0,p2g3_059_s2,ok,0.0,41.87219234106436,55.82958978808582,p2g3_059_s3,ok,0.0,45.76907512849279,61.025433504657045,False,39.21893196372587,False,False,False,False,False,39.21893196372587,False,31.375145570980695,False,False,False,False,False,31.375145570980695
2,p2g3_065,3,merge_cross_edge,"[""p3g5_061"",""ref_iso_d0.65""]",650b95118b7468b3,ok,partial,0.0,37.081341778337084,49.441789037782776,4|constant|drift|liquid|s1|g2|mixed,False,False,False,False,0,1,,,,,,,,,,,,False,37.081341778337084,False,False,False,False,False,,False,29.665073422669664,False,False,False,False,False,
2,p2g3_070,3,merge_slow_tanh,"[""p5g8_014"",""ref_iso_d0.75""]",87c422a5cda377f4,ok,partial,0.5562,67.49006107025733,71.44674809367643,3|switch|rotor|flicker|s1|g2|structured,True,True,True,True,0,3,0.5519,p2g3_070_s2,ok,0.5519,67.94689755807565,72.19919674410087,p2g3_070_s3,ok,0.5608,68.74078482000189,72.96104642666918,True,67.49006107025733,True,True,True,True,True,67.49006107025733,True,65.11604885620586,True,True,True,True,True,65.11604885620586
2,p2g3_017,3,mint_bilin,"[""p2g6_020""]",39fe1a1bc03c54c5,ok,partial,0.4655,70.20473964201727,78.08965285602302,3|grow|mobile|liquid|s2|g2|structured,False,False,False,False,0,1,,,,,,,,,,,,True,70.20473964201727,True,False,False,False,False,,True,65.4737917136138,True,False,False,False,False,
2,p2g3_027,3,mint_bilin,"[""p2g6_020""]",57c1bcc1d2ec62f8,ok,partial,0.5781,68.4439188511298,71.98855846817305,3|switch|rotor|liquid|s2|g2|structured,False,False,False,False,0,1,,,,,,,,,,,,True,68.4439188511298,True,False,False,False,False,,True,66.31713508090382,True,False,False,False,False,
2,p2g3_032,3,add_chan,"[""p6g7_013""]",61af2e6e52b6e381,ok,partial,0.5697,63.54292069880468,65.7338942650729,3|switch|mobile|flicker|s1|g2|structured,True,True,True,True,0,3,0.5697,p2g3_032_s2,ok,0.5889,63.65270592237046,65.24027456316061,p2g3_032_s3,ok,0.5716,66.05626837000929,69.0216911600124,True,63.54292069880468,True,True,True,True,True,63.54292069880468,True,62.22833655904374,True,True,True,True,True,62.22833655904374
2,p2g3_049,3,merge_spatial_ic,"[""p5g3_062"",""p2g1_086""]",6588fedcc859d014,ok,partial,0.0,39.405436936746405,52.54058258232854,4|constant|mobile|liquid|s1|g0|mixed,True,True,True,True,0,3,0.0,p2g3_049_s2,ok,0.0,47.81025637941016,63.74700850588022,p2g3_049_s3,ok,0.0,49.72119831599154,66.29493108798873,False,39.405436936746405,False,False,False,False,False,39.405436936746405,False,31.524349549397122,False,False,False,False,False,31.524349549397122
2,p2g3_054,3,merge_spatial_ic,"[""p2g6_020"",""p6g7_028""]",489530b94bd868b0,ok,partial,0.528,73.12269440648782,79.8969258753171,3|grow|mobile|liquid|s2|g2|structured,False,False,False,False,0,1,,,,,,,,,,,,True,73.12269440648782,True,False,False,False,False,,True,69.05815552519026,True,False,False,False,False,
2,p2g3_060,3,merge_cross_edge,"[""p10g0_ds6_000"",""ref_iso_d0.75""]",7c5b1eea374c2470,ok,partial,0.0549,27.305236114159502,34.57698148554601,3|switch|still|liquid|s1|g2|mixed,True,True,True,True,0,3,0.0374,p2g3_060_s2,ok,0.0374,20.9892331628775,26.738977550503336,p2g3_060_s3,ok,0.0449,23.846947400588054,30.299263200784072,False,27.305236114159502,False,False,False,False,False,20.9892331628775,False,22.942188891327604,False,False,False,False,False,17.539386530302
2,p2g3_064,3,merge_cross_edge,"[""p2g1_086"",""blk_p6g1_043""]",610dc295862d1ff0,ok,partial,0.0,46.96676771682428,62.6223569557657,4|grow|mobile|liquid|s1|g0|mixed,True,True,True,True,0,3,0.0,p2g3_064_s2,ok,0.0,47.6837907489934,63.578387665324534,p2g3_064_s3,ok,0.0,47.01616260240457,62.688216803206096,False,46.96676771682428,False,False,False,False,False,46.96676771682428,False,37.57341417345942,False,False,False,False,False,37.57341417345942
2,p2g3_066,3,merge_cross_edge,"[""p2g1_086"",""ref_XV_tau15.7""]",d1e9a8e3dad3b610,ok,partial,0.0,15.920320624650081,21.227094166200107,3|constant|still|flicker|s1|g0|mixed,True,True,True,True,0,3,0.0,p2g3_066_s2,ok,0.0,13.125,17.5,p2g3_066_s3,ok,0.0,14.53373551581858,19.37831402109144,False,15.920320624650081,False,False,False,False,False,13.125,False,12.736256499720064,False,False,False,False,False,10.5
2,p2g3_069,3,merge_slow_tanh,"[""p1g2_008"",""ref_M0""]",dc2814f90ba80216,ok,partial,0.4401,64.49657538609543,71.32543384812723,3|switch|rotor|liquid|s1|g2|structured,False,False,False,False,0,1,,,,,,,,,,,,True,64.49657538609543,True,False,False,False,False,,True,60.399260308876336,True,False,False,False,False,
2,p2g3_078,3,immigrate,,733f607c9ccc43da,no_blobs,missing,,0.0,,,False,False,False,False,0,1,,,,,,,,,,,,False,,False,False,False,False,False,,False,,False,False,False,False,False,
2,p2g3_084,3,immigrate,,3ec2606a9c77490e,no_blobs,missing,,0.0,,,False,False,False,False,0,1,,,,,,,,,,,,False,,False,False,False,False,False,,False,,False,False,False,False,False,
2,p2g3_097,3,immigrate,,4dbfd8fff101a8a3,no_blobs,missing,,0.0,,,False,False,False,False,0,1,,,,,,,,,,,,False,,False,False,False,False,False,,False,,False,False,False,False,False,
2,p2g3_081,3,immigrate,,62d367f7f277c720,no_blobs,missing,,0.0,,,False,False,False,False,0,1,,,,,,,,,,,,False,,False,False,False,False,False,,False,,False,False,False,False,False,
2,p2g3_083,3,immigrate,,545e7277e6d1e03a,no_blobs,missing,,0.0,,,False,False,False,False,0,1,,,,,,,,,,,,False,,False,False,False,False,False,,False,,False,False,False,False,False,
2,p2g3_095,3,immigrate,,85366b4ea78db94c,no_blobs,missing,,0.0,,,False,False,False,False,0,1,,,,,,,,,,,,False,,False,False,False,False,False,,False,,False,False,False,False,False,
2,p2g3_086,3,immigrate,,7b34a4da50816745,ok,partial,0.0,0.0,0.0,1|constant|still|gas|s1|g0|mixed,False,False,False,False,0,1,,,,,,,,,,,,False,0.0,False,False,False,False,False,,False,0.0,False,False,False,False,False,
2,p2g3_087,3,immigrate,,872ca27540673588,ok,partial,0.0,0.0,0.0,1|constant|still|gas|s1|g0|mixed,False,False,False,False,0,1,,,,,,,,,,,,False,0.0,False,False,False,False,False,,False,0.0,False,False,False,False,False,
2,p2g3_096,3,immigrate,,e56e13cfdd41756c,ok,partial,0.0,0.0,0.0,1|constant|still|gas|s1|g0|mixed,False,False,False,False,0,1,,,,,,,,,,,,False,0.0,False,False,False,False,False,,False,0.0,False,False,False,False,False,
2,p2g3_082,3,immigrate,,93c371b2446e4d89,ok,partial,0.0,0.0,0.0,1|constant|still|gas|s1|g0|mixed,False,False,False,False,0,1,,,,,,,,,,,,False,0.0,False,False,False,False,False,,False,0.0,False,False,False,False,False,
2,p2g3_093,3,immigrate,,d1f58fcc289b2ff0,ok,partial,0.0,0.0,0.0,1|constant|still|gas|s1|g0|mixed,False,False,False,False,0,1,,,,,,,,,,,,False,0.0,False,False,False,False,False,,False,0.0,False,False,False,False,False,
2,p2g3_092,3,immigrate,,d642d317f521ee28,no_blobs,missing,,0.0,,,False,False,False,False,0,1,,,,,,,,,,,,False,,False,False,False,False,False,,False,,False,False,False,False,False,
2,p2g3_094,3,immigrate,,94ff9e74d5e8ffc5,no_blobs,missing,,0.0,,,False,False,False,False,0,1,,,,,,,,,,,,False,,False,False,False,False,False,,False,,False,False,False,False,False,
2,p2g3_091,3,immigrate,,2bf7bb91cb1a633b,ok,partial,0.0,0.0,0.0,1|constant|still|gas|s1|g0|mixed,False,False,False,False,0,1,,,,,,,,,,,,False,0.0,False,False,False,False,False,,False,0.0,False,False,False,False,False,
2,p2g3_079,3,immigrate,,98f6f6095a1c70c0,ok,partial,0.0,0.0,0.0,1|constant|still|gas|s1|g0|mixed,False,False,False,False,0,1,,,,,,,,,,,,False,0.0,False,False,False,False,False,,False,0.0,False,False,False,False,False,
2,p2g3_080,3,immigrate,,fdad77b77d0394f8,ok,partial,0.0,0.0,0.0,1|constant|still|gas|s1|g2|mixed,False,False,False,False,0,1,,,,,,,,,,,,False,0.0,False,False,False,False,False,,False,0.0,False,False,False,False,False,
2,p2g3_085,3,immigrate,,2b3e63747aa265f4,ok,partial,0.0,0.0,0.0,1|constant|still|gas|s1|g0|mixed,False,False,False,False,0,1,,,,,,,,,,,,False,0.0,False,False,False,False,False,,False,0.0,False,False,False,False,False,
2,p2g3_088,3,immigrate,,3bba9ed8a61640ee,ok,partial,0.0,0.0,0.0,1|constant|still|gas|s1|g0|mixed,False,False,False,False,0,1,,,,,,,,,,,,False,0.0,False,False,False,False,False,,False,0.0,False,False,False,False,False,
2,p2g3_089,3,immigrate,,a6fc21d17ad0a2eb,ok,partial,0.0,15.337500000000002,20.450000000000003,2|constant|still|gas|s1|g0|mixed,False,False,False,False,0,1,,,,,,,,,,,,False,15.337500000000002,False,False,False,False,False,,False,12.270000000000001,False,False,False,False,False,
2,p2g3_004,3,mutate,"[""p2g4_053""]",fcf8ba4554dfadfd,ok,partial,0.1447,23.764463075915252,26.86261743455367,1|grow|drift|liquid|s1|g0|mixed,True,True,True,True,0,3,0.1071,p2g3_004_s2,ok,0.1227,17.76123448552466,19.59164598069955,p2g3_004_s3,ok,0.1071,17.754331987512572,20.102442650016766,False,23.764463075915252,False,False,False,False,False,17.754331987512572,False,21.9055704607322,False,False,False,False,False,16.345465590010058
2,p2g3_090,3,immigrate,,d117f7232563dbb1,ok,partial,0.0,0.0,0.0,1|constant|still|gas|s1|g2|mixed,False,False,False,False,0,1,,,,,,,,,,,,False,0.0,False,False,False,False,False,,False,0.0,False,False,False,False,False,
2,p2g4_043,4,dup_act,"[""p6g8_033""]",6cc35d468a8e7a7b,fail_g0a,missing,,,,,False,False,False,False,0,1,,,,,,,,,,,,False,,False,False,False,False,False,,False,,False,False,False,False,False,
2,p2g4_006,4,mutate,"[""p6g9_021""]",495203c7b6f3c4db,fail_g0a,missing,,,,,False,False,False,False,0,1,,,,,,,,,,,,False,,False,False,False,False,False,,False,,False,False,False,False,False,
2,p2g4_012,4,mutate,"[""p6g9_021""]",9a2074fbfa192415,fail_g0a,missing,,,,,False,False,False,False,0,1,,,,,,,,,,,,False,,False,False,False,False,False,,False,,False,False,False,False,False,
2,p2g4_074,4,merge_share_chan,"[""p2g6_020"",""ref_iso_d0.75""]",88c61963e04c73ce,fail_g0a,missing,,,,,False,False,False,False,0,1,,,,,,,,,,,,False,,False,False,False,False,False,,False,,False,False,False,False,False,
2,p2g4_076,4,merge_share_chan,"[""p2g6_020"",""ref_iso_d0.65""]",59c84fb67bddc43a,fail_g0a,missing,,,,,False,False,False,False,0,1,,,,,,,,,,,,False,,False,False,False,False,False,,False,,False,False,False,False,False,
2,p2g4_008,4,mutate,"[""p6g5_026""]",f86561fdc87b2a2d,fail_g0a,missing,,,,,False,False,False,False,0,1,,,,,,,,,,,,False,,False,False,False,False,False,,False,,False,False,False,False,False,
2,p2g4_042,4,dup_act,"[""p1g6_065""]",09e4efa2d31036b8,fail_g0a,missing,,,,,False,False,False,False,0,1,,,,,,,,,,,,False,,False,False,False,False,False,,False,,False,False,False,False,False,
2,p2g4_061,4,merge_cross_edge,"[""p2g3_004"",""blk_engine_10748""]",50aeefe81593f8dd,ok,partial,0.3963,58.701193738805344,65.05825831840713,3|grow|mobile|flicker|s1|g2|structured,True,True,True,True,0,3,0.3941,p2g4_061_s2,ok,0.4144,61.66995127341213,68.41326836454951,p2g4_061_s3,ok,0.3941,58.95719999189447,65.47293332252596,False,58.701193738805344,True,True,False,False,False,58.701193738805344,False,54.88695499104428,False,False,False,False,False,54.88695499104428
2,p2g4_000,4,mutate,"[""p2g7_039""]",93f6d776a7ffe93f,ok,partial,0.2811,43.315252428924126,48.38366990523216,3|switch|mobile|liquid|s1|g2|structured,False,False,False,False,0,1,,,,,,,,,,,,False,43.315252428924126,False,False,False,False,False,,False,40.274201943139296,False,False,False,False,False,
2,p2g4_004,4,mutate,"[""p2g7_039""]",6ec43ad34f64a3d7,ok,partial,0.3388,53.217929920477395,59.663906560636526,4|oscillator|mobile|liquid|s1|g2|structured,True,True,True,True,0,3,0.3388,p2g4_004_s2,ok,0.355,62.135083896095885,71.01344519479451,p2g4_004_s3,ok,0.3594,58.16873640695057,65.57831520926743,False,53.217929920477395,False,False,False,False,False,53.217929920477395,False,49.35034393638191,False,False,False,False,False,49.35034393638191
2,p2g4_005,4,mutate,"[""p2g7_039""]",8be8d7a46730b99b,ok,partial,0.0,3.883740441819991,5.178320589093321,2|constant|still|frozen|s1|g0|mixed,True,True,False,False,0,2,,p2g4_005_s2,ok,0.0,3.9016422396033565,5.202189652804475,,,,,,False,3.883740441819991,False,False,False,False,False,,False,3.1069923534559925,False,False,False,False,False,
2,p2g4_016,4,mint_bilin,"[""p2g2_041""]",e0402abd13938314,ok,partial,0.0,21.950589884113352,29.267453178817803,2|constant|still|frozen|s1|g2|mixed,False,False,False,False,0,1,,,,,,,,,,,,False,21.950589884113352,False,False,False,False,False,,False,17.56047190729068,False,False,False,False,False,
2,p2g4_022,4,mint_bilin,"[""p2g7_039""]",9233e08700a63703,ok,partial,0.5875,54.89042577017163,53.603901026895514,3|switch|rotor|liquid|s1|g2|structured,False,False,False,False,0,1,,,,,,,,,,,,False,54.89042577017163,False,False,False,False,False,,False,55.66234061613731,False,False,False,False,False,
2,p2g4_033,4,add_chan,"[""p3g6_032""]",849c3e3f2f62a527,ok,partial,0.5788,51.009671283615084,48.71956171148678,4|switch|rotor|liquid|s1|g1|structured,True,True,True,True,0,3,0.3488,p2g4_033_s2,ok,0.3488,61.03819368580548,69.75759158107398,p2g4_033_s3,ok,0.6096,74.25513152287557,78.68684203050077,False,51.009671283615084,True,True,False,False,False,51.009671283615084,False,52.38373702689207,True,True,False,False,False,52.38373702689207
2,p2g4_034,4,add_chan,"[""p3g9_022""]",b215f8de16791e15,ok,partial,0.3559,32.36678821913009,31.29238429217346,3|switch|drift|liquid|s1|g0|structured,False,False,False,False,0,1,,,,,,,,,,,,False,32.36678821913009,False,False,False,False,False,,False,33.011430575304075,False,False,False,False,False,
2,p2g4_037,4,add_chan,"[""p2g3_026""]",751b3b524dc36ff3,ok,partial,0.0,36.738936223225785,48.98524829763438,2|constant|drift|liquid|s1|g2|mixed,True,True,True,True,0,3,0.0,p2g4_037_s2,ok,0.0,40.66280071608111,54.21706762144147,p2g4_037_s3,ok,0.0,37.87923633360711,50.50564844480948,False,36.738936223225785,False,False,False,False,False,36.738936223225785,False,29.391148978580624,False,False,False,False,False,29.391148978580624
2,p2g4_039,4,add_chan,"[""p6g9_021""]",b1649950b44c0600,ok,partial,0.4595,58.49538890498745,62.67718520664993,3|switch|rotor|liquid|s1|g2|structured,False,False,False,False,0,1,,,,,,,,,,,,False,58.49538890498745,False,False,False,False,False,,False,55.98631112398996,False,False,False,False,False,
2,p2g4_002,4,mutate,"[""p2g7_039""]",583c31fd9c9b98d6,ok,partial,0.5829,69.35766780793016,73.04689041057354,4|switch|mobile|liquid|s1|g2|structured,True,True,True,False,1,2,,p2g4_002_s2,ok,0.6018,72.24958960061785,76.27278613415713,,,,,,True,69.35766780793016,True,True,True,False,False,,True,67.14413424634412,True,True,True,False,False,
2,p2g4_003,4,mutate,"[""p2g7_039""]",50b3da4b74e1702e,ok,partial,0.619,71.74854000051566,75.03138666735421,3|grow|rotor|liquid|s1|g2|structured,True,True,True,True,0,3,0.5353,p2g4_003_s2,ok,0.539,69.3148783464597,74.45317112861291,p2g4_003_s3,ok,0.5353,69.98202325198116,75.46603100264156,True,71.74854000051566,True,True,True,True,True,69.3148783464597,True,69.77883200041252,True,True,True,True,True,66.23190267716774
2,p2g4_031,4,delete_bilin,"[""p2g7_039""]",cb8ed6c04e9d5665,ok,partial,0.4201,69.09511687504612,78.12348916672816,3|grow|rotor|liquid|s2|g2|structured,False,False,False,False,0,1,,,,,,,,,,,,True,69.09511687504612,True,False,False,False,False,,True,63.678093500036894,True,False,False,False,False,
2,p2g4_032,4,add_chan,"[""p3g8_042""]",38739b1cccded0a2,ok,partial,0.3329,60.8866400055257,70.0855200073676,3|grow|mobile|liquid|s1|g2|structured,False,False,False,False,0,1,,,,,,,,,,,,False,60.8866400055257,False,False,False,False,False,,False,55.367312004420555,False,False,False,False,False,
2,p2g4_040,4,dup_act,"[""p6g9_021""]",fee93479f1c8b227,ok,partial,0.0,59.58220066380618,79.44293421840824,4|grow|mobile|liquid|s2|g2|mixed,True,True,True,True,0,3,0.0,p2g4_040_s2,ok,0.0,58.335500196808795,77.7806669290784,p2g4_040_s3,ok,0.0,58.18974498139825,77.58632664186433,False,59.58220066380618,False,False,False,False,False,58.18974498139825,False,47.665760531044945,False,False,False,False,False,46.551795985118595
2,p2g4_046,4,dup_act,"[""p2g1_051""]",1c20519dbd37d41a,ok,partial,0.0,55.79151880294258,74.38869173725678,4|switch|mobile|liquid|s1|g2|mixed,True,True,True,True,0,3,0.0,p2g4_046_s2,ok,0.0,58.435198053897366,77.91359740519648,p2g4_046_s3,ok,0.0,57.31517764675449,76.42023686233932,False,55.79151880294258,False,False,False,False,False,55.79151880294258,False,44.63321504235407,False,False,False,False,False,44.63321504235407
2,p2g4_053,4,merge_spatial_ic,"[""p2g7_039"",""p5g4_065""]",fa86cb8089d048d0,ok,partial,0.4625,69.66296250923027,77.46728334564035,4|grow|rotor|liquid|s2|g2|structured,False,False,False,False,0,1,,,,,,,,,,,,True,69.66296250923027,True,False,False,False,False,,True,64.98037000738421,True,False,False,False,False,
2,p2g4_056,4,merge_cross_edge,"[""p2g3_015"",""blk_p6g1_043""]",fef95ea54008a0c8,ok,partial,0.2276,52.9851085057493,63.060144674332406,4|switch|drift|liquid|s2|g2|structured,False,False,False,False,0,1,,,,,,,,,,,,False,52.9851085057493,False,False,False,False,False,,False,46.94008680459944,False,False,False,False,False,
2,p2g4_057,4,merge_cross_edge,"[""p2g6_020"",""ref_M4_tau5.7""]",e684bca3587c5991,ok,partial,0.0,21.871483683401593,29.161978244535458,3|constant|rotor|frozen|s1|g2|mixed,True,True,True,True,0,3,0.0,p2g4_057_s2,ok,0.0,24.104226840986293,32.13896912131506,p2g4_057_s3,ok,0.0,27.14637562670354,36.19516750227139,False,21.871483683401593,False,False,False,False,False,21.871483683401593,False,17.497186946721275,False,False,False,False,False,17.497186946721275
2,p2g4_058,4,merge_cross_edge,"[""p2g1_002"",""ref_BFIELD_g0.05""]",40c30b1ad54ccae4,ok,partial,0.0,27.535060797057866,36.713414396077155,1|constant|mobile|liquid|s1|g2|structured,True,True,True,True,0,3,0.0,p2g4_058_s2,ok,0.4166,55.82064220226065,60.540856269680866,p2g4_058_s3,ok,0.4364,53.84514133470333,57.24685511293778,False,27.535060797057866,False,False,False,False,False,27.535060797057866,False,22.028048637646293,False,False,False,False,False,22.028048637646293
2,p2g4_059,4,merge_cross_edge,"[""p2g6_020"",""ref_M0""]",5105298ad49dd1ae,ok,partial,0.2632,67.14770491001423,80.75693988001896,4|grow|rotor|liquid|s2|g2|structured,False,False,False,False,0,1,,,,,,,,,,,,False,67.14770491001423,False,False,False,False,False,,False,58.982163928011374,False,False,False,False,False,
2,p2g4_060,4,merge_cross_edge,"[""p2g6_020"",""ref_iso_d0.75""]",ac286bf8e6bff6e9,ok,partial,0.4289,62.653339314878195,69.24111908650427,4|grow|mobile|liquid|s1|g2|structured,False,False,False,False,0,1,,,,,,,,,,,,True,62.653339314878195,True,False,False,False,False,,False,58.70067145190256,False,False,False,False,False,
2,p2g4_063,4,merge_cross_edge,"[""p2g6_020"",""blk_engine_10748""]",35bb76a104632fa5,ok,partial,0.4247,70.40036998159323,79.71049330879096,3|grow|rotor|liquid|s3|g2|structured,False,False,False,False,0,1,,,,,,,,,,,,True,70.40036998159323,True,False,False,False,False,,True,64.81429598527458,True,False,False,False,False,
2,p2g4_065,4,merge_cross_edge,"[""p2g6_020"",""ref_iso_d0.65""]",18318d7d0b4ca398,ok,partial,0.4989,72.18414461952425,79.61552615936567,4|switch|rotor|liquid|s2|g2|structured,False,False,False,False,0,1,,,,,,,,,,,,True,72.18414461952425,True,False,False,False,False,,True,67.7253156956194,True,False,False,False,False,
2,p2g4_071,4,merge_cross_edge,"[""p2g6_020"",""ref_iso_d0.65""]",d879f19aa5fb70c0,ok,partial,0.3264,48.889648322236425,54.3061977629819,2|switch|mobile|liquid|s1|g2|mixed,True,True,True,True,0,3,0.1701,p2g4_071_s2,ok,0.2279,50.01398303706783,59.08864404942378,p2g4_071_s3,ok,0.1701,47.075827486027414,57.097769981369886,False,48.889648322236425,False,False,False,False,False,47.075827486027414,False,45.639718657789146,False,False,False,False,False,41.06266198882193
2,p2g4_072,4,merge_cross_edge,"[""p2g6_020"",""ref_iso_d0.65""]",4b22447a6de81328,ok,partial,0.0,52.746840295526084,70.32912039403477,4|switch|mobile|liquid|s1|g2|mixed,False,False,False,False,0,1,,,,,,,,,,,,False,52.746840295526084,False,False,False,False,False,,False,42.197472236420865,False,False,False,False,False,
2,p2g4_014,4,mutate,"[""p3g6_032""]",662784109de88595,ok,partial,0.0,3.912458104883779,5.216610806511706,2|constant|still|frozen|s1|g0|mixed,True,True,True,True,0,3,0.0,p2g4_014_s2,ok,0.0,3.8881594916696987,5.184212655559598,p2g4_014_s3,ok,0.0,3.8861425315280975,5.181523375370797,False,3.912458104883779,False,False,False,False,False,3.8861425315280975,False,3.1299664839070234,False,False,False,False,False,3.1089140252224783
2,p2g4_018,4,mint_bilin,"[""p2g2_008""]",4492b41f47c82c32,ok,partial,0.3945,52.314350949913845,56.602467933218456,2|switch|mobile|liquid|s1|g2|structured,False,False,False,False,0,1,,,,,,,,,,,,False,52.314350949913845,False,False,False,False,False,,False,49.74148075993107,False,False,False,False,False,
2,p2g4_020,4,mint_bilin,"[""p3g6_032""]",3868b359bed4a6eb,ok,partial,0.5963,52.66828762998688,50.3477168399825,4|switch|rotor|liquid|s1|g2|structured,False,False,False,False,0,1,,,,,,,,,,,,False,52.66828762998688,False,False,False,False,False,,False,54.0606301039895,False,False,False,False,False,
2,p2g4_021,4,mint_bilin,"[""p3g6_036""]",a660c9028d5bd4b3,ok,partial,0.6314,63.24809651338253,63.284128684510044,3|switch|mobile|liquid|s1|g1|structured,True,True,True,True,0,3,0.4176,p2g4_021_s2,ok,0.5516,58.28150160832442,59.32200214443256,p2g4_021_s3,ok,0.4176,61.584064185073586,68.19208558009812,True,63.24809651338253,True,True,True,False,False,58.28150160832442,True,63.22647721070602,True,False,False,False,False,57.619251348058874
2,p2g4_023,4,mint_bilin,"[""p2g1_045""]",9d4f75c6ca1d8181,ok,partial,0.0,33.68650110623891,44.91533480831854,3|switch|still|frozen|s1|g2|mixed,False,False,False,False,0,1,,,,,,,,,,,,False,33.68650110623891,False,False,False,False,False,,False,26.949200884991125,False,False,False,False,False,
2,p2g4_024,4,mint_bilin,"[""p3g6_032""]",c3be9f46ce29eea5,ok,partial,0.5916,52.69585748138794,50.541143308517256,4|switch|rotor|liquid|s1|g2|structured,False,False,False,False,0,1,,,,,,,,,,,,False,52.69585748138794,False,False,False,False,False,,False,53.98868598511035,False,False,False,False,False,
2,p2g4_038,4,add_chan,"[""p6g5_026""]",4d307c2777752a38,ok,partial,0.3835,64.2708164780425,72.91108863739001,3|switch|mobile|liquid|s1|g2|structured,False,False,False,False,0,1,,,,,,,,,,,,False,64.2708164780425,False,False,False,False,False,,False,59.086653182434006,False,False,False,False,False,
2,p2g4_041,4,dup_act,"[""p6g5_026""]",61edc1e3803867c8,ok,partial,0.0,41.537727697426504,55.383636929902,3|constant|mobile|flicker|s1|g2|mixed,True,True,False,False,0,2,,p2g4_041_s2,ok,0.0,19.99243794026814,26.65658392035752,,,,,,False,41.537727697426504,False,False,False,False,False,,False,33.2301821579412,False,False,False,False,False,
2,p2g4_044,4,dup_act,"[""p6g5_026""]",abdc74c9a111b0d0,ok,partial,0.0,22.11122293863825,29.481630584850997,2|constant|still|frozen|s1|g2|mixed,True,True,True,True,0,3,0.0,p2g4_044_s2,ok,0.0,26.167063587117994,34.88941811615732,p2g4_044_s3,ok,0.0,29.92751173226967,39.90334897635956,False,22.11122293863825,False,False,False,False,False,22.11122293863825,False,17.6889783509106,False,False,False,False,False,17.6889783509106
2,p2g4_066,4,merge_cross_edge,"[""p2g6_020"",""ref_M4_tau5.7""]",52bbb20fa1784785,ok,partial,0.3157,62.27147146644673,72.50529528859563,3|grow|rotor|liquid|s1|g2|structured,False,False,False,False,0,1,,,,,,,,,,,,False,62.27147146644673,False,False,False,False,False,,False,56.131177173157376,False,False,False,False,False,
2,p2g4_067,4,merge_cross_edge,"[""p2g6_020"",""ref_M4_tau5.7""]",aacc2cdc586b8b3e,ok,partial,0.4748,68.14954271491024,75.03939028654698,4|switch|rotor|liquid|s2|g2|structured,False,False,False,False,0,1,,,,,,,,,,,,True,68.14954271491024,True,False,False,False,False,,True,64.01563417192818,True,False,False,False,False,
2,p2g4_069,4,merge_cross_edge,"[""p1g2_008"",""blk_p2g4_053""]",929650f101dbb962,ok,partial,0.4744,59.9204426933199,64.08059025775987,4|switch|mobile|liquid|s1|g2|structured,False,False,False,False,0,1,,,,,,,,,,,,False,59.9204426933199,False,False,False,False,False,,False,57.424354154655916,False,False,False,False,False,
2,p2g4_009,4,mutate,"[""p4g7_062""]",db9299c24b869e88,ok,partial,0.0,50.440396115929964,67.25386148790662,4|switch|mobile|flicker|s1|g2|mixed,True,True,True,True,0,3,0.0,p2g4_009_s2,ok,0.0,52.944946675600264,70.59326223413369,p2g4_009_s3,ok,0.0,50.75878695032442,67.67838260043256,False,50.440396115929964,False,False,False,False,False,50.440396115929964,False,40.35231689274397,False,False,False,False,False,40.35231689274397
2,p2g4_017,4,mint_bilin,"[""p2g3_073""]",b7507c4b7d772d90,ok,partial,0.1514,57.622354858457754,71.78313981127701,4|grow|mobile|flicker|s2|g2|mixed,False,False,False,False,0,1,,,,,,,,,,,,False,57.622354858457754,False,False,False,False,False,,False,49.1258838867662,False,False,False,False,False,
2,p2g4_030,4,delete_bilin,"[""p2g3_038""]",2d9a00b0dec7e567,ok,partial,0.5505,59.15828632787694,60.52771510383591,3|grow|mobile|liquid|s1|g1|structured,True,True,True,False,1,2,,p2g4_030_s2,ok,0.5609,57.7439605090951,58.29528067879347,,,,,,False,59.15828632787694,False,False,False,False,False,,False,58.33662906230154,False,False,False,False,False,
2,p2g4_045,4,dup_act,"[""p6g5_026""]",b472776e7ed4bd80,ok,partial,0.2678,63.58246971145878,75.84995961527837,4|grow|rotor|liquid|s1|g2|mixed,False,False,False,False,0,1,,,,,,,,,,,,False,63.58246971145878,False,False,False,False,False,,False,56.22197576916702,False,False,False,False,False,
2,p2g4_048,4,merge_spatial_ic,"[""p6g10_024"",""p6g1_043""]",2a7ac9f64d6ef179,ok,partial,0.3376,68.91965595262786,80.63954127017048,3|grow|rotor|liquid|s2|g2|structured,False,False,False,False,0,1,,,,,,,,,,,,False,68.91965595262786,False,False,False,False,False,,False,61.887724762102295,False,False,False,False,False,
2,p2g4_051,4,merge_spatial_ic,"[""p6g8_033"",""p3g3_038""]",27a2960d05f47297,ok,partial,0.2797,53.75988125769968,62.35650834359958,3|switch|mobile|liquid|s1|g2|structured,False,False,False,False,0,1,,,,,,,,,,,,False,53.75988125769968,False,False,False,False,False,,False,48.60190500615975,False,False,False,False,False,
2,p2g4_052,4,merge_spatial_ic,"[""p6g8_033"",""p3g5_003""]",27a2960d05f47297,ok,partial,0.2581,43.310128147119606,49.143504196159476,3|switch|mobile|liquid|s1|g2|structured,False,False,False,False,0,1,,,,,,,,,,,,False,43.310128147119606,False,False,False,False,False,,False,39.81010251769568,False,False,False,False,False,
2,p2g4_055,4,merge_spatial_ic,"[""p3g9_022"",""p2g1_040""]",9a815b4bb1db78ea,ok,partial,0.6148,65.01501720999877,66.19335627999835,4|grow|mobile|liquid|s1|g2|structured,False,False,False,False,0,1,,,,,,,,,,,,True,65.01501720999877,True,False,False,False,False,,True,64.308013767999,True,False,False,False,False,
2,p2g4_064,4,merge_cross_edge,"[""p4g5_070"",""ref_iso_d0.65""]",66e74aa3c254fd76,ok,partial,0.5626,44.33724587893752,40.36299450525003,2|constant|mobile|liquid|s1|g2|structured,True,True,True,True,0,3,0.5341,p2g4_064_s2,ok,0.5508,44.715436208958195,41.26058161194426,p2g4_064_s3,ok,0.5341,44.354948554111374,41.3365980721485,False,44.33724587893752,False,False,False,False,False,44.33724587893752,False,46.72179670315002,False,False,False,False,False,46.1659588432891
2,p2g4_073,4,merge_share_chan,"[""p2g1_007"",""ref_iso_d0.75""]",19cf9220838e8612,ok,partial,0.0,30.413636580466797,40.551515440622396,4|switch|mobile|flicker|s1|g2|mixed,False,False,False,False,0,1,,,,,,,,,,,,False,30.413636580466797,False,False,False,False,False,,False,24.330909264373435,False,False,False,False,False,
2,p2g4_075,4,merge_share_chan,"[""p2g6_020"",""ref_iso_d0.75""]",0abf42840cbc5863,ok,partial,0.1143,47.02802533688894,58.894033782518584,4|switch|drift|liquid|s1|g2|mixed,False,False,False,False,0,1,,,,,,,,,,,,False,47.02802533688894,False,False,False,False,False,,False,39.908420269511154,False,False,False,False,False,
2,p2g4_001,4,mutate,"[""p2g3_009""]",5e7b9131c7a99034,ok,partial,0.3753,49.3306538480827,53.26420513077693,3|switch|mobile|liquid|s1|g0|structured,False,False,False,False,0,1,,,,,,,,,,,,False,49.3306538480827,False,False,False,False,False,,False,46.97052307846616,False,False,False,False,False,
2,p2g4_010,4,mutate,"[""p6g7_028""]",37945120fc45ada4,ok,partial,0.5206,53.47017726170367,53.94023634893823,2|switch|mobile|liquid|s1|g2|structured,False,False,False,False,0,1,,,,,,,,,,,,False,53.47017726170367,False,False,False,False,False,,False,53.18814180936293,False,False,False,False,False,
2,p2g4_015,4,mutate,"[""p6g5_026""]",a04fca4ed04a8fd9,ok,partial,0.3092,56.39009530664301,64.88012707552402,2|switch|mobile|liquid|s1|g2|structured,True,True,True,False,1,2,,p2g4_015_s2,ok,0.4212,58.03796234125702,63.34394978834269,,,,,,False,56.39009530664301,False,False,False,False,False,,False,51.29607624531441,False,False,False,False,False,
2,p2g4_019,4,mint_bilin,"[""p1g7_023""]",1461f218808624cf,ok,partial,0.4513,63.626190405014015,69.79158720668535,4|grow|mobile|liquid|s2|g0|structured,False,False,False,False,0,1,,,,,,,,,,,,True,63.626190405014015,True,False,False,False,False,,False,59.92695232401121,False,False,False,False,False,
2,p2g4_025,4,mint_bilin,"[""p6g7_028""]",11a65939b9c86322,ok,partial,0.4301,63.77885348718781,70.70180464958375,3|switch|rotor|liquid|s1|g2|structured,False,False,False,False,0,1,,,,,,,,,,,,True,63.77885348718781,True,False,False,False,False,,False,59.62508278975025,False,False,False,False,False,
2,p2g4_027,4,mint_bilin,"[""p6g9_024""]",7226ffbaa357381d,ok,partial,0.428,56.16247348870111,60.61663131826814,4|switch|mobile|liquid|s1|g0|structured,False,False,False,False,0,1,,,,,,,,,,,,False,56.16247348870111,False,False,False,False,False,,False,53.48997879096089,False,False,False,False,False,
2,p2g4_028,4,delete_bilin,"[""p6g7_028""]",f8ddd85f0b5b2a2e,ok,partial,0.4995,65.42776519479644,70.58702025972859,3|switch|mobile|liquid|s2|g2|structured,False,False,False,False,0,1,,,,,,,,,,,,True,65.42776519479644,True,False,False,False,False,,True,62.332212155837155,True,False,False,False,False,
2,p2g4_035,4,add_chan,"[""p2g6_020""]",cf893e45a899da74,ok,partial,0.6224,65.51508691811668,66.6067825574889,3|switch|mobile|liquid|s1|g2|structured,False,False,False,False,0,1,,,,,,,,,,,,True,65.51508691811668,True,False,False,False,False,,True,64.86006953449333,True,False,False,False,False,
2,p2g4_036,4,add_chan,"[""p2g2_074""]",3cf14e318059768b,ok,partial,0.0677,27.566348444125587,34.49846459216745,2|oscillator|drift|frozen|s1|g2|mixed,True,True,True,True,0,3,0.0619,p2g4_036_s2,ok,0.0654,26.40833564687546,33.03111419583394,p2g4_036_s3,ok,0.0619,25.29491215536582,31.66321620715443,False,27.566348444125587,False,False,False,False,False,25.29491215536582,False,23.407078755300468,False,False,False,False,False,21.473929724292656
2,p2g4_047,4,dup_act,"[""p2g6_020""]",a86921933d763c56,ok,partial,0.0,30.410810462853778,40.54774728380504,3|constant|drift|gas|s1|g2|mixed,False,False,False,False,0,1,,,,,,,,,,,,False,30.410810462853778,False,False,False,False,False,,False,24.328648370283023,False,False,False,False,False,
2,p2g4_050,4,merge_spatial_ic,"[""p6g7_054"",""p5g4_065""]",c3395cc4794da758,ok,partial,0.0,45.39706981983145,60.52942642644194,4|oscillator|drift|liquid|s1|g2|mixed,True,True,True,True,0,3,0.0,p2g4_050_s2,ok,0.0,42.83241723343947,57.10988964458596,p2g4_050_s3,ok,0.0,41.6111522004132,55.4815362672176,False,45.39706981983145,False,False,False,False,False,41.6111522004132,False,36.31765585586516,False,False,False,False,False,33.28892176033056
2,p2g4_011,4,mutate,"[""p1g6_065""]",f232ffdf90044a20,ok,partial,0.0,2.7874999999999996,3.716666666666666,1|constant|still|gas|s1|g0|mixed,False,False,False,False,0,1,,,,,,,,,,,,False,2.7874999999999996,False,False,False,False,False,,False,2.2299999999999995,False,False,False,False,False,
2,p2g4_013,4,mutate,"[""p2g1_049""]",9263a14c312d9257,ok,partial,0.0,39.67506093515597,52.90008124687462,3|switch|mobile|liquid|s1|g0|mixed,True,True,True,True,0,3,0.0,p2g4_013_s2,ok,0.0,39.9881021489362,53.31746953191493,p2g4_013_s3,ok,0.0,39.28134229280106,52.37512305706807,False,39.67506093515597,False,False,False,False,False,39.28134229280106,False,31.74004874812477,False,False,False,False,False,31.42507383424084
2,p2g4_049,4,merge_spatial_ic,"[""p2g6_001"",""p3g9_021""]",b10ebb5bb2a75e70,ok,partial,0.0758,46.14480399319191,58.999738657589205,4|grow|drift|frozen|s1|g2|mixed,True,True,True,True,0,3,0.0758,p2g4_049_s2,ok,0.0903,46.04852596064054,58.38803461418739,p2g4_049_s3,ok,0.0834,50.15233660986744,64.08978214648992,False,46.14480399319191,False,False,False,False,False,46.04852596064054,False,38.43184319455352,False,False,False,False,False,38.43184319455352
2,p2g4_054,4,merge_spatial_ic,"[""p6g9_024"",""p2g1_043""]",13d71fd1241f9ebc,ok,partial,0.4335,55.913858116542876,60.101810822057175,4|switch|mobile|liquid|s1|g0|structured,False,False,False,False,0,1,,,,,,,,,,,,False,55.913858116542876,False,False,False,False,False,,False,53.4010864932343,False,False,False,False,False,
2,p2g4_070,4,merge_slow_tanh,"[""p5g8_014"",""ref_iso_d0.65""]",945576ba9b0cf9da,ok,partial,0.5634,68.08855381659501,72.00473842212666,3|switch|rotor|flicker|s1|g2|structured,True,True,True,True,0,3,0.5552,p2g4_070_s2,ok,0.5552,68.05898069597636,72.23864092796849,p2g4_070_s3,ok,0.5566,67.62096448931126,71.60795265241502,True,68.08855381659501,True,True,True,True,True,67.62096448931126,True,65.738843053276,True,True,True,True,True,65.22877159144902
2,p2g4_026,4,mint_bilin,"[""p2g6_020""]",7ee634342e17532b,ok,partial,0.1647,56.63317654768813,70.02090206358417,3|switch|rotor|liquid|s1|g2|structured,False,False,False,False,0,1,,,,,,,,,,,,False,56.63317654768813,False,False,False,False,False,,False,48.600541238150505,False,False,False,False,False,
2,p2g4_029,4,delete_bilin,"[""p2g6_020""]",0ca4df05e2dd82dc,ok,partial,0.3747,62.60081251545139,70.97775002060185,3|grow|rotor|liquid|s1|g2|structured,False,False,False,False,0,1,,,,,,,,,,,,False,62.60081251545139,False,False,False,False,False,,False,57.574650012361104,False,False,False,False,False,
2,p2g4_062,4,merge_cross_edge,"[""p2g3_039"",""blk_engine_10748""]",f78b00513c33a9a3,ok,partial,0.5238,64.53379767733584,68.58506356978113,3|switch|rotor|liquid|s1|g2|structured,False,False,False,False,0,1,,,,,,,,,,,,True,64.53379767733584,True,False,False,False,False,,True,62.10303814186868,True,False,False,False,False,
2,p2g4_068,4,merge_slow_tanh,"[""p2g4_053"",""ref_M0""]",dd2e6b7e5ff512a5,ok,partial,0.4676,63.424301231857484,68.97906830914332,3|grow|mobile|liquid|s1|g2|structured,False,False,False,False,0,1,,,,,,,,,,,,True,63.424301231857484,True,False,False,False,False,,True,60.09144098548599,True,False,False,False,False,
2,p2g4_085,4,immigrate,,8458a7d34962b97e,no_blobs,missing,,0.0,,,False,False,False,False,0,1,,,,,,,,,,,,False,,False,False,False,False,False,,False,,False,False,False,False,False,
2,p2g4_087,4,immigrate,,5a6f2e5c272d19c3,no_blobs,missing,,0.0,,,False,False,False,False,0,1,,,,,,,,,,,,False,,False,False,False,False,False,,False,,False,False,False,False,False,
2,p2g4_089,4,immigrate,,7de91b9de4de060b,no_blobs,missing,,0.0,,,False,False,False,False,0,1,,,,,,,,,,,,False,,False,False,False,False,False,,False,,False,False,False,False,False,
2,p2g4_090,4,immigrate,,2675a4ecc4c73d16,no_blobs,missing,,0.0,,,False,False,False,False,0,1,,,,,,,,,,,,False,,False,False,False,False,False,,False,,False,False,False,False,False,
2,p2g4_094,4,immigrate,,8ff49fe598e95ec5,no_blobs,missing,,0.0,,,False,False,False,False,0,1,,,,,,,,,,,,False,,False,False,False,False,False,,False,,False,False,False,False,False,
2,p2g4_077,4,immigrate,,9a2193f7e822c1ae,no_blobs,missing,,0.0,,,False,False,False,False,0,1,,,,,,,,,,,,False,,False,False,False,False,False,,False,,False,False,False,False,False,
2,p2g4_086,4,immigrate,,d7c730ea17b77b9e,no_blobs,missing,,0.0,,,False,False,False,False,0,1,,,,,,,,,,,,False,,False,False,False,False,False,,False,,False,False,False,False,False,
2,p2g4_088,4,immigrate,,14b291528f57f0d7,no_blobs,missing,,0.0,,,False,False,False,False,0,1,,,,,,,,,,,,False,,False,False,False,False,False,,False,,False,False,False,False,False,
2,p2g4_092,4,immigrate,,5f4bc95ac9c1647e,no_blobs,missing,,0.0,,,False,False,False,False,0,1,,,,,,,,,,,,False,,False,False,False,False,False,,False,,False,False,False,False,False,
2,p2g4_079,4,immigrate,,1625b0210b89bbd9,ok,partial,0.0,0.0,0.0,1|constant|still|gas|s1|g0|mixed,False,False,False,False,0,1,,,,,,,,,,,,False,0.0,False,False,False,False,False,,False,0.0,False,False,False,False,False,
2,p2g4_080,4,immigrate,,291046388665ec08,ok,partial,0.0,0.0,0.0,1|constant|still|gas|s1|g0|mixed,False,False,False,False,0,1,,,,,,,,,,,,False,0.0,False,False,False,False,False,,False,0.0,False,False,False,False,False,
2,p2g4_083,4,immigrate,,279343cdb84a23cd,ok,partial,0.0,0.0,0.0,1|constant|still|gas|s1|g0|mixed,False,False,False,False,0,1,,,,,,,,,,,,False,0.0,False,False,False,False,False,,False,0.0,False,False,False,False,False,
2,p2g4_093,4,immigrate,,1c5ec3813221df84,ok,partial,0.0,0.0,0.0,1|constant|still|gas|s1|g0|mixed,False,False,False,False,0,1,,,,,,,,,,,,False,0.0,False,False,False,False,False,,False,0.0,False,False,False,False,False,
2,p2g4_007,4,mutate,"[""p6g1_043""]",a78a47464726099c,ok,partial,0.432,46.446446886504916,47.52859584867321,2|oscillator|mobile|liquid|s1|g2|structured,False,False,False,False,0,1,,,,,,,,,,,,False,46.446446886504916,False,False,False,False,False,,False,45.79715750920393,False,False,False,False,False,
2,p2g4_078,4,immigrate,,4bc12359258d6d2a,ok,partial,0.0,0.0,0.0,1|constant|still|gas|s1|g0|mixed,False,False,False,False,0,1,,,,,,,,,,,,False,0.0,False,False,False,False,False,,False,0.0,False,False,False,False,False,
2,p2g4_084,4,immigrate,,f73a225995075ccf,ok,partial,0.0,6.482070026016114,8.642760034688152,1|constant|still|gas|s1|g0|mixed,False,False,False,False,0,1,,,,,,,,,,,,False,6.482070026016114,False,False,False,False,False,,False,5.185656020812891,False,False,False,False,False,
2,p2g4_081,4,immigrate,,02303df488df0e88,ok,partial,0.0,0.0,0.0,1|constant|still|gas|s1|g0|mixed,False,False,False,False,0,1,,,,,,,,,,,,False,0.0,False,False,False,False,False,,False,0.0,False,False,False,False,False,
2,p2g4_082,4,immigrate,,0d09e6693876ad47,ok,partial,0.0,0.0,0.0,1|constant|still|gas|s1|g0|mixed,False,False,False,False,0,1,,,,,,,,,,,,False,0.0,False,False,False,False,False,,False,0.0,False,False,False,False,False,
2,p2g4_091,4,immigrate,,11b6cb1324de9739,ok,partial,0.0,15.337500000000002,20.450000000000003,2|constant|still|gas|s1|g0|mixed,False,False,False,False,0,1,,,,,,,,,,,,False,15.337500000000002,False,False,False,False,False,,False,12.270000000000001,False,False,False,False,False,
2,p2g4_095,4,immigrate,,d452400ed9d55963,ok,partial,0.0,0.0,0.0,1|constant|still|gas|s1|g0|mixed,False,False,False,False,0,1,,,,,,,,,,,,False,0.0,False,False,False,False,False,,False,0.0,False,False,False,False,False,
2,p2g4_096,4,immigrate,,a129f4f7da2cac52,ok,partial,0.0,0.0,0.0,1|constant|mobile|gas|s1|g0|mixed,False,False,False,False,0,1,,,,,,,,,,,,False,0.0,False,False,False,False,False,,False,0.0,False,False,False,False,False,
2,p2g5_060,5,merge_cross_edge,"[""p5g8_014"",""ref_XV_tau15.7""]",a1dcbbedcbd7e3e9,fail_g0a,missing,,,,,False,False,False,False,0,1,,,,,,,,,,,,False,,False,False,False,False,False,,False,,False,False,False,False,False,
2,p2g5_044,5,dup_act,"[""p6g5_026""]",58fadc169d914e64,fail_g0a,missing,,,,,False,False,False,False,0,1,,,,,,,,,,,,False,,False,False,False,False,False,,False,,False,False,False,False,False,
2,p2g5_045,5,dup_act,"[""p6g5_026""]",821a3fd2458eacd7,fail_g0a,missing,,,,,False,False,False,False,0,1,,,,,,,,,,,,False,,False,False,False,False,False,,False,,False,False,False,False,False,
2,p2g5_047,5,dup_act,"[""p2g4_036""]",dbebd65621e32ff9,fail_g0a,missing,,,,,False,False,False,False,0,1,,,,,,,,,,,,False,,False,False,False,False,False,,False,,False,False,False,False,False,
2,p2g5_072,5,merge_share_chan,"[""p2g4_062"",""blk_p2g4_053""]",ad2cae4ea2f493f9,fail_g0a,missing,,,,,False,False,False,False,0,1,,,,,,,,,,,,False,,False,False,False,False,False,,False,,False,False,False,False,False,
2,p2g5_073,5,merge_share_chan,"[""p5g8_014"",""ref_XV_tau15.7""]",c108c107d01aae5a,fail_g0a,missing,,,,,False,False,False,False,0,1,,,,,,,,,,,,False,,False,False,False,False,False,,False,,False,False,False,False,False,
2,p2g5_042,5,dup_act,"[""p2g3_032""]",a7c71d297da1b11d,fail_g0a,missing,,,,,False,False,False,False,0,1,,,,,,,,,,,,False,,False,False,False,False,False,,False,,False,False,False,False,False,
2,p2g5_041,5,dup_act,"[""p2g4_061""]",89de29098e79a60a,fail_g0a,missing,,,,,False,False,False,False,0,1,,,,,,,,,,,,False,,False,False,False,False,False,,False,,False,False,False,False,False,
2,p2g5_074,5,merge_share_chan,"[""p2g3_015"",""ref_M4_tau5.7""]",0675827ca1d82960,fail_g0a,missing,,,,,False,False,False,False,0,1,,,,,,,,,,,,False,,False,False,False,False,False,,False,,False,False,False,False,False,
2,p2g5_026,5,mint_bilin,"[""p2g4_061""]",fff46f7d68af23e4,ok,partial,0.5421,67.44455009876039,71.85606679834719,3|grow|mobile|liquid|s2|g2|structured,False,False,False,False,0,1,,,,,,,,,,,,True,67.44455009876039,True,False,False,False,False,,True,64.79764007900832,True,False,False,False,False,
2,p2g5_048,5,merge_spatial_ic,"[""p6g7_013"",""p6g5_026""]",e65ef70dd49605a1,ok,partial,0.4027,54.98047635729957,59.88396847639943,3|switch|drift|liquid|s1|g2|structured,True,True,True,True,0,3,0.4027,p2g5_048_s2,ok,0.4756,64.12251242005968,69.6433498934129,p2g5_048_s3,ok,0.4665,63.7650289799119,69.47003863988253,False,54.98047635729957,True,True,False,False,False,54.98047635729957,False,52.03838108583966,True,True,False,False,False,52.03838108583966
2,p2g5_071,5,merge_slow_tanh,"[""p2g1_086"",""ref_BFIELD_g0.05""]",e5038d349d4ff71d,ok,partial,0.0,37.94568838245371,50.59425117660494,3|constant|mobile|flicker|s1|g2|mixed,False,False,False,False,0,1,,,,,,,,,,,,False,37.94568838245371,False,False,False,False,False,,False,30.356550705962963,False,False,False,False,False,
2,p2g5_019,5,mint_bilin,"[""p2g3_074""]",6eca0e266b772123,ok,partial,0.0,24.337500000000002,32.45,3|constant|still|flicker|s1|g2|mixed,True,True,True,True,0,3,0.0,p2g5_019_s2,ok,0.0,25.952520579078456,34.60336077210461,p2g5_019_s3,ok,0.0,26.129762220909356,34.839682961212475,False,24.337500000000002,False,False,False,False,False,24.337500000000002,False,19.470000000000002,False,False,False,False,False,19.470000000000002
2,p2g5_068,5,merge_slow_tanh,"[""p2g2_098"",""ref_iso_d0.65""]",e5d41537a3e99687,ok,partial,0.0,19.74889321033688,26.33185761378251,2|constant|still|flicker|s1|g2|mixed,False,False,False,False,0,1,,,,,,,,,,,,False,19.74889321033688,False,False,False,False,False,,False,15.799114568269506,False,False,False,False,False,
2,p2g5_001,5,mutate,"[""p2g1_058""]",845d10fddc42e1c8,ok,partial,0.4425,71.79003168274053,80.97004224365405,4|grow|mobile|liquid|s1|g2|structured,False,False,False,False,0,1,,,,,,,,,,,,True,71.79003168274053,True,False,False,False,False,,True,66.28202534619243,True,False,False,False,False,
2,p2g5_007,5,mutate,"[""p2g4_037""]",1b12ec79d853acdf,ok,partial,0.0,41.65328139470223,55.53770852626965,2|oscillator|mobile|gas|s1|g2|mixed,True,True,True,True,0,3,0.0,p2g5_007_s2,ok,0.0,38.48796030923488,51.317280412313174,p2g5_007_s3,ok,0.0,34.99619421485849,46.66159228647799,False,41.65328139470223,False,False,False,False,False,34.99619421485849,False,33.32262511576179,False,False,False,False,False,27.996955371886795
2,p2g5_011,5,mutate,"[""p2g1_063""]",59e24fc50ad070af,ok,partial,0.0,11.258026390204126,15.010701853605502,1|constant|still|frozen|s1|g2|mixed,True,True,True,True,0,3,0.0,p2g5_011_s2,ok,0.0,9.063371352467065,12.084495136622754,p2g5_011_s3,ok,0.0,8.841917902192693,11.789223869590257,False,11.258026390204126,False,False,False,False,False,8.841917902192693,False,9.0064211121633,False,False,False,False,False,7.073534321754154
2,p2g5_013,5,mutate,"[""p2g7_039""]",a37184dec5e84a7f,ok,partial,0.5372,63.97418541831062,67.39224722441416,4|switch|mobile|liquid|s1|g2|structured,False,False,False,False,0,1,,,,,,,,,,,,True,63.97418541831062,True,False,False,False,False,,True,61.923348334648495,True,False,False,False,False,
2,p2g5_022,5,mint_bilin,"[""p2g7_039""]",96e24f8710f637cd,ok,partial,0.4247,73.81793425191171,84.2672456692156,4|grow|rotor|liquid|s2|g2|structured,True,True,True,True,0,3,0.4247,p2g5_022_s2,ok,0.4519,75.85334087391685,86.07445449855581,p2g5_022_s3,ok,0.6342,77.36447450367643,82.01263267156858,True,73.81793425191171,True,True,True,True,True,73.81793425191171,True,67.54834740152936,True,True,True,True,True,67.54834740152936
2,p2g5_023,5,mint_bilin,"[""p2g7_039""]",95a88a754c64494b,ok,partial,0.2703,54.90825983739417,64.20101311652556,3|grow|mobile|liquid|s1|g2|structured,False,False,False,False,0,1,,,,,,,,,,,,False,54.90825983739417,False,False,False,False,False,,False,49.33260786991533,False,False,False,False,False,
2,p2g5_027,5,mint_bilin,"[""p3g8_049""]",a28afd31660e28b1,ok,partial,0.0,43.870263612759246,58.49368481701232,4|switch|still|liquid|s1|g2|mixed,True,True,True,True,0,3,0.0,p2g5_027_s2,ok,0.0,45.902115723443856,61.20282096459181,p2g5_027_s3,ok,0.0,48.146282042011975,64.19504272268263,False,43.870263612759246,False,False,False,False,False,43.870263612759246,False,35.096210890207395,False,False,False,False,False,35.096210890207395
2,p2g5_032,5,add_chan,"[""p3g9_022""]",88661aef179f6393,ok,partial,0.2914,54.8155733668911,63.37409782252148,3|grow|rotor|liquid|s1|g2|structured,False,False,False,False,0,1,,,,,,,,,,,,False,54.8155733668911,False,False,False,False,False,,False,49.68045869351288,False,False,False,False,False,
2,p2g5_035,5,add_chan,"[""p3g6_032""]",a69997ef3bc08a04,ok,partial,0.3795,56.390752067683295,62.537669423577725,3|grow|mobile|liquid|s1|g1|structured,False,False,False,False,0,1,,,,,,,,,,,,False,56.390752067683295,False,False,False,False,False,,False,52.70260165414663,False,False,False,False,False,
2,p2g5_053,5,merge_spatial_ic,"[""p2g7_039"",""p3g5_061""]",fa86cb8089d048d0,ok,partial,0.2045,22.963889867702306,23.801853156936406,2|constant|still|liquid|s1|g2|mixed,True,True,True,True,0,3,0.2045,p2g5_053_s2,ok,0.4414,69.04107093565585,77.3414279142078,p2g5_053_s3,ok,0.561,75.89923666254897,82.49898221673196,False,22.963889867702306,True,True,False,False,False,22.963889867702306,False,22.461111894161846,True,True,False,False,False,22.461111894161846
2,p2g5_063,5,merge_cross_edge,"[""p2g3_060"",""ref_iso_d0.75""]",a8164ab6431e4ee0,ok,partial,0.041,22.268884726456697,28.3251796352756,4|oscillator|still|frozen|s1|g2|mixed,True,True,True,True,0,3,0.0323,p2g5_063_s2,ok,0.0323,19.420229271066635,24.816972361422177,p2g5_063_s3,ok,0.0398,27.96858224247787,35.96477632330382,False,22.268884726456697,False,False,False,False,False,19.420229271066635,False,18.63510778116536,False,False,False,False,False,16.182183416853306
2,p2g5_034,5,add_chan,"[""p6g8_033""]",ab8e5db7f17e8a34,ok,partial,0.4545,71.59557438588502,80.31076584784668,3|grow|rotor|liquid|s1|g2|structured,False,False,False,False,0,1,,,,,,,,,,,,True,71.59557438588502,True,False,False,False,False,,True,66.366459508708,True,False,False,False,False,
2,p2g5_040,5,dup_act,"[""p6g9_021""]",80838bc7574e89be,ok,partial,0.3658,65.56012244690204,75.22016326253606,4|grow|rotor|liquid|s1|g2|structured,False,False,False,False,0,1,,,,,,,,,,,,False,65.56012244690204,False,False,False,False,False,,False,59.76409795752164,False,False,False,False,False,
2,p2g5_043,5,dup_act,"[""p6g8_033""]",ebd1535bcee2bae9,ok,partial,0.0,55.65931473351201,74.21241964468268,4|grow|rotor|liquid|s1|g2|mixed,False,False,False,False,0,1,,,,,,,,,,,,False,55.65931473351201,False,False,False,False,False,,False,44.52745178680961,False,False,False,False,False,
2,p2g5_046,5,dup_act,"[""p6g9_021""]",fb53db3f8d535b22,ok,partial,0.3243,71.40289266185871,84.39385688247829,4|grow|rotor|liquid|s3|g2|structured,False,False,False,False,0,1,,,,,,,,,,,,False,71.40289266185871,False,False,False,False,False,,False,63.60831412948697,False,False,False,False,False,
2,p2g5_058,5,merge_cross_edge,"[""p2g4_062"",""blk_p1g2_008""]",1504332c907a0128,ok,partial,0.4414,62.779581537012646,68.99277538268353,4|grow|mobile|flicker|s1|g2|structured,True,True,True,True,0,3,0.4249,p2g5_058_s2,ok,0.4333,62.682602095578176,69.1334694607709,p2g5_058_s3,ok,0.4249,61.08230219079713,67.27973625439617,True,62.779581537012646,True,True,True,True,True,61.08230219079713,False,59.051665229610116,False,False,False,False,False,57.3638417526377
2,p2g5_059,5,merge_cross_edge,"[""p2g6_020"",""ref_M4_tau5.7""]",a40cd129e294485d,ok,partial,0.1147,44.70570480817949,55.78427307757266,3|switch|drift|liquid|s1|g2|mixed,True,True,True,True,0,3,0.1147,p2g5_059_s2,ok,0.1997,54.67946837573725,66.24929116764967,p2g5_059_s3,ok,0.2008,50.88065212232275,61.147536163097,False,44.70570480817949,False,False,False,False,False,44.70570480817949,False,38.05856384654359,False,False,False,False,False,38.05856384654359
2,p2g5_062,5,merge_cross_edge,"[""p2g6_020"",""blk_engine_10748""]",3ae8ffb148c5aa09,ok,partial,0.374,69.77976343198274,80.57301790931032,3|grow|rotor|liquid|s3|g2|structured,False,False,False,False,0,1,,,,,,,,,,,,False,69.77976343198274,False,False,False,False,False,,False,63.30381074558619,False,False,False,False,False,
2,p2g5_064,5,merge_cross_edge,"[""p2g6_020"",""ref_iso_d0.75""]",345e0c8663a75248,ok,partial,0.4207,70.54070165173266,80.03093553564355,4|grow|rotor|liquid|s2|g2|structured,False,False,False,False,0,1,,,,,,,,,,,,True,70.54070165173266,True,False,False,False,False,,True,64.84656132138613,True,False,False,False,False,
2,p2g5_065,5,merge_cross_edge,"[""p4g2_028"",""blk_engine_10748""]",45426cb8a613dc63,ok,partial,0.3405,62.49590822306662,71.97787763075549,4|grow|drift|liquid|s1|g2|structured,True,True,True,True,0,3,0.3405,p2g5_065_s2,ok,0.4381,67.27843448290216,75.10124597720286,p2g5_065_s3,ok,0.3959,62.91086918632231,70.68449224842975,False,62.49590822306662,True,True,False,False,False,62.49590822306662,False,56.80672657845329,True,True,False,False,False,56.80672657845329
2,p2g5_066,5,merge_cross_edge,"[""p2g3_015"",""ref_XV_tau15.7""]",ac69d3155d80c08d,ok,partial,0.3966,65.79919607278177,74.51226143037569,4|grow|rotor|liquid|s2|g2|structured,False,False,False,False,0,1,,,,,,,,,,,,False,65.79919607278177,False,False,False,False,False,,False,60.571356858225414,False,False,False,False,False,
2,p2g5_067,5,merge_cross_edge,"[""p2g3_032"",""ref_iso_d0.75""]",a3daeedefa51805f,ok,partial,0.5534,64.20447058818942,67.15929411758589,4|switch|drift|liquid|s1|g2|structured,True,True,True,True,0,3,0.4791,p2g5_067_s2,ok,0.5239,64.84578262778285,68.99771017037713,p2g5_067_s3,ok,0.4791,65.93716308933571,71.94621745244761,True,64.20447058818942,True,True,True,True,True,64.20447058818942,True,62.43157647055153,True,True,True,True,True,62.33173047146857
2,p2g5_069,5,merge_cross_edge,"[""p2g6_020"",""blk_engine_10748""]",1473cab46e09e591,ok,partial,0.0,5.6625,7.55,1|constant|still|frozen|s1|g0|mixed,True,True,True,True,0,3,0.0,p2g5_069_s2,ok,0.0,3.9749999999999996,5.3,p2g5_069_s3,ok,0.0,5.6625,7.55,False,5.6625,False,False,False,False,False,3.9749999999999996,False,4.529999999999999,False,False,False,False,False,3.1799999999999997
2,p2g5_070,5,merge_cross_edge,"[""p6g5_025"",""ref_iso_d0.65""]",d7610a1a1fc717d3,ok,partial,0.4133,65.39688861699258,73.41918482265679,3|grow|rotor|liquid|s1|g2|structured,False,False,False,False,0,1,,,,,,,,,,,,True,65.39688861699258,True,False,False,False,False,,True,60.58351089359407,True,False,False,False,False,
2,p2g5_003,5,mutate,"[""p6g9_021""]",c63a1da37765a911,ok,partial,0.1761,39.39611758453826,46.65815677938435,2|switch|mobile|liquid|s1|g2|structured,False,False,False,False,0,1,,,,,,,,,,,,False,39.39611758453826,False,False,False,False,False,,False,35.03889406763061,False,False,False,False,False,
2,p2g5_005,5,mutate,"[""p6g8_033""]",3ff0bea4b19ab900,ok,partial,0.6499,67.87841179051973,68.84121572069297,3|switch|mobile|liquid|s1|g2|structured,True,True,True,True,0,3,0.4319,p2g5_005_s2,ok,0.4319,62.05487653978135,68.34316871970846,p2g5_005_s3,ok,0.5348,62.193867100952275,65.09848946793636,True,67.87841179051973,True,True,True,True,True,62.05487653978135,True,67.30072943241578,True,True,True,False,False,58.281901231825074
2,p2g5_006,5,mutate,"[""p3g6_032""]",39c30a9d16c2fef9,ok,partial,0.2623,42.51586397205034,47.94448529606712,3|switch|mobile|liquid|s1|g0|structured,False,False,False,False,0,1,,,,,,,,,,,,False,42.51586397205034,False,False,False,False,False,,False,39.25869117764027,False,False,False,False,False,
2,p2g5_010,5,mutate,"[""p3g9_022""]",3a0c2f0d5d605f35,ok,partial,0.5982,65.56573524928054,67.48098033237405,4|switch|mobile|liquid|s1|g2|structured,False,False,False,False,0,1,,,,,,,,,,,,True,65.56573524928054,True,False,False,False,False,,True,64.41658819942442,True,False,False,False,False,
2,p2g5_015,5,mutate,"[""p3g6_032""]",bb085e5eaf1f3704,ok,partial,0.5531,64.61059862536241,67.71079816714989,3|grow|mobile|liquid|s1|g1|structured,True,True,True,True,0,3,0.4919,p2g5_015_s2,ok,0.4919,63.894312370374166,68.79574982716555,p2g5_015_s3,ok,0.5529,67.12359866385995,71.06813155181327,True,64.61059862536241,True,True,True,True,True,63.894312370374166,True,62.750478900289934,True,True,True,True,True,60.95344989629933
2,p2g5_016,5,mint_bilin,"[""p3g6_032""]",29d3742ac73a7ed0,ok,partial,0.6699,51.88403377099664,46.84871169466218,4|switch|mobile|liquid|s1|g2|structured,False,False,False,False,0,1,,,,,,,,,,,,False,51.88403377099664,False,False,False,False,False,,False,54.90522701679731,False,False,False,False,False,
2,p2g5_020,5,mint_bilin,"[""p2g2_021""]",4c89772ada03100f,ok,partial,0.5198,69.25828256786946,75.0177100904926,4|grow|mobile|liquid|s1|g1|structured,False,False,False,False,0,1,,,,,,,,,,,,True,69.25828256786946,True,False,False,False,False,,True,65.80262605429556,True,False,False,False,False,
2,p2g5_025,5,mint_bilin,"[""p6g6_032""]",5712d6cef781882d,ok,partial,0.4894,63.3360975967302,68.13479679564027,4|switch|mobile|liquid|s1|g2|structured,False,False,False,False,0,1,,,,,,,,,,,,True,63.3360975967302,True,False,False,False,False,,True,60.45687807738416,True,False,False,False,False,
2,p2g5_028,5,delete_bilin,"[""p3g6_032""]",e169f7c89e6864bc,ok,partial,0.5796,51.05242922572099,48.749905634294656,4|switch|rotor|liquid|s1|g1|structured,True,True,False,False,0,2,,p2g5_028_s2,ok,0.3672,60.140182706903154,67.94691027587088,,,,,,False,51.05242922572099,False,False,False,False,False,,False,52.43394338057679,False,False,False,False,False,
2,p2g5_029,5,delete_bilin,"[""p3g6_032""]",e169f7c89e6864bc,ok,partial,0.5796,51.05242922572099,48.749905634294656,4|switch|rotor|liquid|s1|g1|structured,False,False,False,False,0,1,,,,,,,,,,,,False,51.05242922572099,False,False,False,False,False,,False,52.43394338057679,False,False,False,False,False,
2,p2g5_030,5,delete_bilin,"[""p6g8_033""]",54fe617cf706055f,ok,partial,0.386,60.33117744089966,67.57490325453288,3|grow|mobile|liquid|s1|g2|structured,False,False,False,False,0,1,,,,,,,,,,,,False,60.33117744089966,False,False,False,False,False,,False,55.98494195271974,False,False,False,False,False,
2,p2g5_037,5,add_chan,"[""p2g1_052""]",c431dcb565349a5b,ok,partial,0.5342,57.00363489685226,58.198179862469686,3|switch|mobile|flicker|s2|g0|structured,True,True,True,True,0,3,0.3972,p2g5_037_s2,ok,0.3972,62.14429150080155,69.61905533440206,p2g5_037_s3,ok,0.489,54.82846851531557,56.804624687087426,False,57.00363489685226,False,False,False,False,False,54.82846851531557,False,56.28690791748181,False,False,False,False,False,53.642774812252455
2,p2g5_039,5,add_chan,"[""p6g5_026""]",b67b4c54722d7e96,ok,partial,0.1582,55.396964936743615,68.58928658232482,2|grow|mobile|liquid|s2|g2|structured,True,True,True,True,0,3,0.1582,p2g5_039_s2,ok,0.2937,52.029707580664635,59.58294344088618,p2g5_039_s3,ok,0.3133,63.236280567973076,73.8717074239641,False,55.396964936743615,False,False,False,False,False,52.029707580664635,False,47.48157194939489,False,False,False,False,False,47.48157194939489
2,p2g5_051,5,merge_spatial_ic,"[""p6g9_021"",""p10g0_ds6_000""]",b310fbfc5cac334e,ok,partial,0.2754,57.12190279873043,66.98253706497391,3|switch|mobile|liquid|s1|g2|structured,False,False,False,False,0,1,,,,,,,,,,,,False,57.12190279873043,False,False,False,False,False,,False,51.205522238984344,False,False,False,False,False,
2,p2g5_052,5,merge_spatial_ic,"[""p3g9_022"",""p2g4_044""]",9a815b4bb1db78ea,ok,partial,0.2844,56.777603882393926,66.2234718431919,4|switch|mobile|liquid|s1|g2|structured,False,False,False,False,0,1,,,,,,,,,,,,False,56.777603882393926,False,False,False,False,False,,False,51.11008310591514,False,False,False,False,False,
2,p2g5_054,5,merge_spatial_ic,"[""p6g8_033"",""p1g7_023""]",27a2960d05f47297,ok,partial,0.5666,72.5825096420108,77.89001285601441,3|switch|rotor|liquid|s1|g2|structured,True,True,True,True,0,3,0.3706,p2g5_054_s2,ok,0.3706,75.56277316696661,88.3970308892888,p2g5_054_s3,ok,0.3775,70.85962167519237,81.89616223358983,True,72.5825096420108,True,False,False,False,False,70.85962167519237,True,69.39800771360865,True,False,False,False,False,64.2376973401539
2,p2g5_056,5,merge_cross_edge,"[""p4g5_070"",""ref_M4_tau5.7""]",cdf797cb742bc8c7,ok,partial,0.0,34.661580300783406,46.21544040104454,2|switch|rotor|liquid|s1|g2|structured,False,False,False,False,0,1,,,,,,,,,,,,False,34.661580300783406,False,False,False,False,False,,False,27.729264240626723,False,False,False,False,False,
2,p2g5_002,5,mutate,"[""p6g8_061""]",a60b58b1886c535e,ok,partial,0.0,41.79435067597551,55.72580090130068,2|switch|rotor|flicker|s1|g2|mixed,True,True,True,True,0,3,0.0,p2g5_002_s2,ok,0.0,38.4697899684606,51.2930532912808,p2g5_002_s3,ok,0.0,44.27161522862158,59.02882030482877,False,41.79435067597551,False,False,False,False,False,38.4697899684606,False,33.435480540780404,False,False,False,False,False,30.77583197476848
2,p2g5_009,5,mutate,"[""p6g7_028""]",81b3ff033a1f2164,ok,partial,0.3213,50.86269077971068,57.10692103961424,2|switch|mobile|liquid|s1|g2|structured,False,False,False,False,0,1,,,,,,,,,,,,False,50.86269077971068,False,False,False,False,False,,False,47.11615262376854,False,False,False,False,False,
2,p2g5_021,5,mint_bilin,"[""p6g7_028""]",e02b5bdda7dac917,ok,partial,0.3476,59.387524912585874,67.59669988344784,3|switch|mobile|liquid|s1|g2|structured,False,False,False,False,0,1,,,,,,,,,,,,False,59.387524912585874,False,False,False,False,False,,False,54.462019930068706,False,False,False,False,False,
2,p2g5_033,5,add_chan,"[""p2g6_020""]",c0e5ee29289750b3,ok,partial,0.3625,44.91058101617158,47.79744135489543,2|switch|drift|liquid|s1|g2|structured,True,True,True,True,0,3,0.3625,p2g5_033_s2,ok,0.3855,38.92953636890352,39.05604849187136,p2g5_033_s3,ok,0.3984,42.69697790937284,43.64930387916378,False,44.91058101617158,False,False,False,False,False,38.92953636890352,False,43.178464812937264,False,False,False,False,False,38.85362909512281
2,p2g5_038,5,add_chan,"[""p2g3_064""]",381f1a1319bcbc24,ok,partial,0.0,55.48155002138773,73.97540002851697,4|grow|mobile|liquid|s1|g2|mixed,True,True,True,True,0,3,0.0,p2g5_038_s2,ok,0.0,55.335994553423745,73.78132607123166,p2g5_038_s3,ok,0.0,59.71699014071716,79.6226535209562,False,55.48155002138773,False,False,False,False,False,55.335994553423745,False,44.385240017110185,False,False,False,False,False,44.26879564273899
2,p2g5_057,5,merge_cross_edge,"[""p3g9_021"",""ref_iso_d0.75""]",becf807451e6d745,ok,partial,0.0,34.91287470275488,46.55049960367317,3|constant|mobile|liquid|s1|g1|mixed,True,True,True,True,0,3,0.0,p2g5_057_s2,ok,0.0,38.026226030253426,50.70163470700457,p2g5_057_s3,ok,0.0,35.03702356942057,46.71603142589409,False,34.91287470275488,False,False,False,False,False,34.91287470275488,False,27.930299762203898,False,False,False,False,False,27.930299762203898
2,p2g5_000,5,mutate,"[""p6g5_025""]",4ed99e36467bd1bb,ok,partial,0.2202,38.918029372133674,44.550705829511564,2|switch|mobile|liquid|s1|g2|structured,False,False,False,False,0,1,,,,,,,,,,,,False,38.918029372133674,False,False,False,False,False,,False,35.53842349770694,False,False,False,False,False,
2,p2g5_061,5,merge_cross_edge,"[""p2g4_053"",""blk_p6g1_043""]",44e801669c786c1b,ok,partial,0.4207,60.91320562320844,67.19427416427793,3|grow|mobile|flicker|s2|g2|structured,True,True,True,True,0,3,0.4028,p2g5_061_s2,ok,0.4028,55.995732074156905,61.23430943220921,p2g5_061_s3,ok,0.4218,64.3554411038363,71.74725480511506,True,60.91320562320844,True,True,True,False,False,55.995732074156905,False,57.14456449856675,False,False,False,False,False,52.85258565932553
2,p2g5_004,5,mutate,"[""p2g1_000""]",e6ffe6123e199389,ok,partial,0.3626,53.47127953498913,59.208372713318845,4|switch|rotor|liquid|s1|g1|structured,True,True,True,True,0,3,0.3626,p2g5_004_s2,ok,0.4476,63.56140278457067,69.82853704609423,p2g5_004_s3,ok,0.4595,67.75631839067069,75.02509118756092,False,53.47127953498913,True,True,False,False,False,53.47127953498913,False,50.0290236279913,True,True,False,False,False,50.0290236279913
2,p2g5_024,5,mint_bilin,"[""p6g7_028""]",00d6bc738cbd22d4,ok,partial,0.2925,64.90544043254467,76.79058724339289,3|grow|rotor|liquid|s2|g2|structured,False,False,False,False,0,1,,,,,,,,,,,,False,64.90544043254467,False,False,False,False,False,,False,57.77435234603573,False,False,False,False,False,
2,p2g5_036,5,add_chan,"[""p2g6_020""]",55f28ac4cbf1b82c,ok,partial,0.524,71.69293756770023,78.12391675693362,3|grow|rotor|liquid|s2|g2|structured,False,False,False,False,0,1,,,,,,,,,,,,True,71.69293756770023,True,False,False,False,False,,True,67.83435005416018,True,False,False,False,False,
2,p2g5_049,5,merge_spatial_ic,"[""p6g8_061"",""p6g7_028""]",0849acc60943ebb4,ok,partial,0.0,50.593186771558166,67.45758236207756,2|grow|mobile|flicker|s1|g2|structured,True,True,False,False,0,2,,p2g5_049_s2,ok,0.0,20.75454310547716,27.672724140636213,,,,,,False,50.593186771558166,False,False,False,False,False,,False,40.474549417246536,False,False,False,False,False,
2,p2g5_050,5,merge_spatial_ic,"[""p4g3_022"",""p6g3_008""]",c12ecee8c627b141,ok,partial,0.4706,56.4293205940616,59.5524274587488,4|switch|mobile|liquid|s1|g0|structured,False,False,False,False,0,1,,,,,,,,,,,,False,56.4293205940616,False,False,False,False,False,,False,54.55545647524929,False,False,False,False,False,
2,p2g5_008,5,mutate,"[""p1g6_065""]",212784d7c1b3ab4d,ok,partial,0.2918,54.63844141426215,63.12458855234952,3|grow|mobile|liquid|s1|g2|structured,False,False,False,False,0,1,,,,,,,,,,,,False,54.63844141426215,False,False,False,False,False,,False,49.546753131409716,False,False,False,False,False,
2,p2g5_012,5,mutate,"[""p2g6_020""]",1686ffafd532b221,ok,partial,0.0,55.29945063165866,73.73260084221154,3|switch|mobile|liquid|s2|g2|mixed,True,True,True,True,0,3,0.0,p2g5_012_s2,ok,0.0,58.43571368683089,77.91428491577452,p2g5_012_s3,ok,0.0,56.19331459986299,74.92441946648398,False,55.29945063165866,False,False,False,False,False,55.29945063165866,False,44.23956050532692,False,False,False,False,False,44.23956050532692
2,p2g5_014,5,mutate,"[""p2g6_020""]",4bc572c30f13f6fe,ok,partial,0.0,60.35494764210394,80.47326352280525,3|grow|mobile|liquid|s3|g2|mixed,True,True,True,True,0,3,0.0,p2g5_014_s2,ok,0.0,52.248470098146754,69.66462679752901,p2g5_014_s3,ok,0.0,59.01452087207106,78.68602782942808,False,60.35494764210394,False,False,False,False,False,52.248470098146754,False,48.28395811368315,False,False,False,False,False,41.798776078517406
2,p2g5_017,5,mint_bilin,"[""p2g6_020""]",e6a40a81e463363b,ok,partial,0.3305,59.68915451150963,68.56887268201284,3|grow|rotor|liquid|s1|g2|structured,False,False,False,False,0,1,,,,,,,,,,,,False,59.68915451150963,False,False,False,False,False,,False,54.3613236092077,False,False,False,False,False,
2,p2g5_018,5,mint_bilin,"[""p2g6_020""]",88883de1f420263b,ok,partial,0.3899,64.91742160997119,73.55989547996158,2|grow|rotor|liquid|s2|g2|structured,False,False,False,False,0,1,,,,,,,,,,,,False,64.91742160997119,False,False,False,False,False,,False,59.73193728797695,False,False,False,False,False,
2,p2g5_031,5,delete_bilin,"[""p2g6_020""]",efe73b5851901019,ok,partial,0.2764,67.81633556353897,81.20844741805196,3|grow|mobile|liquid|s2|g2|structured,False,False,False,False,0,1,,,,,,,,,,,,False,67.81633556353897,False,False,False,False,False,,False,59.78106845083117,False,False,False,False,False,
2,p2g5_055,5,merge_spatial_ic,"[""p2g6_020"",""p2g6_031""]",489530b94bd868b0,ok,partial,0.3876,69.26971897527721,79.43962530036963,3|switch|rotor|liquid|s2|g2|structured,False,False,False,False,0,1,,,,,,,,,,,,False,69.26971897527721,False,False,False,False,False,,False,63.167775180221774,False,False,False,False,False,
2,p2g5_081,5,immigrate,,b1274dd2c9b1ffa9,no_blobs,missing,,0.0,,,False,False,False,False,0,1,,,,,,,,,,,,False,,False,False,False,False,False,,False,,False,False,False,False,False,
2,p2g5_090,5,immigrate,,aec7afb6a63f15da,no_blobs,missing,,0.0,,,False,False,False,False,0,1,,,,,,,,,,,,False,,False,False,False,False,False,,False,,False,False,False,False,False,
2,p2g5_075,5,immigrate,,4ee99905c30b17c6,no_blobs,missing,,0.0,,,False,False,False,False,0,1,,,,,,,,,,,,False,,False,False,False,False,False,,False,,False,False,False,False,False,
2,p2g5_087,5,immigrate,,4d6a9686c892cd3d,no_blobs,missing,,0.0,,,False,False,False,False,0,1,,,,,,,,,,,,False,,False,False,False,False,False,,False,,False,False,False,False,False,
2,p2g5_089,5,immigrate,,8f79155e41d9f4af,no_blobs,missing,,0.0,,,False,False,False,False,0,1,,,,,,,,,,,,False,,False,False,False,False,False,,False,,False,False,False,False,False,
2,p2g5_092,5,immigrate,,6057ca7d5156b19e,no_blobs,missing,,0.0,,,False,False,False,False,0,1,,,,,,,,,,,,False,,False,False,False,False,False,,False,,False,False,False,False,False,
2,p2g5_080,5,immigrate,,de57161bb79cba94,ok,partial,0.0,0.0,0.0,1|constant|still|gas|s1|g0|mixed,False,False,False,False,0,1,,,,,,,,,,,,False,0.0,False,False,False,False,False,,False,0.0,False,False,False,False,False,
2,p2g5_082,5,immigrate,,3f4796eb95b6b4e6,ok,partial,0.0,0.0,0.0,1|constant|still|gas|s1|g0|mixed,False,False,False,False,0,1,,,,,,,,,,,,False,0.0,False,False,False,False,False,,False,0.0,False,False,False,False,False,
2,p2g5_086,5,immigrate,,72d206185d780025,ok,partial,0.0,0.0,0.0,1|constant|still|gas|s1|g0|mixed,False,False,False,False,0,1,,,,,,,,,,,,False,0.0,False,False,False,False,False,,False,0.0,False,False,False,False,False,
2,p2g5_088,5,immigrate,,29f5522d4bf42d42,ok,partial,0.0,0.0,0.0,1|constant|still|gas|s1|g0|mixed,False,False,False,False,0,1,,,,,,,,,,,,False,0.0,False,False,False,False,False,,False,0.0,False,False,False,False,False,
2,p2g5_091,5,immigrate,,82bb114cc99f42e0,ok,partial,0.0,0.0,0.0,1|constant|still|gas|s1|g0|mixed,False,False,False,False,0,1,,,,,,,,,,,,False,0.0,False,False,False,False,False,,False,0.0,False,False,False,False,False,
2,p2g5_093,5,immigrate,,ee926edc8881deec,ok,partial,0.0,0.0,0.0,1|constant|still|gas|s1|g0|mixed,False,False,False,False,0,1,,,,,,,,,,,,False,0.0,False,False,False,False,False,,False,0.0,False,False,False,False,False,
2,p2g5_077,5,immigrate,,04c06f044e80649a,ok,partial,0.0,0.0,0.0,1|constant|still|gas|s1|g0|mixed,False,False,False,False,0,1,,,,,,,,,,,,False,0.0,False,False,False,False,False,,False,0.0,False,False,False,False,False,
2,p2g5_085,5,immigrate,,282ba0488dd102bb,ok,partial,0.0,0.0,0.0,1|constant|still|gas|s1|g0|mixed,False,False,False,False,0,1,,,,,,,,,,,,False,0.0,False,False,False,False,False,,False,0.0,False,False,False,False,False,
2,p2g5_094,5,immigrate,,955564dd67300ddd,ok,partial,0.0,0.0,0.0,1|constant|still|gas|s1|g0|mixed,False,False,False,False,0,1,,,,,,,,,,,,False,0.0,False,False,False,False,False,,False,0.0,False,False,False,False,False,
2,p2g5_078,5,immigrate,,05c11f2bca12e94b,no_blobs,missing,,0.0,,,False,False,False,False,0,1,,,,,,,,,,,,False,,False,False,False,False,False,,False,,False,False,False,False,False,
2,p2g5_076,5,immigrate,,fc5760d584a81440,no_blobs,missing,,0.0,,,False,False,False,False,0,1,,,,,,,,,,,,False,,False,False,False,False,False,,False,,False,False,False,False,False,
2,p2g5_079,5,immigrate,,fe3f7c864be4b30b,no_blobs,missing,,0.0,,,False,False,False,False,0,1,,,,,,,,,,,,False,,False,False,False,False,False,,False,,False,False,False,False,False,
2,p2g5_084,5,immigrate,,f0d7b4facce6e071,no_blobs,missing,,0.0,,,False,False,False,False,0,1,,,,,,,,,,,,False,,False,False,False,False,False,,False,,False,False,False,False,False,
2,p2g5_083,5,immigrate,,6aedf94f5487ef31,ok,partial,0.0,0.0,0.0,1|constant|still|gas|s1|g0|mixed,False,False,False,False,0,1,,,,,,,,,,,,False,0.0,False,False,False,False,False,,False,0.0,False,False,False,False,False,
2,p2g6_042,6,dup_act,"[""p6g8_033""]",f0fb87a955821959,fail_g0a,missing,,,,,False,False,False,False,0,1,,,,,,,,,,,,False,,False,False,False,False,False,,False,,False,False,False,False,False,
2,p2g6_047,6,dup_act,"[""p6g2_039""]",6637d034324cb7fb,fail_g0a,missing,,,,,False,False,False,False,0,1,,,,,,,,,,,,False,,False,False,False,False,False,,False,,False,False,False,False,False,
2,p2g6_076,6,merge_share_chan,"[""p2g6_020"",""blk_engine_10748""]",b80d706bd11a8de1,fail_g0a,missing,,,,,False,False,False,False,0,1,,,,,,,,,,,,False,,False,False,False,False,False,,False,,False,False,False,False,False,
2,p2g6_006,6,mutate,"[""p4g3_022""]",a0e25a7a43ab4c28,fail_g0a,missing,,,,,False,False,False,False,0,1,,,,,,,,,,,,False,,False,False,False,False,False,,False,,False,False,False,False,False,
2,p2g6_077,6,merge_share_chan,"[""p2g3_004"",""ref_XV_tau15.7""]",2f6fc8f2df02cdc9,fail_g0a,missing,,,,,False,False,False,False,0,1,,,,,,,,,,,,False,,False,False,False,False,False,,False,,False,False,False,False,False,
2,p2g6_078,6,merge_share_chan,"[""p2g2_035"",""ref_XV_tau15.7""]",663ba2fbf4901070,fail_g0a,missing,,,,,False,False,False,False,0,1,,,,,,,,,,,,False,,False,False,False,False,False,,False,,False,False,False,False,False,
2,p2g6_058,6,merge_cross_edge,"[""p2g4_062"",""ref_iso_d0.75""]",992f3c118b634464,ok,partial,0.4451,65.73561774087685,72.81082365450247,3|grow|rotor|liquid|s1|g2|structured,False,False,False,False,0,1,,,,,,,,,,,,True,65.73561774087685,True,False,False,False,False,,True,61.490494192701476,True,False,False,False,False,
2,p2g6_057,6,merge_cross_edge,"[""p2g1_086"",""ref_M0""]",abfebb5fb3700569,ok,partial,0.0,10.5875,14.116666666666667,2|constant|still|gas|s1|g0|mixed,False,False,False,False,0,1,,,,,,,,,,,,False,10.5875,False,False,False,False,False,,False,8.47,False,False,False,False,False,
2,p2g6_000,6,mutate,"[""p2g7_039""]",15de5aa7c2d113a9,ok,partial,0.3995,59.564979182180934,66.10330557624125,3|switch|rotor|liquid|s1|g2|structured,False,False,False,False,0,1,,,,,,,,,,,,False,59.564979182180934,False,False,False,False,False,,False,55.64198334574475,False,False,False,False,False,
2,p2g6_001,6,mutate,"[""p2g5_059""]",48e236252e0117e2,ok,partial,0.0,43.20868136085235,57.61157514780314,3|switch|mobile|liquid|s1|g2|mixed,False,False,False,False,0,1,,,,,,,,,,,,False,43.20868136085235,False,False,False,False,False,,False,34.566945088681884,False,False,False,False,False,
2,p2g6_002,6,mutate,"[""p2g1_017""]",4972b8bc84eb3184,ok,partial,0.4653,51.41933135013161,53.04910846684214,4|switch|rotor|liquid|s1|g2|structured,False,False,False,False,0,1,,,,,,,,,,,,False,51.41933135013161,False,False,False,False,False,,False,50.44146508010528,False,False,False,False,False,
2,p2g6_005,6,mutate,"[""p2g5_011""]",edfb85aa90131822,ok,partial,0.0,10.613171914183065,14.15089588557742,1|constant|still|frozen|s1|g2|mixed,False,False,False,False,0,1,,,,,,,,,,,,False,10.613171914183065,False,False,False,False,False,,False,8.490537531346451,False,False,False,False,False,
2,p2g6_021,6,mint_bilin,"[""p2g7_039""]",35770f4793f913f5,ok,partial,0.4516,71.54039235252274,80.33385647003033,4|grow|rotor|liquid|s2|g2|structured,False,False,False,False,0,1,,,,,,,,,,,,True,71.54039235252274,True,False,False,False,False,,True,66.2643138820182,True,False,False,False,False,
2,p2g6_026,6,mint_bilin,"[""p6g1_040""]",e13aae3a92603511,ok,partial,0.5925,69.0091366843089,72.2621822457452,4|switch|mobile|liquid|s1|g1|structured,False,False,False,False,0,1,,,,,,,,,,,,True,69.0091366843089,True,False,False,False,False,,True,67.05730934744712,True,False,False,False,False,
2,p2g6_029,6,delete_bilin,"[""p0g1_055""]",d6b6e0a237e2a59f,ok,partial,0.1991,63.11114962913836,77.51153283885115,4|grow|rotor|liquid|s2|g2|structured,False,False,False,False,0,1,,,,,,,,,,,,False,63.11114962913836,False,False,False,False,False,,False,54.47091970331069,False,False,False,False,False,
2,p2g6_035,6,add_chan,"[""p6g9_021""]",9a22835532073133,ok,partial,0.0,21.3474099300611,28.46321324008147,2|constant|still|frozen|s1|g2|mixed,False,False,False,False,0,1,,,,,,,,,,,,False,21.3474099300611,False,False,False,False,False,,False,17.07792794404888,False,False,False,False,False,
2,p2g6_043,6,dup_act,"[""p6g8_033""]",1538e6e517315c47,ok,partial,0.0,37.793294358229254,50.39105914430567,3|constant|drift|liquid|s1|g2|mixed,False,False,False,False,0,1,,,,,,,,,,,,False,37.793294358229254,False,False,False,False,False,,False,30.2346354865834,False,False,False,False,False,
2,p2g6_044,6,dup_act,"[""p6g8_033""]",f3a81251e80c8f10,ok,partial,0.0,37.723205238351476,50.297606984468636,3|constant|drift|liquid|s1|g2|mixed,False,False,False,False,0,1,,,,,,,,,,,,False,37.723205238351476,False,False,False,False,False,,False,30.17856419068118,False,False,False,False,False,
2,p2g6_045,6,dup_act,"[""p6g8_033""]",032892bff9dbdd31,ok,partial,0.0,33.75117318013714,45.00156424018285,3|constant|drift|gas|s1|g2|mixed,True,True,True,True,0,3,0.0,p2g6_045_s2,ok,0.0,31.247689590629218,41.66358612083896,p2g6_045_s3,ok,0.0,42.302442799074825,56.403257065433095,False,33.75117318013714,False,False,False,False,False,31.247689590629218,False,27.00093854410971,False,False,False,False,False,24.998151672503372
2,p2g6_046,6,dup_act,"[""p6g8_033""]",15da7b2ce3b38b36,ok,partial,0.0,51.21496680348839,68.28662240465118,4|switch|mobile|liquid|s1|g2|mixed,False,False,False,False,0,1,,,,,,,,,,,,False,51.21496680348839,False,False,False,False,False,,False,40.971973442790706,False,False,False,False,False,
2,p2g6_056,6,merge_cross_edge,"[""p4g4_018"",""ref_iso_d0.65""]",9e0f504d352d0cea,ok,partial,0.0,48.06558070418665,64.08744093891553,4|switch|drift|liquid|s1|g2|mixed,False,False,False,False,0,1,,,,,,,,,,,,False,48.06558070418665,False,False,False,False,False,,False,38.45246456334932,False,False,False,False,False,
2,p2g6_059,6,merge_cross_edge,"[""p2g6_020"",""blk_engine_10748""]",c29e32b702a1d60b,ok,partial,0.4318,56.65316728680567,61.14422304907422,3|switch|mobile|liquid|s1|g2|structured,False,False,False,False,0,1,,,,,,,,,,,,False,56.65316728680567,False,False,False,False,False,,False,53.958533829444534,False,False,False,False,False,
2,p2g6_061,6,merge_cross_edge,"[""p2g3_032"",""blk_engine_10748""]",9e7b58ed78ae101b,ok,partial,0.616,65.18252787245993,66.37670382994656,4|switch|mobile|flicker|s1|g2|structured,True,True,True,True,0,3,0.5011,p2g6_061_s2,ok,0.5011,66.44365000600574,71.88820000800766,p2g6_061_s3,ok,0.5204,66.60182022961422,71.45576030615229,True,65.18252787245993,True,True,True,True,True,65.18252787245993,True,64.46602229796794,True,True,True,True,True,63.1769200048046
2,p2g6_063,6,merge_cross_edge,"[""p2g6_020"",""ref_M4_tau5.7""]",3ca09c5c9a847d34,ok,partial,0.2672,52.197894374202875,60.6905258322705,4|switch|mobile|liquid|s1|g2|mixed,False,False,False,False,0,1,,,,,,,,,,,,False,52.197894374202875,False,False,False,False,False,,False,47.102315499362305,False,False,False,False,False,
2,p2g6_067,6,merge_cross_edge,"[""p2g6_020"",""ref_M0""]",0f94595753a9e50d,ok,partial,0.2924,60.489995755605804,70.9066610074744,4|switch|mobile|liquid|s1|g2|structured,False,False,False,False,0,1,,,,,,,,,,,,False,60.489995755605804,False,False,False,False,False,,False,54.23999660448464,False,False,False,False,False,
2,p2g6_072,6,merge_slow_tanh,"[""p0g0_ds2g11_009"",""ref_iso_d0.65""]",6fe0830753f07ba0,ok,partial,0.0941,34.60609174717986,43.00478899623982,4|switch|drift|liquid|s1|g2|structured,False,False,False,False,0,1,,,,,,,,,,,,False,34.60609174717986,False,False,False,False,False,,False,29.56687339774389,False,False,False,False,False,
2,p2g6_007,6,mutate,"[""p2g3_024""]",17762d87e53407fe,ok,partial,0.0,18.42708684952321,24.569449132697613,1|switch|mobile|liquid|s1|g0|mixed,True,True,True,True,0,3,0.0,p2g6_007_s2,ok,0.0,19.413756617399407,25.88500882319921,p2g6_007_s3,ok,0.0,12.895215484186814,17.193620645582417,False,18.42708684952321,False,False,False,False,False,12.895215484186814,False,14.741669479618567,False,False,False,False,False,10.31617238734945
2,p2g6_039,6,add_chan,"[""p6g9_021""]",03d64b7e81afc00d,ok,partial,0.1554,58.90103841284465,73.35471788379287,3|grow|mobile|liquid|s1|g2|structured,False,False,False,False,0,1,,,,,,,,,,,,False,58.90103841284465,False,False,False,False,False,,False,50.228830730275725,False,False,False,False,False,
2,p2g6_052,6,merge_spatial_ic,"[""p2g7_039"",""p6g7_028""]",fa86cb8089d048d0,ok,partial,0.4916,60.98296666527329,64.92395555369772,3|grow|rotor|liquid|s1|g2|structured,False,False,False,False,0,1,,,,,,,,,,,,True,60.98296666527329,True,False,False,False,False,,False,58.618373332218624,False,False,False,False,False,
2,p2g6_062,6,merge_cross_edge,"[""p2g6_020"",""ref_M4_tau5.7""]",3d18e707f81a98a5,ok,partial,0.2679,61.87563686418394,73.57084915224526,4|grow|mobile|liquid|s2|g2|mixed,True,True,True,True,0,3,0.2289,p2g6_062_s2,ok,0.3029,64.08227554014564,75.34636738686085,p2g6_062_s3,ok,0.2289,66.82357673935486,81.46810231913982,False,61.87563686418394,False,False,False,False,False,61.87563686418394,False,54.85850949134716,False,False,False,False,False,54.85850949134716
2,p2g6_065,6,merge_cross_edge,"[""p2g6_020"",""ref_iso_d0.65""]",0b84b4220ce084a2,ok,partial,0.2582,71.13359717364408,86.23812956485878,4|grow|rotor|liquid|s3|g2|structured,False,False,False,False,0,1,,,,,,,,,,,,False,71.13359717364408,False,False,False,False,False,,False,62.07087773891527,False,False,False,False,False,
2,p2g6_070,6,merge_slow_tanh,"[""p2g4_061"",""ref_iso_d0.75""]",07607758af643ee2,ok,partial,0.4155,60.8655383305142,67.30405110735227,4|grow|mobile|flicker|s1|g2|structured,False,False,False,False,0,1,,,,,,,,,,,,True,60.8655383305142,True,False,False,False,False,,False,57.00243066441136,False,False,False,False,False,
2,p2g6_071,6,merge_cross_edge,"[""p2g2_074"",""ref_M4_tau5.7""]",3317be60e25ff6f3,ok,partial,0.4475,67.54922601193721,75.14896801591627,4|grow|rotor|liquid|s1|g2|structured,False,False,False,False,0,1,,,,,,,,,,,,True,67.54922601193721,True,False,False,False,False,,True,62.98938080954976,True,False,False,False,False,
2,p2g6_073,6,merge_cross_edge,"[""p2g6_020"",""ref_M4_tau5.7""]",9446bc3e216c7887,ok,partial,0.26,66.96871871294165,80.6249582839222,4|grow|rotor|liquid|s3|g2|structured,False,False,False,False,0,1,,,,,,,,,,,,False,66.96871871294165,False,False,False,False,False,,False,58.77497497035331,False,False,False,False,False,
2,p2g6_074,6,merge_cross_edge,"[""p2g6_020"",""ref_M4_tau5.7""]",b73543419088b56e,ok,partial,0.2839,64.9873302995279,77.18644039937053,4|grow|rotor|liquid|s2|g2|structured,False,False,False,False,0,1,,,,,,,,,,,,False,64.9873302995279,False,False,False,False,False,,False,57.66786423962232,False,False,False,False,False,
2,p2g6_008,6,mutate,"[""p6g9_021""]",1432d64a121e7d99,ok,partial,0.5324,66.5179389770023,70.94391863600306,3|switch|mobile|liquid|s1|g2|structured,False,False,False,False,0,1,,,,,,,,,,,,True,66.5179389770023,True,False,False,False,False,,True,63.86235118160184,True,False,False,False,False,
2,p2g6_009,6,mutate,"[""p2g2_038""]",588817f3d854ea4a,ok,partial,0.0964,39.04044397735318,48.84059196980423,2|grow|drift|liquid|s1|g2|mixed,True,True,True,True,0,3,0.0868,p2g6_009_s2,ok,0.1696,40.04908574642636,47.74544766190181,p2g6_009_s3,ok,0.0868,37.077886578217786,46.54384877095705,False,39.04044397735318,False,False,False,False,False,37.077886578217786,False,33.16035518188254,False,False,False,False,False,31.39830926257423
2,p2g6_011,6,mutate,"[""p2g1_045""]",5073df07ef6e9f83,ok,partial,0.0,25.087271826097457,33.44969576812994,3|constant|still|frozen|s1|g2|mixed,False,False,False,False,0,1,,,,,,,,,,,,False,25.087271826097457,False,False,False,False,False,,False,20.069817460877964,False,False,False,False,False,
2,p2g6_012,6,mutate,"[""p3g6_032""]",f81c4ef4a320163d,ok,partial,0.604,73.77305950443292,78.23074600591058,4|grow|mobile|liquid|s1|g1|structured,True,True,True,True,0,3,0.6034,p2g6_012_s2,ok,0.6034,70.04800669277768,73.28400892370355,p2g6_012_s3,ok,0.6095,72.99701853025266,77.01269137367022,True,73.77305950443292,True,True,True,True,True,70.04800669277768,True,71.09844760354635,True,True,True,True,True,68.10640535422213
2,p2g6_013,6,mutate,"[""p3g9_022""]",394fe42212714819,ok,partial,0.4272,65.96687343600834,73.71583124801113,3|grow|mobile|liquid|s2|g2|structured,False,False,False,False,0,1,,,,,,,,,,,,True,65.96687343600834,True,False,False,False,False,,True,61.31749874880668,True,False,False,False,False,
2,p2g6_014,6,mutate,"[""p3g9_022""]",b924ef3cd36f965e,ok,partial,0.4119,70.98438197020809,80.91584262694413,3|grow|mobile|liquid|s3|g2|structured,True,True,True,True,0,3,0.4119,p2g6_014_s2,ok,0.4309,70.44158380559955,79.55877840746606,p2g6_014_s3,ok,0.4438,72.69238323164583,82.12984430886112,True,70.98438197020809,True,True,True,True,True,70.44158380559955,True,65.02550557616647,True,True,True,True,True,64.97126704447963
2,p2g6_015,6,mutate,"[""p3g6_032""]",778803d96a6fe9d6,ok,partial,0.6371,61.78146140023684,61.13861520031579,3|switch|mobile|liquid|s1|g1|structured,False,False,False,False,0,1,,,,,,,,,,,,True,61.78146140023684,True,False,False,False,False,,True,62.16716912018948,True,False,False,False,False,
2,p2g6_016,6,mint_bilin,"[""p2g4_064""]",b3dde0fa0e6e5571,ok,partial,0.5141,42.86926249789392,40.022349997191895,2|constant|mobile|liquid|s1|g2|structured,False,False,False,False,0,1,,,,,,,,,,,,False,42.86926249789392,False,False,False,False,False,,False,44.57740999831513,False,False,False,False,False,
2,p2g6_017,6,mint_bilin,"[""p6g9_021""]",8037e2ed3729aaa1,ok,partial,0.3555,70.13953650056169,81.66938200074891,3|switch|rotor|liquid|s2|g2|structured,True,True,False,False,0,2,,p2g6_017_s2,ok,0.326,73.9586344556116,87.74484594081547,,,,,,False,70.13953650056169,False,False,False,False,False,,False,63.22162920044934,False,False,False,False,False,
2,p2g6_018,6,mint_bilin,"[""p3g9_022""]",8111376f0bb71cd9,ok,partial,0.3684,32.67928821913009,31.29238429217346,3|switch|drift|liquid|s1|g0|structured,False,False,False,False,0,1,,,,,,,,,,,,False,32.67928821913009,False,False,False,False,False,,False,33.511430575304075,False,False,False,False,False,
2,p2g6_020,6,mint_bilin,"[""p5g3_040""]",1cd25e1fb85243c5,ok,partial,0.5047,64.00827665296384,68.52103553728512,4|switch|mobile|liquid|s1|g2|structured,False,False,False,False,0,1,,,,,,,,,,,,True,64.00827665296384,True,False,False,False,False,,True,61.30062132237107,True,False,False,False,False,
2,p2g6_028,6,delete_bilin,"[""p3g9_022""]",3e9e387b61a8cb22,ok,partial,0.5689,48.18069998532452,45.277599980432704,4|switch|mobile|liquid|s1|g1|structured,False,False,False,False,0,1,,,,,,,,,,,,False,48.18069998532452,False,False,False,False,False,,False,49.92255998825962,False,False,False,False,False,
2,p2g6_032,6,add_chan,"[""p1g3_035""]",67cf21942715762c,ok,partial,0.432,66.0263463412321,73.63512845497613,3|switch|mobile|liquid|s1|g1|structured,True,True,True,True,0,3,0.432,p2g6_032_s2,ok,0.8048,76.2177190992982,74.79695879906427,p2g6_032_s3,ok,0.4952,68.06994728392698,74.25326304523597,True,66.0263463412321,True,True,True,True,True,66.0263463412321,True,61.461077072985674,True,True,True,True,True,61.461077072985674
2,p2g6_033,6,add_chan,"[""p2g1_065""]",25d58666502b9c95,ok,partial,0.0,33.65022144102828,44.86696192137104,3|constant|mobile|liquid|s1|g2|mixed,False,False,False,False,0,1,,,,,,,,,,,,False,33.65022144102828,False,False,False,False,False,,False,26.920177152822625,False,False,False,False,False,
2,p2g6_034,6,add_chan,"[""p6g5_026""]",0f06cf49a5d65a49,ok,partial,0.4847,63.67092678983219,68.73790238644291,3|grow|mobile|liquid|s1|g2|structured,False,False,False,False,0,1,,,,,,,,,,,,True,63.67092678983219,True,False,False,False,False,,True,60.630741431865744,True,False,False,False,False,
2,p2g6_036,6,add_chan,"[""p2g2_038""]",577558c9475fa93f,ok,partial,0.372,36.88222073460636,36.77629431280849,1|switch|mobile|liquid|s1|g0|structured,True,True,True,True,0,3,0.3641,p2g6_036_s2,ok,0.4156,36.57152006228116,34.90869341637488,p2g6_036_s3,ok,0.3641,32.5963182800906,31.325091040120807,False,36.88222073460636,False,False,False,False,False,32.5963182800906,False,36.94577658768509,False,False,False,False,False,33.359054624072485
2,p2g6_037,6,add_chan,"[""p2g3_021""]",5108c437d9814aae,ok,partial,0.5885,49.34058366640114,46.17077822186818,2|switch|mobile|flicker|s1|g0|structured,True,True,True,True,0,3,0.4652,p2g6_037_s2,ok,0.6491,43.983079279406795,37.00743903920906,p2g6_037_s3,ok,0.4652,46.40412012442956,46.36549349923941,False,49.34058366640114,False,False,False,False,False,43.983079279406795,False,51.24246693312091,False,False,False,False,False,46.427296099543646
2,p2g6_040,6,dup_act,"[""p6g5_026""]",49905ec1733859f0,ok,partial,0.0,41.93214500967397,55.90952667956529,3|constant|mobile|liquid|s1|g2|mixed,True,True,True,True,0,3,0.0,p2g6_040_s2,ok,0.0,41.814333999174835,55.752445332233115,p2g6_040_s3,ok,0.0,45.1352054121068,60.18027388280907,False,41.93214500967397,False,False,False,False,False,41.814333999174835,False,33.54571600773917,False,False,False,False,False,33.45146719933987
2,p2g6_051,6,merge_spatial_ic,"[""p5g6_021"",""p2g6_001""]",f6f348579074846d,ok,partial,0.0,43.17330743926696,57.56440991902261,4|constant|rotor|liquid|s1|g2|mixed,True,True,True,True,0,3,0.0,p2g6_051_s2,ok,0.0,44.8997025277952,59.86627003706027,p2g6_051_s3,ok,0.0,50.16508521461549,66.88678028615398,False,43.17330743926696,False,False,False,False,False,43.17330743926696,False,34.538645951413564,False,False,False,False,False,34.538645951413564
2,p2g6_069,6,merge_slow_tanh,"[""p3g5_061"",""ref_iso_d0.65""]",f565b3d42ae6672f,ok,partial,0.0,24.03577200012591,32.04769600016788,3|constant|mobile|flicker|s1|g2|mixed,False,False,False,False,0,1,,,,,,,,,,,,False,24.03577200012591,False,False,False,False,False,,False,19.22861760010073,False,False,False,False,False,
2,p2g6_075,6,merge_slow_tanh,"[""p3g5_061"",""blk_engine_10748""]",9eb92b61e6e49a31,ok,partial,0.0,35.47665413565369,47.302205514204914,4|constant|rotor|flicker|s1|g2|mixed,True,True,True,True,0,3,0.0,p2g6_075_s2,ok,0.0,39.83901785023591,53.118690466981214,p2g6_075_s3,ok,0.0,40.96338079943264,54.61784106591019,False,35.47665413565369,False,False,False,False,False,35.47665413565369,False,28.381323308522948,False,False,False,False,False,28.381323308522948
2,p2g6_003,6,mutate,"[""p6g5_026""]",35040e5841a255ef,ok,partial,0.3644,51.19518037693105,56.11357383590807,2|switch|mobile|liquid|s1|g2|structured,False,False,False,False,0,1,,,,,,,,,,,,False,51.19518037693105,False,False,False,False,False,,False,48.24414430154484,False,False,False,False,False,
2,p2g6_010,6,mutate,"[""p6g5_026""]",71df67c436ee9aff,ok,partial,0.068,40.98102360407192,52.374698138762554,3|switch|drift|liquid|s1|g2|mixed,False,False,False,False,0,1,,,,,,,,,,,,False,40.98102360407192,False,False,False,False,False,,False,34.14481888325753,False,False,False,False,False,
2,p2g6_019,6,mint_bilin,"[""p2g5_049""]",676a38b9c4dab715,ok,partial,0.0,21.50107902878676,28.66810537171568,1|grow|still|gas|s1|g2|mixed,True,True,True,True,0,3,0.0,p2g6_019_s2,ok,0.0,20.75454310547716,27.672724140636213,p2g6_019_s3,ok,0.0,20.645654247798355,27.52753899706447,False,21.50107902878676,False,False,False,False,False,20.645654247798355,False,17.20086322302941,False,False,False,False,False,16.516523398238682
2,p2g6_023,6,mint_bilin,"[""p6g7_028""]",76809ea594492749,ok,partial,0.4501,72.07509474033036,81.09679298710714,3|switch|rotor|liquid|s2|g2|structured,True,True,True,True,0,3,0.2326,p2g6_023_s2,ok,0.4807,76.9043907974122,86.5158543965496,p2g6_023_s3,ok,0.2326,65.28340873171,79.29121164227999,True,72.07509474033036,True,True,True,False,False,65.28340873171,True,66.66207579226428,True,True,True,False,False,56.878726985368
2,p2g6_025,6,mint_bilin,"[""p2g1_018""]",c24a8bb153964074,ok,partial,0.5601,60.7380219083679,62.3140292111572,4|switch|mobile|flicker|s1|g0|structured,True,True,True,True,0,3,0.54,p2g6_025_s2,ok,0.6433,62.22821731598353,61.52762308797804,p2g6_025_s3,ok,0.54,55.736091980138205,56.31478930685094,True,60.7380219083679,True,True,True,False,False,55.736091980138205,False,59.79241752669432,True,True,False,False,False,55.38887358411056
2,p2g6_027,6,mint_bilin,"[""p6g5_026""]",cf7b168e78651ed5,ok,partial,0.0,32.32944834786642,43.10593113048856,2|switch|drift|liquid|s1|g2|mixed,False,False,False,False,0,1,,,,,,,,,,,,False,32.32944834786642,False,False,False,False,False,,False,25.863558678293135,False,False,False,False,False,
2,p2g6_041,6,dup_act,"[""p2g6_020""]",b262044aed5f5d7c,ok,partial,0.0,31.0694011018955,41.42586813586067,3|constant|drift|gas|s1|g2|mixed,False,False,False,False,0,1,,,,,,,,,,,,False,31.0694011018955,False,False,False,False,False,,False,24.8555208815164,False,False,False,False,False,
2,p2g6_049,6,merge_spatial_ic,"[""p6g5_026"",""p6g1_023""]",ead25ce87e4b853d,ok,partial,0.411,59.547685715464276,65.69691428728571,3|switch|mobile|liquid|s1|g2|structured,False,False,False,False,0,1,,,,,,,,,,,,False,59.547685715464276,False,False,False,False,False,,False,55.85814857237142,False,False,False,False,False,
2,p2g6_048,6,merge_spatial_ic,"[""p3g9_022"",""p6g8_068""]",9a815b4bb1db78ea,ok,partial,0.4917,59.56122674636859,63.024968995158126,3|grow|mobile|liquid|s2|g2|structured,False,False,False,False,0,1,,,,,,,,,,,,False,59.56122674636859,False,False,False,False,False,,False,57.482981397094875,False,False,False,False,False,
2,p2g6_053,6,merge_spatial_ic,"[""p3g6_032"",""p2g1_052""]",3e9e387b61a8cb22,ok,partial,0.5594,74.08333135551501,80.13110847402002,4|grow|mobile|liquid|s2|g1|structured,True,True,True,True,0,3,0.5511,p2g6_053_s2,ok,0.5511,73.74063785581511,79.95085047442015,p2g6_053_s3,ok,0.5699,76.56323141086344,83.08764188115126,True,74.08333135551501,True,True,True,True,True,73.74063785581511,True,70.45466508441201,True,True,True,True,True,70.01451028465209
2,p2g6_054,6,merge_spatial_ic,"[""p6g8_033"",""p3g5_003""]",27a2960d05f47297,ok,partial,0.223,62.8470213555637,76.3626951407516,3|switch|mobile|liquid|s1|g2|structured,False,False,False,False,0,1,,,,,,,,,,,,False,62.8470213555637,False,False,False,False,False,,False,54.73761708445096,False,False,False,False,False,
2,p2g6_024,6,mint_bilin,"[""p2g4_070""]",3801d9a50ce247ff,ok,partial,0.4563,69.32789313663164,77.22719084884218,3|switch|rotor|flicker|s1|g2|structured,True,True,True,True,0,3,0.444,p2g6_024_s2,ok,0.4732,69.68605806667165,77.1414107555622,p2g6_024_s3,ok,0.444,69.33202308780008,77.6426974504001,True,69.32789313663164,True,True,True,True,True,69.32789313663164,True,64.5883145093053,True,True,True,True,True,64.34561847024007
2,p2g6_030,6,delete_bilin,"[""p2g6_031""]",4da84a25f3de9043,ok,partial,0.4464,73.18863772039126,82.70485029385502,4|grow|rotor|liquid|s3|g2|structured,False,False,False,False,0,1,,,,,,,,,,,,True,73.18863772039126,True,False,False,False,False,,True,67.47891017631301,True,False,False,False,False,
2,p2g6_031,6,delete_bilin,"[""p2g1_039""]",b2edf1a5811fbe08,ok,partial,0.4273,66.15113046542302,73.95817395389736,3|switch|mobile|liquid|s1|g2|structured,False,False,False,False,0,1,,,,,,,,,,,,True,66.15113046542302,True,False,False,False,False,,True,61.46690437233841,True,False,False,False,False,
2,p2g6_038,6,add_chan,"[""p2g6_020""]",f3d8767510b1c328,ok,partial,0.3096,65.86691125170591,77.50254833560788,3|grow|rotor|liquid|s2|g2|structured,False,False,False,False,0,1,,,,,,,,,,,,False,65.86691125170591,False,False,False,False,False,,False,58.88552900136473,False,False,False,False,False,
2,p2g6_050,6,merge_spatial_ic,"[""p6g5_026"",""p3g9_020""]",ead25ce87e4b853d,ok,partial,0.3225,64.87285105880504,75.74713474507338,3|switch|mobile|liquid|s1|g2|structured,False,False,False,False,0,1,,,,,,,,,,,,False,64.87285105880504,False,False,False,False,False,,False,58.34828084704402,False,False,False,False,False,
2,p2g6_055,6,merge_spatial_ic,"[""p6g7_028"",""p2g5_069""]",99843d9cd96588d6,ok,partial,0.2617,62.81529127752071,75.03038837002761,3|switch|mobile|liquid|s1|g2|structured,False,False,False,False,0,1,,,,,,,,,,,,False,62.81529127752071,False,False,False,False,False,,False,55.48623302201656,False,False,False,False,False,
2,p2g6_060,6,merge_cross_edge,"[""p3g5_061"",""blk_engine_10748""]",17acdee17033b344,ok,partial,0.0,48.2827743090765,64.377032412102,4|switch|drift|liquid|s1|g2|mixed,False,False,False,False,0,1,,,,,,,,,,,,False,48.2827743090765,False,False,False,False,False,,False,38.6262194472612,False,False,False,False,False,
2,p2g6_068,6,merge_slow_tanh,"[""p2g1_092"",""ref_XV_tau15.7""]",df3f4616233b9032,ok,partial,0.0,29.085064154733736,38.78008553964498,4|constant|still|flicker|s1|g2|mixed,True,True,True,True,0,3,0.0,p2g6_068_s2,ok,0.0,35.635736633731916,47.51431551164256,p2g6_068_s3,ok,0.0,28.991980625686637,38.65597416758218,False,29.085064154733736,False,False,False,False,False,28.991980625686637,False,23.268051323786988,False,False,False,False,False,23.193584500549306
2,p2g6_004,6,mutate,"[""p2g6_020""]",581f6892914ea331,ok,partial,0.5351,71.29061167383671,77.21748223178227,3|grow|mobile|liquid|s1|g2|structured,True,True,True,True,0,3,0.2678,p2g6_004_s2,ok,0.2678,66.06889980019767,79.1651997335969,p2g6_004_s3,ok,0.4399,76.43672142155052,87.25229522873401,True,71.29061167383671,True,True,True,False,False,66.06889980019767,True,67.73448933906936,True,True,True,False,False,58.21111984015815
2,p2g6_022,6,mint_bilin,"[""p2g5_014""]",5bce9a3aabaf8673,ok,partial,0.0,57.67340809459327,76.89787745945769,3|grow|mobile|liquid|s2|g2|mixed,True,True,True,True,0,3,0.0,p2g6_022_s2,ok,0.0,57.59951996903524,76.79935995871365,p2g6_022_s3,ok,0.0,55.278391737720256,73.70452231696034,False,57.67340809459327,False,False,False,False,False,55.278391737720256,False,46.13872647567461,False,False,False,False,False,44.2227133901762
2,p2g6_064,6,merge_cross_edge,"[""p10g0_ds6_000"",""ref_iso_d0.65""]",c23cb1da3252491f,ok,partial,0.5531,63.83061341786778,66.67081789049037,3|switch|mobile|flicker|s1|g2|structured,True,True,True,True,0,3,0.5531,p2g6_064_s2,ok,0.5543,63.52677947551902,66.22570596735869,p2g6_064_s3,ok,0.5554,64.317310650955,67.24308086794,True,63.83061341786778,True,True,True,True,True,63.52677947551902,True,62.12649073429422,True,True,True,True,True,61.90742358041521
2,p2g6_066,6,merge_cross_edge,"[""p2g3_015"",""ref_M4_tau5.7""]",7e92bc4c7ade11fd,ok,partial,0.0472,31.977713405424296,41.06361787389906,2|oscillator|rotor|frozen|s1|g2|mixed,True,True,True,True,0,3,0.0426,p2g6_066_s2,ok,0.0705,32.47565910681246,40.95087880908328,p2g6_066_s3,ok,0.0426,23.666885730424877,30.135847640566503,False,31.977713405424296,False,False,False,False,False,23.666885730424877,False,26.526170724339437,False,False,False,False,False,19.7855085843399
2,p2g6_079,6,immigrate,,59e79890645551bb,no_blobs,missing,,0.0,,,False,False,False,False,0,1,,,,,,,,,,,,False,,False,False,False,False,False,,False,,False,False,False,False,False,
2,p2g6_080,6,immigrate,,52fd8686bf2305d1,no_blobs,missing,,0.0,,,False,False,False,False,0,1,,,,,,,,,,,,False,,False,False,False,False,False,,False,,False,False,False,False,False,
2,p2g6_081,6,immigrate,,0b1a767481e60884,no_blobs,missing,,0.0,,,False,False,False,False,0,1,,,,,,,,,,,,False,,False,False,False,False,False,,False,,False,False,False,False,False,
2,p2g6_084,6,immigrate,,c58969dea80223e6,no_blobs,missing,,0.0,,,False,False,False,False,0,1,,,,,,,,,,,,False,,False,False,False,False,False,,False,,False,False,False,False,False,
2,p2g6_087,6,immigrate,,8ed3f57284cafabd,no_blobs,missing,,0.0,,,False,False,False,False,0,1,,,,,,,,,,,,False,,False,False,False,False,False,,False,,False,False,False,False,False,
2,p2g6_086,6,immigrate,,4e757dc6e4a515bf,no_blobs,missing,,0.0,,,False,False,False,False,0,1,,,,,,,,,,,,False,,False,False,False,False,False,,False,,False,False,False,False,False,
2,p2g6_094,6,immigrate,,33ed54684bba0a33,no_blobs,missing,,0.0,,,False,False,False,False,0,1,,,,,,,,,,,,False,,False,False,False,False,False,,False,,False,False,False,False,False,
2,p2g6_096,6,immigrate,,c6b28c87f1555090,no_blobs,missing,,0.0,,,False,False,False,False,0,1,,,,,,,,,,,,False,,False,False,False,False,False,,False,,False,False,False,False,False,
2,p2g6_083,6,immigrate,,dd973a08b23cb692,ok,partial,0.0,0.0,0.0,1|constant|still|gas|s1|g0|mixed,False,False,False,False,0,1,,,,,,,,,,,,False,0.0,False,False,False,False,False,,False,0.0,False,False,False,False,False,
2,p2g6_082,6,immigrate,,7b6c370e3c1ef752,ok,partial,0.0,0.0,0.0,1|constant|still|gas|s1|g0|mixed,False,False,False,False,0,1,,,,,,,,,,,,False,0.0,False,False,False,False,False,,False,0.0,False,False,False,False,False,
2,p2g6_090,6,immigrate,,bc4a9ef3416c9b6b,ok,partial,0.0,3.9749999999999996,5.3,1|constant|still|gas|s1|g0|mixed,False,False,False,False,0,1,,,,,,,,,,,,False,3.9749999999999996,False,False,False,False,False,,False,3.1799999999999997,False,False,False,False,False,
2,p2g6_091,6,immigrate,,d70ef733ae18aa1e,ok,partial,0.0,0.0,0.0,1|constant|still|gas|s1|g0|mixed,False,False,False,False,0,1,,,,,,,,,,,,False,0.0,False,False,False,False,False,,False,0.0,False,False,False,False,False,
2,p2g6_095,6,immigrate,,f0cd680777d281dd,ok,partial,0.0,0.0,0.0,1|constant|still|gas|s1|g0|mixed,False,False,False,False,0,1,,,,,,,,,,,,False,0.0,False,False,False,False,False,,False,0.0,False,False,False,False,False,
2,p2g6_097,6,immigrate,,95b853a91e8a22b2,ok,partial,0.0,0.0,0.0,1|constant|still|gas|s1|g0|mixed,False,False,False,False,0,1,,,,,,,,,,,,False,0.0,False,False,False,False,False,,False,0.0,False,False,False,False,False,
2,p2g6_089,6,immigrate,,95f0b488de5215b8,no_blobs,missing,,0.0,,,False,False,False,False,0,1,,,,,,,,,,,,False,,False,False,False,False,False,,False,,False,False,False,False,False,
2,p2g6_098,6,immigrate,,997bc692bee2fa7c,no_blobs,missing,,0.0,,,False,False,False,False,0,1,,,,,,,,,,,,False,,False,False,False,False,False,,False,,False,False,False,False,False,
2,p2g6_085,6,immigrate,,7ec0e3c489373126,ok,partial,0.0,0.0,0.0,1|constant|still|gas|s1|g0|mixed,False,False,False,False,0,1,,,,,,,,,,,,False,0.0,False,False,False,False,False,,False,0.0,False,False,False,False,False,
2,p2g6_088,6,immigrate,,b6955b9039580d9d,ok,partial,0.0,0.0,0.0,1|constant|still|gas|s1|g0|mixed,False,False,False,False,0,1,,,,,,,,,,,,False,0.0,False,False,False,False,False,,False,0.0,False,False,False,False,False,
2,p2g6_092,6,immigrate,,66dca41b57784eb6,ok,partial,0.0,8.212499999999999,10.95,1|constant|still|gas|s1|g0|mixed,False,False,False,False,0,1,,,,,,,,,,,,False,8.212499999999999,False,False,False,False,False,,False,6.569999999999999,False,False,False,False,False,
2,p2g6_093,6,immigrate,,c7b683c5a50b1c39,ok,partial,0.0,0.0,0.0,1|constant|still|gas|s1|g0|mixed,False,False,False,False,0,1,,,,,,,,,,,,False,0.0,False,False,False,False,False,,False,0.0,False,False,False,False,False,
2,p2g7_032,7,add_chan,"[""p2g7_010""]",9cc3ffe0f94dc3f2,fail_g0a,missing,,,,,False,False,False,False,0,1,,,,,,,,,,,,False,,False,False,False,False,False,,False,,False,False,False,False,False,
2,p2g7_040,7,dup_act,"[""p6g7_028""]",c767b46b02a75342,fail_g0a,missing,,,,,False,False,False,False,0,1,,,,,,,,,,,,False,,False,False,False,False,False,,False,,False,False,False,False,False,
2,p2g7_042,7,dup_act,"[""p6g7_028""]",b62dc7fec3da379d,fail_g0a,missing,,,,,False,False,False,False,0,1,,,,,,,,,,,,False,,False,False,False,False,False,,False,,False,False,False,False,False,
2,p2g7_043,7,dup_act,"[""p6g5_026""]",27b1b3b2282a83e1,fail_g0a,missing,,,,,False,False,False,False,0,1,,,,,,,,,,,,False,,False,False,False,False,False,,False,,False,False,False,False,False,
2,p2g7_075,7,merge_share_chan,"[""p2g3_015"",""blk_p6g1_043""]",9ec262206d690fe6,fail_g0a,missing,,,,,False,False,False,False,0,1,,,,,,,,,,,,False,,False,False,False,False,False,,False,,False,False,False,False,False,
2,p2g7_077,7,merge_share_chan,"[""p2g6_020"",""ref_iso_d0.75""]",3ece5deb00a76fd3,fail_g0a,missing,,,,,False,False,False,False,0,1,,,,,,,,,,,,False,,False,False,False,False,False,,False,,False,False,False,False,False,
2,p2g7_010,7,mutate,"[""p3g7_015""]",676617689e5d768b,fail_g0a,missing,,,,,False,False,False,False,0,1,,,,,,,,,,,,False,,False,False,False,False,False,,False,,False,False,False,False,False,
2,p2g7_074,7,merge_share_chan,"[""p3g6_061"",""ref_M0""]",ae4accc71414dd51,fail_g0a,missing,,,,,False,False,False,False,0,1,,,,,,,,,,,,False,,False,False,False,False,False,,False,,False,False,False,False,False,
2,p2g7_072,7,merge_slow_tanh,"[""p2g1_086"",""ref_BFIELD_g0.05""]",30494d219917ba50,ok,partial,0.0,37.48222482563408,49.9762997675121,3|constant|mobile|flicker|s1|g2|mixed,False,False,False,False,0,1,,,,,,,,,,,,False,37.48222482563408,False,False,False,False,False,,False,29.98577986050726,False,False,False,False,False,
2,p2g7_017,7,mint_bilin,"[""p3g6_061""]",7356b79a3853a82a,ok,partial,0.0,50.85251751784335,67.8033566904578,2|grow|mobile|liquid|s2|g2|mixed,True,True,True,True,0,3,0.0,p2g7_017_s2,ok,0.0,50.49153530056776,67.32204706742368,p2g7_017_s3,ok,0.0,49.51225425089282,66.01633900119043,False,50.85251751784335,False,False,False,False,False,49.51225425089282,False,40.68201401427468,False,False,False,False,False,39.609803400714256
2,p2g7_054,7,merge_spatial_ic,"[""p3g9_021"",""p2g1_003""]",d2673ccaa565671c,ok,partial,0.0,52.80890032800137,70.41186710400183,3|grow|rotor|liquid|s1|g1|mixed,True,True,True,True,0,3,0.0,p2g7_054_s2,ok,0.0,53.556726897724616,71.40896919696615,p2g7_054_s3,ok,0.0,51.86316203444327,69.15088271259103,False,52.80890032800137,False,False,False,False,False,51.86316203444327,False,42.2471202624011,False,False,False,False,False,41.490529627554615
2,p2g7_068,7,merge_slow_tanh,"[""p2g2_098"",""ref_M4_tau5.7""]",2e50de072bfe838d,ok,partial,0.0,19.80125,26.401666666666667,2|constant|still|flicker|s1|g2|mixed,True,True,True,True,0,3,0.0,p2g7_068_s2,ok,0.0,21.3359,28.447866666666666,p2g7_068_s3,ok,0.0,19.866668272323587,26.488891029764783,False,19.80125,False,False,False,False,False,19.80125,False,15.841,False,False,False,False,False,15.841
2,p2g7_004,7,mutate,"[""p2g3_045""]",70c9310f1d8673f7,ok,partial,0.0,0.0,0.0,1|relaxation|drift|gas|s1|g0|mixed,False,False,False,False,0,1,,,,,,,,,,,,False,0.0,False,False,False,False,False,,False,0.0,False,False,False,False,False,
2,p2g7_011,7,mutate,"[""p2g6_045""]",7a4306bff7a31664,ok,partial,0.0,32.88137273352972,43.841830311372966,2|constant|mobile|flicker|s1|g2|mixed,True,True,True,True,0,3,0.0,p2g7_011_s2,ok,0.0,31.65552029611881,42.20736039482508,p2g7_011_s3,ok,0.0,36.65749053966723,48.87665405288964,False,32.88137273352972,False,False,False,False,False,31.65552029611881,False,26.30509818682378,False,False,False,False,False,25.324416236895047
2,p2g7_015,7,mutate,"[""p2g3_067""]",c322e7e02002fd2e,ok,partial,0.0,33.485720142436385,44.647626856581844,3|oscillator|still|liquid|s1|g2|mixed,True,True,True,True,0,3,0.0,p2g7_015_s2,ok,0.0,34.45317825235449,45.93757100313932,p2g7_015_s3,ok,0.0,35.780959700937,47.70794626791599,False,33.485720142436385,False,False,False,False,False,33.485720142436385,False,26.788576113949105,False,False,False,False,False,26.788576113949105
2,p2g7_016,7,mint_bilin,"[""p2g5_027""]",11d00b36063f15c3,ok,partial,0.0,48.16195506863938,64.21594009151917,4|switch|still|liquid|s1|g2|mixed,True,True,True,True,0,3,0.0,p2g7_016_s2,ok,0.0,48.31307642024012,64.41743522698683,p2g7_016_s3,ok,0.0,48.005067317368116,64.00675642315748,False,48.16195506863938,False,False,False,False,False,48.005067317368116,False,38.5295640549115,False,False,False,False,False,38.40405385389449
2,p2g7_019,7,mint_bilin,"[""p2g1_067""]",4187893a46d64a61,ok,partial,0.5833,71.01530433147909,75.24373910863879,4|grow|rotor|liquid|s2|g2|structured,False,False,False,False,0,1,,,,,,,,,,,,True,71.01530433147909,True,False,False,False,False,,True,68.47824346518328,True,False,False,False,False,
2,p2g7_033,7,add_chan,"[""p6g8_033""]",c714940c4a372999,ok,partial,0.3057,58.076461097412675,67.2452814632169,2|grow|mobile|liquid|s1|g2|structured,True,True,True,True,0,3,0.3057,p2g7_033_s2,ok,0.3897,62.88927988069904,70.86237317426539,p2g7_033_s3,ok,0.3275,59.4743433038782,68.38245773850427,False,58.076461097412675,False,False,False,False,False,58.076461097412675,False,52.57516887793014,False,False,False,False,False,52.57516887793014
2,p2g7_035,7,add_chan,"[""p2g3_031""]",e15453bd744cbf6d,ok,partial,0.4128,65.15541401151671,73.11388534868894,4|grow|mobile|liquid|s1|g2|structured,False,False,False,False,0,1,,,,,,,,,,,,True,65.15541401151671,True,False,False,False,False,,True,60.38033120921336,True,False,False,False,False,
2,p2g7_044,7,dup_act,"[""p6g9_021""]",c8f25b6a1d9a87ee,ok,partial,0.0,32.72941954431364,43.63922605908486,3|constant|mobile|gas|s1|g2|mixed,True,True,True,True,0,3,0.0,p2g7_044_s2,ok,0.0,39.47651770992526,52.635356946567015,p2g7_044_s3,ok,0.0,42.3931380458289,56.524184061105196,False,32.72941954431364,False,False,False,False,False,32.72941954431364,False,26.183535635450916,False,False,False,False,False,26.183535635450916
2,p2g7_045,7,dup_act,"[""p6g8_033""]",15a05b390f258ae1,ok,partial,0.0,22.00915272099331,29.345536961324413,2|constant|still|frozen|s1|g2|mixed,False,False,False,False,0,1,,,,,,,,,,,,False,22.00915272099331,False,False,False,False,False,,False,17.607322176794646,False,False,False,False,False,
2,p2g7_053,7,merge_spatial_ic,"[""p6g1_040"",""p3g7_046""]",8e82b34b98815d51,ok,partial,0.5646,65.53803405059625,68.56404540079501,4|switch|rotor|liquid|s1|g1|structured,True,True,True,True,0,3,0.5646,p2g7_053_s2,ok,0.565,66.59558096849929,69.96077462466572,p2g7_053_s3,ok,0.5709,64.70178520682076,67.23904694242768,True,65.53803405059625,True,True,True,True,True,64.70178520682076,True,63.722427240477,True,True,True,True,True,63.179428165456606
2,p2g7_056,7,merge_cross_edge,"[""p2g6_020"",""ref_iso_d0.75""]",3b51b7b6ebdf7640,ok,partial,0.5811,77.2948817571266,83.68984234283546,4|switch|rotor|liquid|s3|g2|structured,True,True,True,True,0,3,0.4451,p2g7_056_s2,ok,0.6342,72.01247022857532,74.87662697143377,p2g7_056_s3,ok,0.4451,72.96904708215865,82.45539610954488,True,77.2948817571266,True,True,True,True,True,72.01247022857532,True,73.45790540570127,True,True,True,True,True,67.27723766572693
2,p2g7_061,7,merge_cross_edge,"[""p2g6_020"",""ref_iso_d0.75""]",8841c89369568eac,ok,partial,0.4007,61.49412455995396,68.63549941327194,4|switch|rotor|liquid|s1|g2|structured,False,False,False,False,0,1,,,,,,,,,,,,True,61.49412455995396,True,False,False,False,False,,False,57.209299647963164,False,False,False,False,False,
2,p2g7_063,7,merge_cross_edge,"[""p2g6_020"",""ref_iso_d0.65""]",4d87ed39ec4644b4,ok,partial,0.3017,67.86533668320924,80.43044891094564,4|grow|rotor|liquid|s2|g2|structured,False,False,False,False,0,1,,,,,,,,,,,,False,67.86533668320924,False,False,False,False,False,,False,60.326269346567386,False,False,False,False,False,
2,p2g7_066,7,merge_cross_edge,"[""p2g6_020"",""ref_M4_tau5.7""]",79bb60c77d9c0780,ok,partial,0.3109,68.73139410078483,81.27852546771311,4|grow|rotor|liquid|s3|g2|structured,False,False,False,False,0,1,,,,,,,,,,,,False,68.73139410078483,False,False,False,False,False,,False,61.20311528062786,False,False,False,False,False,
2,p2g7_067,7,merge_cross_edge,"[""p2g6_020"",""ref_M4_tau5.7""]",1cdb49f98a79bc2a,ok,partial,0.0,46.273629064343424,61.69817208579123,4|grow|mobile|liquid|s1|g2|mixed,False,False,False,False,0,1,,,,,,,,,,,,False,46.273629064343424,False,False,False,False,False,,False,37.01890325147473,False,False,False,False,False,
2,p2g7_070,7,merge_cross_edge,"[""p2g6_066"",""ref_M4_tau5.7""]",a19c5b83f9511693,ok,partial,0.0597,35.62499984439759,45.509999792530124,3|oscillator|rotor|liquid|s1|g2|structured,False,False,False,False,0,1,,,,,,,,,,,,False,35.62499984439759,False,False,False,False,False,,False,29.693999875518074,False,False,False,False,False,
2,p2g7_001,7,mutate,"[""p3g9_022""]",fc91ce53931e912c,ok,partial,0.2813,42.08593047850714,46.737907304676185,3|switch|mobile|liquid|s1|g0|structured,False,False,False,False,0,1,,,,,,,,,,,,False,42.08593047850714,False,False,False,False,False,,False,39.29474438280571,False,False,False,False,False,
2,p2g7_002,7,mutate,"[""p6g8_033""]",73d323826e73d5c5,ok,partial,0.5276,47.39740077570619,45.609867700941585,2|constant|drift|liquid|s1|g2|structured,True,True,True,True,0,3,0.2936,p2g7_002_s2,ok,0.4393,49.5034713713377,51.3612951617836,p2g7_002_s3,ok,0.2936,42.43207239204231,46.78942985605641,False,47.39740077570619,False,False,False,False,False,42.43207239204231,False,48.46992062056495,False,False,False,False,False,39.817657913633845
2,p2g7_008,7,mutate,"[""p6g8_033""]",ae3a48d022ef5333,ok,partial,0.1969,41.495469993669516,48.76395999155936,1|grow|mobile|liquid|s1|g2|structured,False,False,False,False,0,1,,,,,,,,,,,,False,41.495469993669516,False,False,False,False,False,,False,37.13437599493562,False,False,False,False,False,
2,p2g7_012,7,mutate,"[""p3g6_032""]",18178f7552e6d226,ok,partial,0.4269,49.86411719257815,52.2554895901042,3|switch|mobile|liquid|s1|g0|structured,False,False,False,False,0,1,,,,,,,,,,,,False,49.86411719257815,False,False,False,False,False,,False,48.42929375406251,False,False,False,False,False,
2,p2g7_013,7,mutate,"[""p2g2_055""]",d8e51bf8ae2b6eee,ok,partial,0.0,4.771875,6.3625,1|constant|still|frozen|s1|g0|mixed,False,False,False,False,0,1,,,,,,,,,,,,False,4.771875,False,False,False,False,False,,False,3.8175,False,False,False,False,False,
2,p2g7_014,7,mutate,"[""p2g3_031""]",6fac659c40ade3a7,ok,partial,0.3486,47.740323899006086,52.033765198674786,3|grow|mobile|liquid|s1|g0|structured,False,False,False,False,0,1,,,,,,,,,,,,False,47.740323899006086,False,False,False,False,False,,False,45.16425911920487,False,False,False,False,False,
2,p2g7_023,7,mint_bilin,"[""p6g9_021""]",f8cc1dba1660a9b1,ok,partial,0.5086,64.0857779055356,68.49437054071413,3|switch|mobile|liquid|s1|g2|structured,False,False,False,False,0,1,,,,,,,,,,,,True,64.0857779055356,True,False,False,False,False,,True,61.440622324428475,True,False,False,False,False,
2,p2g7_027,7,mint_bilin,"[""p2g3_062""]",5e93f4b95d8a26b2,ok,partial,0.1825,56.86800855527852,69.7406780737047,4|grow|rotor|liquid|s1|g2|mixed,False,False,False,False,0,1,,,,,,,,,,,,False,56.86800855527852,False,False,False,False,False,,False,49.144406844222814,False,False,False,False,False,
2,p2g7_062,7,merge_cross_edge,"[""p3g6_070"",""blk_engine_10748""]",c70cec6118917968,ok,partial,0.2811,50.066718307546594,57.38562441006212,4|switch|drift|liquid|s2|g2|structured,False,False,False,False,0,1,,,,,,,,,,,,False,50.066718307546594,False,False,False,False,False,,False,45.67537464603727,False,False,False,False,False,
2,p2g7_064,7,merge_cross_edge,"[""p2g6_020"",""ref_iso_d0.75""]",2f3fa729203cc360,ok,partial,0.3053,68.00122519758159,80.49163359677546,4|grow|rotor|liquid|s2|g2|structured,False,False,False,False,0,1,,,,,,,,,,,,False,68.00122519758159,False,False,False,False,False,,False,60.506980158065275,False,False,False,False,False,
2,p2g7_069,7,merge_cross_edge,"[""p2g6_020"",""ref_M0""]",e102141fc79d98a2,ok,partial,0.376,70.91087271029903,82.01449694706537,4|grow|rotor|liquid|s2|g2|structured,False,False,False,False,0,1,,,,,,,,,,,,False,70.91087271029903,False,False,False,False,False,,False,64.24869816823922,False,False,False,False,False,
2,p2g7_073,7,merge_slow_tanh,"[""p2g1_078"",""ref_BFIELD_g0.05""]",363809852374f57e,ok,partial,0.4404,58.903992044724994,63.85865605963333,4|switch|rotor|liquid|s1|g2|structured,False,False,False,False,0,1,,,,,,,,,,,,False,58.903992044724994,False,False,False,False,False,,False,55.93119363578,False,False,False,False,False,
2,p2g7_018,7,mint_bilin,"[""p3g9_022""]",f78661006689a89a,ok,partial,0.4053,61.51688922327185,68.51251896436247,3|grow|mobile|liquid|s2|g2|structured,False,False,False,False,0,1,,,,,,,,,,,,True,61.51688922327185,True,False,False,False,False,,False,57.31951137861748,False,False,False,False,False,
2,p2g7_022,7,mint_bilin,"[""p3g9_022""]",255c7951d5980a91,ok,partial,0.5314,58.636672958647026,60.46889727819603,3|grow|mobile|flicker|s1|g2|structured,False,False,False,False,0,1,,,,,,,,,,,,False,58.636672958647026,False,False,False,False,False,,False,57.537338366917616,False,False,False,False,False,
2,p2g7_024,7,mint_bilin,"[""p3g9_022""]",80c33b73e8056de9,ok,partial,0.6141,66.52030169980621,68.22373559974162,4|grow|mobile|liquid|s1|g2|structured,False,False,False,False,0,1,,,,,,,,,,,,True,66.52030169980621,True,False,False,False,False,,True,65.49824135984497,True,False,False,False,False,
2,p2g7_026,7,mint_bilin,"[""p3g9_022""]",e7eb8911f7b4b4e1,ok,partial,0.5932,52.95016175850284,50.82688234467045,4|switch|rotor|liquid|s1|g2|structured,False,False,False,False,0,1,,,,,,,,,,,,False,52.95016175850284,False,False,False,False,False,,False,54.22412940680226,False,False,False,False,False,
2,p2g7_030,7,delete_bilin,"[""p3g9_022""]",aeee09d4cce63b36,ok,partial,0.6864,53.93857106537388,49.03809475383184,4|oscillator|mobile|liquid|s1|g2|structured,True,True,True,True,0,3,0.4415,p2g7_030_s2,ok,0.4415,65.88316918915724,73.12755891887633,p2g7_030_s3,ok,0.5647,72.74057897247187,78.16410529662916,False,53.93857106537388,True,True,False,False,False,53.93857106537388,False,56.87885685229911,True,True,False,False,False,56.87885685229911
2,p2g7_036,7,add_chan,"[""p6g7_028""]",494814329f752199,ok,partial,0.3427,59.14493265087568,67.43657686783423,2|switch|mobile|liquid|s1|g2|structured,True,True,True,True,0,3,0.3146,p2g7_036_s2,ok,0.5265,58.92701983945754,61.01935978594339,p2g7_036_s3,ok,0.3146,52.123725434289376,59.01163391238583,False,59.14493265087568,False,False,False,False,False,52.123725434289376,False,54.16994612070054,False,False,False,False,False,47.9909803474315
2,p2g7_041,7,dup_act,"[""p6g7_028""]",1de77d181fad1536,ok,partial,0.0,39.126483981500215,52.16864530866695,3|constant|mobile|liquid|s1|g2|mixed,False,False,False,False,0,1,,,,,,,,,,,,False,39.126483981500215,False,False,False,False,False,,False,31.30118718520017,False,False,False,False,False,
2,p2g7_046,7,dup_act,"[""p6g7_028""]",3d2278c677b4dc55,ok,partial,0.0,37.9616901188582,50.61558682514426,3|constant|drift|liquid|s1|g2|mixed,False,False,False,False,0,1,,,,,,,,,,,,False,37.9616901188582,False,False,False,False,False,,False,30.369352095086555,False,False,False,False,False,
2,p2g7_025,7,mint_bilin,"[""p3g6_032""]",dc679be6e0d107bd,ok,partial,0.538,73.64882800951166,80.26510401268222,4|grow|mobile|liquid|s2|g1|structured,False,False,False,False,0,1,,,,,,,,,,,,True,73.64882800951166,True,False,False,False,False,,True,69.67906240760934,True,False,False,False,False,
2,p2g7_037,7,add_chan,"[""p6g5_026""]",f4ab9eb407ec8ccd,ok,partial,0.3089,63.36610674887223,74.19147566516297,3|switch|mobile|liquid|s2|g2|structured,False,False,False,False,0,1,,,,,,,,,,,,False,63.36610674887223,False,False,False,False,False,,False,56.87088539909778,False,False,False,False,False,
2,p2g7_048,7,merge_spatial_ic,"[""p6g9_021"",""p1g2_008""]",b310fbfc5cac334e,ok,partial,0.1951,54.972328492180864,66.79310465624116,3|switch|mobile|liquid|s1|g2|structured,False,False,False,False,0,1,,,,,,,,,,,,False,54.972328492180864,False,False,False,False,False,,False,47.87986279374469,False,False,False,False,False,
2,p2g7_049,7,merge_spatial_ic,"[""p3g9_022"",""p3g9_000""]",9a815b4bb1db78ea,ok,partial,0.6721,69.92321490923032,70.82761987897376,4|switch|mobile|liquid|s1|g2|structured,True,True,True,True,0,3,0.5696,p2g7_049_s2,ok,0.5696,77.18945748529181,83.93260998038909,p2g7_049_s3,ok,0.6591,79.54612455659745,84.09149940879661,True,69.92321490923032,True,True,True,True,True,69.92321490923032,True,69.38057192738427,True,True,True,True,True,69.38057192738427
2,p2g7_051,7,merge_spatial_ic,"[""p6g8_033"",""p6g7_028""]",27a2960d05f47297,ok,partial,0.4156,71.47053471861763,81.44071295815684,3|switch|rotor|liquid|s1|g2|structured,False,False,False,False,0,1,,,,,,,,,,,,True,71.47053471861763,True,False,False,False,False,,True,65.4884277748941,True,False,False,False,False,
2,p2g7_055,7,merge_spatial_ic,"[""p3g5_003"",""p6g9_022""]",a8588ddb13332b62,ok,partial,0.4725,65.35097565286365,71.38463420381821,4|switch|mobile|liquid|s1|g1|structured,False,False,False,False,0,1,,,,,,,,,,,,True,65.35097565286365,True,False,False,False,False,,True,61.73078052229092,True,False,False,False,False,
2,p2g7_059,7,merge_cross_edge,"[""p2g4_061"",""blk_engine_10748""]",d6b7c2163b6d4c1a,ok,partial,0.5587,65.01461289421265,68.06281719228353,4|grow|mobile|liquid|s1|g2|structured,False,False,False,False,0,1,,,,,,,,,,,,True,65.01461289421265,True,False,False,False,False,,True,63.18569031537012,True,False,False,False,False,
2,p2g7_071,7,merge_slow_tanh,"[""p2g2_098"",""blk_p1g2_008""]",ade86f924ea40554,ok,partial,0.0,44.3971350475526,59.19618006340347,2|switch|mobile|liquid|s1|g2|mixed,False,False,False,False,0,1,,,,,,,,,,,,False,44.3971350475526,False,False,False,False,False,,False,35.51770803804208,False,False,False,False,False,
2,p2g7_076,7,merge_share_chan,"[""p2g6_064"",""ref_iso_d0.65""]",051b6dab7b7c99be,ok,partial,0.2885,51.452438867068246,58.986585156090996,3|switch|mobile|flicker|s1|g2|structured,False,False,False,False,0,1,,,,,,,,,,,,False,51.452438867068246,False,False,False,False,False,,False,46.9319510936546,False,False,False,False,False,
2,p2g7_000,7,mutate,"[""p6g7_028""]",fa358d7f754ec8c3,ok,partial,0.2822,43.91357086588162,49.14476115450883,2|switch|mobile|liquid|s1|g2|structured,False,False,False,False,0,1,,,,,,,,,,,,False,43.91357086588162,False,False,False,False,False,,False,40.7748566927053,False,False,False,False,False,
2,p2g7_003,7,mutate,"[""p6g7_028""]",ccaa3c4535c220d0,ok,partial,0.5647,63.444950316499394,65.76993375533253,3|switch|rotor|liquid|s1|g2|structured,False,False,False,False,0,1,,,,,,,,,,,,True,63.444950316499394,True,False,False,False,False,,True,62.049960253199515,True,False,False,False,False,
2,p2g7_005,7,mutate,"[""p2g1_052""]",b4b53a7a101e52ce,ok,partial,0.5252,60.935492809155136,63.74065707887351,3|switch|mobile|liquid|s2|g0|structured,True,True,True,True,0,3,0.5252,p2g7_005_s2,ok,0.5324,59.8011702522346,61.98822700297947,p2g7_005_s3,ok,0.5293,58.533659640752184,60.401546187669574,True,60.935492809155136,True,False,False,False,False,58.533659640752184,False,59.252394247324105,False,False,False,False,False,57.41292771260174
2,p2g7_006,7,mutate,"[""p1g7_023""]",909ee3a4c82b0d04,ok,partial,0.5543,59.693690916539204,61.11492122205227,4|switch|mobile|liquid|s1|g0|structured,True,True,True,True,0,3,0.5543,p2g7_006_s2,ok,0.5586,57.391343875057274,57.901791833409696,p2g7_006_s3,ok,0.5663,58.91157044089894,59.67209392119859,False,59.693690916539204,False,False,False,False,False,57.391343875057274,False,58.84095273323136,False,False,False,False,False,57.08507510004582
2,p2g7_020,7,mint_bilin,"[""p5g4_065""]",7049efc9625ff803,ok,partial,0.0,23.882699932900522,31.84359991053403,3|constant|drift|flicker|s1|g0|mixed,True,True,True,True,0,3,0.0,p2g7_020_s2,ok,0.0,26.229171732333448,34.9722289764446,p2g7_020_s3,ok,0.0,23.638109818407727,31.51747975787697,False,23.882699932900522,False,False,False,False,False,23.638109818407727,False,19.106159946320417,False,False,False,False,False,18.91048785472618
2,p2g7_021,7,mint_bilin,"[""p6g7_028""]",d1839314b65cb863,ok,partial,0.5179,72.17037693087444,78.96383590783259,3|grow|rotor|liquid|s2|g2|structured,False,False,False,False,0,1,,,,,,,,,,,,True,72.17037693087444,True,False,False,False,False,,True,68.09430154469956,True,False,False,False,False,
2,p2g7_028,7,delete_bilin,"[""p2g3_053""]",3d7f5a6b0d5c6099,ok,partial,0.5381,57.27181149065943,58.42574865421257,4|switch|mobile|liquid|s1|g0|structured,False,False,False,False,0,1,,,,,,,,,,,,False,57.27181149065943,False,False,False,False,False,,False,56.57944919252754,False,False,False,False,False,
2,p2g7_031,7,delete_bilin,"[""p6g5_026""]",301efdd69e749619,ok,partial,0.4072,67.58962796608604,76.54617062144806,3|switch|rotor|liquid|s2|g2|structured,False,False,False,False,0,1,,,,,,,,,,,,True,67.58962796608604,True,False,False,False,False,,True,62.21570237286883,True,False,False,False,False,
2,p2g7_034,7,add_chan,"[""p2g6_020""]",4eb148db3f5dce8e,ok,partial,0.5186,71.37627055852967,77.88169407803956,3|grow|rotor|liquid|s2|g2|structured,False,False,False,False,0,1,,,,,,,,,,,,True,71.37627055852967,True,False,False,False,False,,True,67.47301644682373,True,False,False,False,False,
2,p2g7_038,7,add_chan,"[""p2g6_066""]",5f54baf26afab2ae,ok,partial,0.0,7.449271797839506,9.932362397119341,1|constant|still|frozen|s1|g2|mixed,False,False,False,False,0,1,,,,,,,,,,,,False,7.449271797839506,False,False,False,False,False,,False,5.959417438271605,False,False,False,False,False,
2,p2g7_047,7,dup_act,"[""p2g6_020""]",d1ff88d6d080c72d,ok,partial,0.0,50.03349620887954,66.71132827850606,4|switch|mobile|liquid|s1|g2|mixed,False,False,False,False,0,1,,,,,,,,,,,,False,50.03349620887954,False,False,False,False,False,,False,40.026796967103635,False,False,False,False,False,
2,p2g7_050,7,merge_spatial_ic,"[""p6g5_026"",""p2g5_019""]",ead25ce87e4b853d,ok,partial,0.3167,57.81773241547729,66.53364322063639,3|switch|mobile|liquid|s1|g2|structured,False,False,False,False,0,1,,,,,,,,,,,,False,57.81773241547729,False,False,False,False,False,,False,52.58818593238183,False,False,False,False,False,
2,p2g7_052,7,merge_spatial_ic,"[""p6g7_028"",""p3g9_021""]",99843d9cd96588d6,ok,partial,0.4197,69.8965690915083,79.2054254553444,3|grow|mobile|liquid|s2|g2|structured,False,False,False,False,0,1,,,,,,,,,,,,True,69.8965690915083,True,False,False,False,False,,True,64.31125527320664,True,False,False,False,False,
2,p2g7_060,7,merge_cross_edge,"[""p6g1_043"",""blk_p6g1_043""]",f33ee30b73192b64,ok,partial,0.5478,56.689348036276556,57.325797381702074,4|grow|mobile|liquid|s1|g0|structured,True,True,True,True,0,3,0.302,p2g7_060_s2,ok,0.5031,59.50115057349515,62.564867431326874,p2g7_060_s3,ok,0.302,58.98220978570535,68.57627971427381,False,56.689348036276556,False,False,False,False,False,56.689348036276556,False,56.307478429021245,False,False,False,False,False,53.22576782856428
2,p2g7_065,7,merge_cross_edge,"[""p2g1_078"",""ref_iso_d0.65""]",dad09fcb91db9ef5,ok,partial,0.4591,60.22754341420388,65.00005788560517,4|switch|mobile|liquid|s1|g2|structured,False,False,False,False,0,1,,,,,,,,,,,,True,60.22754341420388,True,False,False,False,False,,False,57.364034731363105,False,False,False,False,False,
2,p2g7_007,7,mutate,"[""p2g6_020""]",4d890f1debfd5c04,ok,partial,0.1993,42.64321159093578,50.2142821212477,3|switch|mobile|liquid|s1|g2|mixed,False,False,False,False,0,1,,,,,,,,,,,,False,42.64321159093578,False,False,False,False,False,,False,38.100569272748615,False,False,False,False,False,
2,p2g7_009,7,mutate,"[""p2g6_020""]",430bba2aa6598f5f,ok,partial,0.3251,51.113052327431774,57.31406976990904,3|switch|rotor|liquid|s1|g2|structured,False,False,False,False,0,1,,,,,,,,,,,,False,51.113052327431774,False,False,False,False,False,,False,47.39244186194542,False,False,False,False,False,
2,p2g7_029,7,delete_bilin,"[""p2g6_020""]",efe73b5851901019,ok,partial,0.3398,67.94848253167592,79.27131004223456,3|grow|mobile|liquid|s2|g2|structured,False,False,False,False,0,1,,,,,,,,,,,,False,67.94848253167592,False,False,False,False,False,,False,61.154786025340734,False,False,False,False,False,
2,p2g7_039,7,add_chan,"[""p6g7_013""]",9e7b3a1d8d445359,ok,partial,0.3873,59.781671576175334,66.79889543490044,3|switch|drift|liquid|s1|g2|structured,True,True,True,False,1,2,,p2g7_039_s2,ok,0.3723,59.42652304039369,66.82536405385825,,,,,,False,59.781671576175334,False,False,False,False,False,,False,55.57133726094026,False,False,False,False,False,
2,p2g7_057,7,merge_cross_edge,"[""p10g0_ds6_000"",""ref_iso_d0.75""]",cc1b80b2a243627d,ok,partial,0.5656,63.9380989212923,66.39746522838973,3|switch|rotor|flicker|s1|g2|structured,False,False,False,False,0,1,,,,,,,,,,,,True,63.9380989212923,True,False,False,False,False,,True,62.46247913703384,True,False,False,False,False,
2,p2g7_058,7,merge_cross_edge,"[""p5g8_014"",""ref_M0""]",d2b5e6ecd97a8345,ok,partial,0.5613,68.0026847499936,71.9602463333248,3|switch|rotor|flicker|s1|g2|structured,False,False,False,False,0,1,,,,,,,,,,,,True,68.0026847499936,True,False,False,False,False,,True,65.62814779999488,True,False,False,False,False,
2,p2g7_081,7,immigrate,,31c1a9c3541ebc5b,no_blobs,missing,,0.0,,,False,False,False,False,0,1,,,,,,,,,,,,False,,False,False,False,False,False,,False,,False,False,False,False,False,
2,p2g7_087,7,immigrate,,02f791025eb97107,no_blobs,missing,,0.0,,,False,False,False,False,0,1,,,,,,,,,,,,False,,False,False,False,False,False,,False,,False,False,False,False,False,
2,p2g7_089,7,immigrate,,1a69ad6e89889462,no_blobs,missing,,0.0,,,False,False,False,False,0,1,,,,,,,,,,,,False,,False,False,False,False,False,,False,,False,False,False,False,False,
2,p2g7_094,7,immigrate,,aba60ddca6133c99,no_blobs,missing,,0.0,,,False,False,False,False,0,1,,,,,,,,,,,,False,,False,False,False,False,False,,False,,False,False,False,False,False,
2,p2g7_096,7,immigrate,,997ce2d96b07e49e,no_blobs,missing,,0.0,,,False,False,False,False,0,1,,,,,,,,,,,,False,,False,False,False,False,False,,False,,False,False,False,False,False,
2,p2g7_086,7,immigrate,,3b43bfe3cd1b03da,no_blobs,missing,,0.0,,,False,False,False,False,0,1,,,,,,,,,,,,False,,False,False,False,False,False,,False,,False,False,False,False,False,
2,p2g7_093,7,immigrate,,05f3543f7728423f,no_blobs,missing,,0.0,,,False,False,False,False,0,1,,,,,,,,,,,,False,,False,False,False,False,False,,False,,False,False,False,False,False,
2,p2g7_095,7,immigrate,,1178f83329ba3971,no_blobs,missing,,0.0,,,False,False,False,False,0,1,,,,,,,,,,,,False,,False,False,False,False,False,,False,,False,False,False,False,False,
2,p2g7_078,7,immigrate,,7a5cf9774f2015cd,ok,partial,0.0,0.0,0.0,1|constant|still|gas|s1|g0|mixed,False,False,False,False,0,1,,,,,,,,,,,,False,0.0,False,False,False,False,False,,False,0.0,False,False,False,False,False,
2,p2g7_080,7,immigrate,,348ca73b9d68431f,ok,partial,0.0,0.0,0.0,1|constant|still|gas|s1|g2|mixed,False,False,False,False,0,1,,,,,,,,,,,,False,0.0,False,False,False,False,False,,False,0.0,False,False,False,False,False,
2,p2g7_085,7,immigrate,,46bd1163d765fb16,ok,partial,0.0,0.0,0.0,1|constant|still|gas|s1|g0|mixed,False,False,False,False,0,1,,,,,,,,,,,,False,0.0,False,False,False,False,False,,False,0.0,False,False,False,False,False,
2,p2g7_090,7,immigrate,,1428d58ae7053273,ok,partial,0.0,0.0,0.0,1|constant|still|gas|s1|g0|mixed,False,False,False,False,0,1,,,,,,,,,,,,False,0.0,False,False,False,False,False,,False,0.0,False,False,False,False,False,
2,p2g7_091,7,immigrate,,ebec6a803773c84d,ok,partial,0.0,0.0,0.0,1|constant|still|gas|s1|g0|mixed,False,False,False,False,0,1,,,,,,,,,,,,False,0.0,False,False,False,False,False,,False,0.0,False,False,False,False,False,
2,p2g7_079,7,immigrate,,bc0157b44c59bd5f,ok,partial,0.0,30.17170497398389,40.22893996531185,1|switch|mobile|flicker|s1|g0|mixed,True,True,True,True,0,3,0.0,p2g7_079_s2,ok,0.0,30.21355497398389,40.28473996531185,p2g7_079_s3,ok,0.0,0.0,0.0,False,30.17170497398389,False,False,False,False,False,0.0,False,24.13736397918711,False,False,False,False,False,0.0
2,p2g7_084,7,immigrate,,ee495e4c9f526a85,ok,partial,0.0,0.0,0.0,1|constant|mobile|gas|s1|g2|mixed,False,False,False,False,0,1,,,,,,,,,,,,False,0.0,False,False,False,False,False,,False,0.0,False,False,False,False,False,
2,p2g7_097,7,immigrate,,6321d885f56bc76f,ok,partial,0.0,0.0,0.0,1|constant|still|gas|s1|g0|mixed,False,False,False,False,0,1,,,,,,,,,,,,False,0.0,False,False,False,False,False,,False,0.0,False,False,False,False,False,
2,p2g7_082,7,immigrate,,b50cd45aeb9e92e4,no_blobs,missing,,0.0,,,False,False,False,False,0,1,,,,,,,,,,,,False,,False,False,False,False,False,,False,,False,False,False,False,False,
2,p2g7_083,7,immigrate,,92aaabe9cc1aed5f,no_blobs,missing,,0.0,,,False,False,False,False,0,1,,,,,,,,,,,,False,,False,False,False,False,False,,False,,False,False,False,False,False,
2,p2g7_088,7,immigrate,,c2196f6576e93c58,no_blobs,missing,,0.0,,,False,False,False,False,0,1,,,,,,,,,,,,False,,False,False,False,False,False,,False,,False,False,False,False,False,
2,p2g7_092,7,immigrate,,f4b1331c0d58c57e,ok,partial,0.0,0.0,0.0,1|constant|still|gas|s1|g0|mixed,False,False,False,False,0,1,,,,,,,,,,,,False,0.0,False,False,False,False,False,,False,0.0,False,False,False,False,False,
2,p2g8_000,8,mutate,"[""p1g7_023""]",ef0e9d657b882698,fail_g0a,missing,,,,,False,False,False,False,0,1,,,,,,,,,,,,False,,False,False,False,False,False,,False,,False,False,False,False,False,
2,p2g8_067,8,merge_cross_edge,"[""p2g4_062"",""blk_engine_10748""]",cc113c0be271ebd3,ok,partial,0.5309,59.64687112625552,64.0181185437592,3|grow|mobile|liquid|s1|g2|structured,False,False,False,False,0,1,,,,,,,,,,,,True,61.2860889078194,True,False,False,False,False,,False,59.64687112625552,False,False,False,False,False,
2,p2g8_069,8,merge_cross_edge,"[""p2g7_079"",""p2g4_062""]",226a0fda3df05472,ok,partial,0.4314,59.46998613588251,70.35664355980418,3|switch|rotor|flicker|s1|g2|structured,False,False,False,False,0,1,,,,,,,,,,,,True,63.552482669853134,True,False,False,False,False,,False,59.46998613588251,False,False,False,False,False,
2,p2g8_036,8,add_chan,"[""p2g2_035""]",a37ca3b3ba08c771,ok,partial,0.0,8.5125,14.1875,1|constant|still|frozen|s1|g2|mixed,False,False,False,False,0,1,,,,,,,,,,,,False,10.640625,False,False,False,False,False,,False,8.5125,False,False,False,False,False,
2,p2g8_001,8,mutate,"[""p2g5_069""]",0d57df5074453f20,ok,partial,0.0,10.074838292203848,16.79139715367308,1|constant|mobile|gas|s1|g0|mixed,True,True,True,True,0,3,0.0,p2g8_001_s2,ok,0.0,16.96789986107173,28.279833101786217,p2g8_001_s3,ok,0.0,14.248910637919234,23.748184396532057,False,12.593547865254811,False,False,False,False,False,12.593547865254811,False,10.074838292203848,False,False,False,False,False,10.074838292203848
2,p2g8_013,8,mutate,"[""p2g4_071""]",fd16762517795a2b,ok,partial,0.2043,41.01966723497041,54.74611205828403,2|switch|mobile|liquid|s1|g2|mixed,False,False,False,False,0,1,,,,,,,,,,,,False,46.16708404371302,False,False,False,False,False,,False,41.01966723497041,False,False,False,False,False,
2,p2g8_002,8,mutate,"[""p2g1_067""]",bd8b9a496b5fe882,ok,partial,0.2723,48.87975248960642,63.312920816010696,4|switch|mobile|liquid|s1|g2|structured,False,False,False,False,0,1,,,,,,,,,,,,False,54.29219061200802,False,False,False,False,False,,False,48.87975248960642,False,False,False,False,False,
2,p2g8_003,8,mutate,"[""p2g5_022""]",1510672b8487df97,ok,partial,0.0575,25.13976537769306,38.06627562948843,2|switch|drift|frozen|s1|g2|structured,True,True,True,True,0,3,0.0492,p2g8_003_s2,ok,0.0492,23.846081664987963,36.46346944164661,p2g8_003_s3,ok,0.0645,25.62455673050321,38.40759455083868,False,29.987206722116323,False,False,False,False,False,28.577602081234957,False,25.13976537769306,False,False,False,False,False,23.846081664987963
2,p2g8_009,8,mutate,"[""p2g7_056""]",dde5cafc9d226244,ok,partial,0.4898,63.92905620781544,73.89509367969241,4|grow|mobile|liquid|s1|g2|structured,False,False,False,False,0,1,,,,,,,,,,,,True,67.66632025976931,True,False,False,False,False,,True,63.92905620781544,True,False,False,False,False,
2,p2g8_014,8,mutate,"[""p2g3_036""]",46646b419eb5783c,ok,partial,0.5355,58.518733172314526,61.83122195385755,4|switch|mobile|flicker|s1|g2|structured,False,False,False,False,0,1,,,,,,,,,,,,False,59.760916465393166,False,False,False,False,False,,False,58.518733172314526,False,False,False,False,False,
2,p2g8_016,8,mint_bilin,"[""p2g7_056""]",037d0f009be4ec2d,ok,partial,0.373,59.85543152082899,74.89238586804832,4|switch|rotor|liquid|s1|g2|structured,False,False,False,False,0,1,,,,,,,,,,,,False,65.49428940103624,False,False,False,False,False,,False,59.85543152082899,False,False,False,False,False,
2,p2g8_017,8,mint_bilin,"[""p5g7_040""]",43ef08446c71f6f2,ok,partial,0.6313,73.76695417353886,80.8582569558981,4|grow|mobile|liquid|s1|g2|structured,False,False,False,False,0,1,,,,,,,,,,,,True,76.42619271692357,True,False,False,False,False,,True,73.76695417353886,True,False,False,False,False,
2,p2g8_018,8,mint_bilin,"[""p2g1_017""]",09d7a52a89602ad4,ok,partial,0.5294,66.11658819762759,74.90098032937932,4|grow|mobile|liquid|s1|g2|structured,False,False,False,False,0,1,,,,,,,,,,,,True,69.4107352470345,True,False,False,False,False,,True,66.11658819762759,True,False,False,False,False,
2,p2g8_026,8,mint_bilin,"[""p2g5_022""]",c91cce55bf7b2033,ok,partial,0.419,67.38496339153204,84.37493898588673,4|grow|rotor|liquid|s2|g2|structured,False,False,False,False,0,1,,,,,,,,,,,,True,73.75620423941504,True,False,False,False,False,,True,67.38496339153204,True,False,False,False,False,
2,p2g8_030,8,mint_bilin,"[""p2g7_056""]",62dc6781a58d4a08,ok,partial,0.4945,68.96867534086455,81.98112556810759,4|grow|rotor|liquid|s2|g2|structured,False,False,False,False,0,1,,,,,,,,,,,,True,73.84834417608069,True,False,False,False,False,,True,68.96867534086455,True,False,False,False,False,
2,p2g8_032,8,delete_bilin,"[""p3g9_020""]",c023c34c999ddfa1,ok,partial,0.4986,69.18741924469406,82.07236540782343,3|grow|mobile|liquid|s3|g2|structured,True,True,True,True,0,3,0.4878,p2g8_032_s2,ok,0.5491,70.83060444694053,81.44434074490088,p2g8_032_s3,ok,0.4878,68.62585459756266,81.85642432927112,True,74.01927405586757,True,True,True,True,True,73.58731824695334,True,69.18741924469406,True,True,True,True,True,68.62585459756266
2,p2g8_033,8,delete_bilin,"[""p2g4_003""]",a8b0c47c4421f2d7,ok,partial,0.3816,53.62487228456607,63.93478714094345,3|grow|mobile|liquid|s1|g1|structured,False,False,False,False,0,1,,,,,,,,,,,,False,57.491090355707584,False,False,False,False,False,,False,53.62487228456607,False,False,False,False,False,
2,p2g8_034,8,delete_bilin,"[""p2g1_017""]",e080558dddf0fa15,ok,partial,0.4342,61.70979623489397,73.90299372482329,4|switch|rotor|liquid|s1|g2|structured,False,False,False,False,0,1,,,,,,,,,,,,True,66.28224529361746,True,False,False,False,False,,True,61.70979623489397,True,False,False,False,False,
2,p2g8_037,8,add_chan,"[""p2g2_008""]",1cbe20baf5f8b258,ok,partial,0.2482,40.46976528520685,50.90294214201141,2|oscillator|mobile|liquid|s1|g2|structured,False,False,False,False,0,1,,,,,,,,,,,,False,44.38220660650856,False,False,False,False,False,,False,40.46976528520685,False,False,False,False,False,
2,p2g8_039,8,add_chan,"[""p2g6_032""]",6c77fa2fd2ad667e,ok,partial,0.4191,54.25610643769153,62.48684406281922,3|switch|mobile|liquid|s1|g1|structured,False,False,False,False,0,1,,,,,,,,,,,,False,57.34263304711442,False,False,False,False,False,,False,54.25610643769153,False,False,False,False,False,
2,p2g8_041,8,add_chan,"[""p2g7_049""]",77b5998b4fb557cc,ok,partial,0.4219,59.68268592624476,71.34447654374127,4|grow|mobile|liquid|s1|g2|structured,False,False,False,False,0,1,,,,,,,,,,,,True,64.05585740780595,True,False,False,False,False,,False,59.68268592624476,False,False,False,False,False,
2,p2g8_042,8,add_chan,"[""p3g9_022""]",6d5b06ef9ff56e74,ok,partial,0.0,28.28243721277933,47.13739535463222,4|constant|drift|liquid|s1|g2|mixed,False,False,False,False,0,1,,,,,,,,,,,,False,35.353046515974164,False,False,False,False,False,,False,28.28243721277933,False,False,False,False,False,
2,p2g8_043,8,add_chan,"[""p2g1_055""]",079d0ef2970f902e,ok,partial,0.2817,52.053263325170875,67.9754388752848,3|grow|mobile|liquid|s1|g2|structured,False,False,False,False,0,1,,,,,,,,,,,,False,58.0240791564636,False,False,False,False,False,,False,52.053263325170875,False,False,False,False,False,
2,p2g8_054,8,merge_spatial_ic,"[""p6g7_067"",""p0g0_ds2g11_009""]",070d384c430a8e0f,ok,partial,0.544,59.30559963194267,62.57599938657111,4|constant|rotor|liquid|s1|g2|structured,True,True,True,True,0,3,0.4711,p2g8_054_s2,ok,0.4711,60.7700458382307,69.87674306371784,p2g8_054_s3,ok,0.6089,60.79318784761603,60.72864641269339,True,60.531999539928336,True,True,True,True,True,60.531999539928336,False,59.30559963194267,True,True,False,False,False,59.30559963194267
2,p2g8_068,8,merge_cross_edge,"[""p2g6_004"",""ref_M0""]",211f50930c9ed876,ok,partial,0.3888,70.73058571296201,91.96430952160335,4|grow|rotor|liquid|s3|g2|structured,False,False,False,False,0,1,,,,,,,,,,,,False,78.69323214120251,False,False,False,False,False,,False,70.73058571296201,False,False,False,False,False,
2,p2g8_074,8,merge_cross_edge,"[""p2g6_064"",""blk_engine_10748""]",d59b91ad443ab874,ok,partial,0.5452,61.43625628049072,66.04709380081786,4|switch|rotor|liquid|s1|g2|structured,False,False,False,False,0,1,,,,,,,,,,,,True,63.1653203506134,True,False,False,False,False,,True,61.43625628049072,True,False,False,False,False,
2,p2g8_076,8,merge_slow_tanh,"[""p2g4_061"",""ref_M0""]",244363a943650384,ok,partial,0.4085,58.7490801865915,70.68180031098584,4|grow|mobile|liquid|s1|g2|structured,False,False,False,False,0,1,,,,,,,,,,,,True,63.223850233239375,True,False,False,False,False,,False,58.7490801865915,False,False,False,False,False,
2,p2g8_004,8,mutate,"[""p2g6_032""]",7f84a530bef0be0f,ok,partial,0.31,49.46941340019311,61.78235566698852,3|switch|mobile|liquid|s1|g1|structured,False,False,False,False,0,1,,,,,,,,,,,,False,54.086766750241395,False,False,False,False,False,,False,49.46941340019311,False,False,False,False,False,
2,p2g8_005,8,mutate,"[""p2g2_055""]",7c7f58bb5d257c75,ok,partial,0.3643,49.264190009173646,57.82031668195607,4|switch|mobile|liquid|s1|g1|structured,False,False,False,False,0,1,,,,,,,,,,,,False,52.47273751146706,False,False,False,False,False,,False,49.264190009173646,False,False,False,False,False,
2,p2g8_006,8,mutate,"[""p3g8_042""]",9409dabe9951e407,ok,partial,0.3277,45.424166920385844,53.860278200643066,2|grow|mobile|liquid|s1|g2|structured,False,False,False,False,0,1,,,,,,,,,,,,False,48.5877086504823,False,False,False,False,False,,False,45.424166920385844,False,False,False,False,False,
2,p2g8_007,8,mutate,"[""p2g2_055""]",3b1e8f6decfce774,ok,partial,0.5793,60.88563464409535,62.85605774015891,3|grow|mobile|flicker|s1|g1|structured,True,True,True,True,0,3,0.5755,p2g8_007_s2,ok,0.5814,67.78112330838746,74.20853884731245,p2g8_007_s3,ok,0.5755,68.93359697055865,76.52266161759776,True,61.62454330511918,True,True,True,True,True,61.62454330511918,True,60.88563464409535,True,True,True,True,True,60.88563464409535
2,p2g8_008,8,mutate,"[""p2g1_028""]",b7dff2d45996e177,ok,partial,0.1094,29.05050436484833,41.124173941413886,3|grow|drift|liquid|s1|g2|mixed,True,True,True,True,0,3,0.0393,p2g8_008_s2,ok,0.0393,30.427519079807745,48.09253179967958,p2g8_008_s3,ok,0.0506,28.649345922398613,44.37557653733102,False,33.578130456060414,False,False,False,False,False,33.578130456060414,False,29.05050436484833,False,False,False,False,False,28.649345922398613
2,p2g8_011,8,mutate,"[""p6g9_038""]",923af780878a477c,ok,partial,0.0,19.97490995454948,33.291516590915805,2|constant|still|frozen|s1|g2|structured,True,True,True,True,0,3,0.0,p2g8_011_s2,ok,0.0564,24.55924771396367,37.172079523272785,p2g8_011_s3,ok,0.0,20.085195477425223,33.475325795708706,False,24.968637443186854,False,False,False,False,False,24.968637443186854,False,19.97490995454948,False,False,False,False,False,19.97490995454948
2,p2g8_015,8,mutate,"[""p3g9_022""]",d1bd8aac016030ba,ok,partial,0.3549,56.95978296613214,71.27297161022024,3|grow|mobile|liquid|s2|g2|structured,False,False,False,False,0,1,,,,,,,,,,,,False,62.327228707665185,False,False,False,False,False,,False,56.95978296613214,False,False,False,False,False,
2,p2g8_019,8,mint_bilin,"[""p2g6_014""]",4c8e5826330ad33b,ok,partial,0.4563,65.30560085071295,78.42266808452159,4|grow|mobile|liquid|s2|g2|structured,False,False,False,False,0,1,,,,,,,,,,,,True,70.22450106339119,True,False,False,False,False,,True,65.30560085071295,True,False,False,False,False,
2,p2g8_021,8,mint_bilin,"[""p2g6_009""]",4d7eab86836e8142,ok,partial,0.0636,34.016956860734126,52.45492810122355,2|grow|still|frozen|s1|g2|mixed,True,True,True,True,0,3,0.0614,p2g8_021_s2,ok,0.0695,32.23271202235145,49.087853370585755,p2g8_021_s3,ok,0.0614,31.485232065592232,48.38205344265372,False,40.93119607591767,False,False,False,False,False,37.82154008199029,False,34.016956860734126,False,False,False,False,False,31.485232065592232
2,p2g8_022,8,mint_bilin,"[""p2g7_049""]",5d7fe44deef847cc,ok,partial,0.3679,55.80455362586205,68.48092270977008,4|grow|mobile|liquid|s1|g2|structured,False,False,False,False,0,1,,,,,,,,,,,,False,60.55819203232756,False,False,False,False,False,,False,55.80455362586205,False,False,False,False,False,
2,p2g8_024,8,mint_bilin,"[""p2g7_049""]",562d4ed45fa44f1d,ok,partial,0.3705,56.15952400890218,68.89920668150364,4|grow|mobile|liquid|s1|g2|structured,False,False,False,False,0,1,,,,,,,,,,,,False,60.936905011127735,False,False,False,False,False,,False,56.15952400890218,False,False,False,False,False,
2,p2g8_025,8,mint_bilin,"[""p2g1_045""]",d390372765206bc4,ok,partial,0.0,26.485176048590663,44.14196008098444,3|switch|still|frozen|s1|g2|mixed,False,False,False,False,0,1,,,,,,,,,,,,False,33.10647006073833,False,False,False,False,False,,False,26.485176048590663,False,False,False,False,False,
2,p2g8_029,8,mint_bilin,"[""p2g1_055""]",8a60723c90a70319,ok,partial,0.2901,55.69844366436803,73.49073944061338,3|grow|rotor|liquid|s2|g2|structured,False,False,False,False,0,1,,,,,,,,,,,,False,62.37055458046004,False,False,False,False,False,,False,55.69844366436803,False,False,False,False,False,
2,p2g8_038,8,add_chan,"[""p3g7_014""]",8d66252e976b2e22,ok,partial,0.4794,62.94404637403912,72.94674395673186,3|switch|mobile|liquid|s1|g2|structured,False,False,False,False,0,1,,,,,,,,,,,,True,66.6950579675489,True,False,False,False,False,,True,62.94404637403912,True,False,False,False,False,
2,p2g8_044,8,merge_spatial_ic,"[""p6g9_040"",""p2g5_011""]",199b006fd66f13fb,ok,partial,0.4736,53.57348972186109,57.71581620310181,3|switch|mobile|liquid|s1|g0|structured,False,False,False,False,0,1,,,,,,,,,,,,False,55.12686215232635,False,False,False,False,False,,False,53.57348972186109,False,False,False,False,False,
2,p2g8_045,8,merge_spatial_ic,"[""p2g2_055"",""p2g6_019""]",3e9e387b61a8cb22,ok,partial,0.5036,52.420425743478006,53.794042905796665,3|switch|mobile|liquid|s1|g1|structured,False,False,False,False,0,1,,,,,,,,,,,,False,52.935532179347504,False,False,False,False,False,,False,52.420425743478006,False,False,False,False,False,
2,p2g8_050,8,merge_spatial_ic,"[""p3g9_022"",""p2g1_003""]",9a815b4bb1db78ea,ok,partial,0.3643,35.37792581268745,34.67654302114575,4|constant|drift|liquid|s1|g2|structured,False,False,False,False,0,1,,,,,,,,,,,,False,35.11490726585931,False,False,False,False,False,,False,35.37792581268745,False,False,False,False,False,
2,p2g8_056,8,merge_spatial_ic,"[""p3g9_022"",""p2g5_053""]",9a815b4bb1db78ea,ok,partial,0.413,55.46374396317729,64.90623993862881,4|grow|mobile|liquid|s1|g2|structured,False,False,False,False,0,1,,,,,,,,,,,,False,59.00467995397162,False,False,False,False,False,,False,55.46374396317729,False,False,False,False,False,
2,p2g8_058,8,merge_spatial_ic,"[""p5g6_021"",""p2g4_014""]",f6f348579074846d,ok,partial,0.0,12.11136,20.1856,3|constant|still|flicker|s1|g0|mixed,False,False,False,False,0,1,,,,,,,,,,,,False,15.1392,False,False,False,False,False,,False,12.11136,False,False,False,False,False,
2,p2g8_059,8,merge_spatial_ic,"[""p2g2_055"",""p1g2_021""]",3e9e387b61a8cb22,ok,partial,0.5012,56.78681870852728,61.23136451421214,4|switch|mobile|liquid|s1|g1|structured,False,False,False,False,0,1,,,,,,,,,,,,False,58.4535233856591,False,False,False,False,False,,False,56.78681870852728,False,False,False,False,False,
2,p2g8_023,8,mint_bilin,"[""p3g8_042""]",69be1437d949213a,ok,partial,0.2558,50.50125301853151,67.11542169755252,3|grow|mobile|liquid|s1|g2|structured,False,False,False,False,0,1,,,,,,,,,,,,False,56.7315662731644,False,False,False,False,False,,False,50.50125301853151,False,False,False,False,False,
2,p2g8_046,8,merge_spatial_ic,"[""p2g2_055"",""p6g1_040""]",3e9e387b61a8cb22,ok,partial,0.6535,73.36030069822412,78.70050116370687,4|switch|mobile|liquid|s1|g1|structured,True,True,True,True,0,3,0.5036,p2g8_046_s2,ok,0.5036,67.69365896895766,79.24943161492943,p2g8_046_s3,ok,0.6246,73.65126890219372,81.11211483698952,True,75.36287587278017,True,True,True,True,True,72.02707371119708,True,73.36030069822412,True,True,True,True,True,67.69365896895766
2,p2g8_048,8,merge_spatial_ic,"[""p3g9_022"",""p6g8_033""]",9a815b4bb1db78ea,ok,partial,0.5163,64.64922661982413,73.32871103304022,4|grow|mobile|liquid|s2|g2|structured,False,False,False,False,0,1,,,,,,,,,,,,True,67.90403327478016,True,False,False,False,False,,True,64.64922661982413,True,False,False,False,False,
2,p2g8_049,8,merge_spatial_ic,"[""p3g9_022"",""p2g1_055""]",9a815b4bb1db78ea,ok,partial,0.4849,62.02833386597692,71.0538897766282,4|grow|mobile|liquid|s1|g2|structured,False,False,False,False,0,1,,,,,,,,,,,,True,65.41291733247115,True,False,False,False,False,,True,62.02833386597692,True,False,False,False,False,
2,p2g8_051,8,merge_spatial_ic,"[""p3g9_022"",""p4g4_018""]",9a815b4bb1db78ea,ok,partial,0.5318,64.03227042167855,71.26711736946424,3|grow|mobile|liquid|s1|g2|structured,False,False,False,False,0,1,,,,,,,,,,,,True,66.74533802709819,True,False,False,False,False,,True,64.03227042167855,True,False,False,False,False,
2,p2g8_052,8,merge_spatial_ic,"[""p2g2_055"",""p6g1_023""]",3e9e387b61a8cb22,ok,partial,0.6368,72.9821197396439,79.1835328994065,4|grow|mobile|liquid|s1|g1|structured,True,True,True,True,0,3,0.5036,p2g8_052_s2,ok,0.5036,67.69365896895766,79.24943161492943,p2g8_052_s3,ok,0.6246,73.65126890219372,81.11211483698952,True,75.30764967455488,True,True,True,True,True,72.02707371119708,True,72.9821197396439,True,True,True,True,True,67.69365896895766
2,p2g8_055,8,merge_spatial_ic,"[""p2g2_055"",""p3g7_015""]",3e9e387b61a8cb22,ok,partial,0.6039,68.78029388395747,74.37382313992912,4|grow|mobile|liquid|s1|g1|structured,False,False,False,False,0,1,,,,,,,,,,,,True,70.87786735494683,True,False,False,False,False,,True,68.78029388395747,True,False,False,False,False,
2,p2g8_057,8,merge_spatial_ic,"[""p3g9_022"",""p6g6_032""]",9a815b4bb1db78ea,ok,partial,0.383,49.80713899123779,57.47856498539632,3|switch|mobile|liquid|s1|g2|structured,False,False,False,False,0,1,,,,,,,,,,,,False,52.683923739047245,False,False,False,False,False,,False,49.80713899123779,False,False,False,False,False,
2,p2g8_060,8,merge_spatial_ic,"[""p3g8_042"",""p6g1_023""]",669ecc8e806a412c,ok,partial,0.2946,57.95147578276547,76.9457929712758,3|switch|rotor|liquid|s1|g2|structured,False,False,False,False,0,1,,,,,,,,,,,,False,65.07434472845684,False,False,False,False,False,,False,57.95147578276547,False,False,False,False,False,
2,p2g8_061,8,merge_spatial_ic,"[""p2g1_055"",""p2g3_066""]",27a2960d05f47297,ok,partial,0.2036,53.33816579818739,75.32360966364566,3|switch|mobile|liquid|s1|g2|structured,False,False,False,False,0,1,,,,,,,,,,,,False,61.58270724773425,False,False,False,False,False,,False,53.33816579818739,False,False,False,False,False,
2,p2g8_063,8,merge_spatial_ic,"[""p3g9_022"",""p0g1_055""]",9a815b4bb1db78ea,ok,partial,0.6093,55.17272481230211,51.33454135383684,4|switch|mobile|liquid|s1|g2|structured,False,False,False,False,0,1,,,,,,,,,,,,False,53.733406015377625,False,False,False,False,False,,False,55.17272481230211,False,False,False,False,False,
2,p2g8_064,8,merge_spatial_ic,"[""p3g9_022"",""p2g1_049""]",9a815b4bb1db78ea,ok,partial,0.5398,60.35068559846686,64.5978093307781,4|grow|mobile|liquid|s1|g2|structured,False,False,False,False,0,1,,,,,,,,,,,,True,61.94335699808358,True,False,False,False,False,,True,60.35068559846686,True,False,False,False,False,
2,p2g8_066,8,merge_spatial_ic,"[""p2g1_051"",""p2g2_074""]",27a2960d05f47297,ok,partial,0.5509,65.51969267424704,72.47282112374506,3|switch|mobile|liquid|s1|g2|structured,False,False,False,False,0,1,,,,,,,,,,,,True,68.12711584280879,True,False,False,False,False,,True,65.51969267424704,True,False,False,False,False,
2,p2g8_071,8,merge_cross_edge,"[""p2g1_086"",""blk_p10g0_ds6_000""]",aa3150e6125f6d95,ok,partial,0.0,23.42971021381629,39.04951702302715,3|constant|still|liquid|s1|g2|mixed,True,True,True,True,0,3,0.0,p2g8_071_s2,ok,0.0,23.373267111413917,38.95544518568986,p2g8_071_s3,ok,0.0,24.10082537897107,40.168042298285116,False,29.287137767270362,False,False,False,False,False,29.216583889267397,False,23.42971021381629,False,False,False,False,False,23.373267111413917
2,p2g8_075,8,merge_slow_tanh,"[""p2g7_054"",""ref_M0""]",6446ed4e3693c282,ok,partial,0.0,38.059049477746264,63.431749129577106,4|switch|rotor|liquid|s1|g2|mixed,False,False,False,False,0,1,,,,,,,,,,,,False,47.57381184718283,False,False,False,False,False,,False,38.059049477746264,False,False,False,False,False,
2,p2g8_010,8,mutate,"[""p2g6_068""]",12bb196de0df00a3,ok,partial,0.0,37.64110140156149,62.73516900260249,4|switch|mobile|liquid|s1|g2|mixed,False,False,False,False,0,1,,,,,,,,,,,,False,47.051376751951864,False,False,False,False,False,,False,37.64110140156149,False,False,False,False,False,
2,p2g8_020,8,mint_bilin,"[""p2g1_052""]",6948a9388ea3347f,ok,partial,0.4717,53.466684527421535,57.66447421236922,3|switch|rotor|flicker|s1|g0|structured,True,True,True,True,0,3,0.4573,p2g8_020_s2,ok,0.6824,72.63663610827167,75.56772684711946,p2g8_020_s3,ok,0.4573,55.614310851724824,62.20385141954138,False,55.040855659276914,True,True,False,False,False,55.040855659276914,False,53.466684527421535,True,True,False,False,False,53.466684527421535
2,p2g8_028,8,mint_bilin,"[""p6g7_035""]",ce87e585b93d5fa9,ok,partial,0.5054,61.99971888172523,69.63953146954206,3|grow|rotor|liquid|s1|g2|structured,False,False,False,False,0,1,,,,,,,,,,,,True,64.86464860215655,True,False,False,False,False,,True,61.99971888172523,True,False,False,False,False,
2,p2g8_035,8,delete_bilin,"[""p2g1_018""]",0741af878d72c789,ok,partial,0.4648,52.72684124517642,56.89140207529404,3|grow|mobile|liquid|s1|g0|structured,True,True,True,True,0,3,0.4052,p2g8_035_s2,ok,0.4725,57.84863644588192,64.91439407646988,p2g8_035_s3,ok,0.4052,55.1678019619676,64.933003269946,False,54.28855155647053,True,True,False,False,False,54.28855155647053,False,52.72684124517642,False,False,False,False,False,52.72684124517642
2,p2g8_047,8,merge_spatial_ic,"[""p2g1_003"",""p6g8_061""]",f891cbf384200ef8,ok,partial,0.0,18.27902383753256,30.465039729220933,2|relaxation|mobile|liquid|s1|g2|mixed,True,True,True,True,0,3,0.0,p2g8_047_s2,ok,0.0,14.812157683322619,24.686929472204366,p2g8_047_s3,ok,0.0,22.51282398604102,37.52137331006837,False,22.8487797969157,False,False,False,False,False,18.515197104153273,False,18.27902383753256,False,False,False,False,False,14.812157683322619
2,p2g8_053,8,merge_spatial_ic,"[""p1g2_020"",""p2g3_066""]",07440dda3d77d9a9,ok,partial,0.4592,56.2337649028634,63.10960817143899,4|grow|rotor|liquid|s1|g2|structured,False,False,False,False,0,1,,,,,,,,,,,,False,58.81220612857925,False,False,False,False,False,,False,56.2337649028634,False,False,False,False,False,
2,p2g8_065,8,merge_spatial_ic,"[""p6g4_021"",""p5g8_014""]",f1d619e4608e8429,ok,partial,0.5609,65.38393204388768,71.57988673981282,4|switch|rotor|liquid|s1|g2|structured,False,False,False,False,0,1,,,,,,,,,,,,True,67.70741505485961,True,False,False,False,False,,True,65.38393204388768,True,False,False,False,False,
2,p2g8_073,8,merge_cross_edge,"[""p3g5_061"",""ref_M4_tau5.7""]",3e675ad57fdaf4b9,ok,partial,0.0,29.311728816996485,48.85288136166081,4|constant|drift|liquid|s1|g2|mixed,False,False,False,False,0,1,,,,,,,,,,,,False,36.63966102124561,False,False,False,False,False,,False,29.311728816996485,False,False,False,False,False,
2,p2g8_012,8,mutate,"[""p2g5_012""]",86a009d7e732cf73,ok,partial,0.0605,27.668231395662907,42.080385659438186,2|switch|still|liquid|s1|g2|mixed,True,True,True,True,0,3,0.0605,p2g8_012_s2,ok,0.1742,35.697508352376616,47.88251392062769,p2g8_012_s3,ok,0.0679,31.742182902400543,48.376971504000906,False,33.072789244578644,False,False,False,False,False,33.072789244578644,False,27.668231395662907,False,False,False,False,False,27.668231395662907
2,p2g8_027,8,mint_bilin,"[""p2g6_066""]",162011fa76fe738e,ok,partial,0.0685,27.915386132838755,41.9589768880646,2|constant|rotor|liquid|s1|g2|mixed,True,True,True,True,0,3,0.0415,p2g8_027_s2,ok,0.0425,26.56009488318524,41.4334914719754,p2g8_027_s3,ok,0.0415,23.415609996533078,36.2593499942218,False,33.18173266604845,False,False,False,False,False,28.232012495666353,False,27.915386132838755,False,False,False,False,False,23.415609996533078
2,p2g8_031,8,mint_bilin,"[""p4g4_018""]",d30f4d4180118228,ok,partial,0.0,22.206310001676062,37.0105166694601,2|switch|still|frozen|s1|g2|mixed,True,True,True,True,0,3,0.0,p2g8_031_s2,ok,0.0,23.550994642774334,39.251657737957224,p2g8_031_s3,ok,0.0,19.839220660177574,33.06536776696262,False,27.757887502095077,False,False,False,False,False,24.799025825221968,False,22.206310001676062,False,False,False,False,False,19.839220660177574
2,p2g8_040,8,add_chan,"[""p6g7_013""]",09fc5492e148717e,ok,partial,0.5615,61.54406884335826,65.14011473893044,3|switch|mobile|liquid|s1|g2|structured,False,False,False,False,0,1,,,,,,,,,,,,True,62.89258605419783,True,False,False,False,False,,True,61.54406884335826,True,False,False,False,False,
2,p2g8_079,8,immigrate,,41c899a37e196140,no_blobs,missing,,0.0,,,False,False,False,False,0,1,,,,,,,,,,,,False,,False,False,False,False,False,,False,,False,False,False,False,False,
2,p2g8_062,8,merge_spatial_ic,"[""p1g2_034"",""p5g8_014""]",65ee88a4e85ee72d,ok,partial,0.5326,52.696470924347565,52.32078487391261,3|switch|mobile|liquid|s1|g0|structured,False,False,False,False,0,1,,,,,,,,,,,,False,52.555588655434455,False,False,False,False,False,,False,52.696470924347565,False,False,False,False,False,
2,p2g8_072,8,merge_cross_edge,"[""p3g9_021"",""blk_engine_10748""]",8ae21183c16a54ed,ok,partial,0.0,39.72199174514444,66.20331957524074,4|grow|mobile|liquid|s2|g1|mixed,True,True,True,True,0,3,0.0,p2g8_072_s2,ok,0.0,40.9260660497461,68.21011008291016,p2g8_072_s3,ok,0.0,39.08995586295522,65.1499264382587,False,49.65248968143055,False,False,False,False,False,48.862444828694024,False,39.72199174514444,False,False,False,False,False,39.08995586295522
2,p2g8_077,8,immigrate,,1723cee8c2dcc219,ok,partial,0.0,0.0,0.0,1|constant|still|gas|s1|g0|mixed,False,False,False,False,0,1,,,,,,,,,,,,False,0.0,False,False,False,False,False,,False,0.0,False,False,False,False,False,
2,p2g8_070,8,merge_cross_edge,"[""p2g7_079"",""p3g9_021""]",760c83b5c1f5a98d,ok,partial,0.0,43.09585400023825,71.82642333373042,4|grow|mobile|liquid|s1|g1|mixed,True,True,True,True,0,3,0.0,p2g8_070_s2,ok,0.0,42.872763343768796,71.454605572948,p2g8_070_s3,ok,0.0,43.07054838319865,71.78424730533108,False,53.86981750029781,False,False,False,False,False,53.590954179711,False,43.09585400023825,False,False,False,False,False,42.872763343768796
2,p2g8_078,8,immigrate,,6ce831a2e7937d5d,ok,partial,0.0,0.0,0.0,1|constant|still|gas|s1|g0|mixed,False,False,False,False,0,1,,,,,,,,,,,,False,0.0,False,False,False,False,False,,False,0.0,False,False,False,False,False,
2,p2g8_081,8,immigrate,,1e2556bbf04b4329,ok,partial,0.0,0.0,0.0,1|constant|still|gas|s1|g0|mixed,False,False,False,False,0,1,,,,,,,,,,,,False,0.0,False,False,False,False,False,,False,0.0,False,False,False,False,False,
2,p2g8_080,8,immigrate,,33913936fc71952e,ok,partial,0.0,0.0,0.0,1|constant|still|gas|s1|g0|mixed,False,False,False,False,0,1,,,,,,,,,,,,False,0.0,False,False,False,False,False,,False,0.0,False,False,False,False,False,
2,p2g9_045,9,add_chan,"[""p2g5_019""]",f78e6fe977abaa8b,ok,partial,0.0,19.470000000000002,32.45,3|constant|still|flicker|s1|g2|mixed,False,False,False,False,0,1,,,,,,,,,,,,False,24.337500000000002,False,False,False,False,False,,False,19.470000000000002,False,False,False,False,False,
2,p2g9_053,9,merge_cross_edge,"[""p2g4_062"",""blk_engine_10748""]",b8b46381020fee39,ok,partial,0.5112,57.29223574807628,61.40705958012713,3|grow|mobile|liquid|s1|g2|structured,False,False,False,False,0,1,,,,,,,,,,,,False,58.83529468509535,False,False,False,False,False,,False,57.29223574807628,False,False,False,False,False,
2,p2g9_015,9,mutate,"[""p2g5_019""]",bb838ca968108f34,ok,partial,0.0,19.473140186915888,32.45523364485982,3|constant|still|flicker|s1|g2|mixed,False,False,False,False,0,1,,,,,,,,,,,,False,24.341425233644863,False,False,False,False,False,,False,19.473140186915888,False,False,False,False,False,
2,p2g9_001,9,mutate,"[""p2g5_022""]",9ce9dc3c50c40bb1,ok,partial,0.6173,65.44080774912415,67.91467958187359,4|grow|mobile|liquid|s1|g2|structured,False,False,False,False,0,1,,,,,,,,,,,,True,66.36850968640519,True,False,False,False,False,,True,65.44080774912415,True,False,False,False,False,
2,p2g9_003,9,mutate,"[""p2g1_067""]",478614300161cf35,ok,partial,0.1902,41.481072365576296,56.45512060929383,4|switch|mobile|liquid|s1|g2|structured,False,False,False,False,0,1,,,,,,,,,,,,False,47.096340456970374,False,False,False,False,False,,False,41.481072365576296,False,False,False,False,False,
2,p2g9_006,9,mutate,"[""p2g7_011""]",d215b98228f43157,ok,partial,0.0,0.0,0.0,1|constant|still|gas|s1|g0|mixed,False,False,False,False,0,1,,,,,,,,,,,,False,0.0,False,False,False,False,False,,False,0.0,False,False,False,False,False,
2,p2g9_010,9,mutate,"[""p2g3_062""]",a2943d3cf9c93a11,ok,partial,0.0933,35.59726806262474,53.108780104374574,4|switch|drift|liquid|s1|g2|mixed,False,False,False,False,0,1,,,,,,,,,,,,False,42.164085078280934,False,False,False,False,False,,False,35.59726806262474,False,False,False,False,False,
2,p2g9_023,9,mint_bilin,"[""p2g5_007""]",878e69cbaefec6f7,ok,partial,0.0,33.38003842282117,55.63339737136862,2|oscillator|mobile|gas|s1|g2|mixed,True,True,True,True,0,3,0.0,p2g9_023_s2,ok,0.0,31.238827452975983,52.06471242162664,p2g9_023_s3,ok,0.0,27.474436507247948,45.79072751207991,False,41.725048028526466,False,False,False,False,False,34.34304563405993,False,33.38003842282117,False,False,False,False,False,27.474436507247948
2,p2g9_024,9,mint_bilin,"[""p2g7_056""]",9f33d6d08d7a3505,ok,partial,0.1922,46.24003467083804,64.2533911180634,4|switch|rotor|liquid|s2|g2|mixed,True,True,True,True,0,3,0.158,p2g9_024_s2,ok,0.2174,43.412821360191614,57.86136893365269,p2g9_024_s3,ok,0.158,39.194897895800715,54.79149649300119,False,52.99504333854755,False,False,False,False,False,45.04362236975089,False,46.24003467083804,False,False,False,False,False,39.194897895800715
2,p2g9_025,9,mint_bilin,"[""p2g5_022""]",008fc5b0ef003ca0,ok,partial,0.4132,63.07652823517954,77.5808803919659,4|grow|rotor|liquid|s2|g2|structured,False,False,False,False,0,1,,,,,,,,,,,,True,68.51566029397443,True,False,False,False,False,,True,63.07652823517954,True,False,False,False,False,
2,p2g9_028,9,mint_bilin,"[""p2g7_056""]",b7df835b98d1b109,ok,partial,0.415,66.61524182875822,83.3587363812637,4|grow|rotor|liquid|s3|g2|structured,False,False,False,False,0,1,,,,,,,,,,,,True,72.89405228594777,True,False,False,False,False,,True,66.61524182875822,True,False,False,False,False,
2,p2g9_029,9,mint_bilin,"[""p2g7_056""]",80e49ba9c12e0607,ok,partial,0.4597,69.12625716133178,84.56376193555296,4|switch|rotor|liquid|s3|g2|structured,False,False,False,False,0,1,,,,,,,,,,,,True,74.91532145166471,True,False,False,False,False,,True,69.12625716133178,True,False,False,False,False,
2,p2g9_034,9,mint_bilin,"[""p2g7_056""]",cebbdbd3995ac686,ok,partial,0.3235,59.39156220539992,77.41927034233319,4|switch|rotor|liquid|s2|g2|structured,False,False,False,False,0,1,,,,,,,,,,,,False,66.15195275674989,False,False,False,False,False,,False,59.39156220539992,False,False,False,False,False,
2,p2g9_035,9,mint_bilin,"[""p2g5_022""]",e71daf9fe788b0ad,ok,partial,0.2963,54.12792079641582,70.45986799402637,4|grow|mobile|liquid|s2|g2|structured,False,False,False,False,0,1,,,,,,,,,,,,False,60.25240099551978,False,False,False,False,False,,False,54.12792079641582,False,False,False,False,False,
2,p2g9_038,9,mint_bilin,"[""p2g7_056""]",75e4ac6479115100,ok,partial,0.4966,71.25678402334633,85.65464003891056,4|grow|rotor|liquid|s3|g2|structured,False,False,False,False,0,1,,,,,,,,,,,,True,76.65598002918293,True,False,False,False,False,,True,71.25678402334633,True,False,False,False,False,
2,p2g9_044,9,add_chan,"[""p2g2_055""]",ceb5447c0a7d78d0,ok,partial,0.2123,46.1796969463318,62.812828243886344,3|grow|mobile|liquid|s1|g1|structured,False,False,False,False,0,1,,,,,,,,,,,,False,52.417121182914755,False,False,False,False,False,,False,46.1796969463318,False,False,False,False,False,
2,p2g9_046,9,add_chan,"[""p2g8_046""]",9d8a7b08f3c0f9bb,ok,partial,0.3688,55.904666720731434,68.58777786788572,4|grow|mobile|liquid|s1|g1|structured,False,False,False,False,0,1,,,,,,,,,,,,False,60.660833400914285,False,False,False,False,False,,False,55.904666720731434,False,False,False,False,False,
2,p2g9_048,9,add_chan,"[""p2g1_037""]",69aaa3b4033bad58,ok,partial,0.4167,49.606408976614816,54.897348294358025,3|switch|mobile|liquid|s1|g0|structured,False,False,False,False,0,1,,,,,,,,,,,,False,51.59051122076852,False,False,False,False,False,,False,49.606408976614816,False,False,False,False,False,
2,p2g9_049,9,add_chan,"[""p2g7_049""]",ea4b00b9cd7766f3,ok,partial,0.5561,68.89827618350193,77.75712697250322,3|grow|mobile|liquid|s2|g2|structured,False,False,False,False,0,1,,,,,,,,,,,,True,72.22034522937741,True,False,False,False,False,,True,68.89827618350193,True,False,False,False,False,
2,p2g9_051,9,add_chan,"[""p6g8_068""]",b444e51b25aa7a39,ok,partial,0.1566,35.18053967804873,48.19423279674788,4|grow|mobile|liquid|s1|g2|structured,False,False,False,False,0,1,,,,,,,,,,,,False,40.06067459756091,False,False,False,False,False,,False,35.18053967804873,False,False,False,False,False,
2,p2g9_056,9,merge_cross_edge,"[""p2g1_002"",""ref_BFIELD_g0.05""]",9de95502b119981d,ok,partial,0.0267,22.053845060969003,34.97640843494834,1|switch|mobile|frozen|s1|g2|structured,True,True,True,True,0,3,0.0267,p2g9_056_s2,ok,0.0473,26.01697765477314,40.20829609128857,p2g9_056_s3,ok,0.0594,21.075708362148948,31.166180603581576,False,26.899806326211255,False,False,False,False,False,24.85963545268618,False,22.053845060969003,False,False,False,False,False,21.075708362148948
2,p2g9_059,9,merge_cross_edge,"[""p4g2_028"",""ref_iso_d0.65""]",32683854a6144270,ok,partial,0.2332,48.89643261625163,65.94738769375273,4|grow|drift|liquid|s1|g2|structured,False,False,False,False,0,1,,,,,,,,,,,,False,55.29054077031455,False,False,False,False,False,,False,48.89643261625163,False,False,False,False,False,
2,p2g9_061,9,merge_cross_edge,"[""p2g7_039"",""ref_iso_d0.65""]",32297438b17c86e0,ok,partial,0.3529,56.15263341472963,70.06105569121605,4|switch|drift|liquid|s1|g2|structured,False,False,False,False,0,1,,,,,,,,,,,,False,61.36829176841204,False,False,False,False,False,,False,56.15263341472963,False,False,False,False,False,
2,p2g9_063,9,merge_cross_edge,"[""p4g2_028"",""ref_M4_tau5.7""]",7b6933fb03adb935,ok,partial,0.1554,47.806620069581356,69.31770011596893,4|grow|drift|liquid|s2|g2|structured,True,True,True,True,0,3,0.1037,p2g9_063_s2,ok,0.1037,39.379976698914675,58.71996116485779,p2g9_063_s3,ok,0.1079,40.442420055872844,60.2107000931214,False,55.8732750869767,False,False,False,False,False,46.63247087364334,False,47.806620069581356,False,False,False,False,False,39.379976698914675
2,p2g9_000,9,mutate,"[""p2g6_032""]",4adaa39e8fe0e5bf,ok,partial,0.4412,55.825105761734136,63.62850960289022,3|switch|mobile|liquid|s1|g1|structured,False,False,False,False,0,1,,,,,,,,,,,,False,58.75138220216766,False,False,False,False,False,,False,55.825105761734136,False,False,False,False,False,
2,p2g9_002,9,mutate,"[""p2g2_055""]",a950afa173bd1ace,ok,partial,0.0,28.24967198229738,47.0827866371623,4|oscillator|mobile|liquid|s1|g0|mixed,True,True,True,True,0,3,0.0,p2g9_002_s2,ok,0.0,31.63358212562681,52.72263687604468,p2g9_002_s3,ok,0.0,30.105756459642663,50.17626076607111,False,35.31208997787172,False,False,False,False,False,35.31208997787172,False,28.24967198229738,False,False,False,False,False,28.24967198229738
2,p2g9_004,9,mutate,"[""p2g8_046""]",a5010407888af2be,ok,partial,0.5862,44.93267326166858,35.80778876944763,3|constant|mobile|liquid|s1|g1|structured,False,False,False,False,0,1,,,,,,,,,,,,False,41.51084157708573,False,False,False,False,False,,False,44.93267326166858,False,False,False,False,False,
2,p2g9_005,9,mutate,"[""p2g8_046""]",2b0910dbcddb47ae,ok,partial,0.5722,63.58700911465037,67.83168185775062,4|switch|mobile|liquid|s1|g1|structured,False,False,False,False,0,1,,,,,,,,,,,,True,65.17876139331297,True,False,False,False,False,,True,63.58700911465037,True,False,False,False,False,
2,p2g9_007,9,mutate,"[""p2g8_046""]",92424ebc1d6c54a5,ok,partial,0.447,58.03884129260145,66.93140215433576,4|switch|mobile|liquid|s1|g1|structured,False,False,False,False,0,1,,,,,,,,,,,,True,61.37355161575182,True,False,False,False,False,,False,58.03884129260145,False,False,False,False,False,
2,p2g9_008,9,mutate,"[""p2g2_055""]",e6fa08aa760fb467,ok,partial,0.0,23.192893451934793,38.654822419891325,2|switch|mobile|flicker|s1|g1|mixed,True,True,False,False,0,2,,p2g9_008_s2,ok,0.0,18.58449915425833,30.97416525709722,,,,,,False,28.99111681491849,False,False,False,False,False,,False,23.192893451934793,False,False,False,False,False,
2,p2g9_012,9,mutate,"[""p2g2_055""]",65186061055ce36b,ok,partial,0.3382,46.937083468737136,55.68180578122857,3|switch|mobile|liquid|s1|g0|structured,False,False,False,False,0,1,,,,,,,,,,,,False,50.21635433592142,False,False,False,False,False,,False,46.937083468737136,False,False,False,False,False,
2,p2g9_013,9,mutate,"[""p2g2_055""]",5b41d06edebca057,ok,partial,0.5882,45.04964374015661,35.86940623359436,3|constant|mobile|liquid|s1|g1|structured,False,False,False,False,0,1,,,,,,,,,,,,False,41.60705467519577,False,False,False,False,False,,False,45.04964374015661,False,False,False,False,False,
2,p2g9_016,9,mutate,"[""p2g2_055""]",f63b394579b186e3,ok,partial,0.6317,65.55265625368901,67.14109375614835,4|grow|mobile|liquid|s1|g1|structured,False,False,False,False,0,1,,,,,,,,,,,,True,66.14832031711127,True,False,False,False,False,,True,65.55265625368901,True,False,False,False,False,
2,p2g9_017,9,mutate,"[""p2g8_046""]",b69eab946c9931b2,ok,partial,0.1971,33.03579510881778,41.919658514696295,2|switch|mobile|flicker|s1|g1|mixed,True,True,True,True,0,3,0.1971,p2g9_017_s2,ok,0.3682,40.708129630534465,43.300216050890775,p2g9_017_s3,ok,0.5292,47.88260893559344,44.524348225989065,False,36.36724388602222,False,False,False,False,False,36.36724388602222,False,33.03579510881778,False,False,False,False,False,33.03579510881778
2,p2g9_021,9,mutate,"[""p2g7_049""]",59b7b97750d39049,ok,partial,0.0,25.17430805104096,41.957180085068266,2|grow|mobile|liquid|s1|g0|mixed,True,True,True,True,0,3,0.0,p2g9_021_s2,ok,0.0,25.315137902739497,42.19189650456583,p2g9_021_s3,ok,0.0,24.20384114855724,40.3397352475954,False,31.467885063801198,False,False,False,False,False,30.25480143569655,False,25.17430805104096,False,False,False,False,False,24.20384114855724
2,p2g9_022,9,mint_bilin,"[""p2g1_045""]",3d8379c88329f2ba,ok,partial,0.0,27.25559605597715,45.42599342662859,3|switch|still|frozen|s1|g2|mixed,False,False,False,False,0,1,,,,,,,,,,,,False,34.06949506997144,False,False,False,False,False,,False,27.25559605597715,False,False,False,False,False,
2,p2g9_031,9,mint_bilin,"[""p2g3_031""]",db405b3e11f737b9,ok,partial,0.4,57.75264838833515,69.58774731389192,4|grow|rotor|liquid|s1|g1|structured,False,False,False,False,0,1,,,,,,,,,,,,True,62.19081048541894,True,False,False,False,False,,False,57.75264838833515,False,False,False,False,False,
2,p2g9_033,9,mint_bilin,"[""p2g4_009""]",8453ed047e2458e4,ok,partial,0.0,31.17228394622155,51.95380657703592,4|switch|rotor|flicker|s1|g2|mixed,True,True,True,True,0,3,0.0,p2g9_033_s2,ok,0.0,30.426778971826128,50.71129828637688,p2g9_033_s3,ok,0.0,31.349584612199983,52.24930768699998,False,38.96535493277694,False,False,False,False,False,38.03347371478266,False,31.17228394622155,False,False,False,False,False,30.426778971826128
2,p2g9_037,9,mint_bilin,"[""p2g6_009""]",cc084fe920f62396,ok,partial,0.0995,32.78048447635749,48.00080746059582,2|grow|drift|liquid|s1|g2|mixed,False,False,False,False,0,1,,,,,,,,,,,,False,38.48810559544687,False,False,False,False,False,,False,32.78048447635749,False,False,False,False,False,
2,p2g9_041,9,delete_bilin,"[""p2g6_032""]",a758dc867063b449,ok,partial,0.0,37.219355826226014,62.03225971037669,3|switch|mobile|liquid|s1|g1|structured,False,False,False,False,0,1,,,,,,,,,,,,False,46.524194782782516,False,False,False,False,False,,False,37.219355826226014,False,False,False,False,False,
2,p2g9_043,9,delete_bilin,"[""p2g5_005""]",edfcbddbd769a64e,ok,partial,0.3767,58.06847690332641,71.66746150554403,3|switch|mobile|liquid|s1|g2|structured,False,False,False,False,0,1,,,,,,,,,,,,False,63.168096129158016,False,False,False,False,False,,False,58.06847690332641,False,False,False,False,False,
2,p2g9_047,9,add_chan,"[""p2g2_003""]",c137f89dac90153d,ok,partial,0.0,28.019043462854015,46.69840577142336,2|switch|drift|liquid|s1|g2|mixed,False,False,False,False,0,1,,,,,,,,,,,,False,35.02380432856752,False,False,False,False,False,,False,28.019043462854015,False,False,False,False,False,
2,p2g9_050,9,add_chan,"[""p6g8_061""]",06908fc480686aa7,ok,partial,0.0,12.048723337087187,20.08120556181198,1|constant|still|gas|s1|g2|mixed,True,True,True,True,0,3,0.0,p2g9_050_s2,ok,0.0,13.334807343756776,22.224678906261293,p2g9_050_s3,ok,0.0,13.746002072513969,22.910003454189948,False,15.060904171358985,False,False,False,False,False,15.060904171358985,False,12.048723337087187,False,False,False,False,False,12.048723337087187
2,p2g9_052,9,merge_spatial_ic,"[""p2g2_055"",""p2g2_055""]",3e9e387b61a8cb22,ok,partial,0.3511,51.283060329259456,62.06510054876577,4|grow|mobile|liquid|s1|g1|structured,False,False,False,False,0,1,,,,,,,,,,,,False,55.32632541157433,False,False,False,False,False,,False,51.283060329259456,False,False,False,False,False,
2,p2g9_054,9,merge_cross_edge,"[""p2g4_062"",""ref_XV_tau15.7""]",76d1c06b5b8bc77c,ok,partial,0.4942,62.00044198635322,70.38740331058871,4|grow|mobile|liquid|s1|g2|structured,False,False,False,False,0,1,,,,,,,,,,,,True,65.14555248294154,True,False,False,False,False,,True,62.00044198635322,True,False,False,False,False,
2,p2g9_058,9,merge_cross_edge,"[""p5g8_014"",""p2g1_086""]",9c04a8554ffe5fc4,ok,partial,0.0,42.58824690351879,70.98041150586465,4|switch|rotor|liquid|s1|g2|mixed,False,False,False,False,0,1,,,,,,,,,,,,False,53.23530862939849,False,False,False,False,False,,False,42.58824690351879,False,False,False,False,False,
2,p2g9_019,9,mutate,"[""p2g6_001""]",74218c371b86c1b5,ok,partial,0.1804,22.829632218952536,26.022720364920897,4|constant|mobile|liquid|s1|g2|structured,True,True,True,True,0,3,0.1748,p2g9_019_s2,ok,0.1748,28.25208981436538,35.4334830239423,p2g9_019_s3,ok,0.3645,43.18168296895057,47.66947161491761,False,24.027040273690673,False,False,False,False,False,24.027040273690673,False,22.829632218952536,False,False,False,False,False,22.829632218952536
2,p2g9_027,9,mint_bilin,"[""p2g3_020""]",bf51b22c2ba9cf72,ok,partial,0.4744,59.90161609219168,68.20936015365281,3|switch|mobile|liquid|s1|g2|structured,False,False,False,False,0,1,,,,,,,,,,,,True,63.0170201152396,True,False,False,False,False,,False,59.90161609219168,False,False,False,False,False,
2,p2g9_030,9,mint_bilin,"[""p2g6_025""]",849b5efc60de54aa,ok,partial,0.4048,50.45421673137193,57.103694552286555,3|switch|mobile|liquid|s1|g0|structured,False,False,False,False,0,1,,,,,,,,,,,,False,52.947770914214914,False,False,False,False,False,,False,50.45421673137193,False,False,False,False,False,
2,p2g9_009,9,mutate,"[""p2g6_037""]",750b6089092d75eb,ok,partial,0.6246,56.074993016080704,51.81832169346784,3|switch|mobile|flicker|s1|g0|structured,False,False,False,False,0,1,,,,,,,,,,,,False,54.478741270100876,False,False,False,False,False,,False,56.074993016080704,False,False,False,False,False,
2,p2g9_011,9,mutate,"[""p2g7_049""]",7f586602f6ca5a4b,ok,partial,0.5651,69.27175460951483,77.77959101585805,4|grow|mobile|liquid|s2|g2|structured,True,True,True,True,0,3,0.5292,p2g9_011_s2,ok,0.5292,65.44170642188527,73.78951070314213,p2g9_011_s3,ok,0.6138,67.6082327336637,71.76038788943949,True,72.46219326189353,True,True,True,True,True,68.5721330273566,True,69.27175460951483,True,True,True,True,True,65.44170642188527
2,p2g9_014,9,mutate,"[""p2g5_061""]",71a9543e79ab288a,ok,partial,0.4814,61.225730583336166,69.94955097222694,3|grow|mobile|liquid|s1|g2|structured,False,False,False,False,0,1,,,,,,,,,,,,True,64.49716322917021,True,False,False,False,False,,True,61.225730583336166,True,False,False,False,False,
2,p2g9_026,9,mint_bilin,"[""p2g3_038""]",160e2e5763f7a50b,ok,partial,0.6021,64.53652593337289,67.42087655562148,3|grow|mobile|liquid|s2|g1|structured,True,True,True,True,0,3,0.5993,p2g9_026_s2,ok,0.5993,64.03446287391736,66.77077145652893,p2g9_026_s3,ok,0.601,64.05675568585937,66.69459280976562,True,65.6181574167161,True,True,True,True,True,65.04594460732422,True,64.53652593337289,True,True,True,True,True,64.03446287391736
2,p2g9_036,9,mint_bilin,"[""p2g2_055""]",750b49aa05040a8e,ok,partial,0.4336,68.37522418361169,85.05204030601948,4|grow|mobile|liquid|s2|g1|structured,False,False,False,False,0,1,,,,,,,,,,,,True,74.62903022951461,True,False,False,False,False,,True,68.37522418361169,True,False,False,False,False,
2,p2g9_042,9,delete_bilin,"[""p2g7_010""]",43adda69a795b343,ok,partial,0.1762,43.624054835111394,60.96009139185232,4|grow|mobile|liquid|s2|g1|mixed,True,True,True,True,0,3,0.1473,p2g9_042_s2,ok,0.1502,40.33624791451881,57.21374652419801,p2g9_042_s3,ok,0.1473,41.2116777265218,58.866129544203005,False,50.12506854388924,False,False,False,False,False,46.66530989314851,False,43.624054835111394,False,False,False,False,False,40.33624791451881
2,p2g9_062,9,merge_slow_tanh,"[""p2g7_017"",""ref_iso_d0.65""]",63226a1da0c7fa99,ok,partial,0.0,45.26842761686783,75.4473793614464,3|grow|mobile|liquid|s1|g2|mixed,True,True,True,True,0,3,0.0,p2g9_062_s2,ok,0.0,44.9361792824867,74.89363213747784,p2g9_062_s3,ok,0.0,46.719371841719884,77.8656197361998,False,56.585534521084796,False,False,False,False,False,56.17022410310838,False,45.26842761686783,False,False,False,False,False,44.9361792824867
2,p2g9_020,9,mutate,"[""p2g3_066""]",32ca5ddb4d6db260,ok,partial,0.0,13.132099840316407,21.88683306719401,3|constant|still|flicker|s1|g0|mixed,True,True,True,True,0,3,0.0,p2g9_020_s2,ok,0.0,11.6853,19.4755,p2g9_020_s3,ok,0.0,11.601785325768644,19.336308876281073,False,16.41512480039551,False,False,False,False,False,14.502231657210805,False,13.132099840316407,False,False,False,False,False,11.601785325768644
2,p2g9_040,9,delete_bilin,"[""p2g6_066""]",cd582dadadac6cec,ok,partial,0.0496,26.747303087428534,41.2721718123809,2|oscillator|rotor|frozen|s1|g1|structured,True,True,True,True,0,3,0.0397,p2g9_040_s2,ok,0.0397,25.4038626681194,39.69310444686567,p2g9_040_s3,ok,0.0421,18.37353019117104,27.815883651951733,False,32.19412885928568,False,False,False,False,False,21.914412738963797,False,26.747303087428534,False,False,False,False,False,18.37353019117104
2,p2g9_064,9,merge_slow_tanh,"[""p2g3_004"",""ref_M0""]",2133d260ec0d88e9,ok,partial,0.0816,25.90390038370197,37.73316730616995,2|grow|drift|liquid|s1|g2|structured,True,True,True,True,0,3,0.0702,p2g9_064_s2,ok,0.0766,25.642961687388034,37.63160281231339,p2g9_064_s3,ok,0.0702,24.916256932646824,36.84709488774471,False,30.339875479627466,False,False,False,False,False,29.390321165808533,False,25.90390038370197,False,False,False,False,False,24.916256932646824
2,p2g9_065,9,immigrate,,85a4d64c24d561dc,no_blobs,missing,,0.0,,,False,False,False,False,0,1,,,,,,,,,,,,False,,False,False,False,False,False,,False,,False,False,False,False,False,
2,p2g9_066,9,immigrate,,baf4a8127e361ccc,no_blobs,missing,,0.0,,,False,False,False,False,0,1,,,,,,,,,,,,False,,False,False,False,False,False,,False,,False,False,False,False,False,
2,p2g9_067,9,immigrate,,5896eed21348942d,no_blobs,missing,,0.0,,,False,False,False,False,0,1,,,,,,,,,,,,False,,False,False,False,False,False,,False,,False,False,False,False,False,
2,p2g9_039,9,mint_bilin,"[""p6g9_024""]",b5cecadd3267a7f7,ok,partial,0.4067,47.89147644350305,52.705794072505086,4|switch|mobile|flicker|s1|g0|structured,False,False,False,False,0,1,,,,,,,,,,,,False,49.69684555437881,False,False,False,False,False,,False,47.89147644350305,False,False,False,False,False,
2,p2g9_055,9,merge_cross_edge,"[""p2g7_054"",""ref_iso_d0.75""]",70da1c6a123399b2,ok,partial,0.0,41.78593491910359,69.64322486517266,4|grow|mobile|liquid|s1|g1|mixed,False,False,False,False,0,1,,,,,,,,,,,,False,52.23241864887949,False,False,False,False,False,,False,41.78593491910359,False,False,False,False,False,
2,p2g9_057,9,merge_cross_edge,"[""p3g9_021"",""blk_engine_10748""]",30f72d131b7c3f65,ok,partial,0.0,38.817813201277495,64.6963553354625,4|grow|mobile|liquid|s1|g1|mixed,False,False,False,False,0,1,,,,,,,,,,,,False,48.522266501596874,False,False,False,False,False,,False,38.817813201277495,False,False,False,False,False,
2,p2g9_018,9,mutate,"[""p2g6_020""]",3f24cc5d85b2d49f,ok,partial,0.1335,50.79534033049654,75.75890055082758,3|switch|rotor|liquid|s1|g2|structured,False,False,False,False,0,1,,,,,,,,,,,,False,60.15667541312068,False,False,False,False,False,,False,50.79534033049654,False,False,False,False,False,
2,p2g9_069,9,immigrate,,b53860dc1dd13bac,ok,partial,0.0,16.69947405600017,27.832456760000284,2|constant|still|gas|s1|g2|mixed,False,False,False,False,0,1,,,,,,,,,,,,False,20.874342570000213,False,False,False,False,False,,False,16.69947405600017,False,False,False,False,False,
2,p2g9_068,9,immigrate,,69fe58690d1b036c,ok,partial,0.0,0.0,0.0,1|constant|still|gas|s1|g0|mixed,False,False,False,False,0,1,,,,,,,,,,,,False,0.0,False,False,False,False,False,,False,0.0,False,False,False,False,False,
2,p2g9_032,9,mint_bilin,"[""p2g8_070""]",77c9c715863a438f,ok,partial,0.0,43.14801092941921,71.91335154903201,4|grow|mobile|liquid|s1|g1|mixed,True,True,True,True,0,3,0.0,p2g9_032_s2,ok,0.0,42.67414407378616,71.12357345631027,p2g9_032_s3,ok,0.0,43.07688401536773,71.79480669227955,False,53.93501366177401,False,False,False,False,False,53.3426800922327,False,43.14801092941921,False,False,False,False,False,42.67414407378616
2,p2g9_060,9,merge_cross_edge,"[""p2g7_079"",""ref_M4_tau5.7""]",e0a6ff6ba249eccc,ok,partial,0.5437,46.762662382479746,41.691103970799574,2|switch|mobile|flicker|s1|g0|structured,False,False,False,False,0,1,,,,,,,,,,,,False,44.86082797809968,False,False,False,False,False,,False,46.762662382479746,False,False,False,False,False,
2,p2g10_011,10,mutate,"[""p2g4_061""]",474ba11480ebe045,ok,partial,0.548,61.6333600294453,66.18893338240883,3|switch|mobile|liquid|s1|g2|structured,False,False,False,False,0,1,,,,,,,,,,,,True,63.34170003680663,True,False,False,False,False,,True,61.6333600294453,True,False,False,False,False,
2,p2g10_049,10,add_chan,"[""p2g1_078""]",e98d623ab6f1d6d2,ok,partial,0.3903,52.04461978401278,60.72103297335464,3|switch|rotor|flicker|s1|g2|mixed,True,True,True,True,0,3,0.3793,p2g10_049_s2,ok,0.3793,55.52490856439769,67.25484760732948,p2g10_049_s3,ok,0.3905,55.161278355717556,65.90213059286259,False,55.29827473001598,False,False,False,False,False,55.29827473001598,False,52.04461978401278,False,False,False,False,False,52.04461978401278
2,p2g10_004,10,mutate,"[""p3g6_061""]",2d6519bf96f89a84,ok,partial,0.0,19.3909714736784,32.318285789464,3|oscillator|drift|liquid|s1|g1|mixed,True,True,True,True,0,3,0.0,p2g10_004_s2,ok,0.0,24.084980557178795,40.14163426196466,p2g10_004_s3,ok,0.0,24.369531870759875,40.61588645126646,False,24.238714342098,False,False,False,False,False,24.238714342098,False,19.3909714736784,False,False,False,False,False,19.3909714736784
2,p2g10_056,10,merge_spatial_ic,"[""p2g7_068"",""p2g3_004""]",2e50de072bfe838d,ok,partial,0.0,20.4994502321709,34.1657503869515,2|constant|drift|flicker|s1|g2|mixed,True,True,True,True,0,3,0.0,p2g10_056_s2,ok,0.0,17.057839999999995,28.429733333333328,p2g10_056_s3,ok,0.0,15.89333461785887,26.488891029764783,False,25.624312790213626,False,False,False,False,False,19.866668272323587,False,20.4994502321709,False,False,False,False,False,15.89333461785887
2,p2g10_063,10,merge_slow_tanh,"[""p2g2_098"",""ref_M4_tau5.7""]",55040f5aca934a36,ok,partial,0.0,29.305373985204426,48.84228997534071,2|switch|mobile|liquid|s1|g2|mixed,False,False,False,False,0,1,,,,,,,,,,,,False,36.63171748150553,False,False,False,False,False,,False,29.305373985204426,False,False,False,False,False,
2,p2g10_002,10,mutate,"[""p2g1_017""]",d8342667208c3d3d,ok,partial,0.2912,40.05945558759015,47.35242597931691,2|switch|mobile|liquid|s1|g2|structured,False,False,False,False,0,1,,,,,,,,,,,,False,42.79431948448769,False,False,False,False,False,,False,40.05945558759015,False,False,False,False,False,
2,p2g10_014,10,mutate,"[""p2g1_067""]",988188c8d7a57907,ok,partial,0.4437,59.76347785688663,70.02579642814439,3|switch|rotor|liquid|s2|g2|structured,False,False,False,False,0,1,,,,,,,,,,,,True,63.61184732110829,True,False,False,False,False,,False,59.76347785688663,False,False,False,False,False,
2,p2g10_015,10,mutate,"[""p0g1_055""]",1d62c01a258b895c,ok,partial,0.1972,39.535490794435646,52.74581799072608,3|switch|rotor|liquid|s1|g2|structured,False,False,False,False,0,1,,,,,,,,,,,,False,44.48936349304456,False,False,False,False,False,,False,39.535490794435646,False,False,False,False,False,
2,p2g10_020,10,mutate,"[""p2g1_017""]",67bc293ccd28a286,ok,partial,0.1457,30.927253982546883,41.832089970911476,3|switch|mobile|liquid|s1|g2|structured,False,False,False,False,0,1,,,,,,,,,,,,False,35.0165674781836,False,False,False,False,False,,False,30.927253982546883,False,False,False,False,False,
2,p2g10_021,10,mutate,"[""p2g1_017""]",b666952808174b6b,ok,partial,0.4576,60.14290604709365,69.73151007848942,3|grow|mobile|liquid|s1|g2|structured,False,False,False,False,0,1,,,,,,,,,,,,True,63.73863255886707,True,False,False,False,False,,True,60.14290604709365,True,False,False,False,False,
2,p2g10_022,10,mint_bilin,"[""p2g7_039""]",0250d653508609d0,ok,partial,0.5685,64.98423674246527,70.40706123744212,4|grow|mobile|liquid|s1|g2|structured,False,False,False,False,0,1,,,,,,,,,,,,True,67.0177959280816,True,False,False,False,False,,True,64.98423674246527,True,False,False,False,False,
2,p2g10_025,10,mint_bilin,"[""p2g1_067""]",935fa256a67cb7b4,ok,partial,0.4028,64.44546619110561,80.55577698517601,3|grow|rotor|liquid|s3|g2|structured,False,False,False,False,0,1,,,,,,,,,,,,True,70.48683273888201,True,False,False,False,False,,True,64.44546619110561,True,False,False,False,False,
2,p2g10_026,10,mint_bilin,"[""p2g3_034""]",dcb6e8d4752b6d40,ok,partial,0.4945,49.04779110709349,48.77965184515582,3|constant|rotor|liquid|s1|g2|structured,True,True,True,True,0,3,0.3835,p2g10_026_s2,ok,0.5356,49.1242811051481,46.167135175246834,p2g10_026_s3,ok,0.3835,40.33277802005044,41.654630033417405,False,48.94723888386686,False,False,False,False,False,40.828472525063056,False,49.04779110709349,False,False,False,False,False,40.33277802005044
2,p2g10_029,10,mint_bilin,"[""p2g7_056""]",0a1a4dff9fd6d2cc,ok,partial,0.5499,69.75516222652672,79.59860371087785,4|grow|rotor|liquid|s2|g2|structured,False,False,False,False,0,1,,,,,,,,,,,,True,73.44645278315839,True,False,False,False,False,,True,69.75516222652672,True,False,False,False,False,
2,p2g10_040,10,delete_bilin,"[""p2g1_067""]",e297586c56e2cc87,ok,partial,0.4948,66.45042086699772,77.76403477832952,4|grow|rotor|liquid|s2|g2|structured,False,False,False,False,0,1,,,,,,,,,,,,True,70.69302608374714,True,False,False,False,False,,True,66.45042086699772,True,False,False,False,False,
2,p2g10_041,10,delete_bilin,"[""p2g4_003""]",1e7c2eacdc8a96ae,ok,partial,0.4016,59.783906939492745,72.86651156582124,3|grow|rotor|liquid|s1|g2|structured,False,False,False,False,0,1,,,,,,,,,,,,True,64.68988367436593,True,False,False,False,False,,False,59.783906939492745,False,False,False,False,False,
2,p2g10_044,10,add_chan,"[""p2g9_050""]",48879b83d8c88df4,ok,partial,0.0,12.048723337087187,20.08120556181198,1|constant|still|gas|s1|g2|mixed,False,False,False,False,0,1,,,,,,,,,,,,False,15.060904171358985,False,False,False,False,False,,False,12.048723337087187,False,False,False,False,False,
2,p2g10_048,10,add_chan,"[""p2g5_037""]",99e967391dc2fb5c,ok,partial,0.4974,55.16253573201565,58.77755955335942,3|switch|mobile|liquid|s1|g0|structured,True,True,True,True,0,3,0.4027,p2g10_048_s2,ok,0.4027,51.12223100416834,58.3570516736139,p2g10_048_s3,ok,0.4963,54.573997446543814,57.86999574423969,False,56.51816966501956,False,False,False,False,False,53.83528875521043,False,55.16253573201565,False,False,False,False,False,51.12223100416834
2,p2g10_051,10,add_chan,"[""p2g8_007""]",d52660ac00b473dc,ok,partial,0.0,31.5854455880408,52.64240931340133,3|switch|mobile|liquid|s1|g1|mixed,True,True,True,True,0,3,0.0,p2g10_051_s2,ok,0.0,31.12687909924946,51.87813183208244,p2g10_051_s3,ok,0.0,31.217588571365436,52.02931428560906,False,39.481806985050994,False,False,False,False,False,38.90859887406183,False,31.5854455880408,False,False,False,False,False,31.12687909924946
2,p2g10_052,10,merge_spatial_ic,"[""p2g5_063"",""p2g8_011""]",a8164ab6431e4ee0,ok,partial,0.0403,21.540876712455187,33.21479452075865,3|switch|still|frozen|s1|g2|mixed,False,False,False,False,0,1,,,,,,,,,,,,False,25.918595890568987,False,False,False,False,False,,False,21.540876712455187,False,False,False,False,False,
2,p2g10_001,10,mutate,"[""p2g1_053""]",20bb5b2f4f842119,ok,partial,0.5608,58.90096896211031,60.781614936850524,3|switch|mobile|liquid|s1|g1|structured,False,False,False,False,0,1,,,,,,,,,,,,False,59.606211202637894,False,False,False,False,False,,False,58.90096896211031,False,False,False,False,False,
2,p2g10_005,10,mutate,"[""p2g1_024""]",56318cd7d4b5efe7,ok,partial,0.0,27.680868310847604,46.13478051807934,2|switch|mobile|liquid|s1|g0|mixed,True,True,True,True,0,3,0.0,p2g10_005_s2,ok,0.0,27.4866515633435,45.81108593890583,p2g10_005_s3,ok,0.0,24.630056202951017,41.05009367158503,False,34.601085388559504,False,False,False,False,False,30.787570253688774,False,27.680868310847604,False,False,False,False,False,24.630056202951017
2,p2g10_006,10,mutate,"[""p2g6_032""]",e78b16d04577fcd2,ok,partial,0.3539,51.76057714313597,62.67429523855995,3|grow|rotor|liquid|s1|g1|structured,True,True,True,True,0,3,0.3445,p2g10_006_s2,ok,0.3445,55.41632291601753,69.39387152669588,p2g10_006_s3,ok,0.3651,56.31121600692621,69.51202667821035,False,55.853221428919966,False,False,False,False,False,55.853221428919966,False,51.76057714313597,False,False,False,False,False,51.76057714313597
2,p2g10_007,10,mutate,"[""p2g7_049""]",47378dc8baf5b4eb,ok,partial,0.0,13.224019117327558,22.040031862212597,3|constant|still|frozen|s1|g2|mixed,False,False,False,False,0,1,,,,,,,,,,,,False,16.530023896659447,False,False,False,False,False,,False,13.224019117327558,False,False,False,False,False,
2,p2g10_008,10,mutate,"[""p2g4_064""]",d8f45455d95bddd9,ok,partial,0.6,52.05087999007202,46.75146665012003,2|switch|mobile|flicker|s1|g2|structured,True,True,True,True,0,3,0.5529,p2g10_008_s2,ok,0.5529,44.718952507903836,37.671587513173066,p2g10_008_s3,ok,0.571,48.68820999566614,43.08034999277691,False,50.063599987590024,False,False,False,False,False,42.076190634879794,False,52.05087999007202,False,False,False,False,False,44.718952507903836
2,p2g10_009,10,mutate,"[""p2g2_055""]",64e101c6fe71c86f,ok,partial,0.2469,40.91207231721941,51.726787195365695,3|switch|mobile|liquid|s1|g0|structured,False,False,False,False,0,1,,,,,,,,,,,,False,44.96759039652427,False,False,False,False,False,,False,40.91207231721941,False,False,False,False,False,
2,p2g10_012,10,mutate,"[""p2g2_024""]",b5c4bbed9ce799e9,ok,partial,0.4398,37.832450950577154,33.73408491762859,3|switch|mobile|liquid|s1|g0|structured,False,False,False,False,0,1,,,,,,,,,,,,False,36.29556368822145,False,False,False,False,False,,False,37.832450950577154,False,False,False,False,False,
2,p2g10_013,10,mutate,"[""p2g8_046""]",ec2e95a5c8a0ecc4,ok,partial,0.3622,49.48400942202225,58.32668237003708,3|switch|mobile|liquid|s1|g1|structured,False,False,False,False,0,1,,,,,,,,,,,,False,52.80001177752781,False,False,False,False,False,,False,49.48400942202225,False,False,False,False,False,
2,p2g10_016,10,mutate,"[""p2g6_032""]",28e377fee8a3aa84,ok,partial,0.0,3.1362290027154134,5.2270483378590225,2|constant|still|frozen|s1|g0|mixed,True,True,True,True,0,3,0.0,p2g10_016_s2,ok,0.0,3.120356703550084,5.200594505916807,p2g10_016_s3,ok,0.0,3.126274491038134,5.210457485063557,False,3.920286253394267,False,False,False,False,False,3.900445879437605,False,3.1362290027154134,False,False,False,False,False,3.120356703550084
2,p2g10_017,10,mutate,"[""p2g6_032""]",1fae751d3d617b88,ok,partial,0.3294,49.60258793028608,60.710979883810126,3|switch|mobile|liquid|s1|g1|structured,False,False,False,False,0,1,,,,,,,,,,,,False,53.768234912857594,False,False,False,False,False,,False,49.60258793028608,False,False,False,False,False,
2,p2g10_018,10,mutate,"[""p2g2_042""]",c8c2a9b66fd6fe33,ok,partial,0.0,37.47219920574635,62.45366534291059,4|switch|mobile|liquid|s1|g2|mixed,False,False,False,False,0,1,,,,,,,,,,,,False,46.84024900718294,False,False,False,False,False,,False,37.47219920574635,False,False,False,False,False,
2,p2g10_019,10,mutate,"[""p2g6_032""]",2b29199f9e4b8344,ok,partial,0.3046,46.58553869042419,57.33589781737365,3|grow|mobile|liquid|s1|g1|structured,False,False,False,False,0,1,,,,,,,,,,,,False,50.61692336303024,False,False,False,False,False,,False,46.58553869042419,False,False,False,False,False,
2,p2g10_023,10,mint_bilin,"[""p2g2_055""]",770c8caac544c0bc,ok,partial,0.6486,54.36098136786449,47.36163561310749,4|oscillator|rotor|liquid|s1|g1|structured,True,True,True,True,0,3,0.3989,p2g10_023_s2,ok,0.7123,57.418464601016694,48.21077433502783,p2g10_023_s3,ok,0.3989,65.01467147857493,81.76445246429155,False,51.73622670983062,False,False,False,False,False,51.73622670983062,False,54.36098136786449,False,False,False,False,False,54.36098136786449
2,p2g10_027,10,mint_bilin,"[""p2g2_008""]",271474ba89981537,ok,partial,0.3211,44.3114855933283,52.44580932221383,2|oscillator|mobile|liquid|s1|g2|structured,False,False,False,False,0,1,,,,,,,,,,,,False,47.361856991660375,False,False,False,False,False,,False,44.3114855933283,False,False,False,False,False,
2,p2g10_028,10,mint_bilin,"[""p5g3_040""]",0bafe505ac0f761a,ok,partial,0.3864,59.51126362392599,73.42543937320998,4|switch|mobile|liquid|s1|g2|structured,False,False,False,False,0,1,,,,,,,,,,,,False,64.72907952990748,False,False,False,False,False,,False,59.51126362392599,False,False,False,False,False,
2,p2g10_030,10,mint_bilin,"[""p2g2_055""]",e0a1dbedf2af5d76,ok,partial,0.3801,55.41362866588984,67.01604777648306,4|grow|mobile|liquid|s1|g1|structured,False,False,False,False,0,1,,,,,,,,,,,,False,59.7645358323623,False,False,False,False,False,,False,55.41362866588984,False,False,False,False,False,
2,p2g10_031,10,mint_bilin,"[""p2g2_055""]",8b09fcf40e242226,ok,partial,0.5899,53.02261892900903,49.04436488168172,4|switch|rotor|liquid|s1|g1|structured,False,False,False,False,0,1,,,,,,,,,,,,False,51.53077366126129,False,False,False,False,False,,False,53.02261892900903,False,False,False,False,False,
2,p2g10_032,10,mint_bilin,"[""p2g7_049""]",a2f9db233e8a93f8,ok,partial,0.5709,54.566482486563295,52.8841374776055,4|switch|rotor|liquid|s1|g2|structured,False,False,False,False,0,1,,,,,,,,,,,,False,53.93560310820413,False,False,False,False,False,,False,54.566482486563295,False,False,False,False,False,
2,p2g10_038,10,mint_bilin,"[""p2g7_049""]",3d556047934cffce,ok,partial,0.581,52.1999071979723,48.26651199662051,4|switch|mobile|liquid|s1|g2|structured,False,False,False,False,0,1,,,,,,,,,,,,False,50.724883997465376,False,False,False,False,False,,False,52.1999071979723,False,False,False,False,False,
2,p2g10_045,10,add_chan,"[""p2g2_055""]",553bfbdac004bcf0,ok,partial,0.5042,69.69629057663084,82.54715096105141,4|grow|mobile|liquid|s2|g2|structured,True,True,False,False,0,2,,p2g10_045_s2,ok,0.6257,77.29387953497798,87.1097992249633,,,,,,True,74.51536322078856,True,True,True,False,False,,True,69.69629057663084,True,True,True,False,False,
2,p2g10_060,10,merge_cross_edge,"[""p1g2_008"",""blk_p2g4_053""]",757a8f84e7ff82f6,ok,partial,0.4633,58.33338793964401,66.33564656607336,4|grow|mobile|flicker|s1|g2|structured,False,False,False,False,0,1,,,,,,,,,,,,True,61.33423492455502,True,False,False,False,False,,False,58.33338793964401,False,False,False,False,False,
2,p2g10_064,10,merge_cross_edge,"[""p2g4_053"",""blk_p2g4_053""]",0b62dc931c8d06b9,ok,partial,0.2042,54.05547984299201,76.47913307165335,4|switch|rotor|liquid|s1|g2|mixed,False,False,False,False,0,1,,,,,,,,,,,,False,62.464349803740014,False,False,False,False,False,,False,54.05547984299201,False,False,False,False,False,
2,p2g10_066,10,merge_slow_tanh,"[""p2g2_035"",""blk_p6g1_043""]",780c77bc7b13723c,ok,partial,0.3733,60.48808829842522,75.9268138307087,4|grow|mobile|liquid|s2|g2|structured,False,False,False,False,0,1,,,,,,,,,,,,False,66.27761037303152,False,False,False,False,False,,False,60.48808829842522,False,False,False,False,False,
2,p2g10_034,10,mint_bilin,"[""p2g9_062""]",db0a86104423362f,ok,partial,0.0,46.37153644650243,77.28589407750405,3|grow|mobile|liquid|s2|g2|mixed,True,True,True,True,0,3,0.0,p2g10_034_s2,ok,0.0,46.55856229896438,77.5976038316073,p2g10_034_s3,ok,0.0,46.93628713888827,78.22714523148045,False,57.96442055812804,False,False,False,False,False,57.96442055812804,False,46.37153644650243,False,False,False,False,False,46.37153644650243
2,p2g10_036,10,mint_bilin,"[""p2g2_022""]",b767c5a8254ac8a4,ok,partial,0.1476,46.294926091291885,67.31821015215314,4|grow|mobile|flicker|s1|g2|mixed,False,False,False,False,0,1,,,,,,,,,,,,False,54.178657614114854,False,False,False,False,False,,False,46.294926091291885,False,False,False,False,False,
2,p2g10_037,10,mint_bilin,"[""p2g7_049""]",d5df93540fabc72a,ok,partial,0.6399,76.18748531009624,84.31914218349372,4|grow|mobile|liquid|s2|g2|structured,True,True,True,True,0,3,0.4252,p2g10_037_s2,ok,0.4252,67.90136892141126,84.82228153568543,p2g10_037_s3,ok,0.5239,71.92606713976608,84.95011189961012,True,79.23685663762029,True,True,True,True,True,74.24671115176407,True,76.18748531009624,True,True,True,True,True,67.90136892141126
2,p2g10_039,10,mint_bilin,"[""p2g8_046""]",a6987fa62ad45a8a,ok,partial,0.5391,71.05426217746648,82.48377029577748,4|grow|mobile|liquid|s2|g2|structured,False,False,False,False,0,1,,,,,,,,,,,,True,75.3403277218331,True,False,False,False,False,,True,71.05426217746648,True,False,False,False,False,
2,p2g10_042,10,delete_bilin,"[""p2g6_032""]",a758dc867063b449,ok,partial,0.3903,53.86971562065676,63.76285936776127,3|switch|mobile|liquid|s1|g1|structured,False,False,False,False,0,1,,,,,,,,,,,,False,57.57964452582095,False,False,False,False,False,,False,53.86971562065676,False,False,False,False,False,
2,p2g10_054,10,merge_spatial_ic,"[""p2g2_055"",""p2g3_004""]",3e9e387b61a8cb22,ok,partial,0.3246,31.777210901706383,31.322018169510635,3|constant|drift|liquid|s1|g1|structured,True,True,True,True,0,3,0.3246,p2g10_054_s2,ok,0.3987,59.6664369055859,72.86406150930983,p2g10_054_s3,ok,0.6246,73.65126890219372,81.11211483698952,False,31.606513627132976,True,True,False,False,False,31.606513627132976,False,31.777210901706383,True,True,False,False,False,31.777210901706383
2,p2g10_055,10,merge_spatial_ic,"[""p2g2_055"",""p6g8_061""]",3e9e387b61a8cb22,ok,partial,0.5352,57.91479000377622,60.8446500062937,4|grow|mobile|liquid|s1|g1|structured,False,False,False,False,0,1,,,,,,,,,,,,False,59.013487504720274,False,False,False,False,False,,False,57.91479000377622,False,False,False,False,False,
2,p2g10_058,10,merge_spatial_ic,"[""p2g2_055"",""p2g1_086""]",3e9e387b61a8cb22,ok,partial,0.2902,51.71941485064623,66.85235808441038,4|grow|mobile|liquid|s1|g1|structured,False,False,False,False,0,1,,,,,,,,,,,,False,57.39426856330779,False,False,False,False,False,,False,51.71941485064623,False,False,False,False,False,
2,p2g10_010,10,mutate,"[""p4g7_003""]",65674d2eb20c4af7,ok,partial,0.5467,49.00616417799342,45.230273629989036,4|switch|rotor|liquid|s1|g1|structured,False,False,False,False,0,1,,,,,,,,,,,,False,47.590205222491775,False,False,False,False,False,,False,49.00616417799342,False,False,False,False,False,
2,p2g10_046,10,add_chan,"[""p6g5_019""]",166ba9ff32909a5b,ok,partial,0.5611,67.86579569008234,75.7029928168039,4|switch|mobile|liquid|s1|g2|structured,False,False,False,False,0,1,,,,,,,,,,,,True,70.80474461260293,True,False,False,False,False,,True,67.86579569008234,True,False,False,False,False,
2,p2g10_053,10,merge_spatial_ic,"[""p2g2_055"",""p2g1_052""]",3e9e387b61a8cb22,ok,partial,0.6165,71.53658963759263,78.1276493959877,4|grow|mobile|liquid|s3|g1|structured,True,True,True,True,0,3,0.5511,p2g10_053_s2,ok,0.5511,70.01451028465209,79.95085047442015,p2g10_053_s3,ok,0.6246,73.65126890219372,81.11211483698952,True,74.00823704699079,True,True,True,True,True,73.74063785581511,True,71.53658963759263,True,True,True,True,True,70.01451028465209
2,p2g10_061,10,merge_cross_edge,"[""p1g2_008"",""ref_XV_tau15.7""]",3fe60da764cc017d,ok,partial,0.4855,57.57891074663104,63.5981845777184,4|grow|mobile|liquid|s1|g0|structured,False,False,False,False,0,1,,,,,,,,,,,,False,59.836138433288795,False,False,False,False,False,,False,57.57891074663104,False,False,False,False,False,
2,p2g10_033,10,mint_bilin,"[""p1g2_034""]",e38ec569e85db477,ok,partial,0.5024,52.41677571040715,53.86795951734526,3|grow|mobile|liquid|s1|g0|structured,False,False,False,False,0,1,,,,,,,,,,,,False,52.96096963800895,False,False,False,False,False,,False,52.41677571040715,False,False,False,False,False,
2,p2g10_050,10,add_chan,"[""p2g8_031""]",2c2207528a3f28c6,ok,partial,0.0,21.965955661447683,36.60992610241281,2|switch|still|frozen|s1|g2|mixed,False,False,False,False,0,1,,,,,,,,,,,,False,27.457444576809607,False,False,False,False,False,,False,21.965955661447683,False,False,False,False,False,
2,p2g10_000,10,mutate,"[""p2g5_012""]",459bf552e8b24302,ok,partial,0.0,31.821025787443453,53.03504297907242,3|switch|drift|frozen|s1|g2|mixed,True,True,True,True,0,3,0.0,p2g10_000_s2,ok,0.0,30.746824711491147,51.24470785248525,p2g10_000_s3,ok,0.0,31.795893577059463,52.99315596176577,False,39.77628223430432,False,False,False,False,False,38.43353088936394,False,31.821025787443453,False,False,False,False,False,30.746824711491147
2,p2g10_057,10,merge_spatial_ic,"[""p2g2_074"",""p2g6_007""]",b8f8146a49cbd2af,ok,partial,0.0417,11.213298323832543,15.908830539720908,2|constant|still|frozen|s1|g2|structured,False,False,False,False,0,1,,,,,,,,,,,,False,12.974122904790681,False,False,False,False,False,,False,11.213298323832543,False,False,False,False,False,
2,p2g10_070,10,immigrate,,9b8bd2d69e13fbcc,no_blobs,missing,,0.0,,,False,False,False,False,0,1,,,,,,,,,,,,False,,False,False,False,False,False,,False,,False,False,False,False,False,
2,p2g10_067,10,immigrate,,6aaf7702359a6e05,no_blobs,missing,,0.0,,,False,False,False,False,0,1,,,,,,,,,,,,False,,False,False,False,False,False,,False,,False,False,False,False,False,
2,p2g10_069,10,immigrate,,8102be68d11e3093,no_blobs,missing,,0.0,,,False,False,False,False,0,1,,,,,,,,,,,,False,,False,False,False,False,False,,False,,False,False,False,False,False,
2,p2g10_003,10,mutate,"[""p2g8_035""]",9c050b541407f5d4,ok,partial,0.645,62.89820585495437,61.83034309159061,4|switch|mobile|liquid|s1|g0|structured,True,True,True,True,0,3,0.4085,p2g10_003_s2,ok,0.4578,59.52928908611813,68.6954818101969,p2g10_003_s3,ok,0.4085,55.03707486276525,64.49512477127541,True,62.49775731869296,True,True,True,False,False,58.58384357845656,True,62.89820585495437,True,False,False,False,False,55.03707486276525
2,p2g10_024,10,mint_bilin,"[""p2g6_001""]",433fa04082b59929,ok,partial,0.0988,41.58040704940811,62.71401174901352,4|grow|rotor|liquid|s1|g2|mixed,False,False,False,False,0,1,,,,,,,,,,,,False,49.50550881176014,False,False,False,False,False,,False,41.58040704940811,False,False,False,False,False,
2,p2g10_047,10,add_chan,"[""p2g7_079""]",e1b2003a798230cb,ok,partial,0.0,0.0,0.0,1|oscillator|mobile|flicker|s1|g2|mixed,False,False,False,False,0,1,,,,,,,,,,,,False,0.0,False,False,False,False,False,,False,0.0,False,False,False,False,False,
2,p2g10_068,10,immigrate,,ca25898a9bfb0985,no_blobs,missing,,0.0,,,False,False,False,False,0,1,,,,,,,,,,,,False,,False,False,False,False,False,,False,,False,False,False,False,False,
2,p2g10_071,10,immigrate,,bcc52b377788b0d7,no_blobs,missing,,0.0,,,False,False,False,False,0,1,,,,,,,,,,,,False,,False,False,False,False,False,,False,,False,False,False,False,False,
2,p2g10_035,10,mint_bilin,"[""p2g7_060""]",e89ed2f8b28cd190,ok,partial,0.309,50.0340194808704,62.79003246811733,3|grow|mobile|liquid|s2|g0|structured,False,False,False,False,0,1,,,,,,,,,,,,False,54.817524351088004,False,False,False,False,False,,False,50.0340194808704,False,False,False,False,False,
2,p2g10_059,10,merge_cross_edge,"[""p6g1_043"",""blk_p6g1_043""]",0e94ad887b10607f,ok,partial,0.3181,50.48191670254771,62.92986117091285,4|grow|mobile|liquid|s1|g0|structured,False,False,False,False,0,1,,,,,,,,,,,,False,55.14989587818464,False,False,False,False,False,,False,50.48191670254771,False,False,False,False,False,
2,p2g10_043,10,delete_bilin,"[""p2g2_014""]",add71f7beaaa2376,ok,partial,0.358,59.01041378009175,74.4840229668196,4|grow|rotor|liquid|s1|g2|structured,False,False,False,False,0,1,,,,,,,,,,,,False,64.81301722511469,False,False,False,False,False,,False,59.01041378009175,False,False,False,False,False,
2,p2g10_062,10,merge_cross_edge,"[""p2g4_062"",""blk_p6g1_043""]",424ae3486c23fff2,ok,partial,0.4768,68.43561085060912,82.27268475101522,4|grow|rotor|liquid|s2|g2|structured,False,False,False,False,0,1,,,,,,,,,,,,True,73.62451356326142,True,False,False,False,False,,True,68.43561085060912,True,False,False,False,False,
2,p2g10_065,10,merge_slow_tanh,"[""p2g1_078"",""ref_M4_tau5.7""]",527129f0d6a09c5e,ok,partial,0.4348,57.557405606375895,66.94234267729317,4|switch|rotor|liquid|s1|g2|structured,False,False,False,False,0,1,,,,,,,,,,,,True,61.076757007969874,True,False,False,False,False,,False,57.557405606375895,False,False,False,False,False,
2,p2g11_009,11,mutate,"[""p2g1_067""]",9aae710d58e5712e,fail_g0a,missing,,,,,False,False,False,False,0,1,,,,,,,,,,,,False,,False,False,False,False,False,,False,,False,False,False,False,False,
2,p2g11_017,11,mutate,"[""p2g1_067""]",ca8e802ad7a3f463,fail_g0a,missing,,,,,False,False,False,False,0,1,,,,,,,,,,,,False,,False,False,False,False,False,,False,,False,False,False,False,False,
2,p2g11_005,11,mutate,"[""p2g10_023""]",172236118b43fdf9,fail_g0a,missing,,,,,False,False,False,False,0,1,,,,,,,,,,,,False,,False,False,False,False,False,,False,,False,False,False,False,False,
2,p2g11_050,11,add_chan,"[""p2g7_068""]",018dd1bce7eddf57,ok,partial,0.0,25.09530049122807,41.82550081871345,2|oscillator|drift|flicker|s1|g2|mixed,True,True,True,True,0,3,0.0,p2g11_050_s2,ok,0.0,27.075361717971248,45.125602863285415,p2g11_050_s3,ok,0.0,23.49700716107678,39.161678601794634,False,31.369125614035088,False,False,False,False,False,29.371258951345975,False,25.09530049122807,False,False,False,False,False,23.49700716107678
2,p2g11_000,11,mutate,"[""p2g1_017""]",fb0e54df9fcb46ea,ok,partial,0.2633,51.25765577757869,67.87609296263116,3|grow|mobile|liquid|s1|g2|structured,False,False,False,False,0,1,,,,,,,,,,,,False,57.48956972197337,False,False,False,False,False,,False,51.25765577757869,False,False,False,False,False,
2,p2g11_003,11,mutate,"[""p2g7_056""]",c848c3821e1ab1f0,ok,partial,0.4545,56.045742629730725,63.10957104955121,4|switch|rotor|liquid|s1|g2|structured,False,False,False,False,0,1,,,,,,,,,,,,False,58.6946782871634,False,False,False,False,False,,False,56.045742629730725,False,False,False,False,False,
2,p2g11_007,11,mutate,"[""p2g1_017""]",9fd368077449139b,ok,partial,0.5754,49.39792804522126,43.96988007536877,3|constant|rotor|liquid|s1|g2|structured,True,True,True,True,0,3,0.5506,p2g11_007_s2,ok,0.5859,49.87414908914376,44.06358181523961,p2g11_007_s3,ok,0.5506,47.93462540092459,43.18437566820765,False,47.36241005652658,False,False,False,False,False,46.15328175115574,False,49.39792804522126,False,False,False,False,False,47.93462540092459
2,p2g11_008,11,mutate,"[""p2g7_056""]",f83bee6b906e0341,ok,partial,0.5101,63.21491777802899,71.35152963004832,4|grow|mobile|liquid|s1|g2|structured,False,False,False,False,0,1,,,,,,,,,,,,True,66.26614722253623,True,False,False,False,False,,True,63.21491777802899,True,False,False,False,False,
2,p2g11_010,11,mutate,"[""p2g1_017""]",5ab9a30622978cca,ok,partial,0.4507,65.29580228724119,78.77967047873531,4|grow|mobile|liquid|s2|g2|structured,False,False,False,False,0,1,,,,,,,,,,,,True,70.35225285905149,True,False,False,False,False,,True,65.29580228724119,True,False,False,False,False,
2,p2g11_011,11,mutate,"[""p2g5_022""]",204146f0a1016212,ok,partial,0.4016,47.85348681775324,52.98247802958874,3|grow|mobile|liquid|s1|g0|structured,False,False,False,False,0,1,,,,,,,,,,,,False,49.77685852219155,False,False,False,False,False,,False,47.85348681775324,False,False,False,False,False,
2,p2g11_012,11,mutate,"[""p2g10_051""]",7599ccf6ba6d73f1,ok,partial,0.0,32.104766763226145,53.50794460537691,3|switch|mobile|liquid|s1|g1|mixed,True,True,True,True,0,3,0.0,p2g11_012_s2,ok,0.0,32.9535895481382,54.922649246896995,p2g11_012_s3,ok,0.5934,64.04704792572291,67.18507987620485,False,40.13095845403269,True,True,False,False,False,40.13095845403269,False,32.104766763226145,True,True,False,False,False,32.104766763226145
2,p2g11_013,11,mutate,"[""p2g1_067""]",4a6de891b9b522f5,ok,partial,0.4996,59.37088532108183,65.64480886846972,3|switch|rotor|liquid|s1|g2|structured,False,False,False,False,0,1,,,,,,,,,,,,True,61.72360665135229,True,False,False,False,False,,False,59.37088532108183,False,False,False,False,False,
2,p2g11_014,11,mutate,"[""p2g1_017""]",6ec6e3d8a2fa84d1,ok,partial,0.2111,40.12913236884656,52.80855394807761,3|switch|mobile|liquid|s1|g2|structured,False,False,False,False,0,1,,,,,,,,,,,,False,44.88391546105821,False,False,False,False,False,,False,40.12913236884656,False,False,False,False,False,
2,p2g11_015,11,mutate,"[""p2g5_022""]",bd07a6d6628c3b60,ok,partial,0.0,4.9031636762924125,8.171939460487355,2|constant|still|frozen|s1|g0|mixed,True,True,True,True,0,3,0.0,p2g11_015_s2,ok,0.0,8.518844391099899,14.198073985166499,p2g11_015_s3,ok,0.0,10.03568003210159,16.726133386835983,False,6.128954595365516,False,False,False,False,False,6.128954595365516,False,4.9031636762924125,False,False,False,False,False,4.9031636762924125
2,p2g11_018,11,mutate,"[""p2g5_022""]",d92867cf1e0f75b6,ok,partial,0.4609,51.187782179894036,54.58630363315673,3|switch|mobile|liquid|s1|g0|structured,False,False,False,False,0,1,,,,,,,,,,,,False,52.46222772486755,False,False,False,False,False,,False,51.187782179894036,False,False,False,False,False,
2,p2g11_019,11,mutate,"[""p2g7_056""]",51169011a1cbae1e,ok,partial,0.7038,70.10372323967272,69.91953873278787,4|grow|mobile|liquid|s1|g2|structured,False,False,False,False,0,1,,,,,,,,,,,,True,70.0346540495909,True,False,False,False,False,,True,70.10372323967272,True,False,False,False,False,
2,p2g11_022,11,mint_bilin,"[""p2g7_044""]",7e7095c70c8f9a00,ok,partial,0.0,26.20155951141991,43.669265852366514,3|constant|mobile|gas|s1|g2|mixed,False,False,False,False,0,1,,,,,,,,,,,,False,32.751949389274884,False,False,False,False,False,,False,26.20155951141991,False,False,False,False,False,
2,p2g11_023,11,mint_bilin,"[""p2g7_056""]",8818178808104e35,ok,partial,0.5334,70.66497141228427,82.21495235380713,4|switch|rotor|liquid|s2|g2|structured,True,True,True,True,0,3,0.2052,p2g11_023_s2,ok,0.4943,65.88508697115637,76.85514495192727,p2g11_023_s3,ok,0.2052,59.760235956451574,85.92039326075263,True,74.99621426535535,True,True,True,False,False,69.57029494556447,True,70.66497141228427,True,True,True,False,False,59.760235956451574
2,p2g11_025,11,mint_bilin,"[""p2g1_067""]",b4a2c37c5a98e5d5,ok,partial,0.5358,68.77577039175759,78.90628398626265,3|grow|mobile|liquid|s3|g2|structured,False,False,False,False,0,1,,,,,,,,,,,,True,72.57471298969699,True,False,False,False,False,,True,68.77577039175759,True,False,False,False,False,
2,p2g11_029,11,mint_bilin,"[""p2g5_022""]",2b1e18054bcb5695,ok,partial,0.5596,66.08226757190377,72.83044595317295,4|grow|mobile|liquid|s1|g2|structured,False,False,False,False,0,1,,,,,,,,,,,,True,68.61283446487971,True,False,False,False,False,,True,66.08226757190377,True,False,False,False,False,
2,p2g11_034,11,mint_bilin,"[""p2g5_022""]",f982e872bf6fa076,ok,partial,0.436,63.905778998473934,77.44296499745656,4|grow|rotor|liquid|s2|g2|structured,False,False,False,False,0,1,,,,,,,,,,,,True,68.98222374809242,True,False,False,False,False,,True,63.905778998473934,True,False,False,False,False,
2,p2g11_036,11,mint_bilin,"[""p2g1_067""]",a630f103b53e51d1,ok,partial,0.6979,76.3971654745781,80.80194245763018,4|grow|mobile|liquid|s3|g2|structured,True,True,True,True,0,3,0.5769,p2g11_036_s2,ok,0.5769,66.86428128661599,72.98046881102665,p2g11_036_s3,ok,0.6606,71.77881310906918,75.59135518178198,True,78.04895684322264,True,True,True,True,True,69.15785160827,True,76.3971654745781,True,True,True,True,True,66.86428128661599
2,p2g11_037,11,mint_bilin,"[""p2g5_022""]",ad63170fb4637b32,ok,partial,0.4191,57.38766594732989,67.70610991221649,3|grow|rotor|liquid|s1|g2|structured,False,False,False,False,0,1,,,,,,,,,,,,True,61.25708243416236,True,False,False,False,False,,False,57.38766594732989,False,False,False,False,False,
2,p2g11_042,11,delete_bilin,"[""p2g5_022""]",eb0b29a368cf5279,ok,partial,0.4194,63.878494005993105,78.50415667665517,4|grow|rotor|liquid|s2|g1|structured,False,False,False,False,0,1,,,,,,,,,,,,True,69.36311750749138,True,False,False,False,False,,True,63.878494005993105,True,False,False,False,False,
2,p2g11_045,11,add_chan,"[""p4g7_062""]",770c1206e5cd3aca,ok,partial,0.0,44.06177128285598,73.43628547142663,4|switch|rotor|flicker|s1|g2|mixed,True,True,True,True,0,3,0.0,p2g11_045_s2,ok,0.0,44.36724939984733,73.94541566641222,p2g11_045_s3,ok,0.0,44.54319949814882,74.23866583024804,False,55.07721410356997,False,False,False,False,False,55.07721410356997,False,44.06177128285598,False,False,False,False,False,44.06177128285598
2,p2g11_048,11,add_chan,"[""p2g7_049""]",828a8c7867f13e82,ok,partial,0.3631,55.391316179918434,68.11219363319739,4|grow|mobile|liquid|s1|g2|structured,False,False,False,False,0,1,,,,,,,,,,,,False,60.161645224898045,False,False,False,False,False,,False,55.391316179918434,False,False,False,False,False,
2,p2g11_051,11,add_chan,"[""p2g7_002""]",3dee260f8d067767,ok,partial,0.5018,47.31711959557305,45.40853265928841,2|constant|drift|liquid|s1|g2|structured,False,False,False,False,0,1,,,,,,,,,,,,False,46.60139949446631,False,False,False,False,False,,False,47.31711959557305,False,False,False,False,False,
2,p2g11_056,11,merge_cross_edge,"[""p3g6_070"",""ref_iso_d0.65""]",0aa3ac3f4db2769b,ok,partial,0.4306,55.40409793357799,63.63349655596332,4|switch|mobile|liquid|s1|g2|structured,False,False,False,False,0,1,,,,,,,,,,,,False,58.49012241697249,False,False,False,False,False,,False,55.40409793357799,False,False,False,False,False,
2,p2g11_062,11,merge_cross_edge,"[""p2g8_027"",""ref_iso_d0.75""]",92c28256c8811635,ok,partial,0.0509,21.9227100847293,33.14451680788216,3|constant|drift|frozen|s1|g2|mixed,True,True,True,True,0,3,0.042,p2g11_062_s2,ok,0.0774,28.30184895541821,42.00974825903035,p2g11_062_s3,ok,0.042,24.388925571133576,37.84820928522263,False,26.130887605911624,False,False,False,False,False,26.130887605911624,False,21.9227100847293,False,False,False,False,False,21.9227100847293
2,p2g11_001,11,mutate,"[""p2g4_064""]",a231beafebb533af,ok,partial,0.0,2.2299999999999995,3.716666666666666,1|constant|still|gas|s1|g0|mixed,False,False,False,False,0,1,,,,,,,,,,,,False,2.7874999999999996,False,False,False,False,False,,False,2.2299999999999995,False,False,False,False,False,
2,p2g11_002,11,mutate,"[""p2g10_037""]",a8e490a3c8f61df9,ok,partial,0.4922,43.97596597306999,40.479943288449974,3|constant|rotor|liquid|s1|g2|structured,False,False,False,False,0,1,,,,,,,,,,,,False,42.66495746633748,False,False,False,False,False,,False,43.97596597306999,False,False,False,False,False,
2,p2g11_004,11,mutate,"[""p2g2_055""]",6eddbc9b7c3293b5,ok,partial,0.0,3.175414755411452,5.292357925685754,2|constant|still|frozen|s1|g0|mixed,False,False,False,False,0,1,,,,,,,,,,,,False,3.9692684442643156,False,False,False,False,False,,False,3.175414755411452,False,False,False,False,False,
2,p2g11_006,11,mutate,"[""p2g7_049""]",7030df5f1327e5ee,ok,partial,0.376,56.358373550368725,68.86395591728122,4|grow|mobile|liquid|s1|g2|structured,False,False,False,False,0,1,,,,,,,,,,,,False,61.047966937960915,False,False,False,False,False,,False,56.358373550368725,False,False,False,False,False,
2,p2g11_016,11,mutate,"[""p2g2_055""]",4238824ad46cf927,ok,partial,0.2749,43.9373052471616,54.90217541193601,3|switch|mobile|liquid|s1|g0|structured,False,False,False,False,0,1,,,,,,,,,,,,False,48.049131558952006,False,False,False,False,False,,False,43.9373052471616,False,False,False,False,False,
2,p2g11_020,11,mutate,"[""p2g10_053""]",bb05067f258f078d,ok,partial,0.3946,49.2700002678077,55.81000044634617,2|switch|mobile|liquid|s2|g0|structured,True,True,True,True,0,3,0.3155,p2g11_020_s2,ok,0.3296,46.82126318299207,56.06210530498677,p2g11_020_s3,ok,0.3155,44.665124217977024,53.40854036329503,False,51.72250033475963,False,False,False,False,False,47.94390527247128,False,49.2700002678077,False,False,False,False,False,44.665124217977024
2,p2g11_024,11,mint_bilin,"[""p2g6_032""]",3f1ba12d9ef69012,ok,partial,0.3011,46.1149679502507,56.78494658375117,2|switch|mobile|liquid|s1|g1|structured,False,False,False,False,0,1,,,,,,,,,,,,False,50.11620993781338,False,False,False,False,False,,False,46.1149679502507,False,False,False,False,False,
2,p2g11_027,11,mint_bilin,"[""p2g1_013""]",2d8694d146cd2cbd,ok,partial,0.333,47.946947036675304,57.71157839445884,2|switch|mobile|flicker|s1|g2|mixed,False,False,False,False,0,1,,,,,,,,,,,,False,51.60868379584413,False,False,False,False,False,,False,47.946947036675304,False,False,False,False,False,
2,p2g11_028,11,mint_bilin,"[""p2g2_055""]",9303faeebfe897dd,ok,partial,0.5987,51.75493579361867,46.344892989364446,4|switch|mobile|liquid|s1|g1|structured,False,False,False,False,0,1,,,,,,,,,,,,False,49.72616974202334,False,False,False,False,False,,False,51.75493579361867,False,False,False,False,False,
2,p2g11_031,11,mint_bilin,"[""p2g1_067""]",435df4fad67cd70e,ok,partial,0.4233,62.07169419788209,75.23282366313681,3|grow|rotor|liquid|s2|g2|structured,False,False,False,False,0,1,,,,,,,,,,,,True,67.00711774735261,True,False,False,False,False,,True,62.07169419788209,True,False,False,False,False,
2,p2g11_032,11,mint_bilin,"[""p2g1_017""]",c7655bbc2e3f0acc,ok,partial,0.4279,61.41063724318162,73.8243954053027,4|grow|mobile|liquid|s2|g2|structured,False,False,False,False,0,1,,,,,,,,,,,,True,66.06579655397702,True,False,False,False,False,,True,61.41063724318162,True,False,False,False,False,
2,p2g11_046,11,add_chan,"[""p2g10_037""]",15653bb2ec4ea489,ok,partial,0.4706,64.0332125064556,75.34868751075933,3|grow|mobile|liquid|s2|g2|structured,False,False,False,False,0,1,,,,,,,,,,,,True,68.2765156330695,True,False,False,False,False,,True,64.0332125064556,True,False,False,False,False,
2,p2g11_057,11,merge_cross_edge,"[""p2g3_015"",""p6g1_043""]",4d4b20b8b6aa0cf9,ok,partial,0.3194,55.61166793937652,71.39277989896085,4|grow|drift|liquid|s1|g2|structured,False,False,False,False,0,1,,,,,,,,,,,,False,61.52958492422064,False,False,False,False,False,,False,55.61166793937652,False,False,False,False,False,
2,p2g11_058,11,merge_cross_edge,"[""p2g7_079"",""p4g4_018""]",3bbf603f1e3f6f06,ok,partial,0.0,46.80621766938008,78.01036278230013,4|grow|mobile|liquid|s2|g2|mixed,False,False,False,False,0,1,,,,,,,,,,,,False,58.5077720867251,False,False,False,False,False,,False,46.80621766938008,False,False,False,False,False,
2,p2g11_060,11,merge_cross_edge,"[""p1g6_065"",""p2g7_079""]",9fd64438c8d66779,ok,partial,0.1049,48.12171881593811,73.20953135989686,4|grow|drift|liquid|s1|g2|mixed,True,True,True,True,0,3,0.1049,p2g11_060_s2,ok,0.1343,50.33313146529649,74.93521910882748,p2g11_060_s3,ok,0.1136,48.19106295858806,72.7451049309801,False,57.529648519922645,False,False,False,False,False,57.39882869823508,False,48.12171881593811,False,False,False,False,False,48.12171881593811
2,p2g11_061,11,merge_slow_tanh,"[""p1g2_008"",""blk_p6g1_043""]",b72e7f4060797564,ok,partial,0.3945,56.92165052985742,68.56941754976238,4|switch|rotor|liquid|s1|g2|structured,False,False,False,False,0,1,,,,,,,,,,,,False,61.289563162321784,False,False,False,False,False,,False,56.92165052985742,False,False,False,False,False,
2,p2g11_021,11,mutate,"[""p1g7_032""]",77827b0103fd27e1,ok,partial,0.4544,54.34915751917188,60.28859586528647,3|grow|mobile|liquid|s2|g1|structured,False,False,False,False,0,1,,,,,,,,,,,,False,56.576446898964846,False,False,False,False,False,,False,54.34915751917188,False,False,False,False,False,
2,p2g11_030,11,mint_bilin,"[""p2g10_037""]",e14904f9114bcfe5,ok,partial,0.4094,63.56054058622462,78.64090097704104,4|grow|mobile|liquid|s2|g2|structured,False,False,False,False,0,1,,,,,,,,,,,,True,69.21567573278078,True,False,False,False,False,,True,63.56054058622462,True,False,False,False,False,
2,p2g11_033,11,mint_bilin,"[""p2g7_049""]",9182b5067d695f55,ok,partial,0.5087,69.74481178884346,82.32801964807244,4|grow|mobile|liquid|s2|g2|structured,False,False,False,False,0,1,,,,,,,,,,,,True,74.46351473605434,True,False,False,False,False,,True,69.74481178884346,True,False,False,False,False,
2,p2g11_035,11,mint_bilin,"[""p2g1_013""]",24c08919b5667caa,ok,partial,0.0,0.0,0.0,1|constant|still|gas|s1|g0|mixed,False,False,False,False,0,1,,,,,,,,,,,,False,0.0,False,False,False,False,False,,False,0.0,False,False,False,False,False,
2,p2g11_040,11,delete_bilin,"[""p2g6_032""]",a758dc867063b449,ok,partial,0.3903,53.86971562065676,63.76285936776127,3|switch|mobile|liquid|s1|g1|structured,False,False,False,False,0,1,,,,,,,,,,,,False,57.57964452582095,False,False,False,False,False,,False,53.86971562065676,False,False,False,False,False,
2,p2g11_041,11,delete_bilin,"[""p2g1_051""]",54fe617cf706055f,ok,partial,0.386,55.98494195271974,67.57490325453288,3|grow|mobile|liquid|s1|g2|structured,False,False,False,False,0,1,,,,,,,,,,,,False,60.33117744089966,False,False,False,False,False,,False,55.98494195271974,False,False,False,False,False,
2,p2g11_043,11,delete_bilin,"[""p2g10_037""]",9a815b4bb1db78ea,ok,partial,0.5049,70.13910338512042,83.23850564186736,4|grow|mobile|liquid|s2|g2|structured,False,False,False,False,0,1,,,,,,,,,,,,True,75.05137923140052,True,False,False,False,False,,True,70.13910338512042,True,False,False,False,False,
2,p2g11_052,11,merge_spatial_ic,"[""p2g2_055"",""p2g4_044""]",3e9e387b61a8cb22,ok,partial,0.3695,58.46522931681154,72.80871552801923,4|switch|mobile|liquid|s1|g1|structured,False,False,False,False,0,1,,,,,,,,,,,,False,63.84403664601443,False,False,False,False,False,,False,58.46522931681154,False,False,False,False,False,
2,p2g11_053,11,merge_spatial_ic,"[""p2g2_055"",""p2g1_054""]",3e9e387b61a8cb22,ok,partial,0.646,64.74347985384617,64.83913308974361,4|grow|mobile|liquid|s1|g1|structured,False,False,False,False,0,1,,,,,,,,,,,,True,64.77934981730772,True,False,False,False,False,,True,64.74347985384617,True,False,False,False,False,
2,p2g11_054,11,merge_spatial_ic,"[""p2g2_055"",""p2g1_086""]",3e9e387b61a8cb22,ok,partial,0.3044,31.30320226873664,31.878670447894404,3|constant|drift|liquid|s1|g1|structured,False,False,False,False,0,1,,,,,,,,,,,,False,31.5190028359208,False,False,False,False,False,,False,31.30320226873664,False,False,False,False,False,
2,p2g11_055,11,merge_spatial_ic,"[""p2g6_007"",""p2g8_011""]",17762d87e53407fe,ok,partial,0.0,9.00130046329744,15.002167438829067,1|switch|drift|gas|s1|g0|mixed,True,True,True,True,0,3,0.0,p2g11_055_s2,ok,0.0,15.522941293919528,25.871568823199215,p2g11_055_s3,ok,0.0,10.31617238734945,17.193620645582417,False,11.2516255791218,False,False,False,False,False,11.2516255791218,False,9.00130046329744,False,False,False,False,False,9.00130046329744
2,p2g11_059,11,merge_cross_edge,"[""p2g1_086"",""p10g0_ds6_000""]",c7429f3d7d3d5385,ok,partial,0.0,23.430893569089,39.051489281815,3|constant|still|liquid|s1|g2|mixed,True,True,True,True,0,3,0.0,p2g11_059_s2,ok,0.0,23.323968348033144,38.873280580055244,p2g11_059_s3,ok,0.0,23.374447899201446,38.957413165335744,False,29.28861696136125,False,False,False,False,False,29.15496043504143,False,23.430893569089,False,False,False,False,False,23.323968348033144
2,p2g11_026,11,mint_bilin,"[""p4g1_018""]",b4249856fffeab9e,ok,partial,0.0,33.66420670711811,56.107011178530186,3|switch|drift|flicker|s1|g2|mixed,True,True,True,True,0,3,0.0,p2g11_026_s2,ok,0.0,36.34817944371853,60.58029907286422,p2g11_026_s3,ok,0.0,37.25451923084897,62.090865384748284,False,42.08025838389764,False,False,False,False,False,42.08025838389764,False,33.66420670711811,False,False,False,False,False,33.66420670711811
2,p2g11_038,11,mint_bilin,"[""p6g3_008""]",33cc68c5c7041895,ok,partial,0.5231,61.50432247802901,67.63387079671502,3|switch|mobile|flicker|s1|g2|structured,False,False,False,False,0,1,,,,,,,,,,,,True,63.80290309753626,True,False,False,False,False,,True,61.50432247802901,True,False,False,False,False,
2,p2g11_039,11,mint_bilin,"[""p2g6_025""]",8844314adcbe0d7d,ok,partial,0.4335,49.04208536950007,52.836808949166794,4|switch|mobile|liquid|s1|g0|structured,False,False,False,False,0,1,,,,,,,,,,,,False,50.465106711875094,False,False,False,False,False,,False,49.04208536950007,False,False,False,False,False,
2,p2g11_044,11,add_chan,"[""p2g7_039""]",1d896657e440f6ef,ok,partial,0.3527,54.752633718079,67.74105619679833,3|switch|drift|liquid|s1|g2|structured,False,False,False,False,0,1,,,,,,,,,,,,False,59.62329214759875,False,False,False,False,False,,False,54.752633718079,False,False,False,False,False,
2,p2g11_049,11,add_chan,"[""p2g7_039""]",f516ab3f19d7a739,ok,partial,0.3861,54.86168374094878,65.69613956824797,3|switch|drift|flicker|s1|g2|structured,True,True,True,True,0,3,0.3647,p2g11_049_s2,ok,0.3663,57.570292606323726,71.53048767720621,p2g11_049_s3,ok,0.3647,57.80677920759745,72.03129867932908,False,58.92460467618598,False,False,False,False,False,58.92460467618598,False,54.86168374094878,False,False,False,False,False,54.86168374094878
2,p2g11_066,11,immigrate,,ea3fe7d493fa6dce,no_blobs,missing,,0.0,,,False,False,False,False,0,1,,,,,,,,,,,,False,,False,False,False,False,False,,False,,False,False,False,False,False,
2,p2g11_047,11,add_chan,"[""p2g4_049""]",6f0b907dec2e3f1a,ok,partial,0.1396,39.2292717175594,56.07545286259901,4|grow|mobile|liquid|s1|g2|mixed,False,False,False,False,0,1,,,,,,,,,,,,False,45.54658964694926,False,False,False,False,False,,False,39.2292717175594,False,False,False,False,False,
2,p2g11_064,11,immigrate,,749fb381bbfab528,ok,partial,0.0,0.0,0.0,1|constant|still|gas|s1|g0|mixed,False,False,False,False,0,1,,,,,,,,,,,,False,0.0,False,False,False,False,False,,False,0.0,False,False,False,False,False,
2,p2g11_067,11,immigrate,,97def72b3affc86f,ok,partial,0.0,0.0,0.0,1|constant|still|gas|s1|g0|mixed,False,False,False,False,0,1,,,,,,,,,,,,False,0.0,False,False,False,False,False,,False,0.0,False,False,False,False,False,
2,p2g11_065,11,immigrate,,9e894856d818f626,no_blobs,missing,,0.0,,,False,False,False,False,0,1,,,,,,,,,,,,False,,False,False,False,False,False,,False,,False,False,False,False,False,
2,p2g11_063,11,immigrate,,fd3bd16d854a9431,ok,partial,0.0,24.027414356495438,40.04569059415906,2|constant|drift|liquid|s1|g0|mixed,True,True,True,True,0,3,0.0,p2g11_063_s2,ok,0.0,24.88904422664549,41.48174037774248,p2g11_063_s3,ok,0.0,27.010312456870135,45.01718742811689,False,30.0342679456193,False,False,False,False,False,30.0342679456193,False,24.027414356495438,False,False,False,False,False,24.027414356495438
2,p2g12_024,12,mint_bilin,"[""p4g5_070""]",e30b5336e233b1fd,ok,partial,0.0,39.320916316044425,65.53486052674072,2|switch|mobile|liquid|s1|g2|structured,False,False,False,False,0,1,,,,,,,,,,,,False,49.151145395055536,False,False,False,False,False,,False,39.320916316044425,False,False,False,False,False,
2,p2g12_055,12,merge_cross_edge,"[""p2g3_004"",""ref_iso_d0.65""]",5b7f61e5380de3ef,ok,partial,0.0685,20.98434940854588,30.40724901424314,2|grow|drift|liquid|s1|g0|structured,True,True,True,True,0,3,0.0685,p2g12_055_s2,ok,0.0753,18.004501284199836,24.98750214033306,p2g12_055_s3,ok,0.0824,21.683456911081755,30.645761518469595,False,24.517936760682353,False,False,False,False,False,20.623126605249794,False,20.98434940854588,False,False,False,False,False,18.004501284199836
2,p2g12_006,12,mutate,"[""p2g1_067""]",99d5a36cba78ccd8,ok,partial,0.4537,62.578694146140165,74.05115691023362,3|switch|rotor|liquid|s2|g2|structured,False,False,False,False,0,1,,,,,,,,,,,,True,66.88086768267522,True,False,False,False,False,,True,62.578694146140165,True,False,False,False,False,
2,p2g12_007,12,mutate,"[""p2g1_067""]",364bb250a9307098,ok,partial,0.5085,49.45097481030152,48.51829135050254,4|oscillator|mobile|liquid|s1|g2|structured,False,False,False,False,0,1,,,,,,,,,,,,False,49.101218512876905,False,False,False,False,False,,False,49.45097481030152,False,False,False,False,False,
2,p2g12_009,12,mutate,"[""p2g11_036""]",12e6c43b94652203,ok,partial,0.0,45.063449560021354,75.10574926670226,4|switch|mobile|liquid|s1|g2|mixed,False,False,False,False,0,1,,,,,,,,,,,,False,56.32931195002669,False,False,False,False,False,,False,45.063449560021354,False,False,False,False,False,
2,p2g12_010,12,mutate,"[""p2g1_017""]",113ede9040d5ea41,ok,partial,0.0,12.037990685840823,20.063317809734706,2|constant|still|frozen|s1|g2|mixed,False,False,False,False,0,1,,,,,,,,,,,,False,15.04748835730103,False,False,False,False,False,,False,12.037990685840823,False,False,False,False,False,
2,p2g12_012,12,mutate,"[""p2g2_067""]",5edae0b754362baa,ok,partial,0.0,28.093322021540068,46.82220336923345,3|switch|still|liquid|s1|g2|mixed,True,True,True,True,0,3,0.0,p2g12_012_s2,ok,0.1207,33.78916625292889,48.26861042154814,p2g12_012_s3,ok,0.0,28.248923214895903,47.08153869149317,False,35.11665252692509,False,False,False,False,False,35.11665252692509,False,28.093322021540068,False,False,False,False,False,28.093322021540068
2,p2g12_021,12,mutate,"[""p2g11_036""]",839b4b5f9adaeee6,ok,partial,0.0,22.52270908030733,37.53784846717888,2|switch|still|frozen|s1|g2|mixed,True,True,True,True,0,3,0.0,p2g12_021_s2,ok,0.0,20.118654324953887,33.53109054158981,p2g12_021_s3,ok,0.0,19.412015936956884,32.35335989492814,False,28.15338635038416,False,False,False,False,False,24.265019921196107,False,22.52270908030733,False,False,False,False,False,19.412015936956884
2,p2g12_026,12,mint_bilin,"[""p2g1_069""]",8b5ceb4e74cf9a11,ok,partial,0.0,26.95518886259966,44.925314770999435,3|constant|rotor|flicker|s1|g2|mixed,True,True,True,True,0,3,0.0,p2g12_026_s2,ok,0.0,30.15538772457186,50.2589795409531,p2g12_026_s3,ok,0.0,31.157454456749,51.92909076124834,False,33.69398607824958,False,False,False,False,False,33.69398607824958,False,26.95518886259966,False,False,False,False,False,26.95518886259966
2,p2g12_027,12,mint_bilin,"[""p2g1_067""]",2cc5332da346cf39,ok,partial,0.0,40.92133206647299,68.20222011078832,4|switch|mobile|liquid|s1|g2|mixed,False,False,False,False,0,1,,,,,,,,,,,,False,51.15166508309124,False,False,False,False,False,,False,40.92133206647299,False,False,False,False,False,
2,p2g12_033,12,mint_bilin,"[""p2g11_036""]",6e9a2f8f228b69bd,ok,partial,0.6686,71.05031484409541,73.84385807349236,4|grow|mobile|liquid|s2|g2|structured,False,False,False,False,0,1,,,,,,,,,,,,True,72.09789355511927,True,False,False,False,False,,True,71.05031484409541,True,False,False,False,False,
2,p2g12_034,12,mint_bilin,"[""p2g10_048""]",32ef034f07ad5e43,ok,partial,0.5236,56.07441028157919,58.550683802631994,3|switch|mobile|flicker|s1|g0|structured,False,False,False,False,0,1,,,,,,,,,,,,False,57.00301285197399,False,False,False,False,False,,False,56.07441028157919,False,False,False,False,False,
2,p2g12_037,12,mint_bilin,"[""p2g1_017""]",0723ea35907574c2,ok,partial,0.5806,73.4938084185725,83.78301403095416,4|grow|mobile|liquid|s2|g2|structured,False,False,False,False,0,1,,,,,,,,,,,,True,77.35226052321562,True,False,False,False,False,,True,73.4938084185725,True,False,False,False,False,
2,p2g12_038,12,mint_bilin,"[""p2g8_054""]",b09bd6fd68ac4cfb,ok,partial,0.6894,60.24135412070134,54.44225686783557,4|constant|rotor|liquid|s1|g2|structured,True,True,True,True,0,3,0.5788,p2g12_038_s2,ok,0.5953,65.6736729192518,69.76945486541966,p2g12_038_s3,ok,0.5788,59.820042453609375,61.113404089348954,False,58.066692650876675,True,True,False,False,False,58.066692650876675,True,60.24135412070134,True,True,True,False,False,59.820042453609375
2,p2g12_039,12,mint_bilin,"[""p2g4_020""]",3c647ad70ef88e47,ok,partial,0.3905,57.37056464821231,69.58427441368718,4|grow|mobile|liquid|s1|g2|structured,False,False,False,False,0,1,,,,,,,,,,,,False,61.95070581026539,False,False,False,False,False,,False,57.37056464821231,False,False,False,False,False,
2,p2g12_041,12,delete_bilin,"[""p2g1_017""]",e080558dddf0fa15,ok,partial,0.415,61.9848845890002,75.64147431500035,4|switch|rotor|liquid|s1|g2|structured,False,False,False,False,0,1,,,,,,,,,,,,True,67.10610573625027,True,False,False,False,False,,True,61.9848845890002,True,False,False,False,False,
2,p2g12_042,12,delete_bilin,"[""p2g1_067""]",e297586c56e2cc87,ok,partial,0.4948,66.45042086699699,77.76403477832832,4|grow|rotor|liquid|s2|g2|structured,False,False,False,False,0,1,,,,,,,,,,,,True,70.69302608374625,True,False,False,False,False,,True,66.45042086699699,True,False,False,False,False,
2,p2g12_044,12,add_chan,"[""p2g2_055""]",abc9e1d6f2e2491f,ok,partial,0.5623,50.279171351949124,46.31195225324854,3|switch|mobile|liquid|s1|g1|structured,False,False,False,False,0,1,,,,,,,,,,,,False,48.791464189936406,False,False,False,False,False,,False,50.279171351949124,False,False,False,False,False,
2,p2g12_046,12,add_chan,"[""p2g10_053""]",ef184c4dfcd0663c,ok,partial,0.0893,33.71660554535314,50.24100924225523,4|switch|drift|liquid|s1|g2|mixed,False,False,False,False,0,1,,,,,,,,,,,,False,39.91325693169142,False,False,False,False,False,,False,33.71660554535314,False,False,False,False,False,
2,p2g12_049,12,add_chan,"[""p2g6_032""]",7ea01af979065f75,ok,partial,0.4603,54.77598508690528,60.60664181150881,3|switch|mobile|liquid|s1|g1|structured,False,False,False,False,0,1,,,,,,,,,,,,False,56.96248135863161,False,False,False,False,False,,False,54.77598508690528,False,False,False,False,False,
2,p2g12_051,12,add_chan,"[""p2g2_055""]",288ca7995f279fc0,ok,partial,0.3746,55.51427170636816,67.55045284394694,4|grow|mobile|liquid|s1|g1|structured,False,False,False,False,0,1,,,,,,,,,,,,False,60.02783963296021,False,False,False,False,False,,False,55.51427170636816,False,False,False,False,False,
2,p2g12_052,12,merge_spatial_ic,"[""p2g1_054"",""p2g10_004""]",eef1806b5f1e0089,ok,partial,0.4051,57.3287290596019,68.5412150993365,4|grow|mobile|liquid|s1|g2|structured,False,False,False,False,0,1,,,,,,,,,,,,True,61.53341132450237,True,False,False,False,False,,False,57.3287290596019,False,False,False,False,False,
2,p2g12_053,12,merge_cross_edge,"[""p2g6_064"",""blk_engine_10748""]",ad7f59a391c27019,ok,partial,0.4003,56.072463230018,66.76743871669667,4|oscillator|rotor|liquid|s1|g2|structured,True,True,True,True,0,3,0.3012,p2g12_053_s2,ok,0.3378,54.63586940125517,68.53978233542529,p2g12_053_s3,ok,0.3012,52.776239964189664,67.88039994031611,True,60.0830790375225,True,False,False,False,False,58.44029995523708,False,56.072463230018,False,False,False,False,False,52.776239964189664
2,p2g12_054,12,merge_cross_edge,"[""p2g8_031"",""ref_iso_d0.65""]",c9fee3ef842a5e4f,ok,partial,0.0,23.804128064224937,39.67354677370823,3|switch|still|frozen|s1|g2|mixed,False,False,False,False,0,1,,,,,,,,,,,,False,29.755160080281172,False,False,False,False,False,,False,23.804128064224937,False,False,False,False,False,
2,p2g12_057,12,merge_cross_edge,"[""p2g6_004"",""ref_M0""]",8dc49301438871a2,ok,partial,0.2487,65.9506379469689,93.33772991161484,4|grow|rotor|liquid|s3|g2|structured,False,False,False,False,0,1,,,,,,,,,,,,False,76.22079743371114,False,False,False,False,False,,False,65.9506379469689,False,False,False,False,False,
2,p2g12_058,12,merge_cross_edge,"[""p2g2_074"",""ref_M4_tau5.7""]",ba3c68885d5112f3,ok,partial,0.1079,24.70443172817263,33.98071954695438,3|oscillator|drift|liquid|s1|g2|structured,True,True,True,True,0,3,0.0582,p2g12_058_s2,ok,0.093,26.14540626659294,37.375677110988235,p2g12_058_s3,ok,0.0582,18.9842539241028,27.760423206838002,False,28.183039660215783,False,False,False,False,False,22.275317405128504,False,24.70443172817263,False,False,False,False,False,18.9842539241028
2,p2g12_059,12,merge_cross_edge,"[""p2g9_064"",""ref_M0""]",69515ffae0573365,ok,partial,0.5522,61.44425754804332,65.5937625800722,4|switch|mobile|liquid|s1|g2|structured,False,False,False,False,0,1,,,,,,,,,,,,True,63.000321935054146,True,False,False,False,False,,True,61.44425754804332,True,False,False,False,False,
2,p2g12_061,12,merge_cross_edge,"[""p2g2_035"",""blk_p1g2_008""]",cb95c4f925c88b80,ok,partial,0.417,55.204982172307524,64.20830362051254,4|switch|mobile|liquid|s1|g2|structured,False,False,False,False,0,1,,,,,,,,,,,,False,58.5812277153844,False,False,False,False,False,,False,55.204982172307524,False,False,False,False,False,
2,p2g12_002,12,mutate,"[""p2g7_049""]",1bc1b203cf76f624,ok,partial,0.4913,52.252938744520016,54.33489790753336,3|switch|mobile|liquid|s2|g2|structured,False,False,False,False,0,1,,,,,,,,,,,,False,53.03367343065002,False,False,False,False,False,,False,52.252938744520016,False,False,False,False,False,
2,p2g12_003,12,mutate,"[""p2g7_049""]",d48c4bc781de9200,ok,partial,0.282,42.87100912207079,52.65168187011798,3|switch|mobile|liquid|s1|g0|structured,False,False,False,False,0,1,,,,,,,,,,,,False,46.538761402588484,False,False,False,False,False,,False,42.87100912207079,False,False,False,False,False,
2,p2g12_005,12,mutate,"[""p2g9_026""]",4c4b71ee687ff188,ok,partial,0.5139,50.306024505992994,49.58337417665499,2|grow|mobile|liquid|s1|g1|structured,True,True,True,True,0,3,0.4864,p2g12_005_s2,ok,0.4864,49.22105956810953,49.60843261351589,p2g12_005_s3,ok,0.5043,49.674562107933866,49.17093684655645,False,50.03503063249124,False,False,False,False,False,49.36632446013691,False,50.306024505992994,False,False,False,False,False,49.22105956810953
2,p2g12_008,12,mutate,"[""p2g6_032""]",c72eb2f4d3420139,ok,partial,0.2622,44.8305196140405,57.2375326900675,2|switch|mobile|liquid|s2|g1|structured,True,True,True,True,0,3,0.2622,p2g12_008_s2,ok,0.503,54.52739606301098,57.34566010501831,p2g12_008_s3,ok,0.4205,49.08260134567418,53.7710022427903,False,49.48314951755063,False,False,False,False,False,49.48314951755063,False,44.8305196140405,False,False,False,False,False,44.8305196140405
2,p2g12_011,12,mutate,"[""p2g2_038""]",c074adcfbf2a4f5a,ok,partial,0.0,17.485986084481503,29.14331014080251,2|constant|still|frozen|s1|g2|mixed,False,False,False,False,0,1,,,,,,,,,,,,False,21.85748260560188,False,False,False,False,False,,False,17.485986084481503,False,False,False,False,False,
2,p2g12_015,12,mutate,"[""p2g6_032""]",074ba5c7e959ae20,ok,partial,0.5759,59.12364933357138,60.14608222261897,3|switch|rotor|flicker|s2|g1|structured,True,True,True,True,0,3,0.5395,p2g12_015_s2,ok,0.5395,64.4292114811571,71.41535246859516,p2g12_015_s3,ok,0.5474,62.951245154095524,68.42540859015921,False,59.507061666964226,True,True,False,False,False,59.507061666964226,False,59.12364933357138,True,True,False,False,False,59.12364933357138
2,p2g12_016,12,mutate,"[""p2g6_032""]",b80ec9134b49cff3,ok,partial,0.3235,53.117602868416796,66.96267144736132,3|switch|mobile|liquid|s1|g1|structured,False,False,False,False,0,1,,,,,,,,,,,,False,58.309503585520986,False,False,False,False,False,,False,53.117602868416796,False,False,False,False,False,
2,p2g12_017,12,mutate,"[""p2g10_037""]",ac7ca6e3cc6c690b,ok,partial,0.0,3.1231064986294483,5.205177497715748,2|constant|still|frozen|s1|g0|mixed,False,False,False,False,0,1,,,,,,,,,,,,False,3.9038831232868105,False,False,False,False,False,,False,3.1231064986294483,False,False,False,False,False,
2,p2g12_018,12,mutate,"[""p2g7_049""]",dfb75c887bad2fba,ok,partial,0.386,61.12671028772846,76.1445171462141,4|grow|mobile|liquid|s1|g2|structured,False,False,False,False,0,1,,,,,,,,,,,,False,66.75838785966057,False,False,False,False,False,,False,61.12671028772846,False,False,False,False,False,
2,p2g12_022,12,mint_bilin,"[""p2g7_030""]",768ad805175481d8,ok,partial,0.3744,58.4769932078119,72.50165534635317,4|grow|rotor|liquid|s1|g2|structured,False,False,False,False,0,1,,,,,,,,,,,,False,63.73624150976488,False,False,False,False,False,,False,58.4769932078119,False,False,False,False,False,
2,p2g12_028,12,mint_bilin,"[""p2g7_049""]",20ed565575614df0,ok,partial,0.5849,66.5032583673546,71.84543061225767,4|grow|mobile|liquid|s1|g2|structured,False,False,False,False,0,1,,,,,,,,,,,,True,68.50657295919325,True,False,False,False,False,,True,66.5032583673546,True,False,False,False,False,
2,p2g12_029,12,mint_bilin,"[""p2g7_049""]",96f510da38e4c15c,ok,partial,0.3765,56.43910191879144,68.9651698646524,4|grow|mobile|liquid|s1|g2|structured,False,False,False,False,0,1,,,,,,,,,,,,False,61.136377398489294,False,False,False,False,False,,False,56.43910191879144,False,False,False,False,False,
2,p2g12_031,12,mint_bilin,"[""p2g10_037""]",731054d99f8445a1,ok,partial,0.3407,59.75108320105354,76.87180533508923,4|grow|mobile|liquid|s1|g2|structured,False,False,False,False,0,1,,,,,,,,,,,,False,66.17135400131693,False,False,False,False,False,,False,59.75108320105354,False,False,False,False,False,
2,p2g12_032,12,mint_bilin,"[""p2g7_049""]",9e5e817b2eaf6f4a,ok,partial,0.3779,56.27353300507273,68.59588834178788,4|grow|mobile|liquid|s1|g2|structured,False,False,False,False,0,1,,,,,,,,,,,,False,60.89441625634091,False,False,False,False,False,,False,56.27353300507273,False,False,False,False,False,
2,p2g12_036,12,mint_bilin,"[""p2g7_030""]",27408abc9767a58d,ok,partial,0.5792,53.93616593900484,51.28027656500805,4|switch|mobile|liquid|s1|g2|structured,False,False,False,False,0,1,,,,,,,,,,,,False,52.940207423756036,False,False,False,False,False,,False,53.93616593900484,False,False,False,False,False,
2,p2g12_040,12,delete_bilin,"[""p2g6_032""]",a758dc867063b449,ok,partial,0.0,37.219355826226014,62.03225971037669,3|switch|mobile|liquid|s1|g1|structured,False,False,False,False,0,1,,,,,,,,,,,,False,46.524194782782516,False,False,False,False,False,,False,37.219355826226014,False,False,False,False,False,
2,p2g12_047,12,add_chan,"[""p2g2_038""]",0ac0445c7354bb2d,ok,partial,0.2098,48.259772334291085,66.44628722381847,2|grow|mobile|liquid|s2|g2|structured,False,False,False,False,0,1,,,,,,,,,,,,False,55.07971541786385,False,False,False,False,False,,False,48.259772334291085,False,False,False,False,False,
2,p2g12_050,12,add_chan,"[""p2g1_030""]",2752fda47b8ae440,ok,partial,0.1006,37.943228308333964,56.5320471805566,3|grow|drift|frozen|s1|g2|structured,True,True,True,True,0,3,0.0684,p2g12_050_s2,ok,0.111,42.194918833535716,62.92486472255953,p2g12_050_s3,ok,0.0684,35.87780525824343,55.23634209707238,False,44.91403538541745,False,False,False,False,False,43.13725657280428,False,37.943228308333964,False,False,False,False,False,35.87780525824343
2,p2g12_004,12,mutate,"[""p2g10_037""]",074191eeba59cb75,ok,partial,0.6501,74.76214560261714,81.2635760043619,4|switch|mobile|liquid|s1|g2|structured,False,False,False,False,0,1,,,,,,,,,,,,True,77.20018200327142,True,False,False,False,False,,True,74.76214560261714,True,False,False,False,False,
2,p2g12_019,12,mutate,"[""p2g6_037""]",7852016d05165a28,ok,partial,0.5644,53.82261908096912,52.077698468281866,3|switch|mobile|liquid|s1|g0|structured,False,False,False,False,0,1,,,,,,,,,,,,False,53.168273851211396,False,False,False,False,False,,False,53.82261908096912,False,False,False,False,False,
2,p2g12_020,12,mutate,"[""p2g6_032""]",faf1ed323ded1de9,ok,partial,0.2589,51.18403838657255,68.04673064428759,3|switch|rotor|liquid|s1|g1|structured,True,True,True,True,0,3,0.2589,p2g12_020_s2,ok,0.479,61.74202770449091,70.97004617415152,p2g12_020_s3,ok,0.526,64.68981719975956,72.7496953329326,False,57.50754798321569,True,True,False,False,False,57.50754798321569,False,51.18403838657255,True,True,False,False,False,51.18403838657255
2,p2g12_025,12,mint_bilin,"[""p2g9_042""]",4ff7b4089acd896c,ok,partial,0.2588,51.97928450310007,69.37880750516679,4|grow|rotor|liquid|s2|g1|structured,False,False,False,False,0,1,,,,,,,,,,,,False,58.504105628875095,False,False,False,False,False,,False,51.97928450310007,False,False,False,False,False,
2,p2g12_035,12,mint_bilin,"[""p2g7_049""]",94fcef29710fcc32,ok,partial,0.6379,72.5863474223815,78.45057903730249,4|grow|mobile|liquid|s1|g2|structured,False,False,False,False,0,1,,,,,,,,,,,,True,74.78543427797688,True,False,False,False,False,,True,72.5863474223815,True,False,False,False,False,
2,p2g12_043,12,delete_bilin,"[""p2g6_037""]",2118b3d23cd81fe6,ok,partial,0.3999,49.13016461554221,55.22360769257036,2|grow|mobile|liquid|s1|g0|structured,True,True,True,True,0,3,0.3164,p2g12_043_s2,ok,0.6927,53.58351232943647,43.125853882394125,p2g12_043_s3,ok,0.3164,47.72841163872554,58.4540193978759,False,51.41520576942777,False,False,False,False,False,49.661890411795596,False,49.13016461554221,False,False,False,False,False,47.72841163872554
2,p2g12_045,12,add_chan,"[""p2g6_024""]",1ff26ebb29f42f24,ok,partial,0.4621,64.79585348390336,77.18642247317226,3|switch|rotor|flicker|s1|g2|structured,False,False,False,False,0,1,,,,,,,,,,,,True,69.4423168548792,True,False,False,False,False,,True,64.79585348390336,True,False,False,False,False,
2,p2g12_000,12,mutate,"[""p2g1_065""]",7eb7956879a57083,ok,partial,0.0,0.0,0.0,1|constant|still|gas|s1|g0|mixed,False,False,False,False,0,1,,,,,,,,,,,,False,0.0,False,False,False,False,False,,False,0.0,False,False,False,False,False,
2,p2g12_013,12,mutate,"[""p2g5_057""]",182d4e130d5c8fd8,ok,partial,0.0,20.85740840562526,34.76234734270877,3|oscillator|still|frozen|s1|g1|mixed,True,True,True,True,0,3,0.0,p2g12_013_s2,ok,0.0,18.26172404850677,30.436206747511285,p2g12_013_s3,ok,0.0,15.428101334878521,25.713502224797537,False,26.071760507031577,False,False,False,False,False,19.285126668598153,False,20.85740840562526,False,False,False,False,False,15.428101334878521
2,p2g12_014,12,mutate,"[""p2g1_003""]",c3404c48d32aab27,ok,partial,0.0,22.09880747183441,36.831345786390685,3|constant|still|liquid|s1|g2|mixed,False,False,False,False,0,1,,,,,,,,,,,,False,27.623509339793014,False,False,False,False,False,,False,22.09880747183441,False,False,False,False,False,
2,p2g12_048,12,add_chan,"[""p2g3_049""]",3ddf96c4f264abcd,ok,partial,0.0,34.19860118054667,56.99766863424445,4|switch|mobile|liquid|s1|g0|mixed,False,False,False,False,0,1,,,,,,,,,,,,False,42.74825147568333,False,False,False,False,False,,False,34.19860118054667,False,False,False,False,False,
2,p2g12_030,12,mint_bilin,"[""p5g8_007""]",99e86599b98cab9c,ok,partial,0.0,37.14335523627331,61.90559206045552,3|switch|drift|liquid|s1|g2|mixed,False,False,False,False,0,1,,,,,,,,,,,,False,46.42919404534164,False,False,False,False,False,,False,37.14335523627331,False,False,False,False,False,
2,p2g12_065,12,immigrate,,3c93613a67baac17,no_blobs,missing,,0.0,,,False,False,False,False,0,1,,,,,,,,,,,,False,,False,False,False,False,False,,False,,False,False,False,False,False,
2,p2g12_001,12,mutate,"[""p2g6_031""]",1068c49c92825425,ok,partial,0.0,38.17044942570663,63.61741570951105,3|switch|mobile|liquid|s1|g2|mixed,False,False,False,False,0,1,,,,,,,,,,,,False,47.71306178213329,False,False,False,False,False,,False,38.17044942570663,False,False,False,False,False,
2,p2g12_056,12,merge_cross_edge,"[""p2g3_015"",""ref_M0""]",a73b349f306945d2,ok,partial,0.5486,61.59744101575596,66.08906835959328,3|grow|mobile|liquid|s1|g2|structured,False,False,False,False,0,1,,,,,,,,,,,,True,63.28180126969497,True,False,False,False,False,,True,61.59744101575596,True,False,False,False,False,
2,p2g12_060,12,merge_slow_tanh,"[""p2g4_062"",""ref_iso_d0.75""]",555ea9ed08e4bfc4,ok,partial,0.4648,57.28555017239866,64.4892502873311,3|switch|mobile|liquid|s1|g2|structured,False,False,False,False,0,1,,,,,,,,,,,,False,59.98693771549832,False,False,False,False,False,,False,57.28555017239866,False,False,False,False,False,
2,p2g12_063,12,immigrate,,76549870ee7fae9f,ok,partial,0.0,0.0,0.0,1|constant|still|gas|s1|g0|mixed,False,False,False,False,0,1,,,,,,,,,,,,False,0.0,False,False,False,False,False,,False,0.0,False,False,False,False,False,
2,p2g12_064,12,immigrate,,e0bdf158fdffe82a,no_blobs,missing,,0.0,,,False,False,False,False,0,1,,,,,,,,,,,,False,,False,False,False,False,False,,False,,False,False,False,False,False,
2,p2g12_023,12,mint_bilin,"[""p6g2_022""]",05c0e02bbd168d13,ok,partial,0.5599,64.77080977171177,70.62468295285296,4|grow|mobile|flicker|s2|g0|structured,True,True,True,True,0,3,0.5593,p2g12_023_s2,ok,0.5593,61.60634523533916,65.39057539223194,p2g12_023_s3,ok,0.5604,64.61780988344933,70.33634980574888,True,66.96601221463972,True,True,True,True,True,63.025431544173955,True,64.77080977171177,True,True,True,True,True,61.60634523533916
2,p2g12_062,12,immigrate,,8b9a523e25c9d24f,ok,partial,0.0,0.0,0.0,1|constant|still|gas|s1|g0|mixed,False,False,False,False,0,1,,,,,,,,,,,,False,0.0,False,False,False,False,False,,False,0.0,False,False,False,False,False,
2,p2g12_066,12,immigrate,,93aec90b0c5f3d69,ok,partial,0.0,0.0,0.0,1|constant|still|gas|s1|g2|mixed,False,False,False,False,0,1,,,,,,,,,,,,False,0.0,False,False,False,False,False,,False,0.0,False,False,False,False,False,
