island,cand,phase,seed,gen,declared_parent,actual_origin_op,valid_same_genome_base,evidence
1,p1g1_023_s2,seed2,958,1,p1g1_023,mint_bilin,True,explicit_single_parent_and_matching_ghash_and_model
1,p1g1_000_s2,seed2,958,1,p1g1_000,mutate,True,explicit_single_parent_and_matching_ghash_and_model
1,p1g1_052_s2,seed2,958,1,p1g1_052,merge_spatial_ic,True,explicit_single_parent_and_matching_ghash_and_model
1,p1g1_034_s2,seed2,958,1,p1g1_034,add_chan,True,explicit_single_parent_and_matching_ghash_and_model
1,p1g1_037_s2,seed2,958,1,p1g1_037,add_chan,True,explicit_single_parent_and_matching_ghash_and_model
1,p1g1_038_s2,seed2,958,1,p1g1_038,add_chan,True,explicit_single_parent_and_matching_ghash_and_model
1,p1g1_042_s2,seed2,958,1,p1g1_042,dup_act,True,explicit_single_parent_and_matching_ghash_and_model
1,p1g1_056_s2,seed2,958,1,p1g1_056,merge_cross_edge,True,explicit_single_parent_and_matching_ghash_and_model
1,p1g1_058_s2,seed2,958,1,p1g1_058,merge_cross_edge,True,explicit_single_parent_and_matching_ghash_and_model
1,p1g1_061_s2,seed2,958,1,p1g1_061,merge_cross_edge,True,explicit_single_parent_and_matching_ghash_and_model
1,p1g1_063_s2,seed2,958,1,p1g1_063,merge_cross_edge,True,explicit_single_parent_and_matching_ghash_and_model
1,p1g1_068_s2,seed2,958,1,p1g1_068,merge_cross_edge,True,explicit_single_parent_and_matching_ghash_and_model
1,p1g1_075_s2,seed2,958,1,p1g1_075,merge_cross_edge,True,explicit_single_parent_and_matching_ghash_and_model
1,p1g1_050_s2,seed2,958,1,p1g1_050,merge_spatial_ic,True,explicit_single_parent_and_matching_ghash_and_model
1,p1g1_027_s2,seed2,958,1,p1g1_027,mint_bilin,True,explicit_single_parent_and_matching_ghash_and_model
1,p1g1_044_s2,seed2,958,1,p1g1_044,dup_act,True,explicit_single_parent_and_matching_ghash_and_model
1,p1g1_045_s2,seed2,958,1,p1g1_045,dup_act,True,explicit_single_parent_and_matching_ghash_and_model
1,p1g1_018_s2,seed2,958,1,p1g1_018,mint_bilin,True,explicit_single_parent_and_matching_ghash_and_model
1,p1g1_048_s2,seed2,958,1,p1g1_048,merge_spatial_ic,True,explicit_single_parent_and_matching_ghash_and_model
1,p1g1_053_s2,seed2,958,1,p1g1_053,merge_spatial_ic,True,explicit_single_parent_and_matching_ghash_and_model
1,p1g1_005_s2,seed2,958,1,p1g1_005,mutate,True,explicit_single_parent_and_matching_ghash_and_model
1,p1g1_013_s2,seed2,958,1,p1g1_013,mutate,True,explicit_single_parent_and_matching_ghash_and_model
1,p1g1_020_s2,seed2,958,1,p1g1_020,mint_bilin,True,explicit_single_parent_and_matching_ghash_and_model
1,p1g1_024_s2,seed2,958,1,p1g1_024,mint_bilin,True,explicit_single_parent_and_matching_ghash_and_model
1,p1g1_007_s2,seed2,958,1,p1g1_007,mutate,True,explicit_single_parent_and_matching_ghash_and_model
1,p1g1_009_s2,seed2,958,1,p1g1_009,mutate,True,explicit_single_parent_and_matching_ghash_and_model
1,p1g1_057_s2,seed2,958,1,p1g1_057,merge_cross_edge,True,explicit_single_parent_and_matching_ghash_and_model
1,p1g1_064_s2,seed2,958,1,p1g1_064,merge_cross_edge,True,explicit_single_parent_and_matching_ghash_and_model
1,p1g1_065_s2,seed2,958,1,p1g1_065,merge_cross_edge,True,explicit_single_parent_and_matching_ghash_and_model
1,p1g1_070_s2,seed2,958,1,p1g1_070,merge_cross_edge,True,explicit_single_parent_and_matching_ghash_and_model
1,p1g1_073_s2,seed2,958,1,p1g1_073,merge_cross_edge,True,explicit_single_parent_and_matching_ghash_and_model
1,p1g1_011_s2,seed2,958,1,p1g1_011,mutate,True,explicit_single_parent_and_matching_ghash_and_model
1,p1g1_017_s2,seed2,958,1,p1g1_017,mint_bilin,True,explicit_single_parent_and_matching_ghash_and_model
1,p1g1_019_s2,seed2,958,1,p1g1_019,mint_bilin,True,explicit_single_parent_and_matching_ghash_and_model
1,p1g1_054_s2,seed2,958,1,p1g1_054,merge_spatial_ic,True,explicit_single_parent_and_matching_ghash_and_model
1,p1g1_003_s2,seed2,958,1,p1g1_003,mutate,True,explicit_single_parent_and_matching_ghash_and_model
1,p1g1_032_s2,seed2,958,1,p1g1_032,add_chan,True,explicit_single_parent_and_matching_ghash_and_model
1,p1g1_026_s2,seed2,958,1,p1g1_026,mint_bilin,True,explicit_single_parent_and_matching_ghash_and_model
1,p1g1_029_s2,seed2,958,1,p1g1_029,delete_bilin,True,explicit_single_parent_and_matching_ghash_and_model
1,p1g1_051_s2,seed2,958,1,p1g1_051,merge_spatial_ic,True,explicit_single_parent_and_matching_ghash_and_model
1,p1g1_033_s2,seed2,958,1,p1g1_033,add_chan,True,explicit_single_parent_and_matching_ghash_and_model
1,p1g1_040_s2,seed2,958,1,p1g1_040,dup_act,True,explicit_single_parent_and_matching_ghash_and_model
1,p1g1_046_s2,seed2,958,1,p1g1_046,dup_act,True,explicit_single_parent_and_matching_ghash_and_model
1,p1g1_047_s2,seed2,958,1,p1g1_047,dup_act,True,explicit_single_parent_and_matching_ghash_and_model
1,p1g1_062_s2,seed2,958,1,p1g1_062,merge_cross_edge,True,explicit_single_parent_and_matching_ghash_and_model
1,p1g1_067_s2,seed2,958,1,p1g1_067,merge_cross_edge,True,explicit_single_parent_and_matching_ghash_and_model
1,p1g1_074_s2,seed2,958,1,p1g1_074,merge_cross_edge,True,explicit_single_parent_and_matching_ghash_and_model
1,p1g1_049_s2,seed2,958,1,p1g1_049,merge_spatial_ic,True,explicit_single_parent_and_matching_ghash_and_model
1,p1g1_002_s2,seed2,958,1,p1g1_002,mutate,True,explicit_single_parent_and_matching_ghash_and_model
1,p1g1_004_s2,seed2,958,1,p1g1_004,mutate,True,explicit_single_parent_and_matching_ghash_and_model
1,p1g1_008_s2,seed2,958,1,p1g1_008,mutate,True,explicit_single_parent_and_matching_ghash_and_model
1,p1g1_039_s2,seed2,958,1,p1g1_039,add_chan,True,explicit_single_parent_and_matching_ghash_and_model
1,p1g1_041_s2,seed2,958,1,p1g1_041,dup_act,True,explicit_single_parent_and_matching_ghash_and_model
1,p1g1_066_s2,seed2,958,1,p1g1_066,merge_cross_edge,True,explicit_single_parent_and_matching_ghash_and_model
1,p1g1_012_s2,seed2,958,1,p1g1_012,mutate,True,explicit_single_parent_and_matching_ghash_and_model
1,p1g1_021_s2,seed2,958,1,p1g1_021,mint_bilin,True,explicit_single_parent_and_matching_ghash_and_model
1,p1g1_035_s2,seed2,958,1,p1g1_035,add_chan,True,explicit_single_parent_and_matching_ghash_and_model
1,p1g1_036_s2,seed2,958,1,p1g1_036,add_chan,True,explicit_single_parent_and_matching_ghash_and_model
1,p1g1_006_s2,seed2,958,1,p1g1_006,mutate,True,explicit_single_parent_and_matching_ghash_and_model
1,p1g1_010_s2,seed2,958,1,p1g1_010,mutate,True,explicit_single_parent_and_matching_ghash_and_model
1,p1g1_028_s2,seed2,958,1,p1g1_028,delete_bilin,True,explicit_single_parent_and_matching_ghash_and_model
1,p1g1_031_s2,seed2,958,1,p1g1_031,delete_bilin,True,explicit_single_parent_and_matching_ghash_and_model
1,p1g1_055_s2,seed2,958,1,p1g1_055,merge_spatial_ic,True,explicit_single_parent_and_matching_ghash_and_model
1,p1g1_060_s2,seed2,958,1,p1g1_060,merge_cross_edge,True,explicit_single_parent_and_matching_ghash_and_model
1,p1g1_069_s2,seed2,958,1,p1g1_069,merge_slow_tanh,True,explicit_single_parent_and_matching_ghash_and_model
1,p1g1_023_s3,seed3,959,1,p1g1_023,mint_bilin,True,explicit_single_parent_and_matching_ghash_and_model
1,p1g2_034_s2,seed2,958,2,p1g2_034,add_chan,True,explicit_single_parent_and_matching_ghash_and_model
1,p1g2_032_s2,seed2,958,2,p1g2_032,add_chan,True,explicit_single_parent_and_matching_ghash_and_model
1,p1g1_000_s3,seed3,959,1,p1g1_000,mutate,True,explicit_single_parent_and_matching_ghash_and_model
1,p1g2_025_s2,seed2,958,2,p1g2_025,mint_bilin,True,explicit_single_parent_and_matching_ghash_and_model
1,p1g2_043_s2,seed2,958,2,p1g2_043,dup_act,True,explicit_single_parent_and_matching_ghash_and_model
1,p1g2_049_s2,seed2,958,2,p1g2_049,merge_spatial_ic,True,explicit_single_parent_and_matching_ghash_and_model
1,p1g2_059_s2,seed2,958,2,p1g2_059,merge_cross_edge,True,explicit_single_parent_and_matching_ghash_and_model
1,p1g2_065_s2,seed2,958,2,p1g2_065,merge_cross_edge,True,explicit_single_parent_and_matching_ghash_and_model
1,p1g2_073_s2,seed2,958,2,p1g2_073,merge_cross_edge,True,explicit_single_parent_and_matching_ghash_and_model
1,p1g2_035_s2,seed2,958,2,p1g2_035,add_chan,True,explicit_single_parent_and_matching_ghash_and_model
1,p1g2_051_s2,seed2,958,2,p1g2_051,merge_spatial_ic,True,explicit_single_parent_and_matching_ghash_and_model
1,p1g2_019_s2,seed2,958,2,p1g2_019,mint_bilin,True,explicit_single_parent_and_matching_ghash_and_model
1,p1g2_031_s2,seed2,958,2,p1g2_031,delete_bilin,True,explicit_single_parent_and_matching_ghash_and_model
1,p1g2_048_s2,seed2,958,2,p1g2_048,merge_spatial_ic,True,explicit_single_parent_and_matching_ghash_and_model
1,p1g2_071_s2,seed2,958,2,p1g2_071,merge_slow_tanh,True,explicit_single_parent_and_matching_ghash_and_model
1,p1g1_052_s3,seed3,959,1,p1g1_052,merge_spatial_ic,True,explicit_single_parent_and_matching_ghash_and_model
1,p1g1_034_s3,seed3,959,1,p1g1_034,add_chan,True,explicit_single_parent_and_matching_ghash_and_model
1,p1g1_037_s3,seed3,959,1,p1g1_037,add_chan,True,explicit_single_parent_and_matching_ghash_and_model
1,p1g1_038_s3,seed3,959,1,p1g1_038,add_chan,True,explicit_single_parent_and_matching_ghash_and_model
1,p1g1_056_s3,seed3,959,1,p1g1_056,merge_cross_edge,True,explicit_single_parent_and_matching_ghash_and_model
1,p1g1_058_s3,seed3,959,1,p1g1_058,merge_cross_edge,True,explicit_single_parent_and_matching_ghash_and_model
1,p1g1_061_s3,seed3,959,1,p1g1_061,merge_cross_edge,True,explicit_single_parent_and_matching_ghash_and_model
1,p1g1_063_s3,seed3,959,1,p1g1_063,merge_cross_edge,True,explicit_single_parent_and_matching_ghash_and_model
1,p1g1_068_s3,seed3,959,1,p1g1_068,merge_cross_edge,True,explicit_single_parent_and_matching_ghash_and_model
1,p1g1_075_s3,seed3,959,1,p1g1_075,merge_cross_edge,True,explicit_single_parent_and_matching_ghash_and_model
1,p1g1_073_s3,seed3,959,1,p1g1_073,merge_cross_edge,True,explicit_single_parent_and_matching_ghash_and_model
1,p1g1_067_s3,seed3,959,1,p1g1_067,merge_cross_edge,True,explicit_single_parent_and_matching_ghash_and_model
1,p1g1_050_s3,seed3,959,1,p1g1_050,merge_spatial_ic,True,explicit_single_parent_and_matching_ghash_and_model
1,p1g1_027_s3,seed3,959,1,p1g1_027,mint_bilin,True,explicit_single_parent_and_matching_ghash_and_model
1,p1g1_044_s3,seed3,959,1,p1g1_044,dup_act,True,explicit_single_parent_and_matching_ghash_and_model
1,p1g1_045_s3,seed3,959,1,p1g1_045,dup_act,True,explicit_single_parent_and_matching_ghash_and_model
1,p1g1_020_s3,seed3,959,1,p1g1_020,mint_bilin,True,explicit_single_parent_and_matching_ghash_and_model
1,p1g1_024_s3,seed3,959,1,p1g1_024,mint_bilin,True,explicit_single_parent_and_matching_ghash_and_model
1,p1g1_018_s3,seed3,959,1,p1g1_018,mint_bilin,True,explicit_single_parent_and_matching_ghash_and_model
1,p1g1_051_s3,seed3,959,1,p1g1_051,merge_spatial_ic,True,explicit_single_parent_and_matching_ghash_and_model
1,p1g2_069_s2,seed2,958,2,p1g2_069,merge_cross_edge,True,explicit_single_parent_and_matching_ghash_and_model
1,p1g1_031_s3,seed3,959,1,p1g1_031,delete_bilin,True,explicit_single_parent_and_matching_ghash_and_model
1,p1g1_055_s3,seed3,959,1,p1g1_055,merge_spatial_ic,True,explicit_single_parent_and_matching_ghash_and_model
1,p1g2_068_s2,seed2,958,2,p1g2_068,merge_cross_edge,True,explicit_single_parent_and_matching_ghash_and_model
1,p1g2_022_s2,seed2,958,2,p1g2_022,mint_bilin,True,explicit_single_parent_and_matching_ghash_and_model
1,p1g2_024_s2,seed2,958,2,p1g2_024,mint_bilin,True,explicit_single_parent_and_matching_ghash_and_model
1,p1g2_021_s2,seed2,958,2,p1g2_021,mint_bilin,True,explicit_single_parent_and_matching_ghash_and_model
1,p1g2_028_s2,seed2,958,2,p1g2_028,delete_bilin,True,explicit_single_parent_and_matching_ghash_and_model
1,p1g2_020_s2,seed2,958,2,p1g2_020,mint_bilin,True,explicit_single_parent_and_matching_ghash_and_model
1,p1g1_053_s3,seed3,959,1,p1g1_053,merge_spatial_ic,True,explicit_single_parent_and_matching_ghash_and_model
1,p1g1_005_s3,seed3,959,1,p1g1_005,mutate,True,explicit_single_parent_and_matching_ghash_and_model
1,p1g1_013_s3,seed3,959,1,p1g1_013,mutate,True,explicit_single_parent_and_matching_ghash_and_model
1,p1g1_039_s3,seed3,959,1,p1g1_039,add_chan,True,explicit_single_parent_and_matching_ghash_and_model
1,p1g1_007_s3,seed3,959,1,p1g1_007,mutate,True,explicit_single_parent_and_matching_ghash_and_model
1,p1g1_009_s3,seed3,959,1,p1g1_009,mutate,True,explicit_single_parent_and_matching_ghash_and_model
1,p1g1_003_s3,seed3,959,1,p1g1_003,mutate,True,explicit_single_parent_and_matching_ghash_and_model
1,p1g1_032_s3,seed3,959,1,p1g1_032,add_chan,True,explicit_single_parent_and_matching_ghash_and_model
1,p1g2_004_s2,seed2,958,2,p1g2_004,mutate,True,explicit_single_parent_and_matching_ghash_and_model
1,p1g2_060_s2,seed2,958,2,p1g2_060,merge_cross_edge,True,explicit_single_parent_and_matching_ghash_and_model
1,p1g2_064_s2,seed2,958,2,p1g2_064,merge_cross_edge,True,explicit_single_parent_and_matching_ghash_and_model
1,p1g2_070_s2,seed2,958,2,p1g2_070,merge_cross_edge,True,explicit_single_parent_and_matching_ghash_and_model
1,p1g2_027_s2,seed2,958,2,p1g2_027,mint_bilin,True,explicit_single_parent_and_matching_ghash_and_model
1,p1g2_030_s2,seed2,958,2,p1g2_030,delete_bilin,True,explicit_single_parent_and_matching_ghash_and_model
1,p1g2_079_s2,seed2,958,2,p1g2_079,merge_share_chan,True,explicit_single_parent_and_matching_ghash_and_model
1,p1g2_036_s2,seed2,958,2,p1g2_036,add_chan,True,explicit_single_parent_and_matching_ghash_and_model
1,p1g2_003_s2,seed2,958,2,p1g2_003,mutate,True,explicit_single_parent_and_matching_ghash_and_model
1,p1g2_054_s2,seed2,958,2,p1g2_054,merge_spatial_ic,True,explicit_single_parent_and_matching_ghash_and_model
1,p1g1_057_s3,seed3,959,1,p1g1_057,merge_cross_edge,True,explicit_single_parent_and_matching_ghash_and_model
1,p1g1_064_s3,seed3,959,1,p1g1_064,merge_cross_edge,True,explicit_single_parent_and_matching_ghash_and_model
1,p1g1_054_s3,seed3,959,1,p1g1_054,merge_spatial_ic,True,explicit_single_parent_and_matching_ghash_and_model
1,p1g1_026_s3,seed3,959,1,p1g1_026,mint_bilin,True,explicit_single_parent_and_matching_ghash_and_model
1,p1g1_029_s3,seed3,959,1,p1g1_029,delete_bilin,True,explicit_single_parent_and_matching_ghash_and_model
1,p1g1_041_s3,seed3,959,1,p1g1_041,dup_act,True,explicit_single_parent_and_matching_ghash_and_model
1,p1g1_035_s3,seed3,959,1,p1g1_035,add_chan,True,explicit_single_parent_and_matching_ghash_and_model
1,p1g1_006_s3,seed3,959,1,p1g1_006,mutate,True,explicit_single_parent_and_matching_ghash_and_model
1,p1g1_069_s3,seed3,959,1,p1g1_069,merge_slow_tanh,True,explicit_single_parent_and_matching_ghash_and_model
1,p1g2_006_s2,seed2,958,2,p1g2_006,mutate,True,explicit_single_parent_and_matching_ghash_and_model
1,p1g2_015_s2,seed2,958,2,p1g2_015,mutate,True,explicit_single_parent_and_matching_ghash_and_model
1,p1g2_038_s2,seed2,958,2,p1g2_038,add_chan,True,explicit_single_parent_and_matching_ghash_and_model
1,p1g2_047_s2,seed2,958,2,p1g2_047,dup_act,True,explicit_single_parent_and_matching_ghash_and_model
1,p1g2_074_s2,seed2,958,2,p1g2_074,merge_cross_edge,True,explicit_single_parent_and_matching_ghash_and_model
1,p1g2_009_s2,seed2,958,2,p1g2_009,mutate,True,explicit_single_parent_and_matching_ghash_and_model
1,p1g2_010_s2,seed2,958,2,p1g2_010,mutate,True,explicit_single_parent_and_matching_ghash_and_model
1,p1g2_011_s2,seed2,958,2,p1g2_011,mutate,True,explicit_single_parent_and_matching_ghash_and_model
1,p1g2_033_s2,seed2,958,2,p1g2_033,add_chan,True,explicit_single_parent_and_matching_ghash_and_model
1,p1g2_014_s2,seed2,958,2,p1g2_014,mutate,True,explicit_single_parent_and_matching_ghash_and_model
1,p1g2_037_s2,seed2,958,2,p1g2_037,add_chan,True,explicit_single_parent_and_matching_ghash_and_model
1,p1g2_042_s2,seed2,958,2,p1g2_042,dup_act,True,explicit_single_parent_and_matching_ghash_and_model
1,p1g2_052_s2,seed2,958,2,p1g2_052,merge_spatial_ic,True,explicit_single_parent_and_matching_ghash_and_model
1,p1g2_075_s2,seed2,958,2,p1g2_075,merge_slow_tanh,True,explicit_single_parent_and_matching_ghash_and_model
1,p1g2_000_s2,seed2,958,2,p1g2_000,mutate,True,explicit_single_parent_and_matching_ghash_and_model
1,p1g2_072_s2,seed2,958,2,p1g2_072,merge_slow_tanh,True,explicit_single_parent_and_matching_ghash_and_model
1,p1g2_012_s2,seed2,958,2,p1g2_012,mutate,True,explicit_single_parent_and_matching_ghash_and_model
1,p1g2_002_s2,seed2,958,2,p1g2_002,mutate,True,explicit_single_parent_and_matching_ghash_and_model
1,p1g1_040_s3,seed3,959,1,p1g1_040,dup_act,True,explicit_single_parent_and_matching_ghash_and_model
1,p1g1_046_s3,seed3,959,1,p1g1_046,dup_act,True,explicit_single_parent_and_matching_ghash_and_model
1,p1g1_047_s3,seed3,959,1,p1g1_047,dup_act,True,explicit_single_parent_and_matching_ghash_and_model
1,p1g1_049_s3,seed3,959,1,p1g1_049,merge_spatial_ic,True,explicit_single_parent_and_matching_ghash_and_model
1,p1g1_008_s3,seed3,959,1,p1g1_008,mutate,True,explicit_single_parent_and_matching_ghash_and_model
1,p1g1_012_s3,seed3,959,1,p1g1_012,mutate,True,explicit_single_parent_and_matching_ghash_and_model
1,p1g1_021_s3,seed3,959,1,p1g1_021,mint_bilin,True,explicit_single_parent_and_matching_ghash_and_model
1,p1g1_036_s3,seed3,959,1,p1g1_036,add_chan,True,explicit_single_parent_and_matching_ghash_and_model
1,p1g1_010_s3,seed3,959,1,p1g1_010,mutate,True,explicit_single_parent_and_matching_ghash_and_model
1,p1g1_028_s3,seed3,959,1,p1g1_028,delete_bilin,True,explicit_single_parent_and_matching_ghash_and_model
1,p1g1_074_s3,seed3,959,1,p1g1_074,merge_cross_edge,True,explicit_single_parent_and_matching_ghash_and_model
1,p1g1_066_s3,seed3,959,1,p1g1_066,merge_cross_edge,True,explicit_single_parent_and_matching_ghash_and_model
1,p1g1_060_s3,seed3,959,1,p1g1_060,merge_cross_edge,True,explicit_single_parent_and_matching_ghash_and_model
1,p1g2_023_s2,seed2,958,2,p1g2_023,mint_bilin,True,explicit_single_parent_and_matching_ghash_and_model
1,p1g3_076_s2,seed2,958,3,p1g3_076,merge_share_chan,True,explicit_single_parent_and_matching_ghash_and_model
1,p1g2_032_s3,seed3,959,2,p1g2_032,add_chan,True,explicit_single_parent_and_matching_ghash_and_model
1,p1g3_044_s2,seed2,958,3,p1g3_044,dup_act,True,explicit_single_parent_and_matching_ghash_and_model
1,p1g3_009_s2,seed2,958,3,p1g3_009,mutate,True,explicit_single_parent_and_matching_ghash_and_model
1,p1g3_017_s2,seed2,958,3,p1g3_017,mint_bilin,True,explicit_single_parent_and_matching_ghash_and_model
1,p1g3_039_s2,seed2,958,3,p1g3_039,add_chan,True,explicit_single_parent_and_matching_ghash_and_model
1,p1g3_045_s2,seed2,958,3,p1g3_045,dup_act,True,explicit_single_parent_and_matching_ghash_and_model
1,p1g3_008_s2,seed2,958,3,p1g3_008,mutate,True,explicit_single_parent_and_matching_ghash_and_model
1,p1g3_064_s2,seed2,958,3,p1g3_064,merge_cross_edge,True,explicit_single_parent_and_matching_ghash_and_model
1,p1g3_074_s2,seed2,958,3,p1g3_074,merge_share_chan,True,explicit_single_parent_and_matching_ghash_and_model
1,p1g3_034_s2,seed2,958,3,p1g3_034,add_chan,True,explicit_single_parent_and_matching_ghash_and_model
1,p1g2_025_s3,seed3,959,2,p1g2_025,mint_bilin,True,explicit_single_parent_and_matching_ghash_and_model
1,p1g2_049_s3,seed3,959,2,p1g2_049,merge_spatial_ic,True,explicit_single_parent_and_matching_ghash_and_model
1,p1g2_059_s3,seed3,959,2,p1g2_059,merge_cross_edge,True,explicit_single_parent_and_matching_ghash_and_model
1,p1g2_065_s3,seed3,959,2,p1g2_065,merge_cross_edge,True,explicit_single_parent_and_matching_ghash_and_model
1,p1g2_035_s3,seed3,959,2,p1g2_035,add_chan,True,explicit_single_parent_and_matching_ghash_and_model
1,p1g2_051_s3,seed3,959,2,p1g2_051,merge_spatial_ic,True,explicit_single_parent_and_matching_ghash_and_model
1,p1g2_027_s3,seed3,959,2,p1g2_027,mint_bilin,True,explicit_single_parent_and_matching_ghash_and_model
1,p1g2_079_s3,seed3,959,2,p1g2_079,merge_share_chan,True,explicit_single_parent_and_matching_ghash_and_model
1,p1g2_052_s3,seed3,959,2,p1g2_052,merge_spatial_ic,True,explicit_single_parent_and_matching_ghash_and_model
1,p1g2_031_s3,seed3,959,2,p1g2_031,delete_bilin,True,explicit_single_parent_and_matching_ghash_and_model
1,p1g2_048_s3,seed3,959,2,p1g2_048,merge_spatial_ic,True,explicit_single_parent_and_matching_ghash_and_model
1,p1g2_071_s3,seed3,959,2,p1g2_071,merge_slow_tanh,True,explicit_single_parent_and_matching_ghash_and_model
1,p1g2_028_s3,seed3,959,2,p1g2_028,delete_bilin,True,explicit_single_parent_and_matching_ghash_and_model
1,p1g2_054_s3,seed3,959,2,p1g2_054,merge_spatial_ic,True,explicit_single_parent_and_matching_ghash_and_model
1,p1g3_035_s2,seed2,958,3,p1g3_035,add_chan,True,explicit_single_parent_and_matching_ghash_and_model
1,p1g3_036_s2,seed2,958,3,p1g3_036,add_chan,True,explicit_single_parent_and_matching_ghash_and_model
1,p1g3_068_s2,seed2,958,3,p1g3_068,merge_cross_edge,True,explicit_single_parent_and_matching_ghash_and_model
1,p1g3_018_s2,seed2,958,3,p1g3_018,mint_bilin,True,explicit_single_parent_and_matching_ghash_and_model
1,p1g3_028_s2,seed2,958,3,p1g3_028,delete_bilin,True,explicit_single_parent_and_matching_ghash_and_model
1,p1g3_050_s2,seed2,958,3,p1g3_050,merge_spatial_ic,True,explicit_single_parent_and_matching_ghash_and_model
1,p1g3_030_s2,seed2,958,3,p1g3_030,delete_bilin,True,explicit_single_parent_and_matching_ghash_and_model
1,p1g3_027_s2,seed2,958,3,p1g3_027,mint_bilin,True,explicit_single_parent_and_matching_ghash_and_model
1,p1g2_069_s3,seed3,959,2,p1g2_069,merge_cross_edge,True,explicit_single_parent_and_matching_ghash_and_model
1,p1g2_068_s3,seed3,959,2,p1g2_068,merge_cross_edge,True,explicit_single_parent_and_matching_ghash_and_model
1,p1g2_060_s3,seed3,959,2,p1g2_060,merge_cross_edge,True,explicit_single_parent_and_matching_ghash_and_model
1,p1g3_029_s2,seed2,958,3,p1g3_029,delete_bilin,True,explicit_single_parent_and_matching_ghash_and_model
1,p1g3_060_s2,seed2,958,3,p1g3_060,merge_cross_edge,True,explicit_single_parent_and_matching_ghash_and_model
1,p1g3_061_s2,seed2,958,3,p1g3_061,merge_cross_edge,True,explicit_single_parent_and_matching_ghash_and_model
1,p1g3_075_s2,seed2,958,3,p1g3_075,merge_share_chan,True,explicit_single_parent_and_matching_ghash_and_model
1,p1g3_007_s2,seed2,958,3,p1g3_007,mutate,True,explicit_single_parent_and_matching_ghash_and_model
1,p1g3_011_s2,seed2,958,3,p1g3_011,mutate,True,explicit_single_parent_and_matching_ghash_and_model
1,p1g2_064_s3,seed3,959,2,p1g2_064,merge_cross_edge,True,explicit_single_parent_and_matching_ghash_and_model
1,p1g2_074_s3,seed3,959,2,p1g2_074,merge_cross_edge,True,explicit_single_parent_and_matching_ghash_and_model
1,p1g2_022_s3,seed3,959,2,p1g2_022,mint_bilin,True,explicit_single_parent_and_matching_ghash_and_model
1,p1g2_024_s3,seed3,959,2,p1g2_024,mint_bilin,True,explicit_single_parent_and_matching_ghash_and_model
1,p1g2_033_s3,seed3,959,2,p1g2_033,add_chan,True,explicit_single_parent_and_matching_ghash_and_model
1,p1g2_021_s3,seed3,959,2,p1g2_021,mint_bilin,False,actual_job_genome_provenance_not_named_screen
1,p1g3_005_s2,seed2,958,3,p1g3_005,mutate,True,explicit_single_parent_and_matching_ghash_and_model
1,p1g2_004_s3,seed3,959,2,p1g2_004,mutate,True,explicit_single_parent_and_matching_ghash_and_model
1,p1g2_070_s3,seed3,959,2,p1g2_070,merge_cross_edge,True,explicit_single_parent_and_matching_ghash_and_model
1,p1g2_036_s3,seed3,959,2,p1g2_036,add_chan,True,explicit_single_parent_and_matching_ghash_and_model
1,p1g2_003_s3,seed3,959,2,p1g2_003,mutate,True,explicit_single_parent_and_matching_ghash_and_model
1,p1g2_012_s3,seed3,959,2,p1g2_012,mutate,True,explicit_single_parent_and_matching_ghash_and_model
1,p1g2_002_s3,seed3,959,2,p1g2_002,mutate,True,explicit_single_parent_and_matching_ghash_and_model
1,p1g3_010_s2,seed2,958,3,p1g3_010,mutate,True,explicit_single_parent_and_matching_ghash_and_model
1,p1g3_022_s2,seed2,958,3,p1g3_022,mint_bilin,True,explicit_single_parent_and_matching_ghash_and_model
1,p1g3_000_s2,seed2,958,3,p1g3_000,mutate,True,explicit_single_parent_and_matching_ghash_and_model
1,p1g3_002_s2,seed2,958,3,p1g3_002,mutate,True,explicit_single_parent_and_matching_ghash_and_model
1,p1g3_016_s2,seed2,958,3,p1g3_016,mint_bilin,True,explicit_single_parent_and_matching_ghash_and_model
1,p1g3_037_s2,seed2,958,3,p1g3_037,add_chan,True,explicit_single_parent_and_matching_ghash_and_model
1,p1g3_043_s2,seed2,958,3,p1g3_043,dup_act,True,explicit_single_parent_and_matching_ghash_and_model
1,p1g3_046_s2,seed2,958,3,p1g3_046,dup_act,True,explicit_single_parent_and_matching_ghash_and_model
1,p1g3_063_s2,seed2,958,3,p1g3_063,merge_cross_edge,True,explicit_single_parent_and_matching_ghash_and_model
1,p1g3_014_s2,seed2,958,3,p1g3_014,mutate,True,explicit_single_parent_and_matching_ghash_and_model
1,p1g3_024_s2,seed2,958,3,p1g3_024,mint_bilin,True,explicit_single_parent_and_matching_ghash_and_model
1,p1g3_041_s2,seed2,958,3,p1g3_041,dup_act,True,explicit_single_parent_and_matching_ghash_and_model
1,p1g2_006_s3,seed3,959,2,p1g2_006,mutate,True,explicit_single_parent_and_matching_ghash_and_model
1,p1g2_047_s3,seed3,959,2,p1g2_047,dup_act,True,explicit_single_parent_and_matching_ghash_and_model
1,p1g2_011_s3,seed3,959,2,p1g2_011,mutate,True,explicit_single_parent_and_matching_ghash_and_model
1,p1g2_014_s3,seed3,959,2,p1g2_014,mutate,True,explicit_single_parent_and_matching_ghash_and_model
1,p1g2_042_s3,seed3,959,2,p1g2_042,dup_act,True,explicit_single_parent_and_matching_ghash_and_model
1,p1g2_075_s3,seed3,959,2,p1g2_075,merge_slow_tanh,True,explicit_single_parent_and_matching_ghash_and_model
1,p1g2_034_s3,seed3,959,2,p1g2_034,delete_bilin,False,actual_job_genome_provenance_not_named_screen
1,p1g3_062_s2,seed2,958,3,p1g3_062,merge_cross_edge,True,explicit_single_parent_and_matching_ghash_and_model
1,p1g2_015_s3,seed3,959,2,p1g2_015,mutate,True,explicit_single_parent_and_matching_ghash_and_model
1,p1g2_038_s3,seed3,959,2,p1g2_038,add_chan,True,explicit_single_parent_and_matching_ghash_and_model
1,p1g2_009_s3,seed3,959,2,p1g2_009,mutate,True,explicit_single_parent_and_matching_ghash_and_model
1,p1g2_010_s3,seed3,959,2,p1g2_010,mutate,True,explicit_single_parent_and_matching_ghash_and_model
1,p1g2_000_s3,seed3,959,2,p1g2_000,mutate,True,explicit_single_parent_and_matching_ghash_and_model
1,p1g2_023_s3,seed3,959,2,p1g2_023,mint_bilin,True,explicit_single_parent_and_matching_ghash_and_model
1,p1g4_038_s2,seed2,958,4,p1g4_038,add_chan,True,explicit_single_parent_and_matching_ghash_and_model
1,p1g3_009_s3,seed3,959,3,p1g3_009,mutate,True,explicit_single_parent_and_matching_ghash_and_model
1,p1g4_016_s2,seed2,958,4,p1g4_016,mint_bilin,True,explicit_single_parent_and_matching_ghash_and_model
1,p1g3_044_s3,seed3,959,3,p1g3_044,dup_act,True,explicit_single_parent_and_matching_ghash_and_model
1,p1g4_024_s2,seed2,958,4,p1g4_024,mint_bilin,True,explicit_single_parent_and_matching_ghash_and_model
1,p1g4_037_s2,seed2,958,4,p1g4_037,add_chan,True,explicit_single_parent_and_matching_ghash_and_model
1,p1g4_045_s2,seed2,958,4,p1g4_045,dup_act,True,explicit_single_parent_and_matching_ghash_and_model
1,p1g4_061_s2,seed2,958,4,p1g4_061,merge_cross_edge,True,explicit_single_parent_and_matching_ghash_and_model
1,p1g4_044_s2,seed2,958,4,p1g4_044,dup_act,True,explicit_single_parent_and_matching_ghash_and_model
1,p1g4_050_s2,seed2,958,4,p1g4_050,merge_spatial_ic,True,explicit_single_parent_and_matching_ghash_and_model
1,p1g4_053_s2,seed2,958,4,p1g4_053,merge_spatial_ic,True,explicit_single_parent_and_matching_ghash_and_model
1,p1g3_017_s3,seed3,959,3,p1g3_017,mint_bilin,True,explicit_single_parent_and_matching_ghash_and_model
1,p1g3_039_s3,seed3,959,3,p1g3_039,add_chan,True,explicit_single_parent_and_matching_ghash_and_model
1,p1g3_045_s3,seed3,959,3,p1g3_045,dup_act,True,explicit_single_parent_and_matching_ghash_and_model
1,p1g3_008_s3,seed3,959,3,p1g3_008,mutate,True,explicit_single_parent_and_matching_ghash_and_model
1,p1g3_064_s3,seed3,959,3,p1g3_064,merge_cross_edge,True,explicit_single_parent_and_matching_ghash_and_model
1,p1g3_074_s3,seed3,959,3,p1g3_074,merge_share_chan,True,explicit_single_parent_and_matching_ghash_and_model
1,p1g3_005_s3,seed3,959,3,p1g3_005,mutate,True,explicit_single_parent_and_matching_ghash_and_model
1,p1g3_034_s3,seed3,959,3,p1g3_034,add_chan,True,explicit_single_parent_and_matching_ghash_and_model
1,p1g3_035_s3,seed3,959,3,p1g3_035,delete_bilin,False,actual_job_genome_provenance_not_named_screen
1,p1g3_014_s3,seed3,959,3,p1g3_014,mutate,True,explicit_single_parent_and_matching_ghash_and_model
1,p1g3_027_s3,seed3,959,3,p1g3_027,mint_bilin,True,explicit_single_parent_and_matching_ghash_and_model
1,p1g4_012_s2,seed2,958,4,p1g4_012,mutate,True,explicit_single_parent_and_matching_ghash_and_model
1,p1g4_031_s2,seed2,958,4,p1g4_031,delete_bilin,True,explicit_single_parent_and_matching_ghash_and_model
1,p1g4_036_s2,seed2,958,4,p1g4_036,add_chan,True,explicit_single_parent_and_matching_ghash_and_model
1,p1g3_036_s3,seed3,959,3,p1g3_036,add_chan,True,explicit_single_parent_and_matching_ghash_and_model
1,p1g3_068_s3,seed3,959,3,p1g3_068,merge_cross_edge,True,explicit_single_parent_and_matching_ghash_and_model
1,p1g3_018_s3,seed3,959,3,p1g3_018,mint_bilin,True,explicit_single_parent_and_matching_ghash_and_model
1,p1g3_028_s3,seed3,959,3,p1g3_028,delete_bilin,True,explicit_single_parent_and_matching_ghash_and_model
1,p1g3_050_s3,seed3,959,3,p1g3_050,merge_spatial_ic,True,explicit_single_parent_and_matching_ghash_and_model
1,p1g3_030_s3,seed3,959,3,p1g3_030,delete_bilin,True,explicit_single_parent_and_matching_ghash_and_model
1,p1g4_007_s2,seed2,958,4,p1g4_007,mutate,True,explicit_single_parent_and_matching_ghash_and_model
1,p1g4_035_s2,seed2,958,4,p1g4_035,add_chan,True,explicit_single_parent_and_matching_ghash_and_model
1,p1g4_065_s2,seed2,958,4,p1g4_065,merge_cross_edge,True,explicit_single_parent_and_matching_ghash_and_model
1,p1g4_070_s2,seed2,958,4,p1g4_070,merge_cross_edge,True,explicit_single_parent_and_matching_ghash_and_model
1,p1g4_068_s2,seed2,958,4,p1g4_068,merge_slow_tanh,True,explicit_single_parent_and_matching_ghash_and_model
1,p1g3_029_s3,seed3,959,3,p1g3_029,delete_bilin,True,explicit_single_parent_and_matching_ghash_and_model
1,p1g3_061_s3,seed3,959,3,p1g3_061,merge_cross_edge,True,explicit_single_parent_and_matching_ghash_and_model
1,p1g3_075_s3,seed3,959,3,p1g3_075,merge_share_chan,True,explicit_single_parent_and_matching_ghash_and_model
1,p1g3_002_s3,seed3,959,3,p1g3_002,mutate,True,explicit_single_parent_and_matching_ghash_and_model
1,p1g3_007_s3,seed3,959,3,p1g3_007,mutate,True,explicit_single_parent_and_matching_ghash_and_model
1,p1g3_011_s3,seed3,959,3,p1g3_011,mutate,True,explicit_single_parent_and_matching_ghash_and_model
1,p1g4_072_s2,seed2,958,4,p1g4_072,merge_cross_edge,True,explicit_single_parent_and_matching_ghash_and_model
1,p1g4_009_s2,seed2,958,4,p1g4_009,mutate,True,explicit_single_parent_and_matching_ghash_and_model
1,p1g4_006_s2,seed2,958,4,p1g4_006,mutate,True,explicit_single_parent_and_matching_ghash_and_model
1,p1g4_041_s2,seed2,958,4,p1g4_041,dup_act,True,explicit_single_parent_and_matching_ghash_and_model
1,p1g4_056_s2,seed2,958,4,p1g4_056,merge_cross_edge,True,explicit_single_parent_and_matching_ghash_and_model
1,p1g4_069_s2,seed2,958,4,p1g4_069,merge_slow_tanh,True,explicit_single_parent_and_matching_ghash_and_model
1,p1g4_001_s2,seed2,958,4,p1g4_001,mutate,True,explicit_single_parent_and_matching_ghash_and_model
1,p1g4_010_s2,seed2,958,4,p1g4_010,mutate,True,explicit_single_parent_and_matching_ghash_and_model
1,p1g4_015_s2,seed2,958,4,p1g4_015,mutate,True,explicit_single_parent_and_matching_ghash_and_model
1,p1g4_025_s2,seed2,958,4,p1g4_025,mint_bilin,True,explicit_single_parent_and_matching_ghash_and_model
1,p1g4_029_s2,seed2,958,4,p1g4_029,delete_bilin,True,explicit_single_parent_and_matching_ghash_and_model
1,p1g4_033_s2,seed2,958,4,p1g4_033,add_chan,True,explicit_single_parent_and_matching_ghash_and_model
1,p1g4_034_s2,seed2,958,4,p1g4_034,add_chan,True,explicit_single_parent_and_matching_ghash_and_model
1,p1g4_008_s2,seed2,958,4,p1g4_008,mutate,True,explicit_single_parent_and_matching_ghash_and_model
1,p1g4_049_s2,seed2,958,4,p1g4_049,merge_spatial_ic,True,explicit_single_parent_and_matching_ghash_and_model
1,p1g3_010_s3,seed3,959,3,p1g3_010,mutate,True,explicit_single_parent_and_matching_ghash_and_model
1,p1g3_000_s3,seed3,959,3,p1g3_000,mutate,True,explicit_single_parent_and_matching_ghash_and_model
1,p1g3_043_s3,seed3,959,3,p1g3_043,dup_act,True,explicit_single_parent_and_matching_ghash_and_model
1,p1g3_046_s3,seed3,959,3,p1g3_046,dup_act,True,explicit_single_parent_and_matching_ghash_and_model
1,p1g3_063_s3,seed3,959,3,p1g3_063,merge_cross_edge,True,explicit_single_parent_and_matching_ghash_and_model
1,p1g3_024_s3,seed3,959,3,p1g3_024,mint_bilin,True,explicit_single_parent_and_matching_ghash_and_model
1,p1g3_041_s3,seed3,959,3,p1g3_041,dup_act,True,explicit_single_parent_and_matching_ghash_and_model
1,p1g3_016_s3,seed3,959,3,p1g3_016,mint_bilin,True,explicit_single_parent_and_matching_ghash_and_model
1,p1g3_062_s3,seed3,959,3,p1g3_062,merge_cross_edge,True,explicit_single_parent_and_matching_ghash_and_model
1,p1g4_081_s2,seed2,958,4,p1g4_081,immigrate,True,explicit_single_parent_and_matching_ghash_and_model
1,p1g4_089_s2,seed2,958,4,p1g4_089,immigrate,True,explicit_single_parent_and_matching_ghash_and_model
1,p1g4_084_s2,seed2,958,4,p1g4_084,immigrate,True,explicit_single_parent_and_matching_ghash_and_model
1,p1g4_038_s3,seed3,959,4,p1g4_038,add_chan,True,explicit_single_parent_and_matching_ghash_and_model
1,p1g5_071_s2,seed2,958,5,p1g5_071,merge_slow_tanh,True,explicit_single_parent_and_matching_ghash_and_model
1,p1g4_016_s3,seed3,959,4,p1g4_016,mint_bilin,True,explicit_single_parent_and_matching_ghash_and_model
1,p1g5_048_s2,seed2,958,5,p1g5_048,merge_spatial_ic,True,explicit_single_parent_and_matching_ghash_and_model
1,p1g5_049_s2,seed2,958,5,p1g5_049,merge_spatial_ic,True,explicit_single_parent_and_matching_ghash_and_model
1,p1g5_057_s2,seed2,958,5,p1g5_057,merge_cross_edge,True,explicit_single_parent_and_matching_ghash_and_model
1,p1g5_067_s2,seed2,958,5,p1g5_067,merge_cross_edge,True,explicit_single_parent_and_matching_ghash_and_model
1,p1g5_028_s2,seed2,958,5,p1g5_028,delete_bilin,True,explicit_single_parent_and_matching_ghash_and_model
1,p1g5_014_s2,seed2,958,5,p1g5_014,mutate,True,explicit_single_parent_and_matching_ghash_and_model
1,p1g5_045_s2,seed2,958,5,p1g5_045,dup_act,True,explicit_single_parent_and_matching_ghash_and_model
1,p1g4_024_s3,seed3,959,4,p1g4_024,mint_bilin,True,explicit_single_parent_and_matching_ghash_and_model
1,p1g4_037_s3,seed3,959,4,p1g4_037,add_chan,True,explicit_single_parent_and_matching_ghash_and_model
1,p1g4_061_s3,seed3,959,4,p1g4_061,merge_cross_edge,True,explicit_single_parent_and_matching_ghash_and_model
1,p1g4_044_s3,seed3,959,4,p1g4_044,dup_act,True,explicit_single_parent_and_matching_ghash_and_model
1,p1g4_050_s3,seed3,959,4,p1g4_050,merge_spatial_ic,True,explicit_single_parent_and_matching_ghash_and_model
1,p1g4_053_s3,seed3,959,4,p1g4_053,merge_spatial_ic,True,explicit_single_parent_and_matching_ghash_and_model
1,p1g4_009_s3,seed3,959,4,p1g4_009,mutate,True,explicit_single_parent_and_matching_ghash_and_model
1,p1g4_036_s3,seed3,959,4,p1g4_036,add_chan,True,explicit_single_parent_and_matching_ghash_and_model
1,p1g4_049_s3,seed3,959,4,p1g4_049,merge_spatial_ic,True,explicit_single_parent_and_matching_ghash_and_model
1,p1g5_053_s2,seed2,958,5,p1g5_053,merge_spatial_ic,True,explicit_single_parent_and_matching_ghash_and_model
1,p1g4_068_s3,seed3,959,4,p1g4_068,merge_slow_tanh,True,explicit_single_parent_and_matching_ghash_and_model
1,p1g4_012_s3,seed3,959,4,p1g4_012,mutate,True,explicit_single_parent_and_matching_ghash_and_model
1,p1g4_031_s3,seed3,959,4,p1g4_031,delete_bilin,True,explicit_single_parent_and_matching_ghash_and_model
1,p1g5_017_s2,seed2,958,5,p1g5_017,mint_bilin,True,explicit_single_parent_and_matching_ghash_and_model
1,p1g5_029_s2,seed2,958,5,p1g5_029,delete_bilin,True,explicit_single_parent_and_matching_ghash_and_model
1,p1g5_039_s2,seed2,958,5,p1g5_039,add_chan,True,explicit_single_parent_and_matching_ghash_and_model
1,p1g4_007_s3,seed3,959,4,p1g4_007,mutate,True,explicit_single_parent_and_matching_ghash_and_model
1,p1g4_035_s3,seed3,959,4,p1g4_035,add_chan,True,explicit_single_parent_and_matching_ghash_and_model
1,p1g4_065_s3,seed3,959,4,p1g4_065,merge_cross_edge,True,explicit_single_parent_and_matching_ghash_and_model
1,p1g4_070_s3,seed3,959,4,p1g4_070,merge_cross_edge,True,explicit_single_parent_and_matching_ghash_and_model
1,p1g4_072_s3,seed3,959,4,p1g4_072,merge_cross_edge,True,explicit_single_parent_and_matching_ghash_and_model
1,p1g4_010_s3,seed3,959,4,p1g4_010,mutate,True,explicit_single_parent_and_matching_ghash_and_model
1,p1g5_041_s2,seed2,958,5,p1g5_041,dup_act,True,explicit_single_parent_and_matching_ghash_and_model
1,p1g5_073_s2,seed2,958,5,p1g5_073,merge_slow_tanh,True,explicit_single_parent_and_matching_ghash_and_model
1,p1g5_007_s2,seed2,958,5,p1g5_007,mutate,True,explicit_single_parent_and_matching_ghash_and_model
1,p1g5_001_s2,seed2,958,5,p1g5_001,mutate,True,explicit_single_parent_and_matching_ghash_and_model
1,p1g5_075_s2,seed2,958,5,p1g5_075,merge_share_chan,True,explicit_single_parent_and_matching_ghash_and_model
1,p1g5_077_s2,seed2,958,5,p1g5_077,merge_share_chan,True,explicit_single_parent_and_matching_ghash_and_model
1,p1g5_002_s2,seed2,958,5,p1g5_002,mutate,True,explicit_single_parent_and_matching_ghash_and_model
1,p1g5_035_s2,seed2,958,5,p1g5_035,add_chan,True,explicit_single_parent_and_matching_ghash_and_model
1,p1g4_006_s3,seed3,959,4,p1g4_006,mutate,True,explicit_single_parent_and_matching_ghash_and_model
1,p1g4_041_s3,seed3,959,4,p1g4_041,dup_act,True,explicit_single_parent_and_matching_ghash_and_model
1,p1g4_056_s3,seed3,959,4,p1g4_056,merge_cross_edge,True,explicit_single_parent_and_matching_ghash_and_model
1,p1g4_001_s3,seed3,959,4,p1g4_001,mutate,True,explicit_single_parent_and_matching_ghash_and_model
1,p1g4_015_s3,seed3,959,4,p1g4_015,mutate,True,explicit_single_parent_and_matching_ghash_and_model
1,p1g4_025_s3,seed3,959,4,p1g4_025,mint_bilin,True,explicit_single_parent_and_matching_ghash_and_model
1,p1g4_029_s3,seed3,959,4,p1g4_029,delete_bilin,True,explicit_single_parent_and_matching_ghash_and_model
1,p1g4_033_s3,seed3,959,4,p1g4_033,add_chan,True,explicit_single_parent_and_matching_ghash_and_model
1,p1g4_034_s3,seed3,959,4,p1g4_034,add_chan,True,explicit_single_parent_and_matching_ghash_and_model
1,p1g4_008_s3,seed3,959,4,p1g4_008,mutate,True,explicit_single_parent_and_matching_ghash_and_model
1,p1g5_012_s2,seed2,958,5,p1g5_012,mutate,True,explicit_single_parent_and_matching_ghash_and_model
1,p1g4_069_s3,seed3,959,4,p1g4_069,merge_slow_tanh,True,explicit_single_parent_and_matching_ghash_and_model
1,p1g4_081_s3,seed3,959,4,p1g4_081,immigrate,True,explicit_single_parent_and_matching_ghash_and_model
1,p1g4_084_s3,seed3,959,4,p1g4_084,immigrate,True,explicit_single_parent_and_matching_ghash_and_model
1,p1g5_085_s2,seed2,958,5,p1g5_085,immigrate,True,explicit_single_parent_and_matching_ghash_and_model
1,p1g5_064_s2,seed2,958,5,p1g5_064,merge_cross_edge,True,explicit_single_parent_and_matching_ghash_and_model
1,p1g6_002_s2,seed2,958,6,p1g6_002,mutate,True,explicit_single_parent_and_matching_ghash_and_model
1,p1g6_053_s2,seed2,958,6,p1g6_053,merge_spatial_ic,True,explicit_single_parent_and_matching_ghash_and_model
1,p1g6_033_s2,seed2,958,6,p1g6_033,add_chan,True,explicit_single_parent_and_matching_ghash_and_model
1,p1g6_068_s2,seed2,958,6,p1g6_068,merge_slow_tanh,True,explicit_single_parent_and_matching_ghash_and_model
1,p1g5_071_s3,seed3,959,5,p1g5_071,merge_slow_tanh,True,explicit_single_parent_and_matching_ghash_and_model
1,p1g6_006_s2,seed2,958,6,p1g6_006,mutate,True,explicit_single_parent_and_matching_ghash_and_model
1,p1g6_023_s2,seed2,958,6,p1g6_023,mint_bilin,True,explicit_single_parent_and_matching_ghash_and_model
1,p1g6_060_s2,seed2,958,6,p1g6_060,merge_cross_edge,True,explicit_single_parent_and_matching_ghash_and_model
1,p1g6_009_s2,seed2,958,6,p1g6_009,mutate,True,explicit_single_parent_and_matching_ghash_and_model
1,p1g6_022_s2,seed2,958,6,p1g6_022,mint_bilin,True,explicit_single_parent_and_matching_ghash_and_model
1,p1g6_024_s2,seed2,958,6,p1g6_024,mint_bilin,True,explicit_single_parent_and_matching_ghash_and_model
1,p1g6_027_s2,seed2,958,6,p1g6_027,mint_bilin,True,explicit_single_parent_and_matching_ghash_and_model
1,p1g6_045_s2,seed2,958,6,p1g6_045,dup_act,True,explicit_single_parent_and_matching_ghash_and_model
1,p1g5_049_s3,seed3,959,5,p1g5_049,merge_spatial_ic,True,explicit_single_parent_and_matching_ghash_and_model
1,p1g5_057_s3,seed3,959,5,p1g5_057,merge_cross_edge,True,explicit_single_parent_and_matching_ghash_and_model
1,p1g5_067_s3,seed3,959,5,p1g5_067,merge_cross_edge,True,explicit_single_parent_and_matching_ghash_and_model
1,p1g5_017_s3,seed3,959,5,p1g5_017,mint_bilin,True,explicit_single_parent_and_matching_ghash_and_model
1,p1g5_028_s3,seed3,959,5,p1g5_028,delete_bilin,True,explicit_single_parent_and_matching_ghash_and_model
1,p1g5_039_s3,seed3,959,5,p1g5_039,add_chan,True,explicit_single_parent_and_matching_ghash_and_model
1,p1g5_014_s3,seed3,959,5,p1g5_014,mutate,True,explicit_single_parent_and_matching_ghash_and_model
1,p1g5_045_s3,seed3,959,5,p1g5_045,dup_act,True,explicit_single_parent_and_matching_ghash_and_model
1,p1g6_012_s2,seed2,958,6,p1g6_012,mutate,True,explicit_single_parent_and_matching_ghash_and_model
1,p1g6_056_s2,seed2,958,6,p1g6_056,merge_cross_edge,True,explicit_single_parent_and_matching_ghash_and_model
1,p1g6_018_s2,seed2,958,6,p1g6_018,mint_bilin,True,explicit_single_parent_and_matching_ghash_and_model
1,p1g6_062_s2,seed2,958,6,p1g6_062,merge_cross_edge,True,explicit_single_parent_and_matching_ghash_and_model
1,p1g6_017_s2,seed2,958,6,p1g6_017,mint_bilin,True,explicit_single_parent_and_matching_ghash_and_model
1,p1g5_053_s3,seed3,959,5,p1g5_053,merge_spatial_ic,True,explicit_single_parent_and_matching_ghash_and_model
1,p1g6_057_s2,seed2,958,6,p1g6_057,merge_cross_edge,True,explicit_single_parent_and_matching_ghash_and_model
1,p1g6_020_s2,seed2,958,6,p1g6_020,mint_bilin,True,explicit_single_parent_and_matching_ghash_and_model
1,p1g6_051_s2,seed2,958,6,p1g6_051,merge_spatial_ic,True,explicit_single_parent_and_matching_ghash_and_model
1,p1g6_015_s2,seed2,958,6,p1g6_015,mutate,True,explicit_single_parent_and_matching_ghash_and_model
1,p1g5_029_s3,seed3,959,5,p1g5_029,delete_bilin,True,explicit_single_parent_and_matching_ghash_and_model
1,p1g5_073_s3,seed3,959,5,p1g5_073,merge_slow_tanh,True,explicit_single_parent_and_matching_ghash_and_model
1,p1g6_008_s2,seed2,958,6,p1g6_008,mutate,True,explicit_single_parent_and_matching_ghash_and_model
1,p1g6_001_s2,seed2,958,6,p1g6_001,mutate,True,explicit_single_parent_and_matching_ghash_and_model
1,p1g6_010_s2,seed2,958,6,p1g6_010,mutate,True,explicit_single_parent_and_matching_ghash_and_model
1,p1g6_026_s2,seed2,958,6,p1g6_026,mint_bilin,True,explicit_single_parent_and_matching_ghash_and_model
1,p1g6_052_s2,seed2,958,6,p1g6_052,merge_spatial_ic,True,explicit_single_parent_and_matching_ghash_and_model
1,p1g6_061_s2,seed2,958,6,p1g6_061,merge_cross_edge,True,explicit_single_parent_and_matching_ghash_and_model
1,p1g6_071_s2,seed2,958,6,p1g6_071,merge_slow_tanh,True,explicit_single_parent_and_matching_ghash_and_model
1,p1g5_041_s3,seed3,959,5,p1g5_041,dup_act,True,explicit_single_parent_and_matching_ghash_and_model
1,p1g5_077_s3,seed3,959,5,p1g5_077,merge_share_chan,True,explicit_single_parent_and_matching_ghash_and_model
1,p1g5_035_s3,seed3,959,5,p1g5_035,add_chan,True,explicit_single_parent_and_matching_ghash_and_model
1,p1g6_050_s2,seed2,958,6,p1g6_050,merge_spatial_ic,True,explicit_single_parent_and_matching_ghash_and_model
1,p1g5_007_s3,seed3,959,5,p1g5_007,mutate,True,explicit_single_parent_and_matching_ghash_and_model
1,p1g5_001_s3,seed3,959,5,p1g5_001,mutate,True,explicit_single_parent_and_matching_ghash_and_model
1,p1g5_002_s3,seed3,959,5,p1g5_002,mutate,True,explicit_single_parent_and_matching_ghash_and_model
1,p1g5_012_s3,seed3,959,5,p1g5_012,mutate,True,explicit_single_parent_and_matching_ghash_and_model
1,p1g6_059_s2,seed2,958,6,p1g6_059,merge_cross_edge,True,explicit_single_parent_and_matching_ghash_and_model
1,p1g6_066_s2,seed2,958,6,p1g6_066,merge_cross_edge,True,explicit_single_parent_and_matching_ghash_and_model
1,p1g6_041_s2,seed2,958,6,p1g6_041,dup_act,True,explicit_single_parent_and_matching_ghash_and_model
1,p1g5_085_s3,seed3,959,5,p1g5_085,immigrate,True,explicit_single_parent_and_matching_ghash_and_model
1,p1g5_064_s3,seed3,959,5,p1g5_064,merge_cross_edge,True,explicit_single_parent_and_matching_ghash_and_model
1,p1g6_002_s3,seed3,959,6,p1g6_002,mutate,True,explicit_single_parent_and_matching_ghash_and_model
1,p1g6_053_s3,seed3,959,6,p1g6_053,merge_spatial_ic,True,explicit_single_parent_and_matching_ghash_and_model
1,p1g6_033_s3,seed3,959,6,p1g6_033,add_chan,True,explicit_single_parent_and_matching_ghash_and_model
1,p1g7_002_s2,seed2,958,7,p1g7_002,mutate,True,explicit_single_parent_and_matching_ghash_and_model
1,p1g6_068_s3,seed3,959,6,p1g6_068,merge_slow_tanh,True,explicit_single_parent_and_matching_ghash_and_model
1,p1g7_017_s2,seed2,958,7,p1g7_017,mint_bilin,True,explicit_single_parent_and_matching_ghash_and_model
1,p1g7_052_s2,seed2,958,7,p1g7_052,merge_spatial_ic,True,explicit_single_parent_and_matching_ghash_and_model
1,p1g6_023_s3,seed3,959,6,p1g6_023,mint_bilin,True,explicit_single_parent_and_matching_ghash_and_model
1,p1g6_056_s3,seed3,959,6,p1g6_056,merge_cross_edge,True,explicit_single_parent_and_matching_ghash_and_model
1,p1g6_009_s3,seed3,959,6,p1g6_009,mutate,True,explicit_single_parent_and_matching_ghash_and_model
1,p1g6_045_s3,seed3,959,6,p1g6_045,dup_act,True,explicit_single_parent_and_matching_ghash_and_model
1,p1g6_012_s3,seed3,959,6,p1g6_012,mutate,True,explicit_single_parent_and_matching_ghash_and_model
1,p1g6_024_s3,seed3,959,6,p1g6_024,mint_bilin,True,explicit_single_parent_and_matching_ghash_and_model
1,p1g6_026_s3,seed3,959,6,p1g6_026,mint_bilin,True,explicit_single_parent_and_matching_ghash_and_model
1,p1g7_061_s2,seed2,958,7,p1g7_061,merge_cross_edge,True,explicit_single_parent_and_matching_ghash_and_model
1,p1g6_018_s3,seed3,959,6,p1g6_018,mint_bilin,True,explicit_single_parent_and_matching_ghash_and_model
1,p1g6_061_s3,seed3,959,6,p1g6_061,merge_cross_edge,True,explicit_single_parent_and_matching_ghash_and_model
1,p1g6_017_s3,seed3,959,6,p1g6_017,mint_bilin,True,explicit_single_parent_and_matching_ghash_and_model
1,p1g7_068_s2,seed2,958,7,p1g7_068,merge_cross_edge,True,explicit_single_parent_and_matching_ghash_and_model
1,p1g7_005_s2,seed2,958,7,p1g7_005,mutate,True,explicit_single_parent_and_matching_ghash_and_model
1,p1g6_006_s3,seed3,959,6,p1g6_006,mutate,True,explicit_single_parent_and_matching_ghash_and_model
1,p1g6_060_s3,seed3,959,6,p1g6_060,merge_cross_edge,True,explicit_single_parent_and_matching_ghash_and_model
1,p1g6_027_s3,seed3,959,6,p1g6_027,mint_bilin,True,explicit_single_parent_and_matching_ghash_and_model
1,p1g6_062_s3,seed3,959,6,p1g6_062,merge_cross_edge,True,explicit_single_parent_and_matching_ghash_and_model
1,p1g6_052_s3,seed3,959,6,p1g6_052,merge_spatial_ic,True,explicit_single_parent_and_matching_ghash_and_model
1,p1g6_057_s3,seed3,959,6,p1g6_057,merge_cross_edge,True,explicit_single_parent_and_matching_ghash_and_model
1,p1g6_020_s3,seed3,959,6,p1g6_020,mint_bilin,True,explicit_single_parent_and_matching_ghash_and_model
1,p1g6_051_s3,seed3,959,6,p1g6_051,merge_spatial_ic,True,explicit_single_parent_and_matching_ghash_and_model
1,p1g6_050_s3,seed3,959,6,p1g6_050,merge_spatial_ic,True,explicit_single_parent_and_matching_ghash_and_model
1,p1g6_015_s3,seed3,959,6,p1g6_015,mutate,True,explicit_single_parent_and_matching_ghash_and_model
1,p1g7_004_s2,seed2,958,7,p1g7_004,mutate,True,explicit_single_parent_and_matching_ghash_and_model
1,p1g7_016_s2,seed2,958,7,p1g7_016,mint_bilin,True,explicit_single_parent_and_matching_ghash_and_model
1,p1g7_065_s2,seed2,958,7,p1g7_065,merge_cross_edge,True,explicit_single_parent_and_matching_ghash_and_model
1,p1g7_012_s2,seed2,958,7,p1g7_012,mutate,True,explicit_single_parent_and_matching_ghash_and_model
1,p1g7_019_s2,seed2,958,7,p1g7_019,mint_bilin,True,explicit_single_parent_and_matching_ghash_and_model
1,p1g7_066_s2,seed2,958,7,p1g7_066,merge_slow_tanh,True,explicit_single_parent_and_matching_ghash_and_model
1,p1g7_067_s2,seed2,958,7,p1g7_067,merge_slow_tanh,True,explicit_single_parent_and_matching_ghash_and_model
1,p1g6_008_s3,seed3,959,6,p1g6_008,mutate,True,explicit_single_parent_and_matching_ghash_and_model
1,p1g6_001_s3,seed3,959,6,p1g6_001,mutate,True,explicit_single_parent_and_matching_ghash_and_model
1,p1g6_010_s3,seed3,959,6,p1g6_010,mutate,True,explicit_single_parent_and_matching_ghash_and_model
1,p1g6_071_s3,seed3,959,6,p1g6_071,merge_slow_tanh,True,explicit_single_parent_and_matching_ghash_and_model
1,p1g7_056_s2,seed2,958,7,p1g7_056,merge_cross_edge,True,explicit_single_parent_and_matching_ghash_and_model
1,p1g6_066_s3,seed3,959,6,p1g6_066,merge_cross_edge,True,explicit_single_parent_and_matching_ghash_and_model
1,p1g6_041_s3,seed3,959,6,p1g6_041,dup_act,True,explicit_single_parent_and_matching_ghash_and_model
1,p1g7_002_s3,seed3,959,7,p1g7_002,mutate,True,explicit_single_parent_and_matching_ghash_and_model
1,p1g7_065_s3,seed3,959,7,p1g7_065,merge_cross_edge,True,explicit_single_parent_and_matching_ghash_and_model
1,p1g7_017_s3,seed3,959,7,p1g7_017,mint_bilin,True,explicit_single_parent_and_matching_ghash_and_model
1,p1g7_068_s3,seed3,959,7,p1g7_068,merge_cross_edge,True,explicit_single_parent_and_matching_ghash_and_model
1,p1g7_004_s3,seed3,959,7,p1g7_004,mutate,True,explicit_single_parent_and_matching_ghash_and_model
1,p1g7_012_s3,seed3,959,7,p1g7_012,mutate,True,explicit_single_parent_and_matching_ghash_and_model
1,p1g7_019_s3,seed3,959,7,p1g7_019,mint_bilin,True,explicit_single_parent_and_matching_ghash_and_model
1,p1g7_066_s3,seed3,959,7,p1g7_066,merge_slow_tanh,True,explicit_single_parent_and_matching_ghash_and_model
1,p1g7_067_s3,seed3,959,7,p1g7_067,merge_slow_tanh,True,explicit_single_parent_and_matching_ghash_and_model
1,p1g7_052_s3,seed3,959,7,p1g7_052,merge_spatial_ic,True,explicit_single_parent_and_matching_ghash_and_model
1,p1g7_005_s3,seed3,959,7,p1g7_005,mutate,True,explicit_single_parent_and_matching_ghash_and_model
1,p1g7_061_s3,seed3,959,7,p1g7_061,merge_cross_edge,True,explicit_single_parent_and_matching_ghash_and_model
1,p1g7_016_s3,seed3,959,7,p1g7_016,mint_bilin,True,explicit_single_parent_and_matching_ghash_and_model
1,p1g7_056_s3,seed3,959,7,p1g7_056,merge_cross_edge,True,explicit_single_parent_and_matching_ghash_and_model
1,p1g8_024_s2,seed2,958,8,p1g8_024,mint_bilin,True,explicit_single_parent_and_matching_ghash_and_model
1,p1g8_000_s2,seed2,958,8,p1g8_000,mutate,True,explicit_single_parent_and_matching_ghash_and_model
1,p1g8_009_s2,seed2,958,8,p1g8_009,mutate,True,explicit_single_parent_and_matching_ghash_and_model
1,p1g8_071_s2,seed2,958,8,p1g8_071,merge_cross_edge,True,explicit_single_parent_and_matching_ghash_and_model
1,p1g8_041_s2,seed2,958,8,p1g8_041,add_chan,True,explicit_single_parent_and_matching_ghash_and_model
1,p1g8_067_s2,seed2,958,8,p1g8_067,merge_cross_edge,True,explicit_single_parent_and_matching_ghash_and_model
1,p1g8_059_s2,seed2,958,8,p1g8_059,merge_spatial_ic,True,explicit_single_parent_and_matching_ghash_and_model
1,p1g8_068_s2,seed2,958,8,p1g8_068,merge_cross_edge,True,explicit_single_parent_and_matching_ghash_and_model
1,p1g8_037_s2,seed2,958,8,p1g8_037,add_chan,True,explicit_single_parent_and_matching_ghash_and_model
1,p1g8_021_s2,seed2,958,8,p1g8_021,mint_bilin,True,explicit_single_parent_and_matching_ghash_and_model
1,p1g8_010_s2,seed2,958,8,p1g8_010,mutate,True,explicit_single_parent_and_matching_ghash_and_model
1,p1g8_029_s2,seed2,958,8,p1g8_029,mint_bilin,True,explicit_single_parent_and_matching_ghash_and_model
1,p1g8_033_s2,seed2,958,8,p1g8_033,delete_bilin,True,explicit_single_parent_and_matching_ghash_and_model
1,p1g8_025_s2,seed2,958,8,p1g8_025,mint_bilin,True,explicit_single_parent_and_matching_ghash_and_model
1,p1g8_003_s2,seed2,958,8,p1g8_003,mutate,True,explicit_single_parent_and_matching_ghash_and_model
1,p1g8_007_s2,seed2,958,8,p1g8_007,mutate,True,explicit_single_parent_and_matching_ghash_and_model
1,p1g8_040_s2,seed2,958,8,p1g8_040,add_chan,True,explicit_single_parent_and_matching_ghash_and_model
1,p1g8_047_s2,seed2,958,8,p1g8_047,merge_spatial_ic,True,explicit_single_parent_and_matching_ghash_and_model
1,p1g8_002_s2,seed2,958,8,p1g8_002,mutate,True,explicit_single_parent_and_matching_ghash_and_model
1,p1g8_014_s2,seed2,958,8,p1g8_014,mutate,True,explicit_single_parent_and_matching_ghash_and_model
1,p1g8_045_s2,seed2,958,8,p1g8_045,merge_spatial_ic,True,explicit_single_parent_and_matching_ghash_and_model
1,p1g8_055_s2,seed2,958,8,p1g8_055,merge_spatial_ic,True,explicit_single_parent_and_matching_ghash_and_model
1,p1g8_062_s2,seed2,958,8,p1g8_062,merge_spatial_ic,True,explicit_single_parent_and_matching_ghash_and_model
1,p1g8_063_s2,seed2,958,8,p1g8_063,merge_spatial_ic,True,explicit_single_parent_and_matching_ghash_and_model
1,p1g8_039_s2,seed2,958,8,p1g8_039,add_chan,True,explicit_single_parent_and_matching_ghash_and_model
1,p1g8_052_s2,seed2,958,8,p1g8_052,merge_spatial_ic,True,explicit_single_parent_and_matching_ghash_and_model
1,p1g8_048_s2,seed2,958,8,p1g8_048,merge_spatial_ic,True,explicit_single_parent_and_matching_ghash_and_model
1,p1g8_066_s2,seed2,958,8,p1g8_066,merge_cross_edge,True,explicit_single_parent_and_matching_ghash_and_model
1,p1g8_024_s3,seed3,959,8,p1g8_024,mint_bilin,True,explicit_single_parent_and_matching_ghash_and_model
1,p1g8_071_s3,seed3,959,8,p1g8_071,merge_cross_edge,True,explicit_single_parent_and_matching_ghash_and_model
1,p1g9_057_s2,seed2,958,9,p1g9_057,merge_cross_edge,True,explicit_single_parent_and_matching_ghash_and_model
1,p1g9_064_s2,seed2,958,9,p1g9_064,merge_slow_tanh,True,explicit_single_parent_and_matching_ghash_and_model
1,p1g8_000_s3,seed3,959,8,p1g8_000,mutate,True,explicit_single_parent_and_matching_ghash_and_model
1,p1g8_041_s3,seed3,959,8,p1g8_041,add_chan,True,explicit_single_parent_and_matching_ghash_and_model
1,p1g8_059_s3,seed3,959,8,p1g8_059,merge_spatial_ic,True,explicit_single_parent_and_matching_ghash_and_model
1,p1g9_023_s2,seed2,958,9,p1g9_023,mint_bilin,True,explicit_single_parent_and_matching_ghash_and_model
1,p1g9_024_s2,seed2,958,9,p1g9_024,mint_bilin,True,explicit_single_parent_and_matching_ghash_and_model
1,p1g9_042_s2,seed2,958,9,p1g9_042,delete_bilin,True,explicit_single_parent_and_matching_ghash_and_model
1,p1g8_021_s3,seed3,959,8,p1g8_021,mint_bilin,True,explicit_single_parent_and_matching_ghash_and_model
1,p1g8_029_s3,seed3,959,8,p1g8_029,mint_bilin,True,explicit_single_parent_and_matching_ghash_and_model
1,p1g8_010_s3,seed3,959,8,p1g8_010,mutate,True,explicit_single_parent_and_matching_ghash_and_model
1,p1g9_022_s2,seed2,958,9,p1g9_022,mint_bilin,True,explicit_single_parent_and_matching_ghash_and_model
1,p1g9_031_s2,seed2,958,9,p1g9_031,mint_bilin,True,explicit_single_parent_and_matching_ghash_and_model
1,p1g9_013_s2,seed2,958,9,p1g9_013,mutate,True,explicit_single_parent_and_matching_ghash_and_model
1,p1g9_036_s2,seed2,958,9,p1g9_036,mint_bilin,True,explicit_single_parent_and_matching_ghash_and_model
1,p1g8_067_s3,seed3,959,8,p1g8_067,merge_cross_edge,True,explicit_single_parent_and_matching_ghash_and_model
1,p1g8_025_s3,seed3,959,8,p1g8_025,mint_bilin,True,explicit_single_parent_and_matching_ghash_and_model
1,p1g8_047_s3,seed3,959,8,p1g8_047,merge_spatial_ic,True,explicit_single_parent_and_matching_ghash_and_model
1,p1g8_033_s3,seed3,959,8,p1g8_033,delete_bilin,True,explicit_single_parent_and_matching_ghash_and_model
1,p1g8_048_s3,seed3,959,8,p1g8_048,merge_spatial_ic,True,explicit_single_parent_and_matching_ghash_and_model
1,p1g8_068_s3,seed3,959,8,p1g8_068,merge_cross_edge,True,explicit_single_parent_and_matching_ghash_and_model
1,p1g8_037_s3,seed3,959,8,p1g8_037,add_chan,True,explicit_single_parent_and_matching_ghash_and_model
1,p1g8_052_s3,seed3,959,8,p1g8_052,merge_spatial_ic,True,explicit_single_parent_and_matching_ghash_and_model
1,p1g9_010_s2,seed2,958,9,p1g9_010,mutate,True,explicit_single_parent_and_matching_ghash_and_model
1,p1g9_016_s2,seed2,958,9,p1g9_016,mutate,True,explicit_single_parent_and_matching_ghash_and_model
1,p1g9_051_s2,seed2,958,9,p1g9_051,add_chan,True,explicit_single_parent_and_matching_ghash_and_model
1,p1g9_011_s2,seed2,958,9,p1g9_011,mutate,True,explicit_single_parent_and_matching_ghash_and_model
1,p1g9_025_s2,seed2,958,9,p1g9_025,mint_bilin,True,explicit_single_parent_and_matching_ghash_and_model
1,p1g9_059_s2,seed2,958,9,p1g9_059,merge_cross_edge,True,explicit_single_parent_and_matching_ghash_and_model
1,p1g8_003_s3,seed3,959,8,p1g8_003,mutate,True,explicit_single_parent_and_matching_ghash_and_model
1,p1g8_007_s3,seed3,959,8,p1g8_007,mutate,True,explicit_single_parent_and_matching_ghash_and_model
1,p1g8_040_s3,seed3,959,8,p1g8_040,add_chan,True,explicit_single_parent_and_matching_ghash_and_model
1,p1g8_055_s3,seed3,959,8,p1g8_055,merge_spatial_ic,True,explicit_single_parent_and_matching_ghash_and_model
1,p1g9_032_s2,seed2,958,9,p1g9_032,mint_bilin,True,explicit_single_parent_and_matching_ghash_and_model
1,p1g9_046_s2,seed2,958,9,p1g9_046,add_chan,True,explicit_single_parent_and_matching_ghash_and_model
1,p1g9_062_s2,seed2,958,9,p1g9_062,merge_slow_tanh,True,explicit_single_parent_and_matching_ghash_and_model
1,p1g9_007_s2,seed2,958,9,p1g9_007,mutate,True,explicit_single_parent_and_matching_ghash_and_model
1,p1g9_001_s2,seed2,958,9,p1g9_001,mutate,True,explicit_single_parent_and_matching_ghash_and_model
1,p1g9_055_s2,seed2,958,9,p1g9_055,merge_cross_edge,True,explicit_single_parent_and_matching_ghash_and_model
1,p1g8_002_s3,seed3,959,8,p1g8_002,mutate,True,explicit_single_parent_and_matching_ghash_and_model
1,p1g8_014_s3,seed3,959,8,p1g8_014,mutate,True,explicit_single_parent_and_matching_ghash_and_model
1,p1g8_045_s3,seed3,959,8,p1g8_045,merge_spatial_ic,True,explicit_single_parent_and_matching_ghash_and_model
1,p1g8_062_s3,seed3,959,8,p1g8_062,merge_spatial_ic,True,explicit_single_parent_and_matching_ghash_and_model
1,p1g8_063_s3,seed3,959,8,p1g8_063,merge_spatial_ic,True,explicit_single_parent_and_matching_ghash_and_model
1,p1g8_039_s3,seed3,959,8,p1g8_039,add_chan,True,explicit_single_parent_and_matching_ghash_and_model
1,p1g8_066_s3,seed3,959,8,p1g8_066,merge_cross_edge,True,explicit_single_parent_and_matching_ghash_and_model
1,p1g10_031_s2,seed2,958,10,p1g10_031,mint_bilin,True,explicit_single_parent_and_matching_ghash_and_model
1,p1g9_057_s3,seed3,959,9,p1g9_057,merge_cross_edge,True,explicit_single_parent_and_matching_ghash_and_model
1,p1g9_064_s3,seed3,959,9,p1g9_064,merge_slow_tanh,True,explicit_single_parent_and_matching_ghash_and_model
1,p1g10_019_s2,seed2,958,10,p1g10_019,mutate,True,explicit_single_parent_and_matching_ghash_and_model
1,p1g10_042_s2,seed2,958,10,p1g10_042,delete_bilin,True,explicit_single_parent_and_matching_ghash_and_model
1,p1g10_022_s2,seed2,958,10,p1g10_022,mint_bilin,True,explicit_single_parent_and_matching_ghash_and_model
1,p1g10_048_s2,seed2,958,10,p1g10_048,add_chan,True,explicit_single_parent_and_matching_ghash_and_model
1,p1g9_023_s3,seed3,959,9,p1g9_023,mint_bilin,True,explicit_single_parent_and_matching_ghash_and_model
1,p1g9_024_s3,seed3,959,9,p1g9_024,mint_bilin,True,explicit_single_parent_and_matching_ghash_and_model
1,p1g9_042_s3,seed3,959,9,p1g9_042,delete_bilin,True,explicit_single_parent_and_matching_ghash_and_model
1,p1g9_022_s3,seed3,959,9,p1g9_022,mint_bilin,True,explicit_single_parent_and_matching_ghash_and_model
1,p1g10_040_s2,seed2,958,10,p1g10_040,delete_bilin,True,explicit_single_parent_and_matching_ghash_and_model
1,p1g10_020_s2,seed2,958,10,p1g10_020,mutate,True,explicit_single_parent_and_matching_ghash_and_model
1,p1g10_060_s2,seed2,958,10,p1g10_060,merge_cross_edge,True,explicit_single_parent_and_matching_ghash_and_model
1,p1g10_012_s2,seed2,958,10,p1g10_012,mutate,True,explicit_single_parent_and_matching_ghash_and_model
1,p1g10_034_s2,seed2,958,10,p1g10_034,mint_bilin,True,explicit_single_parent_and_matching_ghash_and_model
1,p1g9_031_s3,seed3,959,9,p1g9_031,mint_bilin,True,explicit_single_parent_and_matching_ghash_and_model
1,p1g9_062_s3,seed3,959,9,p1g9_062,merge_slow_tanh,True,explicit_single_parent_and_matching_ghash_and_model
1,p1g9_013_s3,seed3,959,9,p1g9_013,mutate,True,explicit_single_parent_and_matching_ghash_and_model
1,p1g9_036_s3,seed3,959,9,p1g9_036,mint_bilin,True,explicit_single_parent_and_matching_ghash_and_model
1,p1g10_056_s2,seed2,958,10,p1g10_056,merge_cross_edge,True,explicit_single_parent_and_matching_ghash_and_model
1,p1g10_038_s2,seed2,958,10,p1g10_038,mint_bilin,True,explicit_single_parent_and_matching_ghash_and_model
1,p1g9_032_s3,seed3,959,9,p1g9_032,mint_bilin,True,explicit_single_parent_and_matching_ghash_and_model
1,p1g10_032_s2,seed2,958,10,p1g10_032,mint_bilin,True,explicit_single_parent_and_matching_ghash_and_model
1,p1g10_046_s2,seed2,958,10,p1g10_046,add_chan,True,explicit_single_parent_and_matching_ghash_and_model
1,p1g10_049_s2,seed2,958,10,p1g10_049,add_chan,True,explicit_single_parent_and_matching_ghash_and_model
1,p1g10_005_s2,seed2,958,10,p1g10_005,mutate,True,explicit_single_parent_and_matching_ghash_and_model
1,p1g10_013_s2,seed2,958,10,p1g10_013,mutate,True,explicit_single_parent_and_matching_ghash_and_model
1,p1g10_021_s2,seed2,958,10,p1g10_021,mutate,True,explicit_single_parent_and_matching_ghash_and_model
1,p1g10_063_s2,seed2,958,10,p1g10_063,merge_slow_tanh,True,explicit_single_parent_and_matching_ghash_and_model
1,p1g10_014_s2,seed2,958,10,p1g10_014,mutate,True,explicit_single_parent_and_matching_ghash_and_model
1,p1g10_062_s2,seed2,958,10,p1g10_062,merge_slow_tanh,True,explicit_single_parent_and_matching_ghash_and_model
1,p1g10_059_s2,seed2,958,10,p1g10_059,merge_cross_edge,True,explicit_single_parent_and_matching_ghash_and_model
1,p1g10_004_s2,seed2,958,10,p1g10_004,mutate,True,explicit_single_parent_and_matching_ghash_and_model
1,p1g9_010_s3,seed3,959,9,p1g9_010,mutate,True,explicit_single_parent_and_matching_ghash_and_model
1,p1g9_051_s3,seed3,959,9,p1g9_051,add_chan,True,explicit_single_parent_and_matching_ghash_and_model
1,p1g9_046_s3,seed3,959,9,p1g9_046,add_chan,True,explicit_single_parent_and_matching_ghash_and_model
1,p1g9_011_s3,seed3,959,9,p1g9_011,mutate,True,explicit_single_parent_and_matching_ghash_and_model
1,p1g9_007_s3,seed3,959,9,p1g9_007,mutate,True,explicit_single_parent_and_matching_ghash_and_model
1,p1g9_025_s3,seed3,959,9,p1g9_025,mint_bilin,True,explicit_single_parent_and_matching_ghash_and_model
1,p1g9_059_s3,seed3,959,9,p1g9_059,merge_cross_edge,True,explicit_single_parent_and_matching_ghash_and_model
1,p1g9_001_s3,seed3,959,9,p1g9_001,mutate,True,explicit_single_parent_and_matching_ghash_and_model
1,p1g9_055_s3,seed3,959,9,p1g9_055,merge_cross_edge,True,explicit_single_parent_and_matching_ghash_and_model
1,p1g10_055_s2,seed2,958,10,p1g10_055,merge_cross_edge,True,explicit_single_parent_and_matching_ghash_and_model
1,p1g11_045_s2,seed2,958,11,p1g11_045,add_chan,True,explicit_single_parent_and_matching_ghash_and_model
1,p1g11_024_s2,seed2,958,11,p1g11_024,mint_bilin,True,explicit_single_parent_and_matching_ghash_and_model
1,p1g11_044_s2,seed2,958,11,p1g11_044,add_chan,True,explicit_single_parent_and_matching_ghash_and_model
1,p1g11_060_s2,seed2,958,11,p1g11_060,merge_cross_edge,True,explicit_single_parent_and_matching_ghash_and_model
1,p1g11_061_s2,seed2,958,11,p1g11_061,merge_cross_edge,True,explicit_single_parent_and_matching_ghash_and_model
1,p1g11_052_s2,seed2,958,11,p1g11_052,merge_spatial_ic,True,explicit_single_parent_and_matching_ghash_and_model
1,p1g10_019_s3,seed3,959,10,p1g10_019,mutate,True,explicit_single_parent_and_matching_ghash_and_model
1,p1g11_053_s2,seed2,958,11,p1g11_053,merge_spatial_ic,True,explicit_single_parent_and_matching_ghash_and_model
1,p1g10_042_s3,seed3,959,10,p1g10_042,delete_bilin,True,explicit_single_parent_and_matching_ghash_and_model
1,p1g11_037_s2,seed2,958,11,p1g11_037,mint_bilin,True,explicit_single_parent_and_matching_ghash_and_model
1,p1g10_022_s3,seed3,959,10,p1g10_022,mint_bilin,True,explicit_single_parent_and_matching_ghash_and_model
1,p1g10_040_s3,seed3,959,10,p1g10_040,delete_bilin,True,explicit_single_parent_and_matching_ghash_and_model
1,p1g10_048_s3,seed3,959,10,p1g10_048,add_chan,True,explicit_single_parent_and_matching_ghash_and_model
1,p1g11_000_s2,seed2,958,11,p1g11_000,mutate,True,explicit_single_parent_and_matching_ghash_and_model
1,p1g11_019_s2,seed2,958,11,p1g11_019,mutate,True,explicit_single_parent_and_matching_ghash_and_model
1,p1g11_048_s2,seed2,958,11,p1g11_048,add_chan,True,explicit_single_parent_and_matching_ghash_and_model
1,p1g10_020_s3,seed3,959,10,p1g10_020,mutate,True,explicit_single_parent_and_matching_ghash_and_model
1,p1g10_060_s3,seed3,959,10,p1g10_060,merge_cross_edge,True,explicit_single_parent_and_matching_ghash_and_model
1,p1g10_012_s3,seed3,959,10,p1g10_012,mutate,True,explicit_single_parent_and_matching_ghash_and_model
1,p1g10_034_s3,seed3,959,10,p1g10_034,mint_bilin,True,explicit_single_parent_and_matching_ghash_and_model
1,p1g11_012_s2,seed2,958,11,p1g11_012,mutate,True,explicit_single_parent_and_matching_ghash_and_model
1,p1g10_056_s3,seed3,959,10,p1g10_056,merge_cross_edge,True,explicit_single_parent_and_matching_ghash_and_model
1,p1g10_049_s3,seed3,959,10,p1g10_049,add_chan,True,explicit_single_parent_and_matching_ghash_and_model
1,p1g10_038_s3,seed3,959,10,p1g10_038,mint_bilin,True,explicit_single_parent_and_matching_ghash_and_model
1,p1g11_015_s2,seed2,958,11,p1g11_015,mutate,True,explicit_single_parent_and_matching_ghash_and_model
1,p1g11_050_s2,seed2,958,11,p1g11_050,add_chan,True,explicit_single_parent_and_matching_ghash_and_model
1,p1g11_039_s2,seed2,958,11,p1g11_039,mint_bilin,True,explicit_single_parent_and_matching_ghash_and_model
1,p1g10_032_s3,seed3,959,10,p1g10_032,mint_bilin,True,explicit_single_parent_and_matching_ghash_and_model
1,p1g11_017_s2,seed2,958,11,p1g11_017,mutate,True,explicit_single_parent_and_matching_ghash_and_model
1,p1g10_046_s3,seed3,959,10,p1g10_046,add_chan,True,explicit_single_parent_and_matching_ghash_and_model
1,p1g10_005_s3,seed3,959,10,p1g10_005,mutate,True,explicit_single_parent_and_matching_ghash_and_model
1,p1g10_013_s3,seed3,959,10,p1g10_013,mutate,True,explicit_single_parent_and_matching_ghash_and_model
1,p1g10_021_s3,seed3,959,10,p1g10_021,mutate,True,explicit_single_parent_and_matching_ghash_and_model
1,p1g10_063_s3,seed3,959,10,p1g10_063,merge_slow_tanh,True,explicit_single_parent_and_matching_ghash_and_model
1,p1g10_014_s3,seed3,959,10,p1g10_014,mutate,True,explicit_single_parent_and_matching_ghash_and_model
1,p1g10_062_s3,seed3,959,10,p1g10_062,merge_slow_tanh,True,explicit_single_parent_and_matching_ghash_and_model
1,p1g10_059_s3,seed3,959,10,p1g10_059,merge_cross_edge,True,explicit_single_parent_and_matching_ghash_and_model
1,p1g10_004_s3,seed3,959,10,p1g10_004,mutate,True,explicit_single_parent_and_matching_ghash_and_model
1,p1g11_033_s2,seed2,958,11,p1g11_033,mint_bilin,True,explicit_single_parent_and_matching_ghash_and_model
1,p1g10_055_s3,seed3,959,10,p1g10_055,merge_cross_edge,True,explicit_single_parent_and_matching_ghash_and_model
1,p1g11_043_s2,seed2,958,11,p1g11_043,delete_bilin,True,explicit_single_parent_and_matching_ghash_and_model
1,p1g11_045_s3,seed3,959,11,p1g11_045,add_chan,True,explicit_single_parent_and_matching_ghash_and_model
1,p1g11_024_s3,seed3,959,11,p1g11_024,mint_bilin,True,explicit_single_parent_and_matching_ghash_and_model
1,p1g11_060_s3,seed3,959,11,p1g11_060,merge_cross_edge,True,explicit_single_parent_and_matching_ghash_and_model
1,p1g11_061_s3,seed3,959,11,p1g11_061,merge_cross_edge,True,explicit_single_parent_and_matching_ghash_and_model
1,p1g11_052_s3,seed3,959,11,p1g11_052,merge_spatial_ic,True,explicit_single_parent_and_matching_ghash_and_model
1,p1g12_045_s2,seed2,958,12,p1g12_045,add_chan,True,explicit_single_parent_and_matching_ghash_and_model
1,p1g12_002_s2,seed2,958,12,p1g12_002,mutate,True,explicit_single_parent_and_matching_ghash_and_model
1,p1g12_051_s2,seed2,958,12,p1g12_051,add_chan,True,explicit_single_parent_and_matching_ghash_and_model
1,p1g11_037_s3,seed3,959,11,p1g11_037,mint_bilin,True,explicit_single_parent_and_matching_ghash_and_model
1,p1g11_000_s3,seed3,959,11,p1g11_000,mutate,True,explicit_single_parent_and_matching_ghash_and_model
1,p1g11_033_s3,seed3,959,11,p1g11_033,mint_bilin,True,explicit_single_parent_and_matching_ghash_and_model
1,p1g11_043_s3,seed3,959,11,p1g11_043,delete_bilin,True,explicit_single_parent_and_matching_ghash_and_model
1,p1g12_031_s2,seed2,958,12,p1g12_031,mint_bilin,True,explicit_single_parent_and_matching_ghash_and_model
1,p1g12_007_s2,seed2,958,12,p1g12_007,mutate,True,explicit_single_parent_and_matching_ghash_and_model
1,p1g12_037_s2,seed2,958,12,p1g12_037,mint_bilin,True,explicit_single_parent_and_matching_ghash_and_model
1,p1g11_019_s3,seed3,959,11,p1g11_019,mutate,True,explicit_single_parent_and_matching_ghash_and_model
1,p1g11_048_s3,seed3,959,11,p1g11_048,add_chan,True,explicit_single_parent_and_matching_ghash_and_model
1,p1g12_049_s2,seed2,958,12,p1g12_049,add_chan,True,explicit_single_parent_and_matching_ghash_and_model
1,p1g12_033_s2,seed2,958,12,p1g12_033,mint_bilin,True,explicit_single_parent_and_matching_ghash_and_model
1,p1g12_057_s2,seed2,958,12,p1g12_057,merge_cross_edge,True,explicit_single_parent_and_matching_ghash_and_model
1,p1g11_015_s3,seed3,959,11,p1g11_015,mutate,True,explicit_single_parent_and_matching_ghash_and_model
1,p1g11_017_s3,seed3,959,11,p1g11_017,mutate,True,explicit_single_parent_and_matching_ghash_and_model
1,p1g11_012_s3,seed3,959,11,p1g11_012,mutate,True,explicit_single_parent_and_matching_ghash_and_model
1,p1g12_028_s2,seed2,958,12,p1g12_028,mint_bilin,True,explicit_single_parent_and_matching_ghash_and_model
1,p1g11_050_s3,seed3,959,11,p1g11_050,add_chan,True,explicit_single_parent_and_matching_ghash_and_model
1,p1g11_039_s3,seed3,959,11,p1g11_039,mint_bilin,True,explicit_single_parent_and_matching_ghash_and_model
1,p1g12_044_s2,seed2,958,12,p1g12_044,add_chan,True,explicit_single_parent_and_matching_ghash_and_model
1,p1g12_048_s2,seed2,958,12,p1g12_048,add_chan,True,explicit_single_parent_and_matching_ghash_and_model
1,p1g12_060_s2,seed2,958,12,p1g12_060,merge_cross_edge,True,explicit_single_parent_and_matching_ghash_and_model
1,p1g12_012_s2,seed2,958,12,p1g12_012,mutate,True,explicit_single_parent_and_matching_ghash_and_model
1,p1g12_015_s2,seed2,958,12,p1g12_015,mutate,True,explicit_single_parent_and_matching_ghash_and_model
1,p1g12_053_s2,seed2,958,12,p1g12_053,merge_spatial_ic,True,explicit_single_parent_and_matching_ghash_and_model
1,p1g12_014_s2,seed2,958,12,p1g12_014,mutate,True,explicit_single_parent_and_matching_ghash_and_model
1,p1g12_023_s2,seed2,958,12,p1g12_023,mint_bilin,True,explicit_single_parent_and_matching_ghash_and_model
1,p1g12_062_s2,seed2,958,12,p1g12_062,merge_slow_tanh,True,explicit_single_parent_and_matching_ghash_and_model
1,p1g12_016_s2,seed2,958,12,p1g12_016,mutate,True,explicit_single_parent_and_matching_ghash_and_model
1,p1g12_017_s2,seed2,958,12,p1g12_017,mutate,True,explicit_single_parent_and_matching_ghash_and_model
1,p1g12_045_s3,seed3,959,12,p1g12_045,add_chan,True,explicit_single_parent_and_matching_ghash_and_model
1,p1g12_002_s3,seed3,959,12,p1g12_002,mutate,True,explicit_single_parent_and_matching_ghash_and_model
1,p1g12_051_s3,seed3,959,12,p1g12_051,add_chan,True,explicit_single_parent_and_matching_ghash_and_model
1,p1g12_033_s3,seed3,959,12,p1g12_033,mint_bilin,True,explicit_single_parent_and_matching_ghash_and_model
1,p1g12_028_s3,seed3,959,12,p1g12_028,mint_bilin,True,explicit_single_parent_and_matching_ghash_and_model
1,p1g12_031_s3,seed3,959,12,p1g12_031,mint_bilin,True,explicit_single_parent_and_matching_ghash_and_model
1,p1g12_044_s3,seed3,959,12,p1g12_044,add_chan,True,explicit_single_parent_and_matching_ghash_and_model
1,p1g12_048_s3,seed3,959,12,p1g12_048,add_chan,True,explicit_single_parent_and_matching_ghash_and_model
1,p1g12_060_s3,seed3,959,12,p1g12_060,merge_cross_edge,True,explicit_single_parent_and_matching_ghash_and_model
1,p1g12_012_s3,seed3,959,12,p1g12_012,mutate,True,explicit_single_parent_and_matching_ghash_and_model
1,p1g12_015_s3,seed3,959,12,p1g12_015,mutate,True,explicit_single_parent_and_matching_ghash_and_model
1,p1g12_053_s3,seed3,959,12,p1g12_053,merge_spatial_ic,True,explicit_single_parent_and_matching_ghash_and_model
1,p1g12_062_s3,seed3,959,12,p1g12_062,merge_slow_tanh,True,explicit_single_parent_and_matching_ghash_and_model
1,p1g12_016_s3,seed3,959,12,p1g12_016,mutate,True,explicit_single_parent_and_matching_ghash_and_model
1,p1g12_017_s3,seed3,959,12,p1g12_017,mutate,True,explicit_single_parent_and_matching_ghash_and_model
1,p1g12_049_s3,seed3,959,12,p1g12_049,add_chan,True,explicit_single_parent_and_matching_ghash_and_model
1,p1g12_007_s3,seed3,959,12,p1g12_007,mutate,True,explicit_single_parent_and_matching_ghash_and_model
1,p1g12_037_s3,seed3,959,12,p1g12_037,mint_bilin,True,explicit_single_parent_and_matching_ghash_and_model
1,p1g12_057_s3,seed3,959,12,p1g12_057,merge_cross_edge,True,explicit_single_parent_and_matching_ghash_and_model
1,p1g12_014_s3,seed3,959,12,p1g12_014,mutate,True,explicit_single_parent_and_matching_ghash_and_model
1,p1g12_023_s3,seed3,959,12,p1g12_023,mint_bilin,True,explicit_single_parent_and_matching_ghash_and_model
2,p2g1_002_s2,seed2,965,1,p2g1_002,mutate,True,explicit_single_parent_and_matching_ghash_and_model
2,p2g1_060_s2,seed2,965,1,p2g1_060,merge_cross_edge,True,explicit_single_parent_and_matching_ghash_and_model
2,p2g1_078_s2,seed2,965,1,p2g1_078,merge_share_chan,True,explicit_single_parent_and_matching_ghash_and_model
2,p2g1_017_s2,seed2,965,1,p2g1_017,mint_bilin,True,explicit_single_parent_and_matching_ghash_and_model
2,p2g1_071_s2,seed2,965,1,p2g1_071,merge_cross_edge,True,explicit_single_parent_and_matching_ghash_and_model
2,p2g1_051_s2,seed2,965,1,p2g1_051,merge_spatial_ic,True,explicit_single_parent_and_matching_ghash_and_model
2,p2g1_055_s2,seed2,965,1,p2g1_055,merge_spatial_ic,True,explicit_single_parent_and_matching_ghash_and_model
2,p2g1_011_s2,seed2,965,1,p2g1_011,mutate,True,explicit_single_parent_and_matching_ghash_and_model
2,p2g1_028_s2,seed2,965,1,p2g1_028,delete_bilin,True,explicit_single_parent_and_matching_ghash_and_model
2,p2g1_036_s2,seed2,965,1,p2g1_036,add_chan,True,explicit_single_parent_and_matching_ghash_and_model
2,p2g1_018_s2,seed2,965,1,p2g1_018,mint_bilin,True,explicit_single_parent_and_matching_ghash_and_model
2,p2g1_023_s2,seed2,965,1,p2g1_023,mint_bilin,True,explicit_single_parent_and_matching_ghash_and_model
2,p2g1_025_s2,seed2,965,1,p2g1_025,mint_bilin,True,explicit_single_parent_and_matching_ghash_and_model
2,p2g1_030_s2,seed2,965,1,p2g1_030,delete_bilin,True,explicit_single_parent_and_matching_ghash_and_model
2,p2g1_039_s2,seed2,965,1,p2g1_039,add_chan,True,explicit_single_parent_and_matching_ghash_and_model
2,p2g1_007_s2,seed2,965,1,p2g1_007,mutate,True,explicit_single_parent_and_matching_ghash_and_model
2,p2g1_058_s2,seed2,965,1,p2g1_058,merge_cross_edge,True,explicit_single_parent_and_matching_ghash_and_model
2,p2g1_066_s2,seed2,965,1,p2g1_066,merge_cross_edge,True,explicit_single_parent_and_matching_ghash_and_model
2,p2g1_067_s2,seed2,965,1,p2g1_067,merge_cross_edge,True,explicit_single_parent_and_matching_ghash_and_model
2,p2g1_021_s2,seed2,965,1,p2g1_021,mint_bilin,True,explicit_single_parent_and_matching_ghash_and_model
2,p2g1_062_s2,seed2,965,1,p2g1_062,merge_cross_edge,True,explicit_single_parent_and_matching_ghash_and_model
2,p2g1_079_s2,seed2,965,1,p2g1_079,merge_share_chan,True,explicit_single_parent_and_matching_ghash_and_model
2,p2g1_054_s2,seed2,965,1,p2g1_054,merge_spatial_ic,True,explicit_single_parent_and_matching_ghash_and_model
2,p2g1_006_s2,seed2,965,1,p2g1_006,mutate,True,explicit_single_parent_and_matching_ghash_and_model
2,p2g1_041_s2,seed2,965,1,p2g1_041,dup_act,True,explicit_single_parent_and_matching_ghash_and_model
2,p2g1_056_s2,seed2,965,1,p2g1_056,merge_cross_edge,True,explicit_single_parent_and_matching_ghash_and_model
2,p2g1_069_s2,seed2,965,1,p2g1_069,merge_slow_tanh,True,explicit_single_parent_and_matching_ghash_and_model
2,p2g1_070_s2,seed2,965,1,p2g1_070,merge_cross_edge,True,explicit_single_parent_and_matching_ghash_and_model
2,p2g1_072_s2,seed2,965,1,p2g1_072,merge_cross_edge,True,explicit_single_parent_and_matching_ghash_and_model
2,p2g1_075_s2,seed2,965,1,p2g1_075,merge_cross_edge,True,explicit_single_parent_and_matching_ghash_and_model
2,p2g1_019_s2,seed2,965,1,p2g1_019,mint_bilin,True,explicit_single_parent_and_matching_ghash_and_model
2,p2g1_037_s2,seed2,965,1,p2g1_037,add_chan,True,explicit_single_parent_and_matching_ghash_and_model
2,p2g1_038_s2,seed2,965,1,p2g1_038,add_chan,True,explicit_single_parent_and_matching_ghash_and_model
2,p2g1_045_s2,seed2,965,1,p2g1_045,dup_act,True,explicit_single_parent_and_matching_ghash_and_model
2,p2g1_065_s2,seed2,965,1,p2g1_065,merge_cross_edge,True,explicit_single_parent_and_matching_ghash_and_model
2,p2g1_022_s2,seed2,965,1,p2g1_022,mint_bilin,True,explicit_single_parent_and_matching_ghash_and_model
2,p2g1_034_s2,seed2,965,1,p2g1_034,add_chan,True,explicit_single_parent_and_matching_ghash_and_model
2,p2g1_047_s2,seed2,965,1,p2g1_047,dup_act,True,explicit_single_parent_and_matching_ghash_and_model
2,p2g1_063_s2,seed2,965,1,p2g1_063,merge_cross_edge,True,explicit_single_parent_and_matching_ghash_and_model
2,p2g1_064_s2,seed2,965,1,p2g1_064,merge_cross_edge,True,explicit_single_parent_and_matching_ghash_and_model
2,p2g1_048_s2,seed2,965,1,p2g1_048,merge_spatial_ic,True,explicit_single_parent_and_matching_ghash_and_model
2,p2g1_005_s2,seed2,965,1,p2g1_005,mutate,True,explicit_single_parent_and_matching_ghash_and_model
2,p2g1_010_s2,seed2,965,1,p2g1_010,mutate,True,explicit_single_parent_and_matching_ghash_and_model
2,p2g1_012_s2,seed2,965,1,p2g1_012,mutate,True,explicit_single_parent_and_matching_ghash_and_model
2,p2g1_014_s2,seed2,965,1,p2g1_014,mutate,True,explicit_single_parent_and_matching_ghash_and_model
2,p2g1_074_s2,seed2,965,1,p2g1_074,merge_cross_edge,True,explicit_single_parent_and_matching_ghash_and_model
2,p2g1_001_s2,seed2,965,1,p2g1_001,mutate,True,explicit_single_parent_and_matching_ghash_and_model
2,p2g1_009_s2,seed2,965,1,p2g1_009,mutate,True,explicit_single_parent_and_matching_ghash_and_model
2,p2g1_013_s2,seed2,965,1,p2g1_013,mutate,True,explicit_single_parent_and_matching_ghash_and_model
2,p2g1_024_s2,seed2,965,1,p2g1_024,mint_bilin,True,explicit_single_parent_and_matching_ghash_and_model
2,p2g1_033_s2,seed2,965,1,p2g1_033,add_chan,True,explicit_single_parent_and_matching_ghash_and_model
2,p2g1_043_s2,seed2,965,1,p2g1_043,dup_act,True,explicit_single_parent_and_matching_ghash_and_model
2,p2g1_057_s2,seed2,965,1,p2g1_057,merge_cross_edge,True,explicit_single_parent_and_matching_ghash_and_model
2,p2g1_052_s2,seed2,965,1,p2g1_052,merge_spatial_ic,True,explicit_single_parent_and_matching_ghash_and_model
2,p2g1_000_s2,seed2,965,1,p2g1_000,mutate,True,explicit_single_parent_and_matching_ghash_and_model
2,p2g1_003_s2,seed2,965,1,p2g1_003,mutate,True,explicit_single_parent_and_matching_ghash_and_model
2,p2g1_015_s2,seed2,965,1,p2g1_015,mutate,True,explicit_single_parent_and_matching_ghash_and_model
2,p2g1_027_s2,seed2,965,1,p2g1_027,mint_bilin,True,explicit_single_parent_and_matching_ghash_and_model
2,p2g1_049_s2,seed2,965,1,p2g1_049,merge_spatial_ic,True,explicit_single_parent_and_matching_ghash_and_model
2,p2g1_053_s2,seed2,965,1,p2g1_053,merge_spatial_ic,True,explicit_single_parent_and_matching_ghash_and_model
2,p2g1_086_s2,seed2,965,1,p2g1_086,immigrate,True,explicit_single_parent_and_matching_ghash_and_model
2,p2g1_092_s2,seed2,965,1,p2g1_092,immigrate,True,explicit_single_parent_and_matching_ghash_and_model
2,p2g2_064_s2,seed2,965,2,p2g2_064,merge_cross_edge,True,explicit_single_parent_and_matching_ghash_and_model
2,p2g1_060_s3,seed3,966,1,p2g1_060,merge_cross_edge,True,explicit_single_parent_and_matching_ghash_and_model
2,p2g1_078_s3,seed3,966,1,p2g1_078,merge_share_chan,True,explicit_single_parent_and_matching_ghash_and_model
2,p2g2_053_s2,seed2,965,2,p2g2_053,merge_spatial_ic,True,explicit_single_parent_and_matching_ghash_and_model
2,p2g2_034_s2,seed2,965,2,p2g2_034,add_chan,True,explicit_single_parent_and_matching_ghash_and_model
2,p2g2_043_s2,seed2,965,2,p2g2_043,dup_act,True,explicit_single_parent_and_matching_ghash_and_model
2,p2g2_058_s2,seed2,965,2,p2g2_058,merge_cross_edge,True,explicit_single_parent_and_matching_ghash_and_model
2,p2g2_060_s2,seed2,965,2,p2g2_060,merge_cross_edge,True,explicit_single_parent_and_matching_ghash_and_model
2,p2g2_006_s2,seed2,965,2,p2g2_006,mutate,True,explicit_single_parent_and_matching_ghash_and_model
2,p2g2_042_s2,seed2,965,2,p2g2_042,dup_act,True,explicit_single_parent_and_matching_ghash_and_model
2,p2g2_073_s2,seed2,965,2,p2g2_073,merge_slow_tanh,True,explicit_single_parent_and_matching_ghash_and_model
2,p2g2_025_s2,seed2,965,2,p2g2_025,mint_bilin,True,explicit_single_parent_and_matching_ghash_and_model
2,p2g1_017_s3,seed3,966,1,p2g1_017,mint_bilin,True,explicit_single_parent_and_matching_ghash_and_model
2,p2g1_071_s3,seed3,966,1,p2g1_071,merge_cross_edge,True,explicit_single_parent_and_matching_ghash_and_model
2,p2g1_066_s3,seed3,966,1,p2g1_066,merge_cross_edge,True,explicit_single_parent_and_matching_ghash_and_model
2,p2g1_067_s3,seed3,966,1,p2g1_067,merge_cross_edge,True,explicit_single_parent_and_matching_ghash_and_model
2,p2g1_051_s3,seed3,966,1,p2g1_051,merge_spatial_ic,True,explicit_single_parent_and_matching_ghash_and_model
2,p2g1_055_s3,seed3,966,1,p2g1_055,merge_spatial_ic,True,explicit_single_parent_and_matching_ghash_and_model
2,p2g1_011_s3,seed3,966,1,p2g1_011,mutate,True,explicit_single_parent_and_matching_ghash_and_model
2,p2g1_028_s3,seed3,966,1,p2g1_028,delete_bilin,True,explicit_single_parent_and_matching_ghash_and_model
2,p2g1_036_s3,seed3,966,1,p2g1_036,add_chan,True,explicit_single_parent_and_matching_ghash_and_model
2,p2g1_079_s3,seed3,966,1,p2g1_079,merge_share_chan,True,explicit_single_parent_and_matching_ghash_and_model
2,p2g1_018_s3,seed3,966,1,p2g1_018,mint_bilin,True,explicit_single_parent_and_matching_ghash_and_model
2,p2g1_025_s3,seed3,966,1,p2g1_025,mint_bilin,True,explicit_single_parent_and_matching_ghash_and_model
2,p2g1_030_s3,seed3,966,1,p2g1_030,delete_bilin,True,explicit_single_parent_and_matching_ghash_and_model
2,p2g1_039_s3,seed3,966,1,p2g1_039,add_chan,True,explicit_single_parent_and_matching_ghash_and_model
2,p2g1_007_s3,seed3,966,1,p2g1_007,mutate,True,explicit_single_parent_and_matching_ghash_and_model
2,p2g2_014_s2,seed2,965,2,p2g2_014,mutate,True,explicit_single_parent_and_matching_ghash_and_model
2,p2g2_022_s2,seed2,965,2,p2g2_022,mint_bilin,True,explicit_single_parent_and_matching_ghash_and_model
2,p2g2_023_s2,seed2,965,2,p2g2_023,mint_bilin,True,explicit_single_parent_and_matching_ghash_and_model
2,p2g2_012_s2,seed2,965,2,p2g2_012,mutate,True,explicit_single_parent_and_matching_ghash_and_model
2,p2g1_058_s3,seed3,966,1,p2g1_058,merge_cross_edge,True,explicit_single_parent_and_matching_ghash_and_model
2,p2g1_070_s3,seed3,966,1,p2g1_070,merge_cross_edge,True,explicit_single_parent_and_matching_ghash_and_model
2,p2g1_021_s3,seed3,966,1,p2g1_021,mint_bilin,True,explicit_single_parent_and_matching_ghash_and_model
2,p2g1_062_s3,seed3,966,1,p2g1_062,merge_cross_edge,True,explicit_single_parent_and_matching_ghash_and_model
2,p2g2_030_s2,seed2,965,2,p2g2_030,delete_bilin,True,explicit_single_parent_and_matching_ghash_and_model
2,p2g2_062_s2,seed2,965,2,p2g2_062,merge_cross_edge,True,explicit_single_parent_and_matching_ghash_and_model
2,p2g2_070_s2,seed2,965,2,p2g2_070,merge_cross_edge,True,explicit_single_parent_and_matching_ghash_and_model
2,p2g2_004_s2,seed2,965,2,p2g2_004,mutate,True,explicit_single_parent_and_matching_ghash_and_model
2,p2g2_036_s2,seed2,965,2,p2g2_036,add_chan,True,explicit_single_parent_and_matching_ghash_and_model
2,p2g2_078_s2,seed2,965,2,p2g2_078,merge_share_chan,True,explicit_single_parent_and_matching_ghash_and_model
2,p2g1_069_s3,seed3,966,1,p2g1_069,merge_slow_tanh,True,explicit_single_parent_and_matching_ghash_and_model
2,p2g1_072_s3,seed3,966,1,p2g1_072,merge_cross_edge,True,explicit_single_parent_and_matching_ghash_and_model
2,p2g1_075_s3,seed3,966,1,p2g1_075,merge_cross_edge,True,explicit_single_parent_and_matching_ghash_and_model
2,p2g1_045_s3,seed3,966,1,p2g1_045,dup_act,True,explicit_single_parent_and_matching_ghash_and_model
2,p2g1_038_s3,seed3,966,1,p2g1_038,add_chan,True,explicit_single_parent_and_matching_ghash_and_model
2,p2g2_049_s2,seed2,965,2,p2g2_049,merge_spatial_ic,True,explicit_single_parent_and_matching_ghash_and_model
2,p2g2_026_s2,seed2,965,2,p2g2_026,mint_bilin,True,explicit_single_parent_and_matching_ghash_and_model
2,p2g1_054_s3,seed3,966,1,p2g1_054,merge_spatial_ic,True,explicit_single_parent_and_matching_ghash_and_model
2,p2g1_006_s3,seed3,966,1,p2g1_006,mutate,True,explicit_single_parent_and_matching_ghash_and_model
2,p2g1_064_s3,seed3,966,1,p2g1_064,merge_cross_edge,True,explicit_single_parent_and_matching_ghash_and_model
2,p2g1_019_s3,seed3,966,1,p2g1_019,mint_bilin,True,explicit_single_parent_and_matching_ghash_and_model
2,p2g1_037_s3,seed3,966,1,p2g1_037,add_chan,True,explicit_single_parent_and_matching_ghash_and_model
2,p2g1_053_s3,seed3,966,1,p2g1_053,merge_spatial_ic,True,explicit_single_parent_and_matching_ghash_and_model
2,p2g1_065_s3,seed3,966,1,p2g1_065,merge_cross_edge,True,explicit_single_parent_and_matching_ghash_and_model
2,p2g2_015_s2,seed2,965,2,p2g2_015,mutate,True,explicit_single_parent_and_matching_ghash_and_model
2,p2g2_041_s2,seed2,965,2,p2g2_041,dup_act,True,explicit_single_parent_and_matching_ghash_and_model
2,p2g2_056_s2,seed2,965,2,p2g2_056,merge_cross_edge,True,explicit_single_parent_and_matching_ghash_and_model
2,p2g2_067_s2,seed2,965,2,p2g2_067,merge_cross_edge,True,explicit_single_parent_and_matching_ghash_and_model
2,p2g2_001_s2,seed2,965,2,p2g2_001,mutate,True,explicit_single_parent_and_matching_ghash_and_model
2,p2g2_008_s2,seed2,965,2,p2g2_008,mutate,True,explicit_single_parent_and_matching_ghash_and_model
2,p2g2_010_s2,seed2,965,2,p2g2_010,mutate,True,explicit_single_parent_and_matching_ghash_and_model
2,p2g2_011_s2,seed2,965,2,p2g2_011,mutate,True,explicit_single_parent_and_matching_ghash_and_model
2,p2g2_021_s2,seed2,965,2,p2g2_021,mint_bilin,True,explicit_single_parent_and_matching_ghash_and_model
2,p2g2_024_s2,seed2,965,2,p2g2_024,mint_bilin,True,explicit_single_parent_and_matching_ghash_and_model
2,p2g2_038_s2,seed2,965,2,p2g2_038,add_chan,True,explicit_single_parent_and_matching_ghash_and_model
2,p2g2_044_s2,seed2,965,2,p2g2_044,dup_act,True,explicit_single_parent_and_matching_ghash_and_model
2,p2g2_003_s2,seed2,965,2,p2g2_003,mutate,True,explicit_single_parent_and_matching_ghash_and_model
2,p2g2_005_s2,seed2,965,2,p2g2_005,mutate,True,explicit_single_parent_and_matching_ghash_and_model
2,p2g2_033_s2,seed2,965,2,p2g2_033,add_chan,True,explicit_single_parent_and_matching_ghash_and_model
2,p2g2_074_s2,seed2,965,2,p2g2_074,merge_slow_tanh,True,explicit_single_parent_and_matching_ghash_and_model
2,p2g1_047_s3,seed3,966,1,p2g1_047,dup_act,True,explicit_single_parent_and_matching_ghash_and_model
2,p2g1_063_s3,seed3,966,1,p2g1_063,merge_cross_edge,True,explicit_single_parent_and_matching_ghash_and_model
2,p2g1_009_s3,seed3,966,1,p2g1_009,mutate,True,explicit_single_parent_and_matching_ghash_and_model
2,p2g1_013_s3,seed3,966,1,p2g1_013,mutate,True,explicit_single_parent_and_matching_ghash_and_model
2,p2g2_018_s2,seed2,965,2,p2g2_018,mint_bilin,True,explicit_single_parent_and_matching_ghash_and_model
2,p2g1_034_s3,seed3,966,1,p2g1_034,add_chan,True,explicit_single_parent_and_matching_ghash_and_model
2,p2g1_014_s3,seed3,966,1,p2g1_014,mutate,True,explicit_single_parent_and_matching_ghash_and_model
2,p2g1_074_s3,seed3,966,1,p2g1_074,merge_cross_edge,True,explicit_single_parent_and_matching_ghash_and_model
2,p2g1_001_s3,seed3,966,1,p2g1_001,mutate,True,explicit_single_parent_and_matching_ghash_and_model
2,p2g1_033_s3,seed3,966,1,p2g1_033,add_chan,True,explicit_single_parent_and_matching_ghash_and_model
2,p2g1_043_s3,seed3,966,1,p2g1_043,dup_act,True,explicit_single_parent_and_matching_ghash_and_model
2,p2g1_057_s3,seed3,966,1,p2g1_057,merge_cross_edge,True,explicit_single_parent_and_matching_ghash_and_model
2,p2g1_052_s3,seed3,966,1,p2g1_052,merge_spatial_ic,True,explicit_single_parent_and_matching_ghash_and_model
2,p2g1_000_s3,seed3,966,1,p2g1_000,mutate,True,explicit_single_parent_and_matching_ghash_and_model
2,p2g1_003_s3,seed3,966,1,p2g1_003,mutate,True,explicit_single_parent_and_matching_ghash_and_model
2,p2g1_015_s3,seed3,966,1,p2g1_015,mutate,True,explicit_single_parent_and_matching_ghash_and_model
2,p2g1_049_s3,seed3,966,1,p2g1_049,merge_spatial_ic,True,explicit_single_parent_and_matching_ghash_and_model
2,p2g2_048_s2,seed2,965,2,p2g2_048,merge_spatial_ic,True,explicit_single_parent_and_matching_ghash_and_model
2,p2g2_055_s2,seed2,965,2,p2g2_055,merge_spatial_ic,True,explicit_single_parent_and_matching_ghash_and_model
2,p2g1_024_s3,seed3,966,1,p2g1_024,mint_bilin,True,explicit_single_parent_and_matching_ghash_and_model
2,p2g1_027_s3,seed3,966,1,p2g1_027,mint_bilin,True,explicit_single_parent_and_matching_ghash_and_model
2,p2g2_098_s2,seed2,965,2,p2g2_098,immigrate,True,explicit_single_parent_and_matching_ghash_and_model
2,p2g1_086_s3,seed3,966,1,p2g1_086,immigrate,True,explicit_single_parent_and_matching_ghash_and_model
2,p2g1_092_s3,seed3,966,1,p2g1_092,immigrate,True,explicit_single_parent_and_matching_ghash_and_model
2,p2g2_035_s2,seed2,965,2,p2g2_035,add_chan,True,explicit_single_parent_and_matching_ghash_and_model
2,p2g2_064_s3,seed3,966,2,p2g2_064,merge_cross_edge,True,explicit_single_parent_and_matching_ghash_and_model
2,p2g3_074_s2,seed2,965,3,p2g3_074,merge_slow_tanh,True,explicit_single_parent_and_matching_ghash_and_model
2,p2g3_015_s2,seed2,965,3,p2g3_015,mutate,True,explicit_single_parent_and_matching_ghash_and_model
2,p2g3_039_s2,seed2,965,3,p2g3_039,add_chan,True,explicit_single_parent_and_matching_ghash_and_model
2,p2g3_036_s2,seed2,965,3,p2g3_036,add_chan,True,explicit_single_parent_and_matching_ghash_and_model
2,p2g3_037_s2,seed2,965,3,p2g3_037,add_chan,True,explicit_single_parent_and_matching_ghash_and_model
2,p2g3_061_s2,seed2,965,3,p2g3_061,merge_cross_edge,True,explicit_single_parent_and_matching_ghash_and_model
2,p2g3_067_s2,seed2,965,3,p2g3_067,merge_cross_edge,True,explicit_single_parent_and_matching_ghash_and_model
2,p2g3_071_s2,seed2,965,3,p2g3_071,merge_cross_edge,True,explicit_single_parent_and_matching_ghash_and_model
2,p2g3_020_s2,seed2,965,3,p2g3_020,mint_bilin,True,explicit_single_parent_and_matching_ghash_and_model
2,p2g2_034_s3,seed3,966,2,p2g2_034,add_chan,True,explicit_single_parent_and_matching_ghash_and_model
2,p2g2_043_s3,seed3,966,2,p2g2_043,dup_act,True,explicit_single_parent_and_matching_ghash_and_model
2,p2g2_058_s3,seed3,966,2,p2g2_058,merge_cross_edge,True,explicit_single_parent_and_matching_ghash_and_model
2,p2g2_053_s3,seed3,966,2,p2g2_053,merge_spatial_ic,True,explicit_single_parent_and_matching_ghash_and_model
2,p2g2_042_s3,seed3,966,2,p2g2_042,dup_act,True,explicit_single_parent_and_matching_ghash_and_model
2,p2g2_073_s3,seed3,966,2,p2g2_073,merge_slow_tanh,True,explicit_single_parent_and_matching_ghash_and_model
2,p2g2_014_s3,seed3,966,2,p2g2_014,mutate,True,explicit_single_parent_and_matching_ghash_and_model
2,p2g2_022_s3,seed3,966,2,p2g2_022,mint_bilin,True,explicit_single_parent_and_matching_ghash_and_model
2,p2g2_055_s3,seed3,966,2,p2g2_055,merge_spatial_ic,True,explicit_single_parent_and_matching_ghash_and_model
2,p2g2_025_s3,seed3,966,2,p2g2_025,mint_bilin,True,explicit_single_parent_and_matching_ghash_and_model
2,p2g2_023_s3,seed3,966,2,p2g2_023,mint_bilin,False,actual_job_genome_provenance_not_named_screen
2,p2g3_035_s2,seed2,965,3,p2g3_035,add_chan,True,explicit_single_parent_and_matching_ghash_and_model
2,p2g3_026_s2,seed2,965,3,p2g3_026,mint_bilin,True,explicit_single_parent_and_matching_ghash_and_model
2,p2g3_014_s2,seed2,965,3,p2g3_014,mutate,True,explicit_single_parent_and_matching_ghash_and_model
2,p2g3_021_s2,seed2,965,3,p2g3_021,mint_bilin,True,explicit_single_parent_and_matching_ghash_and_model
2,p2g3_029_s2,seed2,965,3,p2g3_029,delete_bilin,True,explicit_single_parent_and_matching_ghash_and_model
2,p2g3_064_s2,seed2,965,3,p2g3_064,merge_cross_edge,True,explicit_single_parent_and_matching_ghash_and_model
2,p2g2_030_s3,seed3,966,2,p2g2_030,delete_bilin,True,explicit_single_parent_and_matching_ghash_and_model
2,p2g2_049_s3,seed3,966,2,p2g2_049,merge_spatial_ic,True,explicit_single_parent_and_matching_ghash_and_model
2,p2g2_012_s3,seed3,966,2,p2g2_012,mutate,True,explicit_single_parent_and_matching_ghash_and_model
2,p2g2_038_s3,seed3,966,2,p2g2_038,add_chan,False,actual_job_genome_provenance_not_named_screen
2,p2g3_003_s2,seed2,965,3,p2g3_003,mutate,True,explicit_single_parent_and_matching_ghash_and_model
2,p2g3_019_s2,seed2,965,3,p2g3_019,mint_bilin,True,explicit_single_parent_and_matching_ghash_and_model
2,p2g3_034_s2,seed2,965,3,p2g3_034,add_chan,True,explicit_single_parent_and_matching_ghash_and_model
2,p2g3_062_s2,seed2,965,3,p2g3_062,merge_cross_edge,True,explicit_single_parent_and_matching_ghash_and_model
2,p2g3_031_s2,seed2,965,3,p2g3_031,delete_bilin,True,explicit_single_parent_and_matching_ghash_and_model
2,p2g3_059_s2,seed2,965,3,p2g3_059,merge_cross_edge,True,explicit_single_parent_and_matching_ghash_and_model
2,p2g2_062_s3,seed3,966,2,p2g2_062,merge_cross_edge,True,explicit_single_parent_and_matching_ghash_and_model
2,p2g2_056_s3,seed3,966,2,p2g2_056,merge_cross_edge,True,explicit_single_parent_and_matching_ghash_and_model
2,p2g2_004_s3,seed3,966,2,p2g2_004,mutate,True,explicit_single_parent_and_matching_ghash_and_model
2,p2g2_036_s3,seed3,966,2,p2g2_036,add_chan,True,explicit_single_parent_and_matching_ghash_and_model
2,p2g2_078_s3,seed3,966,2,p2g2_078,merge_share_chan,True,explicit_single_parent_and_matching_ghash_and_model
2,p2g2_070_s3,seed3,966,2,p2g2_070,merge_cross_edge,False,actual_job_genome_provenance_not_named_screen
2,p2g2_021_s3,seed3,966,2,p2g2_021,mint_bilin,True,explicit_single_parent_and_matching_ghash_and_model
2,p2g2_026_s3,seed3,966,2,p2g2_026,mint_bilin,True,explicit_single_parent_and_matching_ghash_and_model
2,p2g3_045_s2,seed2,965,3,p2g3_045,dup_act,True,explicit_single_parent_and_matching_ghash_and_model
2,p2g3_047_s2,seed2,965,3,p2g3_047,dup_act,True,explicit_single_parent_and_matching_ghash_and_model
2,p2g3_072_s2,seed2,965,3,p2g3_072,merge_slow_tanh,True,explicit_single_parent_and_matching_ghash_and_model
2,p2g3_073_s2,seed2,965,3,p2g3_073,merge_cross_edge,True,explicit_single_parent_and_matching_ghash_and_model
2,p2g3_024_s2,seed2,965,3,p2g3_024,mint_bilin,True,explicit_single_parent_and_matching_ghash_and_model
2,p2g3_038_s2,seed2,965,3,p2g3_038,add_chan,True,explicit_single_parent_and_matching_ghash_and_model
2,p2g3_008_s2,seed2,965,3,p2g3_008,mutate,True,explicit_single_parent_and_matching_ghash_and_model
2,p2g3_010_s2,seed2,965,3,p2g3_010,mutate,True,explicit_single_parent_and_matching_ghash_and_model
2,p2g3_009_s2,seed2,965,3,p2g3_009,mutate,True,explicit_single_parent_and_matching_ghash_and_model
2,p2g3_053_s2,seed2,965,3,p2g3_053,merge_spatial_ic,True,explicit_single_parent_and_matching_ghash_and_model
2,p2g3_070_s2,seed2,965,3,p2g3_070,merge_slow_tanh,True,explicit_single_parent_and_matching_ghash_and_model
2,p2g3_032_s2,seed2,965,3,p2g3_032,add_chan,True,explicit_single_parent_and_matching_ghash_and_model
2,p2g3_049_s2,seed2,965,3,p2g3_049,merge_spatial_ic,True,explicit_single_parent_and_matching_ghash_and_model
2,p2g3_060_s2,seed2,965,3,p2g3_060,merge_cross_edge,True,explicit_single_parent_and_matching_ghash_and_model
2,p2g3_066_s2,seed2,965,3,p2g3_066,merge_cross_edge,True,explicit_single_parent_and_matching_ghash_and_model
2,p2g2_015_s3,seed3,966,2,p2g2_015,mutate,True,explicit_single_parent_and_matching_ghash_and_model
2,p2g2_067_s3,seed3,966,2,p2g2_067,merge_cross_edge,True,explicit_single_parent_and_matching_ghash_and_model
2,p2g2_008_s3,seed3,966,2,p2g2_008,mutate,True,explicit_single_parent_and_matching_ghash_and_model
2,p2g2_010_s3,seed3,966,2,p2g2_010,mutate,True,explicit_single_parent_and_matching_ghash_and_model
2,p2g2_044_s3,seed3,966,2,p2g2_044,dup_act,True,explicit_single_parent_and_matching_ghash_and_model
2,p2g2_003_s3,seed3,966,2,p2g2_003,mutate,True,explicit_single_parent_and_matching_ghash_and_model
2,p2g2_033_s3,seed3,966,2,p2g2_033,add_chan,True,explicit_single_parent_and_matching_ghash_and_model
2,p2g2_074_s3,seed3,966,2,p2g2_074,merge_slow_tanh,True,explicit_single_parent_and_matching_ghash_and_model
2,p2g2_024_s3,seed3,966,2,p2g2_024,mint_bilin,True,explicit_single_parent_and_matching_ghash_and_model
2,p2g2_018_s3,seed3,966,2,p2g2_018,mint_bilin,True,explicit_single_parent_and_matching_ghash_and_model
2,p2g2_035_s3,seed3,966,2,p2g2_035,add_chan,True,explicit_single_parent_and_matching_ghash_and_model
2,p2g3_004_s2,seed2,965,3,p2g3_004,mutate,True,explicit_single_parent_and_matching_ghash_and_model
2,p2g2_098_s3,seed3,966,2,p2g2_098,immigrate,True,explicit_single_parent_and_matching_ghash_and_model
2,p2g4_061_s2,seed2,965,4,p2g4_061,merge_cross_edge,True,explicit_single_parent_and_matching_ghash_and_model
2,p2g3_039_s3,seed3,966,3,p2g3_039,add_chan,True,explicit_single_parent_and_matching_ghash_and_model
2,p2g3_074_s3,seed3,966,3,p2g3_074,merge_slow_tanh,True,explicit_single_parent_and_matching_ghash_and_model
2,p2g3_015_s3,seed3,966,3,p2g3_015,mutate,True,explicit_single_parent_and_matching_ghash_and_model
2,p2g4_003_s2,seed2,965,4,p2g4_003,mutate,True,explicit_single_parent_and_matching_ghash_and_model
2,p2g4_040_s2,seed2,965,4,p2g4_040,dup_act,True,explicit_single_parent_and_matching_ghash_and_model
2,p2g3_036_s3,seed3,966,3,p2g3_036,add_chan,True,explicit_single_parent_and_matching_ghash_and_model
2,p2g3_037_s3,seed3,966,3,p2g3_037,add_chan,True,explicit_single_parent_and_matching_ghash_and_model
2,p2g3_061_s3,seed3,966,3,p2g3_061,merge_cross_edge,True,explicit_single_parent_and_matching_ghash_and_model
2,p2g3_067_s3,seed3,966,3,p2g3_067,merge_cross_edge,True,explicit_single_parent_and_matching_ghash_and_model
2,p2g3_071_s3,seed3,966,3,p2g3_071,merge_cross_edge,True,explicit_single_parent_and_matching_ghash_and_model
2,p2g3_035_s3,seed3,966,3,p2g3_035,add_chan,True,explicit_single_parent_and_matching_ghash_and_model
2,p2g3_026_s3,seed3,966,3,p2g3_026,mint_bilin,True,explicit_single_parent_and_matching_ghash_and_model
2,p2g3_073_s3,seed3,966,3,p2g3_073,merge_share_chan,False,actual_job_genome_provenance_not_named_screen
2,p2g3_020_s3,seed3,966,3,p2g3_020,mint_bilin,True,explicit_single_parent_and_matching_ghash_and_model
2,p2g3_029_s3,seed3,966,3,p2g3_029,delete_bilin,True,explicit_single_parent_and_matching_ghash_and_model
2,p2g4_046_s2,seed2,965,4,p2g4_046,dup_act,True,explicit_single_parent_and_matching_ghash_and_model
2,p2g4_049_s2,seed2,965,4,p2g4_049,merge_spatial_ic,True,explicit_single_parent_and_matching_ghash_and_model
2,p2g3_031_s3,seed3,966,3,p2g3_031,delete_bilin,True,explicit_single_parent_and_matching_ghash_and_model
2,p2g3_021_s3,seed3,966,3,p2g3_021,mint_bilin,True,explicit_single_parent_and_matching_ghash_and_model
2,p2g3_064_s3,seed3,966,3,p2g3_064,merge_cross_edge,True,explicit_single_parent_and_matching_ghash_and_model
2,p2g4_041_s2,seed2,965,4,p2g4_041,dup_act,True,explicit_single_parent_and_matching_ghash_and_model
2,p2g4_009_s2,seed2,965,4,p2g4_009,mutate,True,explicit_single_parent_and_matching_ghash_and_model
2,p2g4_036_s2,seed2,965,4,p2g4_036,add_chan,True,explicit_single_parent_and_matching_ghash_and_model
2,p2g3_003_s3,seed3,966,3,p2g3_003,mutate,True,explicit_single_parent_and_matching_ghash_and_model
2,p2g3_019_s3,seed3,966,3,p2g3_019,mint_bilin,True,explicit_single_parent_and_matching_ghash_and_model
2,p2g3_034_s3,seed3,966,3,p2g3_034,add_chan,True,explicit_single_parent_and_matching_ghash_and_model
2,p2g3_062_s3,seed3,966,3,p2g3_062,merge_cross_edge,True,explicit_single_parent_and_matching_ghash_and_model
2,p2g3_059_s3,seed3,966,3,p2g3_059,merge_cross_edge,True,explicit_single_parent_and_matching_ghash_and_model
2,p2g4_004_s2,seed2,965,4,p2g4_004,mutate,True,explicit_single_parent_and_matching_ghash_and_model
2,p2g4_005_s2,seed2,965,4,p2g4_005,mutate,True,explicit_single_parent_and_matching_ghash_and_model
2,p2g4_033_s2,seed2,965,4,p2g4_033,add_chan,True,explicit_single_parent_and_matching_ghash_and_model
2,p2g4_037_s2,seed2,965,4,p2g4_037,add_chan,True,explicit_single_parent_and_matching_ghash_and_model
2,p2g4_002_s2,seed2,965,4,p2g4_002,mutate,True,explicit_single_parent_and_matching_ghash_and_model
2,p2g4_057_s2,seed2,965,4,p2g4_057,merge_cross_edge,True,explicit_single_parent_and_matching_ghash_and_model
2,p2g4_058_s2,seed2,965,4,p2g4_058,merge_cross_edge,True,explicit_single_parent_and_matching_ghash_and_model
2,p2g4_071_s2,seed2,965,4,p2g4_071,merge_cross_edge,True,explicit_single_parent_and_matching_ghash_and_model
2,p2g4_014_s2,seed2,965,4,p2g4_014,mutate,True,explicit_single_parent_and_matching_ghash_and_model
2,p2g4_021_s2,seed2,965,4,p2g4_021,mint_bilin,True,explicit_single_parent_and_matching_ghash_and_model
2,p2g4_044_s2,seed2,965,4,p2g4_044,dup_act,True,explicit_single_parent_and_matching_ghash_and_model
2,p2g4_064_s2,seed2,965,4,p2g4_064,merge_cross_edge,True,explicit_single_parent_and_matching_ghash_and_model
2,p2g4_015_s2,seed2,965,4,p2g4_015,mutate,True,explicit_single_parent_and_matching_ghash_and_model
2,p2g4_050_s2,seed2,965,4,p2g4_050,merge_spatial_ic,True,explicit_single_parent_and_matching_ghash_and_model
2,p2g4_013_s2,seed2,965,4,p2g4_013,mutate,True,explicit_single_parent_and_matching_ghash_and_model
2,p2g3_045_s3,seed3,966,3,p2g3_045,dup_act,True,explicit_single_parent_and_matching_ghash_and_model
2,p2g3_047_s3,seed3,966,3,p2g3_047,dup_act,True,explicit_single_parent_and_matching_ghash_and_model
2,p2g3_072_s3,seed3,966,3,p2g3_072,merge_slow_tanh,True,explicit_single_parent_and_matching_ghash_and_model
2,p2g3_024_s3,seed3,966,3,p2g3_024,mint_bilin,True,explicit_single_parent_and_matching_ghash_and_model
2,p2g3_008_s3,seed3,966,3,p2g3_008,mutate,True,explicit_single_parent_and_matching_ghash_and_model
2,p2g3_010_s3,seed3,966,3,p2g3_010,mutate,True,explicit_single_parent_and_matching_ghash_and_model
2,p2g4_030_s2,seed2,965,4,p2g4_030,delete_bilin,True,explicit_single_parent_and_matching_ghash_and_model
2,p2g4_070_s2,seed2,965,4,p2g4_070,merge_slow_tanh,True,explicit_single_parent_and_matching_ghash_and_model
2,p2g3_038_s3,seed3,966,3,p2g3_038,add_chan,True,explicit_single_parent_and_matching_ghash_and_model
2,p2g3_009_s3,seed3,966,3,p2g3_009,mutate,True,explicit_single_parent_and_matching_ghash_and_model
2,p2g3_053_s3,seed3,966,3,p2g3_053,merge_spatial_ic,True,explicit_single_parent_and_matching_ghash_and_model
2,p2g3_070_s3,seed3,966,3,p2g3_070,merge_slow_tanh,True,explicit_single_parent_and_matching_ghash_and_model
2,p2g3_032_s3,seed3,966,3,p2g3_032,add_chan,True,explicit_single_parent_and_matching_ghash_and_model
2,p2g3_049_s3,seed3,966,3,p2g3_049,merge_spatial_ic,True,explicit_single_parent_and_matching_ghash_and_model
2,p2g3_060_s3,seed3,966,3,p2g3_060,merge_cross_edge,True,explicit_single_parent_and_matching_ghash_and_model
2,p2g3_066_s3,seed3,966,3,p2g3_066,merge_cross_edge,True,explicit_single_parent_and_matching_ghash_and_model
2,p2g3_004_s3,seed3,966,3,p2g3_004,mutate,True,explicit_single_parent_and_matching_ghash_and_model
2,p2g4_061_s3,seed3,966,4,p2g4_061,merge_cross_edge,True,explicit_single_parent_and_matching_ghash_and_model
2,p2g5_048_s2,seed2,965,5,p2g5_048,merge_spatial_ic,True,explicit_single_parent_and_matching_ghash_and_model
2,p2g5_019_s2,seed2,965,5,p2g5_019,mint_bilin,True,explicit_single_parent_and_matching_ghash_and_model
2,p2g5_049_s2,seed2,965,5,p2g5_049,merge_spatial_ic,True,explicit_single_parent_and_matching_ghash_and_model
2,p2g5_022_s2,seed2,965,5,p2g5_022,mint_bilin,True,explicit_single_parent_and_matching_ghash_and_model
2,p2g5_058_s2,seed2,965,5,p2g5_058,merge_cross_edge,True,explicit_single_parent_and_matching_ghash_and_model
2,p2g5_015_s2,seed2,965,5,p2g5_015,mutate,True,explicit_single_parent_and_matching_ghash_and_model
2,p2g5_039_s2,seed2,965,5,p2g5_039,add_chan,True,explicit_single_parent_and_matching_ghash_and_model
2,p2g5_061_s2,seed2,965,5,p2g5_061,merge_cross_edge,True,explicit_single_parent_and_matching_ghash_and_model
2,p2g4_003_s3,seed3,966,4,p2g4_003,mutate,True,explicit_single_parent_and_matching_ghash_and_model
2,p2g4_040_s3,seed3,966,4,p2g4_040,dup_act,True,explicit_single_parent_and_matching_ghash_and_model
2,p2g4_046_s3,seed3,966,4,p2g4_046,dup_act,True,explicit_single_parent_and_matching_ghash_and_model
2,p2g5_065_s2,seed2,965,5,p2g5_065,merge_cross_edge,True,explicit_single_parent_and_matching_ghash_and_model
2,p2g5_054_s2,seed2,965,5,p2g5_054,merge_spatial_ic,True,explicit_single_parent_and_matching_ghash_and_model
2,p2g5_038_s2,seed2,965,5,p2g5_038,add_chan,True,explicit_single_parent_and_matching_ghash_and_model
2,p2g5_014_s2,seed2,965,5,p2g5_014,mutate,True,explicit_single_parent_and_matching_ghash_and_model
2,p2g4_049_s3,seed3,966,4,p2g4_049,merge_spatial_ic,True,explicit_single_parent_and_matching_ghash_and_model
2,p2g5_027_s2,seed2,965,5,p2g5_027,mint_bilin,True,explicit_single_parent_and_matching_ghash_and_model
2,p2g5_059_s2,seed2,965,5,p2g5_059,merge_cross_edge,True,explicit_single_parent_and_matching_ghash_and_model
2,p2g5_037_s2,seed2,965,5,p2g5_037,add_chan,True,explicit_single_parent_and_matching_ghash_and_model
2,p2g5_033_s2,seed2,965,5,p2g5_033,add_chan,True,explicit_single_parent_and_matching_ghash_and_model
2,p2g5_012_s2,seed2,965,5,p2g5_012,mutate,True,explicit_single_parent_and_matching_ghash_and_model
2,p2g4_033_s3,seed3,966,4,p2g4_033,add_chan,True,explicit_single_parent_and_matching_ghash_and_model
2,p2g4_058_s3,seed3,966,4,p2g4_058,merge_cross_edge,True,explicit_single_parent_and_matching_ghash_and_model
2,p2g4_071_s3,seed3,966,4,p2g4_071,merge_cross_edge,True,explicit_single_parent_and_matching_ghash_and_model
2,p2g4_009_s3,seed3,966,4,p2g4_009,mutate,True,explicit_single_parent_and_matching_ghash_and_model
2,p2g4_036_s3,seed3,966,4,p2g4_036,add_chan,True,explicit_single_parent_and_matching_ghash_and_model
2,p2g5_007_s2,seed2,965,5,p2g5_007,mutate,True,explicit_single_parent_and_matching_ghash_and_model
2,p2g5_011_s2,seed2,965,5,p2g5_011,mutate,True,explicit_single_parent_and_matching_ghash_and_model
2,p2g5_053_s2,seed2,965,5,p2g5_053,merge_spatial_ic,True,explicit_single_parent_and_matching_ghash_and_model
2,p2g5_063_s2,seed2,965,5,p2g5_063,merge_cross_edge,True,explicit_single_parent_and_matching_ghash_and_model
2,p2g5_067_s2,seed2,965,5,p2g5_067,merge_cross_edge,True,explicit_single_parent_and_matching_ghash_and_model
2,p2g5_069_s2,seed2,965,5,p2g5_069,merge_cross_edge,True,explicit_single_parent_and_matching_ghash_and_model
2,p2g5_005_s2,seed2,965,5,p2g5_005,mutate,True,explicit_single_parent_and_matching_ghash_and_model
2,p2g5_028_s2,seed2,965,5,p2g5_028,delete_bilin,True,explicit_single_parent_and_matching_ghash_and_model
2,p2g5_002_s2,seed2,965,5,p2g5_002,mutate,True,explicit_single_parent_and_matching_ghash_and_model
2,p2g5_057_s2,seed2,965,5,p2g5_057,merge_cross_edge,True,explicit_single_parent_and_matching_ghash_and_model
2,p2g4_004_s3,seed3,966,4,p2g4_004,mutate,True,explicit_single_parent_and_matching_ghash_and_model
2,p2g4_037_s3,seed3,966,4,p2g4_037,add_chan,True,explicit_single_parent_and_matching_ghash_and_model
2,p2g4_057_s3,seed3,966,4,p2g4_057,merge_cross_edge,True,explicit_single_parent_and_matching_ghash_and_model
2,p2g4_014_s3,seed3,966,4,p2g4_014,mutate,True,explicit_single_parent_and_matching_ghash_and_model
2,p2g4_021_s3,seed3,966,4,p2g4_021,mint_bilin,True,explicit_single_parent_and_matching_ghash_and_model
2,p2g4_044_s3,seed3,966,4,p2g4_044,dup_act,True,explicit_single_parent_and_matching_ghash_and_model
2,p2g4_064_s3,seed3,966,4,p2g4_064,merge_cross_edge,True,explicit_single_parent_and_matching_ghash_and_model
2,p2g4_050_s3,seed3,966,4,p2g4_050,merge_spatial_ic,True,explicit_single_parent_and_matching_ghash_and_model
2,p2g4_013_s3,seed3,966,4,p2g4_013,mutate,True,explicit_single_parent_and_matching_ghash_and_model
2,p2g4_002_s3,seed3,966,4,p2g4_002,mutate,False,actual_job_genome_provenance_not_named_screen
2,p2g4_015_s3,seed3,966,4,p2g4_015,mutate,False,actual_job_genome_provenance_not_named_screen
2,p2g4_070_s3,seed3,966,4,p2g4_070,merge_slow_tanh,True,explicit_single_parent_and_matching_ghash_and_model
2,p2g5_004_s2,seed2,965,5,p2g5_004,mutate,True,explicit_single_parent_and_matching_ghash_and_model
2,p2g4_030_s3,seed3,966,4,p2g4_030,mint_bilin,False,actual_job_genome_provenance_not_named_screen
2,p2g5_048_s3,seed3,966,5,p2g5_048,merge_spatial_ic,True,explicit_single_parent_and_matching_ghash_and_model
2,p2g5_019_s3,seed3,966,5,p2g5_019,mint_bilin,True,explicit_single_parent_and_matching_ghash_and_model
2,p2g6_019_s2,seed2,965,6,p2g6_019,mint_bilin,True,explicit_single_parent_and_matching_ghash_and_model
2,p2g6_012_s2,seed2,965,6,p2g6_012,mutate,True,explicit_single_parent_and_matching_ghash_and_model
2,p2g6_014_s2,seed2,965,6,p2g6_014,mutate,True,explicit_single_parent_and_matching_ghash_and_model
2,p2g6_017_s2,seed2,965,6,p2g6_017,mint_bilin,True,explicit_single_parent_and_matching_ghash_and_model
2,p2g6_032_s2,seed2,965,6,p2g6_032,add_chan,True,explicit_single_parent_and_matching_ghash_and_model
2,p2g6_004_s2,seed2,965,6,p2g6_004,mutate,True,explicit_single_parent_and_matching_ghash_and_model
2,p2g6_022_s2,seed2,965,6,p2g6_022,mint_bilin,True,explicit_single_parent_and_matching_ghash_and_model
2,p2g5_022_s3,seed3,966,5,p2g5_022,mint_bilin,True,explicit_single_parent_and_matching_ghash_and_model
2,p2g5_058_s3,seed3,966,5,p2g5_058,merge_cross_edge,True,explicit_single_parent_and_matching_ghash_and_model
2,p2g5_065_s3,seed3,966,5,p2g5_065,merge_cross_edge,True,explicit_single_parent_and_matching_ghash_and_model
2,p2g5_015_s3,seed3,966,5,p2g5_015,mutate,True,explicit_single_parent_and_matching_ghash_and_model
2,p2g5_039_s3,seed3,966,5,p2g5_039,add_chan,True,explicit_single_parent_and_matching_ghash_and_model
2,p2g5_061_s3,seed3,966,5,p2g5_061,merge_cross_edge,True,explicit_single_parent_and_matching_ghash_and_model
2,p2g5_054_s3,seed3,966,5,p2g5_054,merge_spatial_ic,True,explicit_single_parent_and_matching_ghash_and_model
2,p2g5_014_s3,seed3,966,5,p2g5_014,mutate,True,explicit_single_parent_and_matching_ghash_and_model
2,p2g6_053_s2,seed2,965,6,p2g6_053,merge_spatial_ic,True,explicit_single_parent_and_matching_ghash_and_model
2,p2g6_023_s2,seed2,965,6,p2g6_023,mint_bilin,True,explicit_single_parent_and_matching_ghash_and_model
2,p2g6_024_s2,seed2,965,6,p2g6_024,mint_bilin,True,explicit_single_parent_and_matching_ghash_and_model
2,p2g5_038_s3,seed3,966,5,p2g5_038,add_chan,True,explicit_single_parent_and_matching_ghash_and_model
2,p2g5_004_s3,seed3,966,5,p2g5_004,mutate,True,explicit_single_parent_and_matching_ghash_and_model
2,p2g5_012_s3,seed3,966,5,p2g5_012,mutate,True,explicit_single_parent_and_matching_ghash_and_model
2,p2g6_062_s2,seed2,965,6,p2g6_062,merge_cross_edge,True,explicit_single_parent_and_matching_ghash_and_model
2,p2g6_009_s2,seed2,965,6,p2g6_009,mutate,True,explicit_single_parent_and_matching_ghash_and_model
2,p2g6_037_s2,seed2,965,6,p2g6_037,add_chan,True,explicit_single_parent_and_matching_ghash_and_model
2,p2g6_075_s2,seed2,965,6,p2g6_075,merge_slow_tanh,True,explicit_single_parent_and_matching_ghash_and_model
2,p2g6_025_s2,seed2,965,6,p2g6_025,mint_bilin,True,explicit_single_parent_and_matching_ghash_and_model
2,p2g5_027_s3,seed3,966,5,p2g5_027,mint_bilin,True,explicit_single_parent_and_matching_ghash_and_model
2,p2g5_059_s3,seed3,966,5,p2g5_059,merge_cross_edge,True,explicit_single_parent_and_matching_ghash_and_model
2,p2g5_053_s3,seed3,966,5,p2g5_053,merge_spatial_ic,True,explicit_single_parent_and_matching_ghash_and_model
2,p2g5_067_s3,seed3,966,5,p2g5_067,merge_cross_edge,True,explicit_single_parent_and_matching_ghash_and_model
2,p2g5_037_s3,seed3,966,5,p2g5_037,add_chan,True,explicit_single_parent_and_matching_ghash_and_model
2,p2g5_033_s3,seed3,966,5,p2g5_033,add_chan,True,explicit_single_parent_and_matching_ghash_and_model
2,p2g5_002_s3,seed3,966,5,p2g5_002,mutate,True,explicit_single_parent_and_matching_ghash_and_model
2,p2g6_045_s2,seed2,965,6,p2g6_045,dup_act,True,explicit_single_parent_and_matching_ghash_and_model
2,p2g6_061_s2,seed2,965,6,p2g6_061,merge_cross_edge,True,explicit_single_parent_and_matching_ghash_and_model
2,p2g6_007_s2,seed2,965,6,p2g6_007,mutate,True,explicit_single_parent_and_matching_ghash_and_model
2,p2g6_036_s2,seed2,965,6,p2g6_036,add_chan,True,explicit_single_parent_and_matching_ghash_and_model
2,p2g6_040_s2,seed2,965,6,p2g6_040,dup_act,True,explicit_single_parent_and_matching_ghash_and_model
2,p2g6_051_s2,seed2,965,6,p2g6_051,merge_spatial_ic,True,explicit_single_parent_and_matching_ghash_and_model
2,p2g6_068_s2,seed2,965,6,p2g6_068,merge_slow_tanh,True,explicit_single_parent_and_matching_ghash_and_model
2,p2g6_064_s2,seed2,965,6,p2g6_064,merge_cross_edge,True,explicit_single_parent_and_matching_ghash_and_model
2,p2g6_066_s2,seed2,965,6,p2g6_066,merge_cross_edge,True,explicit_single_parent_and_matching_ghash_and_model
2,p2g5_007_s3,seed3,966,5,p2g5_007,mutate,True,explicit_single_parent_and_matching_ghash_and_model
2,p2g5_011_s3,seed3,966,5,p2g5_011,mutate,True,explicit_single_parent_and_matching_ghash_and_model
2,p2g5_063_s3,seed3,966,5,p2g5_063,merge_cross_edge,True,explicit_single_parent_and_matching_ghash_and_model
2,p2g5_069_s3,seed3,966,5,p2g5_069,merge_cross_edge,True,explicit_single_parent_and_matching_ghash_and_model
2,p2g5_005_s3,seed3,966,5,p2g5_005,mutate,True,explicit_single_parent_and_matching_ghash_and_model
2,p2g5_057_s3,seed3,966,5,p2g5_057,merge_cross_edge,True,explicit_single_parent_and_matching_ghash_and_model
2,p2g7_054_s2,seed2,965,7,p2g7_054,merge_spatial_ic,True,explicit_single_parent_and_matching_ghash_and_model
2,p2g7_017_s2,seed2,965,7,p2g7_017,mint_bilin,True,explicit_single_parent_and_matching_ghash_and_model
2,p2g7_068_s2,seed2,965,7,p2g7_068,merge_slow_tanh,True,explicit_single_parent_and_matching_ghash_and_model
2,p2g6_019_s3,seed3,966,6,p2g6_019,mint_bilin,True,explicit_single_parent_and_matching_ghash_and_model
2,p2g6_032_s3,seed3,966,6,p2g6_032,add_chan,True,explicit_single_parent_and_matching_ghash_and_model
2,p2g6_053_s3,seed3,966,6,p2g6_053,merge_spatial_ic,True,explicit_single_parent_and_matching_ghash_and_model
2,p2g6_023_s3,seed3,966,6,p2g6_023,mint_bilin,True,explicit_single_parent_and_matching_ghash_and_model
2,p2g6_004_s3,seed3,966,6,p2g6_004,mutate,True,explicit_single_parent_and_matching_ghash_and_model
2,p2g6_022_s3,seed3,966,6,p2g6_022,mint_bilin,True,explicit_single_parent_and_matching_ghash_and_model
2,p2g7_056_s2,seed2,965,7,p2g7_056,merge_cross_edge,True,explicit_single_parent_and_matching_ghash_and_model
2,p2g6_061_s3,seed3,966,6,p2g6_061,merge_cross_edge,True,explicit_single_parent_and_matching_ghash_and_model
2,p2g7_016_s2,seed2,965,7,p2g7_016,mint_bilin,True,explicit_single_parent_and_matching_ghash_and_model
2,p2g7_060_s2,seed2,965,7,p2g7_060,merge_cross_edge,True,explicit_single_parent_and_matching_ghash_and_model
2,p2g6_009_s3,seed3,966,6,p2g6_009,mutate,True,explicit_single_parent_and_matching_ghash_and_model
2,p2g6_037_s3,seed3,966,6,p2g6_037,add_chan,True,explicit_single_parent_and_matching_ghash_and_model
2,p2g6_075_s3,seed3,966,6,p2g6_075,merge_slow_tanh,True,explicit_single_parent_and_matching_ghash_and_model
2,p2g6_051_s3,seed3,966,6,p2g6_051,merge_spatial_ic,True,explicit_single_parent_and_matching_ghash_and_model
2,p2g6_025_s3,seed3,966,6,p2g6_025,mint_bilin,True,explicit_single_parent_and_matching_ghash_and_model
2,p2g7_011_s2,seed2,965,7,p2g7_011,mutate,True,explicit_single_parent_and_matching_ghash_and_model
2,p2g7_015_s2,seed2,965,7,p2g7_015,mutate,True,explicit_single_parent_and_matching_ghash_and_model
2,p2g7_033_s2,seed2,965,7,p2g7_033,add_chan,True,explicit_single_parent_and_matching_ghash_and_model
2,p2g7_044_s2,seed2,965,7,p2g7_044,dup_act,True,explicit_single_parent_and_matching_ghash_and_model
2,p2g7_053_s2,seed2,965,7,p2g7_053,merge_spatial_ic,True,explicit_single_parent_and_matching_ghash_and_model
2,p2g7_002_s2,seed2,965,7,p2g7_002,mutate,True,explicit_single_parent_and_matching_ghash_and_model
2,p2g7_030_s2,seed2,965,7,p2g7_030,delete_bilin,True,explicit_single_parent_and_matching_ghash_and_model
2,p2g7_036_s2,seed2,965,7,p2g7_036,add_chan,True,explicit_single_parent_and_matching_ghash_and_model
2,p2g7_020_s2,seed2,965,7,p2g7_020,mint_bilin,True,explicit_single_parent_and_matching_ghash_and_model
2,p2g7_039_s2,seed2,965,7,p2g7_039,add_chan,True,explicit_single_parent_and_matching_ghash_and_model
2,p2g6_045_s3,seed3,966,6,p2g6_045,dup_act,True,explicit_single_parent_and_matching_ghash_and_model
2,p2g6_007_s3,seed3,966,6,p2g6_007,mutate,True,explicit_single_parent_and_matching_ghash_and_model
2,p2g6_036_s3,seed3,966,6,p2g6_036,add_chan,True,explicit_single_parent_and_matching_ghash_and_model
2,p2g6_040_s3,seed3,966,6,p2g6_040,dup_act,True,explicit_single_parent_and_matching_ghash_and_model
2,p2g6_068_s3,seed3,966,6,p2g6_068,merge_slow_tanh,True,explicit_single_parent_and_matching_ghash_and_model
2,p2g6_024_s3,seed3,966,6,p2g6_024,mint_bilin,True,explicit_single_parent_and_matching_ghash_and_model
2,p2g6_066_s3,seed3,966,6,p2g6_066,merge_cross_edge,True,explicit_single_parent_and_matching_ghash_and_model
2,p2g7_079_s2,seed2,965,7,p2g7_079,immigrate,True,explicit_single_parent_and_matching_ghash_and_model
2,p2g6_012_s3,seed3,966,6,p2g6_012,mutate,True,explicit_single_parent_and_matching_ghash_and_model
2,p2g6_014_s3,seed3,966,6,p2g6_014,mutate,True,explicit_single_parent_and_matching_ghash_and_model
2,p2g7_005_s2,seed2,965,7,p2g7_005,mutate,True,explicit_single_parent_and_matching_ghash_and_model
2,p2g6_062_s3,seed3,966,6,p2g6_062,merge_cross_edge,True,explicit_single_parent_and_matching_ghash_and_model
2,p2g7_049_s2,seed2,965,7,p2g7_049,merge_spatial_ic,True,explicit_single_parent_and_matching_ghash_and_model
2,p2g7_006_s2,seed2,965,7,p2g7_006,mutate,True,explicit_single_parent_and_matching_ghash_and_model
2,p2g6_064_s3,seed3,966,6,p2g6_064,merge_cross_edge,True,explicit_single_parent_and_matching_ghash_and_model
2,p2g7_054_s3,seed3,966,7,p2g7_054,merge_spatial_ic,True,explicit_single_parent_and_matching_ghash_and_model
2,p2g7_017_s3,seed3,966,7,p2g7_017,mint_bilin,True,explicit_single_parent_and_matching_ghash_and_model
2,p2g7_068_s3,seed3,966,7,p2g7_068,merge_slow_tanh,True,explicit_single_parent_and_matching_ghash_and_model
2,p2g7_011_s3,seed3,966,7,p2g7_011,mutate,True,explicit_single_parent_and_matching_ghash_and_model
2,p2g7_033_s3,seed3,966,7,p2g7_033,add_chan,True,explicit_single_parent_and_matching_ghash_and_model
2,p2g7_044_s3,seed3,966,7,p2g7_044,dup_act,True,explicit_single_parent_and_matching_ghash_and_model
2,p2g7_016_s3,seed3,966,7,p2g7_016,mint_bilin,True,explicit_single_parent_and_matching_ghash_and_model
2,p2g7_015_s3,seed3,966,7,p2g7_015,mutate,True,explicit_single_parent_and_matching_ghash_and_model
2,p2g7_049_s3,seed3,966,7,p2g7_049,merge_spatial_ic,True,explicit_single_parent_and_matching_ghash_and_model
2,p2g7_056_s3,seed3,966,7,p2g7_056,merge_cross_edge,True,explicit_single_parent_and_matching_ghash_and_model
2,p2g7_005_s3,seed3,966,7,p2g7_005,mutate,True,explicit_single_parent_and_matching_ghash_and_model
2,p2g7_030_s3,seed3,966,7,p2g7_030,delete_bilin,True,explicit_single_parent_and_matching_ghash_and_model
2,p2g7_060_s3,seed3,966,7,p2g7_060,merge_cross_edge,True,explicit_single_parent_and_matching_ghash_and_model
2,p2g7_053_s3,seed3,966,7,p2g7_053,merge_spatial_ic,True,explicit_single_parent_and_matching_ghash_and_model
2,p2g7_039_s3,seed3,966,7,p2g7_039,add_chan,False,actual_job_genome_provenance_not_named_screen
2,p2g7_002_s3,seed3,966,7,p2g7_002,mutate,True,explicit_single_parent_and_matching_ghash_and_model
2,p2g7_036_s3,seed3,966,7,p2g7_036,add_chan,True,explicit_single_parent_and_matching_ghash_and_model
2,p2g7_020_s3,seed3,966,7,p2g7_020,mint_bilin,True,explicit_single_parent_and_matching_ghash_and_model
2,p2g7_006_s3,seed3,966,7,p2g7_006,mutate,True,explicit_single_parent_and_matching_ghash_and_model
2,p2g7_079_s3,seed3,966,7,p2g7_079,immigrate,True,explicit_single_parent_and_matching_ghash_and_model
2,p2g8_032_s2,seed2,965,8,p2g8_032,delete_bilin,True,explicit_single_parent_and_matching_ghash_and_model
2,p2g8_007_s2,seed2,965,8,p2g8_007,mutate,True,explicit_single_parent_and_matching_ghash_and_model
2,p2g8_046_s2,seed2,965,8,p2g8_046,merge_spatial_ic,True,explicit_single_parent_and_matching_ghash_and_model
2,p2g8_052_s2,seed2,965,8,p2g8_052,merge_spatial_ic,True,explicit_single_parent_and_matching_ghash_and_model
2,p2g8_070_s2,seed2,965,8,p2g8_070,merge_cross_edge,True,explicit_single_parent_and_matching_ghash_and_model
2,p2g8_021_s2,seed2,965,8,p2g8_021,mint_bilin,True,explicit_single_parent_and_matching_ghash_and_model
2,p2g8_035_s2,seed2,965,8,p2g8_035,delete_bilin,True,explicit_single_parent_and_matching_ghash_and_model
2,p2g8_003_s2,seed2,965,8,p2g8_003,mutate,True,explicit_single_parent_and_matching_ghash_and_model
2,p2g8_054_s2,seed2,965,8,p2g8_054,merge_spatial_ic,True,explicit_single_parent_and_matching_ghash_and_model
2,p2g8_020_s2,seed2,965,8,p2g8_020,mint_bilin,True,explicit_single_parent_and_matching_ghash_and_model
2,p2g8_072_s2,seed2,965,8,p2g8_072,merge_cross_edge,True,explicit_single_parent_and_matching_ghash_and_model
2,p2g8_001_s2,seed2,965,8,p2g8_001,mutate,True,explicit_single_parent_and_matching_ghash_and_model
2,p2g8_011_s2,seed2,965,8,p2g8_011,mutate,True,explicit_single_parent_and_matching_ghash_and_model
2,p2g8_071_s2,seed2,965,8,p2g8_071,merge_cross_edge,True,explicit_single_parent_and_matching_ghash_and_model
2,p2g8_047_s2,seed2,965,8,p2g8_047,merge_spatial_ic,True,explicit_single_parent_and_matching_ghash_and_model
2,p2g8_012_s2,seed2,965,8,p2g8_012,mutate,True,explicit_single_parent_and_matching_ghash_and_model
2,p2g8_027_s2,seed2,965,8,p2g8_027,mint_bilin,True,explicit_single_parent_and_matching_ghash_and_model
2,p2g8_031_s2,seed2,965,8,p2g8_031,mint_bilin,True,explicit_single_parent_and_matching_ghash_and_model
2,p2g8_008_s2,seed2,965,8,p2g8_008,mutate,True,explicit_single_parent_and_matching_ghash_and_model
2,p2g9_032_s2,seed2,965,9,p2g9_032,mint_bilin,True,explicit_single_parent_and_matching_ghash_and_model
2,p2g8_032_s3,seed3,966,8,p2g8_032,delete_bilin,True,explicit_single_parent_and_matching_ghash_and_model
2,p2g8_007_s3,seed3,966,8,p2g8_007,mutate,True,explicit_single_parent_and_matching_ghash_and_model
2,p2g8_046_s3,seed3,966,8,p2g8_046,merge_spatial_ic,True,explicit_single_parent_and_matching_ghash_and_model
2,p2g8_052_s3,seed3,966,8,p2g8_052,merge_spatial_ic,True,explicit_single_parent_and_matching_ghash_and_model
2,p2g8_008_s3,seed3,966,8,p2g8_008,mutate,True,explicit_single_parent_and_matching_ghash_and_model
2,p2g8_070_s3,seed3,966,8,p2g8_070,merge_cross_edge,True,explicit_single_parent_and_matching_ghash_and_model
2,p2g8_035_s3,seed3,966,8,p2g8_035,delete_bilin,True,explicit_single_parent_and_matching_ghash_and_model
2,p2g9_017_s2,seed2,965,9,p2g9_017,mutate,True,explicit_single_parent_and_matching_ghash_and_model
2,p2g9_011_s2,seed2,965,9,p2g9_011,mutate,True,explicit_single_parent_and_matching_ghash_and_model
2,p2g9_026_s2,seed2,965,9,p2g9_026,mint_bilin,True,explicit_single_parent_and_matching_ghash_and_model
2,p2g9_042_s2,seed2,965,9,p2g9_042,delete_bilin,True,explicit_single_parent_and_matching_ghash_and_model
2,p2g9_062_s2,seed2,965,9,p2g9_062,merge_slow_tanh,True,explicit_single_parent_and_matching_ghash_and_model
2,p2g8_021_s3,seed3,966,8,p2g8_021,mint_bilin,True,explicit_single_parent_and_matching_ghash_and_model
2,p2g9_024_s2,seed2,965,9,p2g9_024,mint_bilin,True,explicit_single_parent_and_matching_ghash_and_model
2,p2g9_063_s2,seed2,965,9,p2g9_063,merge_cross_edge,True,explicit_single_parent_and_matching_ghash_and_model
2,p2g8_003_s3,seed3,966,8,p2g8_003,mutate,True,explicit_single_parent_and_matching_ghash_and_model
2,p2g8_054_s3,seed3,966,8,p2g8_054,merge_spatial_ic,True,explicit_single_parent_and_matching_ghash_and_model
2,p2g8_020_s3,seed3,966,8,p2g8_020,mint_bilin,True,explicit_single_parent_and_matching_ghash_and_model
2,p2g8_072_s3,seed3,966,8,p2g8_072,merge_cross_edge,True,explicit_single_parent_and_matching_ghash_and_model
2,p2g8_031_s3,seed3,966,8,p2g8_031,mint_bilin,True,explicit_single_parent_and_matching_ghash_and_model
2,p2g9_023_s2,seed2,965,9,p2g9_023,mint_bilin,True,explicit_single_parent_and_matching_ghash_and_model
2,p2g9_056_s2,seed2,965,9,p2g9_056,merge_cross_edge,True,explicit_single_parent_and_matching_ghash_and_model
2,p2g9_002_s2,seed2,965,9,p2g9_002,mutate,True,explicit_single_parent_and_matching_ghash_and_model
2,p2g9_008_s2,seed2,965,9,p2g9_008,mutate,True,explicit_single_parent_and_matching_ghash_and_model
2,p2g9_021_s2,seed2,965,9,p2g9_021,mutate,True,explicit_single_parent_and_matching_ghash_and_model
2,p2g9_033_s2,seed2,965,9,p2g9_033,mint_bilin,True,explicit_single_parent_and_matching_ghash_and_model
2,p2g9_050_s2,seed2,965,9,p2g9_050,add_chan,True,explicit_single_parent_and_matching_ghash_and_model
2,p2g9_019_s2,seed2,965,9,p2g9_019,mutate,True,explicit_single_parent_and_matching_ghash_and_model
2,p2g9_020_s2,seed2,965,9,p2g9_020,mutate,True,explicit_single_parent_and_matching_ghash_and_model
2,p2g9_040_s2,seed2,965,9,p2g9_040,delete_bilin,True,explicit_single_parent_and_matching_ghash_and_model
2,p2g9_064_s2,seed2,965,9,p2g9_064,merge_slow_tanh,True,explicit_single_parent_and_matching_ghash_and_model
2,p2g8_001_s3,seed3,966,8,p2g8_001,mutate,True,explicit_single_parent_and_matching_ghash_and_model
2,p2g8_011_s3,seed3,966,8,p2g8_011,mutate,True,explicit_single_parent_and_matching_ghash_and_model
2,p2g8_071_s3,seed3,966,8,p2g8_071,merge_cross_edge,True,explicit_single_parent_and_matching_ghash_and_model
2,p2g8_047_s3,seed3,966,8,p2g8_047,merge_spatial_ic,True,explicit_single_parent_and_matching_ghash_and_model
2,p2g8_012_s3,seed3,966,8,p2g8_012,mutate,True,explicit_single_parent_and_matching_ghash_and_model
2,p2g8_027_s3,seed3,966,8,p2g8_027,mint_bilin,True,explicit_single_parent_and_matching_ghash_and_model
2,p2g10_049_s2,seed2,965,10,p2g10_049,add_chan,True,explicit_single_parent_and_matching_ghash_and_model
2,p2g10_004_s2,seed2,965,10,p2g10_004,mutate,True,explicit_single_parent_and_matching_ghash_and_model
2,p2g10_056_s2,seed2,965,10,p2g10_056,merge_spatial_ic,True,explicit_single_parent_and_matching_ghash_and_model
2,p2g9_024_s3,seed3,966,9,p2g9_024,mint_bilin,True,explicit_single_parent_and_matching_ghash_and_model
2,p2g10_045_s2,seed2,965,10,p2g10_045,add_chan,True,explicit_single_parent_and_matching_ghash_and_model
2,p2g10_037_s2,seed2,965,10,p2g10_037,mint_bilin,True,explicit_single_parent_and_matching_ghash_and_model
2,p2g9_042_s3,seed3,966,9,p2g9_042,delete_bilin,True,explicit_single_parent_and_matching_ghash_and_model
2,p2g9_062_s3,seed3,966,9,p2g9_062,merge_slow_tanh,True,explicit_single_parent_and_matching_ghash_and_model
2,p2g9_032_s3,seed3,966,9,p2g9_032,mint_bilin,True,explicit_single_parent_and_matching_ghash_and_model
2,p2g10_006_s2,seed2,965,10,p2g10_006,mutate,True,explicit_single_parent_and_matching_ghash_and_model
2,p2g10_034_s2,seed2,965,10,p2g10_034,mint_bilin,True,explicit_single_parent_and_matching_ghash_and_model
2,p2g9_063_s3,seed3,966,9,p2g9_063,merge_cross_edge,True,explicit_single_parent_and_matching_ghash_and_model
2,p2g9_017_s3,seed3,966,9,p2g9_017,mutate,True,explicit_single_parent_and_matching_ghash_and_model
2,p2g9_011_s3,seed3,966,9,p2g9_011,mutate,True,explicit_single_parent_and_matching_ghash_and_model
2,p2g9_026_s3,seed3,966,9,p2g9_026,mint_bilin,True,explicit_single_parent_and_matching_ghash_and_model
2,p2g10_048_s2,seed2,965,10,p2g10_048,add_chan,True,explicit_single_parent_and_matching_ghash_and_model
2,p2g10_051_s2,seed2,965,10,p2g10_051,add_chan,True,explicit_single_parent_and_matching_ghash_and_model
2,p2g10_053_s2,seed2,965,10,p2g10_053,merge_spatial_ic,True,explicit_single_parent_and_matching_ghash_and_model
2,p2g10_003_s2,seed2,965,10,p2g10_003,mutate,True,explicit_single_parent_and_matching_ghash_and_model
2,p2g10_026_s2,seed2,965,10,p2g10_026,mint_bilin,True,explicit_single_parent_and_matching_ghash_and_model
2,p2g10_005_s2,seed2,965,10,p2g10_005,mutate,True,explicit_single_parent_and_matching_ghash_and_model
2,p2g10_008_s2,seed2,965,10,p2g10_008,mutate,True,explicit_single_parent_and_matching_ghash_and_model
2,p2g10_016_s2,seed2,965,10,p2g10_016,mutate,True,explicit_single_parent_and_matching_ghash_and_model
2,p2g10_023_s2,seed2,965,10,p2g10_023,mint_bilin,True,explicit_single_parent_and_matching_ghash_and_model
2,p2g10_054_s2,seed2,965,10,p2g10_054,merge_spatial_ic,True,explicit_single_parent_and_matching_ghash_and_model
2,p2g10_000_s2,seed2,965,10,p2g10_000,mutate,True,explicit_single_parent_and_matching_ghash_and_model
2,p2g9_023_s3,seed3,966,9,p2g9_023,mint_bilin,True,explicit_single_parent_and_matching_ghash_and_model
2,p2g9_056_s3,seed3,966,9,p2g9_056,merge_cross_edge,True,explicit_single_parent_and_matching_ghash_and_model
2,p2g9_002_s3,seed3,966,9,p2g9_002,mutate,True,explicit_single_parent_and_matching_ghash_and_model
2,p2g9_021_s3,seed3,966,9,p2g9_021,mutate,True,explicit_single_parent_and_matching_ghash_and_model
2,p2g9_033_s3,seed3,966,9,p2g9_033,mint_bilin,True,explicit_single_parent_and_matching_ghash_and_model
2,p2g9_050_s3,seed3,966,9,p2g9_050,add_chan,True,explicit_single_parent_and_matching_ghash_and_model
2,p2g9_019_s3,seed3,966,9,p2g9_019,mutate,True,explicit_single_parent_and_matching_ghash_and_model
2,p2g9_020_s3,seed3,966,9,p2g9_020,mutate,True,explicit_single_parent_and_matching_ghash_and_model
2,p2g9_040_s3,seed3,966,9,p2g9_040,delete_bilin,True,explicit_single_parent_and_matching_ghash_and_model
2,p2g9_064_s3,seed3,966,9,p2g9_064,merge_slow_tanh,True,explicit_single_parent_and_matching_ghash_and_model
2,p2g10_049_s3,seed3,966,10,p2g10_049,add_chan,True,explicit_single_parent_and_matching_ghash_and_model
2,p2g11_050_s2,seed2,965,11,p2g11_050,add_chan,True,explicit_single_parent_and_matching_ghash_and_model
2,p2g10_004_s3,seed3,966,10,p2g10_004,mutate,True,explicit_single_parent_and_matching_ghash_and_model
2,p2g10_056_s3,seed3,966,10,p2g10_056,merge_spatial_ic,True,explicit_single_parent_and_matching_ghash_and_model
2,p2g11_023_s2,seed2,965,11,p2g11_023,mint_bilin,True,explicit_single_parent_and_matching_ghash_and_model
2,p2g11_060_s2,seed2,965,11,p2g11_060,merge_cross_edge,True,explicit_single_parent_and_matching_ghash_and_model
2,p2g10_037_s3,seed3,966,10,p2g10_037,mint_bilin,True,explicit_single_parent_and_matching_ghash_and_model
2,p2g10_006_s3,seed3,966,10,p2g10_006,mutate,True,explicit_single_parent_and_matching_ghash_and_model
2,p2g10_053_s3,seed3,966,10,p2g10_053,merge_spatial_ic,True,explicit_single_parent_and_matching_ghash_and_model
2,p2g11_036_s2,seed2,965,11,p2g11_036,mint_bilin,True,explicit_single_parent_and_matching_ghash_and_model
2,p2g10_034_s3,seed3,966,10,p2g10_034,mint_bilin,True,explicit_single_parent_and_matching_ghash_and_model
2,p2g10_003_s3,seed3,966,10,p2g10_003,mutate,True,explicit_single_parent_and_matching_ghash_and_model
2,p2g11_045_s2,seed2,965,11,p2g11_045,add_chan,True,explicit_single_parent_and_matching_ghash_and_model
2,p2g11_020_s2,seed2,965,11,p2g11_020,mutate,True,explicit_single_parent_and_matching_ghash_and_model
2,p2g10_048_s3,seed3,966,10,p2g10_048,add_chan,True,explicit_single_parent_and_matching_ghash_and_model
2,p2g10_051_s3,seed3,966,10,p2g10_051,add_chan,True,explicit_single_parent_and_matching_ghash_and_model
2,p2g10_054_s3,seed3,966,10,p2g10_054,merge_spatial_ic,True,explicit_single_parent_and_matching_ghash_and_model
2,p2g11_007_s2,seed2,965,11,p2g11_007,mutate,True,explicit_single_parent_and_matching_ghash_and_model
2,p2g11_012_s2,seed2,965,11,p2g11_012,mutate,True,explicit_single_parent_and_matching_ghash_and_model
2,p2g11_015_s2,seed2,965,11,p2g11_015,mutate,True,explicit_single_parent_and_matching_ghash_and_model
2,p2g11_062_s2,seed2,965,11,p2g11_062,merge_cross_edge,True,explicit_single_parent_and_matching_ghash_and_model
2,p2g11_055_s2,seed2,965,11,p2g11_055,merge_spatial_ic,True,explicit_single_parent_and_matching_ghash_and_model
2,p2g11_059_s2,seed2,965,11,p2g11_059,merge_cross_edge,True,explicit_single_parent_and_matching_ghash_and_model
2,p2g11_026_s2,seed2,965,11,p2g11_026,mint_bilin,True,explicit_single_parent_and_matching_ghash_and_model
2,p2g10_026_s3,seed3,966,10,p2g10_026,mint_bilin,True,explicit_single_parent_and_matching_ghash_and_model
2,p2g10_005_s3,seed3,966,10,p2g10_005,mutate,True,explicit_single_parent_and_matching_ghash_and_model
2,p2g10_008_s3,seed3,966,10,p2g10_008,mutate,True,explicit_single_parent_and_matching_ghash_and_model
2,p2g10_016_s3,seed3,966,10,p2g10_016,mutate,True,explicit_single_parent_and_matching_ghash_and_model
2,p2g10_000_s3,seed3,966,10,p2g10_000,mutate,True,explicit_single_parent_and_matching_ghash_and_model
2,p2g11_049_s2,seed2,965,11,p2g11_049,add_chan,True,explicit_single_parent_and_matching_ghash_and_model
2,p2g10_023_s3,seed3,966,10,p2g10_023,mint_bilin,True,explicit_single_parent_and_matching_ghash_and_model
2,p2g11_063_s2,seed2,965,11,p2g11_063,immigrate,True,explicit_single_parent_and_matching_ghash_and_model
2,p2g11_050_s3,seed3,966,11,p2g11_050,add_chan,True,explicit_single_parent_and_matching_ghash_and_model
2,p2g12_055_s2,seed2,965,12,p2g12_055,merge_cross_edge,True,explicit_single_parent_and_matching_ghash_and_model
2,p2g11_036_s3,seed3,966,11,p2g11_036,mint_bilin,True,explicit_single_parent_and_matching_ghash_and_model
2,p2g12_043_s2,seed2,965,12,p2g12_043,delete_bilin,True,explicit_single_parent_and_matching_ghash_and_model
2,p2g11_026_s3,seed3,966,11,p2g11_026,mint_bilin,True,explicit_single_parent_and_matching_ghash_and_model
2,p2g11_049_s3,seed3,966,11,p2g11_049,add_chan,True,explicit_single_parent_and_matching_ghash_and_model
2,p2g12_050_s2,seed2,965,12,p2g12_050,add_chan,True,explicit_single_parent_and_matching_ghash_and_model
2,p2g11_007_s3,seed3,966,11,p2g11_007,mutate,True,explicit_single_parent_and_matching_ghash_and_model
2,p2g11_020_s3,seed3,966,11,p2g11_020,mutate,True,explicit_single_parent_and_matching_ghash_and_model
2,p2g12_026_s2,seed2,965,12,p2g12_026,mint_bilin,True,explicit_single_parent_and_matching_ghash_and_model
2,p2g11_015_s3,seed3,966,11,p2g11_015,mutate,True,explicit_single_parent_and_matching_ghash_and_model
2,p2g11_062_s3,seed3,966,11,p2g11_062,merge_cross_edge,True,explicit_single_parent_and_matching_ghash_and_model
2,p2g11_055_s3,seed3,966,11,p2g11_055,merge_spatial_ic,True,explicit_single_parent_and_matching_ghash_and_model
2,p2g11_059_s3,seed3,966,11,p2g11_059,merge_cross_edge,True,explicit_single_parent_and_matching_ghash_and_model
2,p2g12_012_s2,seed2,965,12,p2g12_012,mutate,True,explicit_single_parent_and_matching_ghash_and_model
2,p2g12_021_s2,seed2,965,12,p2g12_021,mutate,True,explicit_single_parent_and_matching_ghash_and_model
2,p2g12_038_s2,seed2,965,12,p2g12_038,mint_bilin,True,explicit_single_parent_and_matching_ghash_and_model
2,p2g12_058_s2,seed2,965,12,p2g12_058,merge_cross_edge,True,explicit_single_parent_and_matching_ghash_and_model
2,p2g11_023_s3,seed3,966,11,p2g11_023,mint_bilin,True,explicit_single_parent_and_matching_ghash_and_model
2,p2g11_060_s3,seed3,966,11,p2g11_060,merge_cross_edge,True,explicit_single_parent_and_matching_ghash_and_model
2,p2g11_045_s3,seed3,966,11,p2g11_045,add_chan,True,explicit_single_parent_and_matching_ghash_and_model
2,p2g12_023_s2,seed2,965,12,p2g12_023,mint_bilin,True,explicit_single_parent_and_matching_ghash_and_model
2,p2g12_020_s2,seed2,965,12,p2g12_020,mutate,True,explicit_single_parent_and_matching_ghash_and_model
2,p2g12_008_s2,seed2,965,12,p2g12_008,mutate,True,explicit_single_parent_and_matching_ghash_and_model
2,p2g11_012_s3,seed3,966,11,p2g11_012,mutate,True,explicit_single_parent_and_matching_ghash_and_model
2,p2g12_053_s2,seed2,965,12,p2g12_053,merge_cross_edge,True,explicit_single_parent_and_matching_ghash_and_model
2,p2g12_005_s2,seed2,965,12,p2g12_005,mutate,True,explicit_single_parent_and_matching_ghash_and_model
2,p2g12_015_s2,seed2,965,12,p2g12_015,mutate,True,explicit_single_parent_and_matching_ghash_and_model
2,p2g12_013_s2,seed2,965,12,p2g12_013,mutate,True,explicit_single_parent_and_matching_ghash_and_model
2,p2g11_063_s3,seed3,966,11,p2g11_063,immigrate,True,explicit_single_parent_and_matching_ghash_and_model
2,p2g12_055_s3,seed3,966,12,p2g12_055,merge_cross_edge,True,explicit_single_parent_and_matching_ghash_and_model
2,p2g12_026_s3,seed3,966,12,p2g12_026,mint_bilin,True,explicit_single_parent_and_matching_ghash_and_model
2,p2g12_038_s3,seed3,966,12,p2g12_038,mint_bilin,True,explicit_single_parent_and_matching_ghash_and_model
2,p2g12_012_s3,seed3,966,12,p2g12_012,mutate,True,explicit_single_parent_and_matching_ghash_and_model
2,p2g12_021_s3,seed3,966,12,p2g12_021,mutate,True,explicit_single_parent_and_matching_ghash_and_model
2,p2g12_058_s3,seed3,966,12,p2g12_058,merge_cross_edge,True,explicit_single_parent_and_matching_ghash_and_model
2,p2g12_043_s3,seed3,966,12,p2g12_043,delete_bilin,True,explicit_single_parent_and_matching_ghash_and_model
2,p2g12_023_s3,seed3,966,12,p2g12_023,mint_bilin,True,explicit_single_parent_and_matching_ghash_and_model
2,p2g12_050_s3,seed3,966,12,p2g12_050,add_chan,True,explicit_single_parent_and_matching_ghash_and_model
2,p2g12_020_s3,seed3,966,12,p2g12_020,mutate,True,explicit_single_parent_and_matching_ghash_and_model
2,p2g12_015_s3,seed3,966,12,p2g12_015,mutate,True,explicit_single_parent_and_matching_ghash_and_model
2,p2g12_008_s3,seed3,966,12,p2g12_008,mutate,True,explicit_single_parent_and_matching_ghash_and_model
2,p2g12_053_s3,seed3,966,12,p2g12_053,merge_cross_edge,True,explicit_single_parent_and_matching_ghash_and_model
2,p2g12_005_s3,seed3,966,12,p2g12_005,mutate,True,explicit_single_parent_and_matching_ghash_and_model
2,p2g12_013_s3,seed3,966,12,p2g12_013,mutate,True,explicit_single_parent_and_matching_ghash_and_model
