source_island,source_row_index,island,cand,phase,seed,gen,bucket,op,parents,ghash,status,primary_included,C9_mode,C9,interest_raw,interest_v2_preserved,common_I025,common_I040,qualifies_025,qualifies_040,descriptor_bin,spatial_class,valid_same_genome_confirmation,actual_origin_op,ic_merge,T_used
1,0,1,atlas_cargo_cell,screen,957,0,atlas_gen0_import,immigrate_atlas,[],7d0fda2662bbfe77,ok,True,full,0.3041,36.975,39.16290097512779,36.97467573134584,35.66174058507667,False,False,2|switch|mobile|liquid|s1|g0|economy,economy,,immigrate_atlas,True,2500.0
1,1,1,atlas_m5_trains,screen,957,0,atlas_gen0_import,immigrate_atlas,[],3b97cde5bfc7b705,ok,True,full,0.2449,25.595,25.963795799637268,25.595346849727953,25.374277479782357,False,False,1|constant|mobile|liquid|s1|g0|economy,economy,,immigrate_atlas,True,2500.0
1,2,1,atlas_m2_dimer,screen,957,0,atlas_gen0_import,immigrate_atlas,[],c94bae6f17a572c2,ok,True,full,0.2619,33.194,35.52894042397832,33.19420531798374,31.793364254386994,False,False,1|grow|still|liquid|s1|g0|economy,economy,,immigrate_atlas,True,5000.0
1,3,1,p1g1_059,screen,957,1,creative_screen,merge_cross_edge,"[""p2g6_020"",""ref_M4_tau5.7""]",f24f0ea14828c75d,fail_g0a,True,missing,,,,,,False,False,,,,merge_cross_edge,False,
1,4,1,p1g1_072,screen,957,1,creative_screen,merge_cross_edge,"[""p4g4_018"",""ref_M4_tau5.7""]",06d7220f7c9deba7,fail_g0a,True,missing,,,,,,False,False,,,,merge_cross_edge,False,
1,5,1,p1g1_076,screen,957,1,creative_screen,merge_share_chan,"[""p2g6_020"",""ref_iso_d0.75""]",88c61963e04c73ce,fail_g0a,True,missing,,,,,,False,False,,,,merge_share_chan,False,
1,6,1,p1g1_077,screen,957,1,creative_screen,merge_share_chan,"[""p2g6_020"",""ref_M4_tau5.7""]",4425efd7ca2c8eb1,fail_g0a,True,missing,,,,,,False,False,,,,merge_share_chan,False,
1,7,1,p1g1_078,screen,957,1,creative_screen,merge_share_chan,"[""p2g6_020"",""ref_iso_d0.75""]",fd912b5c879658fb,fail_g0a,True,missing,,,,,,False,False,,,,merge_share_chan,False,
1,8,1,p1g1_079,screen,957,1,creative_screen,merge_share_chan,"[""p4g2_028"",""ref_M0""]",3a6c8444491ebc2b,fail_g0a,True,missing,,,,,,False,False,,,,merge_share_chan,False,
1,9,1,p1g1_014,screen,957,1,creative_screen,mutate,"[""p6g7_028""]",14c8631c351d585c,fail_g0a,True,missing,,,,,,False,False,,,,mutate,False,
1,10,1,p1g1_052,screen,957,1,creative_screen,merge_spatial_ic,"[""p2g7_039"",""p4g5_070""]",fa86cb8089d048d0,ok,True,full,0.6979,72.405,73.27613304211569,72.40459978158677,71.8816798252694,True,True,4|grow|rotor|liquid|s1|g2|economy,economy,,merge_spatial_ic,True,20000.0
1,11,1,p1g1_048,screen,957,1,creative_screen,merge_spatial_ic,"[""p6g9_021"",""p2g6_020""]",b310fbfc5cac334e,ok,True,full,0.4768,70.538,78.15722573491432,70.53791930118574,65.96633544094858,True,True,3|switch|rotor|liquid|s2|g2|economy,economy,,merge_spatial_ic,True,10000.0
1,12,1,p1g1_049,screen,957,1,creative_screen,merge_spatial_ic,"[""p3g6_036"",""p1g7_025""]",dc62120b0c212700,ok,True,full,0.4737,60.97,65.50376895782001,60.970326718365015,58.25026137469201,True,False,4|switch|mobile|liquid|s1|g1|economy,economy,,merge_spatial_ic,True,2500.0
1,13,1,p1g1_050,screen,957,1,creative_screen,merge_spatial_ic,"[""p6g8_033"",""p1g7_023""]",27a2960d05f47297,ok,True,full,0.3831,66.492,75.88545184945205,66.49158888708904,60.85527110967123,False,False,3|grow|rotor|liquid|s2|g2|economy,economy,,merge_spatial_ic,True,20000.0
1,14,1,p1g1_053,screen,957,1,creative_screen,merge_spatial_ic,"[""p6g8_033"",""p1g6_065""]",27a2960d05f47297,ok,True,full,0.4343,70.754,79.86231072870812,70.7542330465311,65.28938643722486,True,True,3|switch|rotor|liquid|s2|g2|economy,economy,,merge_spatial_ic,True,10000.0
1,15,1,p1g1_023,screen,957,1,creative_screen,mint_bilin,"[""p3g9_021""]",7b4ed6d7108a4117,ok,True,partial,0.0,46.22017002520097,61.62689336693463,46.22017002520097,36.97613602016078,False,False,3|grow|rotor|liquid|s1|g1|mixed,mixed,,mint_bilin,False,2500.0
1,16,1,p1g1_000,screen,957,1,creative_screen,mutate,"[""p5g8_014""]",eff7c27b589e665a,ok,True,partial,0.4985,61.80550195917352,65.79066927889802,61.80550195917352,59.414401567338814,True,False,2|switch|mobile|liquid|s1|g2|structured,structured,,mutate,False,2500.0
1,17,1,p1g1_033,screen,957,1,creative_screen,add_chan,"[""p6g8_033""]",b9ac81d28b0cd0fd,ok,True,partial,0.3467,64.5398668669337,74.4964891559116,64.5398668669337,58.565893493546966,False,False,3|switch|mobile|liquid|s1|g2|structured,structured,,add_chan,False,2500.0
1,18,1,p1g1_034,screen,957,1,creative_screen,add_chan,"[""p6g6_032""]",32499a10a18c9523,ok,True,partial,0.0,46.163405997839405,61.55120799711921,46.163405997839405,36.93072479827152,False,False,3|grow|mobile|liquid|s1|g2|mixed,mixed,,add_chan,False,20000.0
1,19,1,p1g1_037,screen,957,1,creative_screen,add_chan,"[""p6g9_021""]",f003a6f1e11f732d,ok,True,partial,0.4149,71.44183588081557,81.42578117442076,71.44183588081557,65.45146870465246,True,True,3|grow|rotor|liquid|s2|g2|structured,structured,,add_chan,False,20000.0
1,20,1,p1g1_038,screen,957,1,creative_screen,add_chan,"[""p1g7_025""]",bbef031462d40825,ok,True,partial,0.4603,75.20083272038946,84.92444362718594,75.20083272038946,69.36666617631155,True,True,3|grow|mobile|liquid|s3|g2|structured,structured,,add_chan,False,20000.0
1,21,1,p1g1_040,screen,957,1,creative_screen,dup_act,"[""p6g8_033""]",7d0d19df4c7eeacc,ok,True,partial,0.0,22.924896462903547,30.56652861720473,22.924896462903547,18.33991717032284,False,False,2|constant|still|frozen|s1|g2|mixed,mixed,,dup_act,False,2500.0
1,22,1,p1g1_042,screen,957,1,creative_screen,dup_act,"[""p6g9_021""]",3a2b578dfa7e9d98,ok,True,partial,0.3262,66.54434007103005,77.85245342804006,66.54434007103005,59.75947205682404,False,False,4|switch|rotor|liquid|s2|g2|structured,structured,,dup_act,False,20000.0
1,23,1,p1g1_046,screen,957,1,creative_screen,dup_act,"[""p6g9_038""]",7301e1a7983770c7,ok,True,partial,0.0,46.31445796519477,61.752610620259695,46.31445796519477,37.05156637215582,False,False,3|grow|mobile|liquid|s2|g2|mixed,mixed,,dup_act,False,2500.0
1,24,1,p1g1_047,screen,957,1,creative_screen,dup_act,"[""p3g6_070""]",1c0f1ce2326ebcb9,ok,True,partial,0.4259,46.67205441816539,48.032739224220514,46.67205441816539,45.855643534532305,False,False,3|oscillator|mobile|liquid|s1|g2|structured,structured,,dup_act,False,2500.0
1,25,1,p1g1_056,screen,957,1,creative_screen,merge_cross_edge,"[""p6g5_025"",""ref_M0""]",f91b186045b805f2,ok,True,partial,0.2769,61.134159482911485,72.28221264388198,61.134159482911485,54.445327586329185,False,False,3|grow|rotor|liquid|s1|g2|structured,structured,,merge_cross_edge,False,20000.0
1,26,1,p1g1_057,screen,957,1,creative_screen,merge_cross_edge,"[""p4g4_018"",""ref_M0""]",4a42745ad3d3ccaf,ok,True,partial,0.1041,51.923671083930216,65.76156144524029,51.923671083930216,43.620936867144174,False,False,4|switch|drift|liquid|s1|g2|mixed,mixed,,merge_cross_edge,False,5000.0
1,27,1,p1g1_058,screen,957,1,creative_screen,merge_cross_edge,"[""p2g6_020"",""ref_iso_d0.65""]",51eb3386878ba871,ok,True,partial,0.4646,73.28327373214503,82.22436497619339,73.28327373214503,67.91861898571602,True,True,4|grow|rotor|liquid|s2|g2|structured,structured,,merge_cross_edge,False,20000.0
1,28,1,p1g1_061,screen,957,1,creative_screen,merge_cross_edge,"[""p4g4_018"",""blk_engine_10748""]",b8845a421c6e979f,ok,True,partial,0.356,60.63741008014646,68.98321344019529,60.63741008014646,55.629928064117166,False,False,4|switch|mobile|flicker|s1|g2|mixed,mixed,,merge_cross_edge,False,20000.0
1,29,1,p1g1_062,screen,957,1,creative_screen,merge_cross_edge,"[""p2g6_020"",""ref_iso_d0.75""]",29340105c3bc9872,ok,True,partial,0.3802,62.73249582383447,70.9699944317793,62.73249582383447,57.789996659067576,False,False,4|grow|mobile|liquid|s1|g2|structured,structured,,merge_cross_edge,False,2500.0
1,30,1,p1g1_063,screen,957,1,creative_screen,merge_cross_edge,"[""p2g6_020"",""ref_iso_d0.65""]",b3ba1e0841ea195f,ok,True,partial,0.3694,73.81142018013992,86.10189357351989,73.81142018013992,66.43713614411193,False,False,4|grow|mobile|liquid|s3|g2|structured,structured,,merge_cross_edge,False,20000.0
1,31,1,p1g1_064,screen,957,1,creative_screen,merge_cross_edge,"[""p4g4_018"",""ref_iso_d0.75""]",82d50700e07f9b60,ok,True,partial,0.0,45.43721273793487,60.5829503172465,45.43721273793487,36.3497701903479,False,False,4|switch|drift|flicker|s1|g2|mixed,mixed,,merge_cross_edge,False,5000.0
1,32,1,p1g1_065,screen,957,1,creative_screen,merge_cross_edge,"[""p2g6_020"",""blk_engine_10748""]",d209216dd7966617,ok,True,partial,0.4299,62.75229912955213,69.33973217273616,62.75229912955213,58.799839303641704,True,False,4|switch|rotor|liquid|s1|g2|structured,structured,,merge_cross_edge,False,5000.0
1,33,1,p1g1_067,screen,957,1,creative_screen,merge_cross_edge,"[""p2g6_020"",""ref_iso_d0.65""]",d6c91176760200ff,ok,True,partial,0.4771,66.47437693249145,72.72916924332193,66.47437693249145,62.72150154599316,True,True,4|switch|rotor|liquid|s1|g2|structured,structured,,merge_cross_edge,False,2500.0
1,34,1,p1g1_068,screen,957,1,creative_screen,merge_cross_edge,"[""p2g6_020"",""blk_engine_10748""]",1b3ba2943fe69b74,ok,True,partial,0.1071,54.0306378745258,68.47085049936773,54.0306378745258,45.366510299620636,False,False,4|switch|mobile|liquid|s1|g2|mixed,mixed,,merge_cross_edge,False,20000.0
1,35,1,p1g1_070,screen,957,1,creative_screen,merge_cross_edge,"[""p2g6_020"",""ref_iso_d0.65""]",00867338b43b9f4b,ok,True,partial,0.5764,69.17740686359016,73.02320915145356,69.17740686359016,66.86992549087213,True,True,4|switch|rotor|liquid|s2|g2|structured,structured,,merge_cross_edge,False,5000.0
1,36,1,p1g1_071,screen,957,1,creative_screen,merge_cross_edge,"[""p2g6_020"",""ref_iso_d0.65""]",85e855aa651a4c0f,ok,True,partial,0.3146,61.175532315159174,71.08070975354556,61.175532315159174,55.232425852127335,False,False,4|switch|rotor|liquid|s1|g2|structured,structured,,merge_cross_edge,False,5000.0
1,37,1,p1g1_073,screen,957,1,creative_screen,merge_cross_edge,"[""p2g6_020"",""ref_M0""]",4456ca140057a3e3,ok,True,partial,0.439,70.44877110280179,79.29836147040238,70.44877110280179,65.13901688224142,True,True,4|switch|rotor|liquid|s2|g2|structured,structured,,merge_cross_edge,False,5000.0
1,38,1,p1g1_074,screen,957,1,creative_screen,merge_cross_edge,"[""p1g6_065"",""ref_iso_d0.75""]",7784cd3c50a55250,ok,True,partial,0.0531,29.910515461265284,38.11068728168704,29.910515461265284,24.990412369012223,False,False,3|switch|drift|frozen|s1|g2|mixed,mixed,,merge_cross_edge,False,2500.0
1,39,1,p1g1_075,screen,957,1,creative_screen,merge_cross_edge,"[""p2g6_020"",""ref_M0""]",82d4a5f5de7d3e6a,ok,True,partial,0.3505,72.78046424856187,85.35728566474916,72.78046424856187,65.23437139884949,False,False,4|switch|rotor|liquid|s3|g2|structured,structured,,merge_cross_edge,False,20000.0
1,40,1,p1g1_002,screen,957,1,creative_screen,mutate,"[""p3g6_032""]",020eb6f6f8781bc8,ok,True,partial,0.4949,47.40958719961945,46.71611626615927,47.40958719961945,47.82566975969556,False,False,3|constant|rotor|liquid|s1|g1|structured,structured,,mutate,False,2500.0
1,41,1,p1g1_004,screen,957,1,creative_screen,mutate,"[""p3g6_032""]",0af2da54db33e66f,ok,True,partial,0.3513,53.331784272661956,59.39904569688261,53.331784272661956,49.691427418129564,False,False,3|switch|mobile|liquid|s1|g1|structured,structured,,mutate,False,2500.0
1,42,1,p1g1_005,screen,957,1,creative_screen,mutate,"[""p4g4_007""]",f6bcb2c9f3cf6bd7,ok,True,partial,0.0,40.64720595277658,54.19627460370211,40.64720595277658,32.51776476222126,False,False,3|oscillator|drift|liquid|s1|g2|mixed,mixed,,mutate,False,10000.0
1,43,1,p1g1_008,screen,957,1,creative_screen,mutate,"[""p6g8_033""]",d83a1259b990c649,ok,True,partial,0.0,50.399330174710556,67.19910689961408,50.399330174710556,40.31946413976845,False,False,3|switch|mobile|liquid|s1|g2|mixed,mixed,,mutate,False,2500.0
1,44,1,p1g1_011,screen,957,1,creative_screen,mutate,"[""p6g9_021""]",bf87073f17a076f9,ok,True,partial,0.3161,55.24953774270308,63.12938365693744,55.24953774270308,50.52163019416246,False,False,3|switch|rotor|liquid|s1|g2|structured,structured,,mutate,False,5000.0
1,45,1,p1g1_013,screen,957,1,creative_screen,mutate,"[""p3g6_036""]",8784c1d75e4d44bb,ok,True,partial,0.5743,75.15544248099029,81.06392330798705,75.15544248099029,71.61035398479223,True,True,4|switch|mobile|liquid|s2|g1|structured,structured,,mutate,False,10000.0
1,46,1,p1g1_015,screen,957,1,creative_screen,mutate,"[""p6g8_033""]",2f4a6e93e3bb2946,ok,True,partial,0.2567,48.305833580769495,55.851111441026,48.305833580769495,43.7786668646156,False,False,3|switch|mobile|liquid|s1|g2|mixed,mixed,,mutate,False,2500.0
1,47,1,p1g1_016,screen,957,1,creative_screen,mint_bilin,"[""p6g9_021""]",04dd5d8ed51c33f6,ok,True,partial,0.1425,58.20493065696968,72.8565742092929,58.20493065696968,49.413944525575744,False,False,3|grow|rotor|liquid|s1|g2|structured,structured,,mint_bilin,False,20000.0
1,48,1,p1g1_017,screen,957,1,creative_screen,mint_bilin,"[""p4g4_007""]",81e520d83528deef,ok,True,partial,0.0,43.60501283639155,58.14001711518873,43.60501283639155,34.88401026911324,False,False,3|switch|drift|liquid|s1|g2|mixed,mixed,,mint_bilin,False,5000.0
1,49,1,p1g1_019,screen,957,1,creative_screen,mint_bilin,"[""p2g4_002""]",66788fcc2c9cce87,ok,True,partial,0.3323,61.087731225539216,70.37364163405229,61.087731225539216,55.516184980431376,False,False,3|switch|mobile|liquid|s2|g2|structured,structured,,mint_bilin,False,5000.0
1,50,1,p1g1_020,screen,957,1,creative_screen,mint_bilin,"[""p6g6_032""]",a7ecb62bb118dd63,ok,True,partial,0.5101,72.4782692975349,79.63435906337986,72.4782692975349,68.18461543802792,True,True,4|switch|mobile|liquid|s2|g2|structured,structured,,mint_bilin,False,10000.0
1,51,1,p1g1_024,screen,957,1,creative_screen,mint_bilin,"[""p6g9_021""]",1514d21dd1e5a2b0,ok,True,partial,0.3974,66.44329354039228,75.3443913871897,66.44329354039228,61.10263483231382,False,False,3|switch|rotor|liquid|s2|g2|structured,structured,,mint_bilin,False,10000.0
1,52,1,p1g1_025,screen,957,1,creative_screen,mint_bilin,"[""p6g9_021""]",d52a384e5144e3b9,ok,True,partial,0.2925,54.25804858845859,62.59406478461146,54.25804858845859,49.25643887076687,False,False,2|switch|mobile|liquid|s1|g2|structured,structured,,mint_bilin,False,10000.0
1,53,1,p1g1_026,screen,957,1,creative_screen,mint_bilin,"[""p3g9_022""]",f7c852721f3e1cab,ok,True,partial,0.4739,63.28436235495127,68.58248313993502,63.28436235495127,60.10548988396101,True,True,4|grow|mobile|liquid|s1|g2|structured,structured,,mint_bilin,False,5000.0
1,54,1,p1g1_027,screen,957,1,creative_screen,mint_bilin,"[""p6g9_021""]",3977abaf53d81fe5,ok,True,partial,0.2179,65.6607754170071,80.28436722267614,65.6607754170071,56.886620333605684,False,False,3|grow|mobile|liquid|s2|g2|structured,structured,,mint_bilin,False,20000.0
1,55,1,p1g1_029,screen,957,1,creative_screen,delete_bilin,"[""p3g6_032""]",f696871bd3d8ad9a,ok,True,partial,0.4457,65.55572542785397,72.55096723713864,65.55572542785397,61.358580342283176,True,True,4|grow|rotor|liquid|s1|g1|structured,structured,,delete_bilin,False,5000.0
1,56,1,p1g1_039,screen,957,1,creative_screen,add_chan,"[""p2g6_031""]",b5b536b3b8c409aa,ok,True,partial,0.0,45.356233260556465,60.47497768074195,45.356233260556465,36.284986608445166,False,False,3|switch|rotor|liquid|s1|g2|mixed,mixed,,add_chan,False,2500.0
1,57,1,p1g1_041,screen,957,1,creative_screen,dup_act,"[""p6g8_061""]",8080e7c7f935fd5d,ok,True,partial,0.0,39.8154973061334,53.087329741511205,39.8154973061334,31.852397844906722,False,False,3|switch|mobile|flicker|s1|g2|mixed,mixed,,dup_act,False,2500.0
1,58,1,p1g1_044,screen,957,1,creative_screen,dup_act,"[""p2g2_038""]",32872dffa2215107,ok,True,partial,0.0,61.77373052548734,82.36497403398312,61.77373052548734,49.41898442038987,False,False,4|grow|mobile|liquid|s2|g2|mixed,mixed,,dup_act,False,20000.0
1,59,1,p1g1_045,screen,957,1,creative_screen,dup_act,"[""p6g5_026""]",ae933282703d8e22,ok,True,partial,0.0,60.94799220563988,81.26398960751983,60.94799220563988,48.7583937645119,False,False,4|grow|rotor|liquid|s2|g2|mixed,mixed,,dup_act,False,20000.0
1,60,1,p1g1_054,screen,957,1,creative_screen,merge_spatial_ic,"[""p4g4_007"",""p6g6_032""]",51de7cd26fa902e8,ok,True,partial,0.0,51.17555468695969,68.23407291594626,51.17555468695969,40.940443749567756,False,False,4|constant|rotor|liquid|s1|g2|mixed,mixed,,merge_spatial_ic,True,5000.0
1,61,1,p1g1_066,screen,957,1,creative_screen,merge_cross_edge,"[""p6g7_013"",""ref_M4_tau5.7""]",0e11c7d87df63d4e,ok,True,partial,0.4893,58.248347808934454,61.35446374524594,58.248347808934454,56.38467824714756,False,False,4|switch|mobile|liquid|s1|g2|structured,structured,,merge_cross_edge,False,2500.0
1,62,1,p1g1_001,screen,957,1,creative_screen,mutate,"[""p5g4_065""]",3524e996cf168d1c,ok,True,partial,0.0,42.753164008970074,57.00421867862676,42.753164008970074,34.20253120717606,False,False,4|switch|mobile|flicker|s1|g2|mixed,mixed,,mutate,False,20000.0
1,63,1,p1g1_003,screen,957,1,creative_screen,mutate,"[""p6g7_028""]",157e4e198ef64a03,ok,True,partial,0.0,42.02500275023908,56.033337000318774,42.02500275023908,33.620002200191266,False,False,2|constant|rotor|liquid|s1|g2|mixed,mixed,,mutate,False,5000.0
1,64,1,p1g1_007,screen,957,1,creative_screen,mutate,"[""p6g7_028""]",99da6864c5fa99ca,ok,True,partial,0.3551,57.5162458261985,64.851661101598,57.5162458261985,53.114996660958795,False,False,3|switch|rotor|liquid|s1|g2|structured,structured,,mutate,False,10000.0
1,65,1,p1g1_009,screen,957,1,creative_screen,mutate,"[""p6g4_021""]",6c1a68ff3495c5bc,ok,True,partial,0.4351,71.40309994613278,80.70079992817705,71.40309994613278,65.82447995690623,True,True,4|grow|mobile|liquid|s2|g2|structured,structured,,mutate,False,10000.0
1,66,1,p1g1_012,screen,957,1,creative_screen,mutate,"[""p2g4_015""]",c0cd8328b83c234c,ok,True,partial,0.032,18.61254485163589,23.750059802181184,18.61254485163589,15.53003588130871,False,False,4|constant|still|frozen|s1|g2|mixed,mixed,,mutate,False,2500.0
1,67,1,p1g1_018,screen,957,1,creative_screen,mint_bilin,"[""p6g7_028""]",0e36fef9b86aaa67,ok,True,partial,0.3352,66.53478338683236,77.53971118244314,66.53478338683236,59.93182670946589,False,False,3|switch|mobile|liquid|s2|g2|structured,structured,,mint_bilin,False,20000.0
1,68,1,p1g1_021,screen,957,1,creative_screen,mint_bilin,"[""p1g5_022""]",88a64cbd440d487d,ok,True,partial,0.0,13.81289534147127,18.41719378862836,13.81289534147127,11.050316273177016,False,False,3|constant|drift|frozen|s1|g0|structured,structured,,mint_bilin,False,2500.0
1,69,1,p1g1_022,screen,957,1,creative_screen,mint_bilin,"[""p6g5_026""]",744ecdc7d4c77903,ok,True,partial,0.3408,64.61925848031396,74.79901130708528,64.61925848031396,58.511406784251164,False,False,3|switch|mobile|liquid|s2|g2|structured,structured,,mint_bilin,False,10000.0
1,70,1,p1g1_031,screen,957,1,creative_screen,delete_bilin,"[""p1g3_035""]",85afb3e0e54bc5fa,ok,True,partial,0.4738,63.86947368823829,69.36596491765106,63.86947368823829,60.57157895059063,True,True,4|switch|mobile|liquid|s1|g1|structured,structured,,delete_bilin,False,2500.0
1,71,1,p1g1_032,screen,957,1,creative_screen,add_chan,"[""p4g4_018""]",3184a459a465e414,ok,True,partial,0.0,29.744955309779286,39.659940413039045,29.744955309779286,23.795964247823427,False,False,2|switch|still|gas|s1|g2|mixed,mixed,,add_chan,False,5000.0
1,72,1,p1g1_035,screen,957,1,creative_screen,add_chan,"[""p2g6_020""]",3b2132e468549efd,ok,True,partial,0.4295,44.41427553192342,44.9023673758979,44.41427553192342,44.121420425538744,False,False,2|switch|mobile|flicker|s1|g2|mixed,mixed,,add_chan,False,2500.0
1,73,1,p1g1_036,screen,957,1,creative_screen,add_chan,"[""p2g6_020""]",ed2f73e522071a33,ok,True,partial,0.2616,43.862313877671724,49.76308517022897,43.862313877671724,40.32185110213738,False,False,2|switch|drift|liquid|s1|g2|structured,structured,,add_chan,False,2500.0
1,74,1,p1g1_043,screen,957,1,creative_screen,dup_act,"[""p2g6_020""]",add056fbce34c257,ok,True,partial,0.0,60.33008246943555,80.44010995924741,60.33008246943555,48.26406597554844,False,False,4|grow|mobile|liquid|s2|g2|mixed,mixed,,dup_act,False,20000.0
1,75,1,p1g1_051,screen,957,1,creative_screen,merge_spatial_ic,"[""p6g5_026"",""p3g7_046""]",ead25ce87e4b853d,ok,True,partial,0.473,65.86537180631866,72.05382907509154,65.86537180631866,62.15229744505493,True,True,3|switch|mobile|liquid|s1|g2|structured,structured,,merge_spatial_ic,True,5000.0
1,76,1,p1g1_055,screen,957,1,creative_screen,merge_spatial_ic,"[""p1g3_035"",""p3g9_021""]",a065779eaf3df961,ok,True,partial,0.4369,56.805892219788525,61.17785629305137,56.805892219788525,54.18271377583082,False,False,3|switch|mobile|liquid|s1|g1|structured,structured,,merge_spatial_ic,True,2500.0
1,77,1,p1g1_060,screen,957,1,creative_screen,merge_cross_edge,"[""p6g1_043"",""ref_XV_tau15.7""]",ae26148685c799e6,ok,True,partial,0.1182,28.325724400850902,33.827632534467874,28.325724400850902,25.024579520680724,False,False,4|switch|mobile|liquid|s1|g0|structured,structured,,merge_cross_edge,False,2500.0
1,78,1,p1g1_006,screen,957,1,creative_screen,mutate,"[""p5g8_007""]",8b273b4fa3a48721,ok,True,partial,0.0934,35.32796511183803,43.990620149117376,35.32796511183803,30.130372089470427,False,False,2|constant|still|liquid|s1|g2|mixed,mixed,,mutate,False,2500.0
1,79,1,p1g1_010,screen,957,1,creative_screen,mutate,"[""p2g6_020""]",19ce8f5d2f7ec59f,ok,True,partial,0.0,21.05217705118844,28.069569401584587,21.05217705118844,16.84174164095075,False,False,1|switch|still|gas|s1|g2|mixed,mixed,,mutate,False,2500.0
1,80,1,p1g1_028,screen,957,1,creative_screen,delete_bilin,"[""p4g4_018""]",277d35dbce71ee3a,ok,True,partial,0.0,46.86752881876784,62.49003842502378,46.86752881876784,37.49402305501427,False,False,3|switch|drift|liquid|s1|g2|mixed,mixed,,delete_bilin,False,2500.0
1,81,1,p1g1_080,screen,957,1,creative_screen,immigrate,,56c0f7cf3746dd3d,no_blobs,True,missing,,0.0,,,,False,False,,,,immigrate,False,
1,82,1,p1g1_085,screen,957,1,creative_screen,immigrate,,36c9a2b4dfdc925f,no_blobs,True,missing,,0.0,,,,False,False,,,,immigrate,False,
1,83,1,p1g1_088,screen,957,1,creative_screen,immigrate,,c95f4948026a1df3,no_blobs,True,missing,,0.0,,,,False,False,,,,immigrate,False,
1,84,1,p1g1_091,screen,957,1,creative_screen,immigrate,,0a922f0559c8172d,no_blobs,True,missing,,0.0,,,,False,False,,,,immigrate,False,
1,85,1,p1g1_092,screen,957,1,creative_screen,immigrate,,35cd7221ba65685b,no_blobs,True,missing,,0.0,,,,False,False,,,,immigrate,False,
1,86,1,p1g1_094,screen,957,1,creative_screen,immigrate,,1dc60831f1f28b62,no_blobs,True,missing,,0.0,,,,False,False,,,,immigrate,False,
1,87,1,p1g1_097,screen,957,1,creative_screen,immigrate,,ef1d90607a10065a,no_blobs,True,missing,,0.0,,,,False,False,,,,immigrate,False,
1,88,1,p1g1_030,screen,957,1,creative_screen,delete_bilin,"[""p2g6_020""]",0ca4df05e2dd82dc,ok,True,partial,0.2404,64.76303589483844,78.3373811931179,64.76303589483844,56.61842871587074,False,False,3|grow|rotor|liquid|s2|g2|structured,structured,,delete_bilin,False,20000.0
1,89,1,p1g1_069,screen,957,1,creative_screen,merge_slow_tanh,"[""p2g4_062"",""blk_engine_10748""]",c9fcf183444c34d1,ok,True,partial,0.4807,50.59835588475841,51.441141179677885,50.59835588475841,50.09268470780673,False,False,3|grow|mobile|liquid|s1|g2|structured,structured,,merge_slow_tanh,False,2500.0
1,90,1,p1g1_093,screen,957,1,creative_screen,immigrate,,fc924e39722dca37,ok,True,partial,0.0,0.0,0.0,0.0,0.0,False,False,1|constant|still|gas|s1|g0|mixed,mixed,,immigrate,False,2500.0
1,91,1,p1g1_095,screen,957,1,creative_screen,immigrate,,cda50f4cd2367519,ok,True,partial,0.0,0.0,0.0,0.0,0.0,False,False,1|constant|still|gas|s1|g0|mixed,mixed,,immigrate,False,2500.0
1,92,1,p1g1_099,screen,957,1,creative_screen,immigrate,,d4f25dbb9d91fbb4,ok,True,partial,0.0,0.0,0.0,0.0,0.0,False,False,1|constant|still|gas|s1|g0|mixed,mixed,,immigrate,False,2500.0
1,93,1,p1g1_082,screen,957,1,creative_screen,immigrate,,e62acf2fbf4d4cdd,no_blobs,True,missing,,0.0,,,,False,False,,,,immigrate,False,
1,94,1,p1g1_081,screen,957,1,creative_screen,immigrate,,e356d457001db6a0,no_blobs,True,missing,,0.0,,,,False,False,,,,immigrate,False,
1,95,1,p1g1_084,screen,957,1,creative_screen,immigrate,,f1f25e08ae31a4ea,no_blobs,True,missing,,0.0,,,,False,False,,,,immigrate,False,
1,96,1,p1g1_087,screen,957,1,creative_screen,immigrate,,84803d08ab0ac1da,no_blobs,True,missing,,0.0,,,,False,False,,,,immigrate,False,
1,97,1,p1g1_089,screen,957,1,creative_screen,immigrate,,0ecdd0e4084c79a3,no_blobs,True,missing,,0.0,,,,False,False,,,,immigrate,False,
1,98,1,p1g1_090,screen,957,1,creative_screen,immigrate,,ad8db39785fbf56e,no_blobs,True,missing,,0.0,,,,False,False,,,,immigrate,False,
1,99,1,p1g1_083,screen,957,1,creative_screen,immigrate,,f070c2b4bc6e239c,ok,True,partial,0.0,0.0,0.0,0.0,0.0,False,False,1|constant|still|gas|s1|g2|mixed,mixed,,immigrate,False,2500.0
1,100,1,p1g1_086,screen,957,1,creative_screen,immigrate,,f586a6d23c69cbaa,ok,True,partial,0.0,0.0,0.0,0.0,0.0,False,False,1|constant|still|gas|s1|g0|mixed,mixed,,immigrate,False,2500.0
1,101,1,p1g1_096,screen,957,1,creative_screen,immigrate,,142e907935f1c7ce,ok,True,partial,0.0,0.0,0.0,0.0,0.0,False,False,1|constant|still|gas|s1|g0|mixed,mixed,,immigrate,False,2500.0
1,102,1,p1g1_098,screen,957,1,creative_screen,immigrate,,e562f1b09d71c927,ok,True,partial,0.0,0.0,0.0,0.0,0.0,False,False,1|constant|still|gas|s1|g0|mixed,mixed,,immigrate,False,2500.0
1,103,1,p1g2_040,screen,957,2,creative_screen,dup_act,"[""p1g1_008""]",8fc52560ea63e44e,fail_g0a,True,missing,,,,,,False,False,,,,dup_act,False,
1,104,1,p1g2_077,screen,957,2,creative_screen,merge_share_chan,"[""p2g6_020"",""ref_M4_tau5.7""]",75fb0d584ac6ded4,fail_g0a,True,missing,,,,,,False,False,,,,merge_share_chan,False,
1,105,1,p1g2_078,screen,957,2,creative_screen,merge_share_chan,"[""p2g6_020"",""blk_engine_10748""]",26b035f68bee13c5,fail_g0a,True,missing,,,,,,False,False,,,,merge_share_chan,False,
1,106,1,p1g2_044,screen,957,2,creative_screen,dup_act,"[""p3g6_070""]",7e109c2ad706f359,fail_g0a,True,missing,,,,,,False,False,,,,dup_act,False,
1,107,1,p1g2_058,screen,957,2,creative_screen,merge_cross_edge,"[""p6g1_043"",""ref_XV_tau15.7""]",7f7750eb5caa8ef1,fail_g0a,True,missing,,,,,,False,False,,,,merge_cross_edge,False,
1,108,1,p1g2_005,screen,957,2,creative_screen,mutate,"[""p1g1_010""]",c2a2ffde5546ca17,fail_g0a,True,missing,,,,,,False,False,,,,mutate,False,
1,109,1,p1g2_062,screen,957,2,creative_screen,merge_cross_edge,"[""p2g4_053"",""ref_M4_tau5.7""]",834c8023a45a5776,ok,True,partial,0.5325,59.197462327634,61.179949770178666,59.197462327634,58.007969862107196,False,False,3|switch|mobile|liquid|s1|g2|structured,structured,,merge_cross_edge,False,2500.0
1,110,1,p1g2_034,screen,957,2,creative_screen,add_chan,"[""p10g0_ds6_000""]",158f0c237e4f658e,ok,True,partial,0.5568,64.08957780435604,66.89277040580805,64.08957780435604,62.40766224348483,True,True,2|switch|mobile|flicker|s1|g2|structured,structured,,add_chan,False,2500.0
1,111,1,p1g2_032,screen,957,2,creative_screen,add_chan,"[""p1g2_008""]",e810275ae9ca0cb9,ok,True,partial,0.527,63.87759547545579,67.60346063394105,63.87759547545579,61.64207638036463,True,True,2|switch|mobile|liquid|s1|g2|structured,structured,,add_chan,False,2500.0
1,112,1,p1g1_023_s2,seed2,958,1,selected_confirmation,seed2,"[""p1g1_023""]",7b4ed6d7108a4117,ok,True,partial,0.0,47.20782475043028,62.943766333907035,47.20782475043028,37.76625980034422,False,False,3|grow|rotor|liquid|s1|g1|mixed,mixed,True,mint_bilin,False,5000.0
1,113,1,p1g1_000_s2,seed2,958,1,selected_confirmation,seed2,"[""p1g1_000""]",eff7c27b589e665a,ok,True,partial,0.5194,61.31086529444748,64.4344870592633,61.31086529444748,59.436692235557985,True,False,2|switch|mobile|liquid|s1|g2|structured,structured,True,mutate,False,2500.0
1,114,1,p1g1_052_s2,seed2,958,1,selected_confirmation,seed2,"[""p1g1_052""]",fa86cb8089d048d0,ok,True,partial,0.44,73.31501669597405,83.0866889279654,73.31501669597405,67.45201335677925,True,True,4|grow|mobile|liquid|s2|g2|structured,structured,True,merge_spatial_ic,False,20000.0
1,115,1,p1g1_034_s2,seed2,958,1,selected_confirmation,seed2,"[""p1g1_034""]",32499a10a18c9523,ok,True,partial,0.0,48.96147651686658,65.28196868915545,48.96147651686658,39.16918121349327,False,False,3|grow|mobile|liquid|s2|g2|mixed,mixed,True,add_chan,False,20000.0
1,116,1,p1g1_037_s2,seed2,958,1,selected_confirmation,seed2,"[""p1g1_037""]",f003a6f1e11f732d,ok,True,partial,0.4359,71.65425890045111,81.00901186726814,71.65425890045111,66.04140712036089,True,True,3|grow|mobile|liquid|s2|g2|structured,structured,True,add_chan,False,20000.0
1,117,1,p1g1_038_s2,seed2,958,1,selected_confirmation,seed2,"[""p1g1_038""]",bbef031462d40825,ok,True,partial,0.5408,74.87745530391354,81.80994040521806,74.87745530391354,70.71796424313084,True,True,3|grow|mobile|liquid|s3|g2|structured,structured,True,add_chan,False,20000.0
1,118,1,p1g1_042_s2,seed2,958,1,selected_confirmation,seed2,"[""p1g1_042""]",3a2b578dfa7e9d98,ok,True,partial,0.3389,64.51435715630292,74.72247620840389,64.51435715630292,58.38948572504233,False,False,4|grow|rotor|liquid|s1|g2|structured,structured,True,dup_act,False,20000.0
1,119,1,p1g1_056_s2,seed2,958,1,selected_confirmation,seed2,"[""p1g1_056""]",f91b186045b805f2,ok,True,partial,0.2828,58.948589118532276,69.17145215804304,58.948589118532276,52.81487129482582,False,False,3|grow|rotor|liquid|s1|g2|structured,structured,True,merge_cross_edge,False,20000.0
1,120,1,p1g1_058_s2,seed2,958,1,selected_confirmation,seed2,"[""p1g1_058""]",51eb3386878ba871,ok,True,partial,0.3931,73.83658871089338,85.3454516145245,73.83658871089338,66.9312709687147,False,False,4|grow|rotor|liquid|s3|g2|structured,structured,True,merge_cross_edge,False,20000.0
1,121,1,p1g1_061_s2,seed2,958,1,selected_confirmation,seed2,"[""p1g1_061""]",b8845a421c6e979f,ok,True,partial,0.4106,61.52847959103393,68.35130612137857,61.52847959103393,57.43478367282714,True,False,4|switch|mobile|flicker|s1|g2|structured,structured,True,merge_cross_edge,False,20000.0
1,122,1,p1g1_063_s2,seed2,958,1,selected_confirmation,seed2,"[""p1g1_063""]",b3ba1e0841ea195f,ok,True,partial,0.4123,74.28684467628713,85.30579290171617,74.28684467628713,67.6754757410297,True,True,4|grow|rotor|liquid|s3|g2|structured,structured,True,merge_cross_edge,False,20000.0
1,123,1,p1g1_068_s2,seed2,958,1,selected_confirmation,seed2,"[""p1g1_068""]",1b3ba2943fe69b74,ok,True,partial,0.2062,61.07425473060605,74.55900630747473,61.07425473060605,52.983403784484835,False,False,4|switch|rotor|liquid|s1|g2|mixed,mixed,True,merge_cross_edge,False,20000.0
1,124,1,p1g1_075_s2,seed2,958,1,selected_confirmation,seed2,"[""p1g1_075""]",82d4a5f5de7d3e6a,ok,True,partial,0.4098,71.23110501562397,81.31480668749862,71.23110501562397,65.18088401249916,True,True,4|grow|rotor|liquid|s2|g2|structured,structured,True,merge_cross_edge,False,20000.0
1,125,1,p1g1_050_s2,seed2,958,1,selected_confirmation,seed2,"[""p1g1_050""]",27a2960d05f47297,ok,True,partial,0.4927,74.44386120393403,82.83514827191205,74.44386120393403,69.40908896314723,True,True,3|switch|rotor|liquid|s2|g2|structured,structured,True,merge_spatial_ic,False,20000.0
1,126,1,p1g1_027_s2,seed2,958,1,selected_confirmation,seed2,"[""p1g1_027""]",3977abaf53d81fe5,ok,True,partial,0.1872,57.38526925453219,70.27369233937625,57.38526925453219,49.65221540362575,False,False,3|grow|mobile|liquid|s1|g2|structured,structured,True,mint_bilin,False,20000.0
1,127,1,p1g1_044_s2,seed2,958,1,selected_confirmation,seed2,"[""p1g1_044""]",32872dffa2215107,ok,True,partial,0.0,61.44483843307792,81.92645124410389,61.44483843307792,49.155870746462334,False,False,4|grow|mobile|liquid|s2|g2|mixed,mixed,True,dup_act,False,20000.0
1,128,1,p1g1_045_s2,seed2,958,1,selected_confirmation,seed2,"[""p1g1_045""]",ae933282703d8e22,ok,True,partial,0.0,59.208634349511755,78.94484579934901,59.208634349511755,47.3669074796094,False,False,4|grow|rotor|liquid|s2|g2|mixed,mixed,True,dup_act,False,20000.0
1,129,1,p1g1_018_s2,seed2,958,1,selected_confirmation,seed2,"[""p1g1_018""]",0e36fef9b86aaa67,ok,True,partial,0.5483,72.56059170525691,78.47078894034256,72.56059170525691,69.01447336420554,True,True,3|switch|mobile|liquid|s2|g2|structured,structured,True,mint_bilin,False,20000.0
1,130,1,p1g1_048_s2,seed2,958,1,selected_confirmation,seed2,"[""p1g1_048""]",b310fbfc5cac334e,ok,True,partial,0.3114,68.74087464015841,81.27449952021122,68.74087464015841,61.22069971212673,False,False,3|switch|rotor|liquid|s2|g2|structured,structured,True,merge_spatial_ic,False,10000.0
1,131,1,p1g1_053_s2,seed2,958,1,selected_confirmation,seed2,"[""p1g1_053""]",27a2960d05f47297,ok,True,partial,0.5021,73.64763423724462,81.46017898299283,73.64763423724462,68.9601073897957,True,True,3|switch|rotor|liquid|s2|g2|structured,structured,True,merge_spatial_ic,False,10000.0
1,132,1,p1g1_005_s2,seed2,958,1,selected_confirmation,seed2,"[""p1g1_005""]",f6bcb2c9f3cf6bd7,ok,True,partial,0.0,41.51927879735558,55.359038396474105,41.51927879735558,33.21542303788446,False,False,3|oscillator|drift|flicker|s1|g2|mixed,mixed,True,mutate,False,10000.0
1,133,1,p1g1_013_s2,seed2,958,1,selected_confirmation,seed2,"[""p1g1_013""]",8784c1d75e4d44bb,ok,True,partial,0.5841,75.06755884214621,80.62007845619496,75.06755884214621,71.73604707371697,True,True,4|switch|mobile|liquid|s2|g1|structured,structured,True,mutate,False,10000.0
1,134,1,p1g1_020_s2,seed2,958,1,selected_confirmation,seed2,"[""p1g1_020""]",a7ecb62bb118dd63,ok,True,partial,0.5067,77.88911561975847,86.96215415967797,77.88911561975847,72.44529249580677,True,True,4|switch|mobile|liquid|s2|g2|structured,structured,True,mint_bilin,False,20000.0
1,135,1,p1g1_024_s2,seed2,958,1,selected_confirmation,seed2,"[""p1g1_024""]",1514d21dd1e5a2b0,ok,True,partial,0.2767,68.31628390830834,81.86504521107778,68.31628390830834,60.18702712664667,False,False,3|grow|mobile|liquid|s2|g2|structured,structured,True,mint_bilin,False,20000.0
1,136,1,p1g1_007_s2,seed2,958,1,selected_confirmation,seed2,"[""p1g1_007""]",99da6864c5fa99ca,ok,True,partial,0.3708,67.39542968410956,77.50057291214608,67.39542968410956,61.33234374728765,False,False,3|switch|rotor|liquid|s2|g2|structured,structured,True,mutate,False,10000.0
1,137,1,p1g1_009_s2,seed2,958,1,selected_confirmation,seed2,"[""p1g1_009""]",6c1a68ff3495c5bc,ok,True,partial,0.5587,73.85947987315791,79.85597316421055,73.85947987315791,70.26158389852634,True,True,4|grow|rotor|flicker|s1|g2|structured,structured,True,mutate,False,10000.0
1,138,1,p1g1_057_s2,seed2,958,1,selected_confirmation,seed2,"[""p1g1_057""]",4a42745ad3d3ccaf,ok,True,partial,0.0,48.74662224995929,64.99549633327905,48.74662224995929,38.99729779996743,False,False,4|switch|drift|liquid|s1|g2|mixed,mixed,True,merge_cross_edge,False,5000.0
1,139,1,p1g1_064_s2,seed2,958,1,selected_confirmation,seed2,"[""p1g1_064""]",82d50700e07f9b60,ok,True,partial,0.0,37.26112177980006,49.68149570640008,37.26112177980006,29.808897423840044,False,False,4|oscillator|mobile|flicker|s1|g2|mixed,mixed,True,merge_cross_edge,False,5000.0
1,140,1,p1g1_065_s2,seed2,958,1,selected_confirmation,seed2,"[""p1g1_065""]",d209216dd7966617,ok,True,partial,0.4315,65.33290641720662,72.72720855627549,65.33290641720662,60.89632513376529,True,True,4|switch|drift|liquid|s2|g2|structured,structured,True,merge_cross_edge,False,10000.0
1,141,1,p1g1_070_s2,seed2,958,1,selected_confirmation,seed2,"[""p1g1_070""]",00867338b43b9f4b,ok,True,partial,0.5715,72.5723823663599,77.71317648847987,72.5723823663599,69.48790589308791,True,True,4|switch|mobile|liquid|s3|g2|structured,structured,True,merge_cross_edge,False,5000.0
1,142,1,p1g1_073_s2,seed2,958,1,selected_confirmation,seed2,"[""p1g1_073""]",4456ca140057a3e3,ok,True,partial,0.0,63.05356882094546,84.07142509459395,63.05356882094546,50.442855056756365,False,False,3|switch|rotor|liquid|s3|g2|structured,structured,True,merge_cross_edge,False,20000.0
1,143,1,p1g1_011_s2,seed2,958,1,selected_confirmation,seed2,"[""p1g1_011""]",bf87073f17a076f9,ok,True,partial,0.2829,53.31682827662208,61.659104368829446,53.31682827662208,48.311462621297665,False,False,3|switch|rotor|liquid|s1|g2|structured,structured,True,mutate,False,10000.0
1,144,1,p1g1_017_s2,seed2,958,1,selected_confirmation,seed2,"[""p1g1_017""]",81e520d83528deef,ok,True,partial,0.0,40.8934226455241,54.524563527365466,40.8934226455241,32.71473811641928,False,False,3|constant|drift|liquid|s1|g2|mixed,mixed,True,mint_bilin,False,5000.0
1,145,1,p1g1_019_s2,seed2,958,1,selected_confirmation,seed2,"[""p1g1_019""]",66788fcc2c9cce87,ok,True,partial,0.3355,64.69385309252432,75.0751374566991,64.69385309252432,58.46508247401946,False,False,3|switch|mobile|liquid|s2|g2|structured,structured,True,mint_bilin,False,10000.0
1,146,1,p1g1_054_s2,seed2,958,1,selected_confirmation,seed2,"[""p1g1_054""]",51de7cd26fa902e8,ok,True,partial,0.0,44.272900664274744,59.030534219032994,44.272900664274744,35.418320531419795,False,False,4|constant|drift|liquid|s1|g2|mixed,mixed,True,merge_spatial_ic,False,5000.0
1,147,1,p1g1_003_s2,seed2,958,1,selected_confirmation,seed2,"[""p1g1_003""]",157e4e198ef64a03,ok,True,partial,0.0,39.42571124271832,52.5676149902911,39.42571124271832,31.540568994174656,False,False,2|constant|rotor|flicker|s1|g2|mixed,mixed,True,mutate,False,10000.0
1,148,1,p1g1_032_s2,seed2,958,1,selected_confirmation,seed2,"[""p1g1_032""]",3184a459a465e414,ok,True,partial,0.0,30.261316481727043,40.34842197563606,30.261316481727043,24.209053185381634,False,False,2|switch|still|gas|s1|g2|mixed,mixed,True,add_chan,False,10000.0
1,149,1,p1g2_006,screen,957,2,creative_screen,mutate,"[""p1g1_063""]",6fcd0ac4761d235b,ok,True,partial,0.0,25.57705406088256,34.10273874784341,25.57705406088256,20.461643248706046,False,False,3|constant|rotor|frozen|s1|g2|mixed,mixed,,mutate,False,2500.0
1,150,1,p1g1_026_s2,seed2,958,1,selected_confirmation,seed2,"[""p1g1_026""]",f7c852721f3e1cab,ok,True,partial,0.3501,61.15085760749929,69.86447680999905,61.15085760749929,55.92268608599943,False,False,4|grow|mobile|liquid|s1|g2|structured,structured,True,mint_bilin,False,5000.0
1,151,1,p1g1_029_s2,seed2,958,1,selected_confirmation,seed2,"[""p1g1_029""]",f696871bd3d8ad9a,ok,True,partial,0.4096,64.59973866301603,72.47965155068803,64.59973866301603,59.87179093041282,True,False,4|grow|rotor|liquid|s1|g1|structured,structured,True,delete_bilin,False,5000.0
1,152,1,p1g1_051_s2,seed2,958,1,selected_confirmation,seed2,"[""p1g1_051""]",ead25ce87e4b853d,ok,True,partial,0.2116,62.996876719770235,76.94250229302698,62.996876719770235,54.62950137581618,False,False,3|grow|mobile|liquid|s1|g2|structured,structured,True,merge_spatial_ic,False,20000.0
1,153,1,p1g2_004,screen,957,2,creative_screen,mutate,"[""p1g1_064""]",787cb29e01dcb464,ok,True,partial,0.0399,30.50833276729949,39.34777702306599,30.50833276729949,25.20466621383959,False,False,3|switch|still|frozen|s1|g2|structured,structured,,mutate,False,5000.0
1,154,1,p1g2_007,screen,957,2,creative_screen,mutate,"[""p1g1_056""]",59b32b6eb75471a3,ok,True,partial,0.2826,61.938132354544024,73.16417647272537,61.938132354544024,55.202505883635226,False,False,3|grow|mobile|liquid|s2|g2|structured,structured,,mutate,False,10000.0
1,155,1,p1g2_015,screen,957,2,creative_screen,mutate,"[""p2g4_041""]",7f8a10d93f92d383,ok,True,partial,0.0,2.923302556586401,3.8977367421152014,2.923302556586401,2.3386420452691206,False,False,2|constant|still|frozen|s1|g0|mixed,mixed,,mutate,False,2500.0
1,156,1,p1g2_025,screen,957,2,creative_screen,mint_bilin,"[""p2g7_039""]",3c7de08eee7c87e0,ok,True,partial,0.6452,76.61167798276057,80.64223731034743,76.61167798276057,74.19334238620846,True,True,4|grow|rotor|flicker|s1|g2|structured,structured,,mint_bilin,False,20000.0
1,157,1,p1g2_038,screen,957,2,creative_screen,add_chan,"[""p6g3_033""]",5ef240f1c745c9fc,ok,True,partial,0.5995,58.224053821660036,57.648738428880044,58.224053821660036,58.56924305732802,False,False,3|switch|mobile|liquid|s1|g1|structured,structured,,add_chan,False,2500.0
1,158,1,p1g2_043,screen,957,2,creative_screen,dup_act,"[""p6g9_021""]",cd6f4c5f59d73357,ok,True,partial,0.3364,63.33326548729126,73.23102064972167,63.33326548729126,57.394612389833,False,False,4|grow|mobile|liquid|s1|g2|structured,structured,,dup_act,False,20000.0
1,159,1,p1g2_047,screen,957,2,creative_screen,dup_act,"[""p6g8_033""]",b89937509d704b03,ok,True,partial,0.0,36.26783339614755,48.3571111948634,36.26783339614755,29.014266716918037,False,False,3|constant|drift|frozen|s1|g2|mixed,mixed,,dup_act,False,2500.0
1,160,1,p1g2_049,screen,957,2,creative_screen,merge_spatial_ic,"[""p2g7_039"",""p3g3_038""]",fa86cb8089d048d0,ok,True,partial,0.6443,78.97129852615053,83.81839803486739,78.97129852615053,76.06303882092043,True,True,4|switch|mobile|liquid|s2|g2|structured,structured,,merge_spatial_ic,True,20000.0
1,161,1,p1g2_056,screen,957,2,creative_screen,merge_cross_edge,"[""p2g6_020"",""ref_iso_d0.65""]",e046049a1982d11d,ok,True,partial,0.0,58.76742455243216,78.35656606990955,58.76742455243216,47.013939641945726,False,False,4|switch|rotor|liquid|s2|g2|structured,structured,,merge_cross_edge,False,10000.0
1,162,1,p1g2_059,screen,957,2,creative_screen,merge_cross_edge,"[""p2g6_020"",""ref_M4_tau5.7""]",a7e69f604130beb2,ok,True,partial,0.3407,64.68382292105831,74.88843056141108,64.68382292105831,58.56105833684665,False,False,4|grow|rotor|liquid|s1|g2|structured,structured,,merge_cross_edge,False,20000.0
1,163,1,p1g2_060,screen,957,2,creative_screen,merge_cross_edge,"[""p4g4_018"",""ref_M4_tau5.7""]",7c2ae1533ca98b22,ok,True,partial,0.0,42.490101910936716,56.65346921458229,42.490101910936716,33.992081528749374,False,False,4|switch|still|liquid|s1|g2|mixed,mixed,,merge_cross_edge,False,5000.0
1,164,1,p1g2_061,screen,957,2,creative_screen,merge_cross_edge,"[""p2g6_020"",""ref_M0""]",6fd1753afb31227c,ok,True,partial,0.4379,73.03426183224208,82.78234910965611,73.03426183224208,67.18540946579367,True,True,4|grow|rotor|liquid|s2|g2|structured,structured,,merge_cross_edge,False,20000.0
1,165,1,p1g2_064,screen,957,2,creative_screen,merge_cross_edge,"[""p1g1_006"",""ref_iso_d0.75""]",bd534d84815f7264,ok,True,partial,0.1628,42.61154854437344,51.388731392497924,42.61154854437344,37.345238835498755,False,False,3|oscillator|drift|liquid|s1|g2|mixed,mixed,,merge_cross_edge,False,5000.0
1,166,1,p1g2_065,screen,957,2,creative_screen,merge_cross_edge,"[""p3g6_070"",""ref_M0""]",50f8ec73c68c31bb,ok,True,partial,0.0,52.65922066465488,70.21229421953984,52.65922066465488,42.127376531723904,False,False,4|switch|drift|liquid|s2|g2|structured,structured,,merge_cross_edge,False,20000.0
1,167,1,p1g2_067,screen,957,2,creative_screen,merge_cross_edge,"[""p4g2_028"",""ref_M0""]",7dedc2bbc974e7e2,ok,True,partial,0.0,31.7288437260287,42.305124968038264,31.7288437260287,25.383074980822958,False,False,4|switch|drift|liquid|s1|g2|mixed,mixed,,merge_cross_edge,False,2500.0
1,168,1,p1g2_068,screen,957,2,creative_screen,merge_cross_edge,"[""p2g6_020"",""ref_M0""]",e4567a813f6f5a04,ok,True,partial,0.305,68.59309936183183,81.29079914910912,68.59309936183183,60.974479489465466,False,False,4|grow|rotor|liquid|s3|g2|mixed,mixed,,merge_cross_edge,False,10000.0
1,169,1,p1g2_069,screen,957,2,creative_screen,merge_cross_edge,"[""p4g2_028"",""ref_M0""]",f4f924b616a2a207,ok,True,partial,0.1476,50.92983930908475,62.986452412113,50.92983930908475,43.695871447267805,False,False,4|grow|still|liquid|s1|g2|structured,structured,,merge_cross_edge,False,10000.0
1,170,1,p1g2_070,screen,957,2,creative_screen,merge_cross_edge,"[""p2g6_020"",""ref_M0""]",da6d90a3c6681e94,ok,True,partial,0.1731,61.82322294890707,76.6609639318761,61.82322294890707,52.920578359125656,False,False,4|switch|rotor|liquid|s2|g2|mixed,mixed,,merge_cross_edge,False,5000.0
1,171,1,p1g2_073,screen,957,2,creative_screen,merge_cross_edge,"[""p2g6_020"",""blk_engine_10748""]",f2cf99e25ed62782,ok,True,partial,0.3889,62.70825357329939,70.64767143106586,62.70825357329939,57.94460285863951,False,False,3|grow|rotor|liquid|s1|g2|structured,structured,,merge_cross_edge,False,20000.0
1,172,1,p1g2_074,screen,957,2,creative_screen,merge_cross_edge,"[""p2g6_020"",""blk_engine_10748""]",be227dd29c4b1b72,ok,True,partial,0.0507,54.39557014037668,70.83742685383557,54.39557014037668,44.53045611230134,False,False,4|switch|rotor|liquid|s1|g2|mixed,mixed,,merge_cross_edge,False,2500.0
1,173,1,p1g2_001,screen,957,2,creative_screen,mutate,"[""p1g1_027""]",a51c91a3ca4c8498,ok,True,partial,0.2808,57.752127585168125,67.64283678022417,57.752127585168125,51.8177020681345,False,False,3|switch|mobile|liquid|s1|g2|structured,structured,,mutate,False,2500.0
1,174,1,p1g2_009,screen,957,2,creative_screen,mutate,"[""p3g6_032""]",e48430afe0ff9d8f,ok,True,partial,0.0918,32.98724068782259,40.92298758376346,32.98724068782259,28.225792550258074,False,False,4|switch|drift|liquid|s1|g1|structured,structured,,mutate,False,2500.0
1,175,1,p1g2_010,screen,957,2,creative_screen,mutate,"[""p6g3_033""]",ff53ff6b2d864dae,ok,True,partial,0.6286,66.43457277383884,67.62609703178511,66.43457277383884,65.71965821907106,True,True,4|switch|mobile|liquid|s1|g1|structured,structured,,mutate,False,2500.0
1,176,1,p1g2_011,screen,957,2,creative_screen,mutate,"[""p3g9_022""]",1bf5ac08e3f11c3b,ok,True,partial,0.4,45.9735484471563,47.96473126287506,45.9735484471563,44.77883875772504,False,False,3|switch|mobile|liquid|s1|g0|structured,structured,,mutate,False,2500.0
1,177,1,p1g2_013,screen,957,2,creative_screen,mutate,"[""p3g9_022""]",fd6ebf11c1099cda,ok,True,partial,0.2466,41.109800095408936,46.59306679387858,41.109800095408936,37.81984007632715,False,False,3|switch|mobile|liquid|s1|g2|structured,structured,,mutate,False,2500.0
1,178,1,p1g2_033,screen,957,2,creative_screen,add_chan,"[""p4g1_018""]",cfa2e47a1265b2d7,ok,True,partial,0.0,48.90284498778412,65.2037933170455,48.90284498778412,39.122275990227294,False,False,3|switch|mobile|flicker|s1|g2|mixed,mixed,,add_chan,False,2500.0
1,179,1,p1g2_014,screen,957,2,creative_screen,mutate,"[""p6g9_021""]",b123fb2afb4a803b,ok,True,partial,0.0656,33.91523195550559,43.03364260734078,33.91523195550559,28.444185564404467,False,False,2|switch|drift|frozen|s1|g2|structured,structured,,mutate,False,2500.0
1,180,1,p1g2_017,screen,957,2,creative_screen,mint_bilin,"[""p2g3_073""]",3d7fea16a87b962f,ok,True,partial,0.4219,57.89495186348023,63.12993581797364,57.89495186348023,54.75396149078418,False,False,4|switch|mobile|flicker|s1|g2|mixed,mixed,,mint_bilin,False,5000.0
1,181,1,p1g2_022,screen,957,2,creative_screen,mint_bilin,"[""p6g9_021""]",453f2b0f3abb445e,ok,True,partial,0.3023,55.78445600159635,64.30260800212847,55.78445600159635,50.673564801277074,False,False,2|switch|mobile|liquid|s2|g2|structured,structured,,mint_bilin,False,10000.0
1,182,1,p1g2_024,screen,957,2,creative_screen,mint_bilin,"[""p2g4_030""]",6764645ff5df84fa,ok,True,partial,0.3638,67.29864634781927,77.60486179709235,67.29864634781927,61.11491707825541,False,False,4|grow|mobile|flicker|s3|g2|structured,structured,,mint_bilin,False,10000.0
1,183,1,p1g2_027,screen,957,2,creative_screen,mint_bilin,"[""p6g10_024""]",77e68a53a8f960b8,ok,True,partial,0.6393,70.59245701618373,72.8132760215783,70.59245701618373,69.25996561294698,True,True,3|switch|mobile|liquid|s1|g2|structured,structured,,mint_bilin,False,5000.0
1,184,1,p1g2_030,screen,957,2,creative_screen,delete_bilin,"[""p6g8_033""]",54fe617cf706055f,ok,True,partial,0.4463,60.6681493182446,66.0141990909928,60.6681493182446,57.46051945459568,True,False,3|grow|mobile|liquid|s1|g2|structured,structured,,delete_bilin,False,5000.0
1,185,1,p1g2_035,screen,957,2,creative_screen,add_chan,"[""p6g7_028""]",497b89686dc6f9d8,ok,True,partial,0.3942,67.32934648017411,76.63246197356547,67.32934648017411,61.74747718413928,False,False,3|grow|rotor|liquid|s1|g2|structured,structured,,add_chan,False,20000.0
1,186,1,p1g2_037,screen,957,2,creative_screen,add_chan,"[""p6g7_028""]",d08de5105ed4f9b6,ok,True,partial,0.1198,45.10763025281283,56.15017367041711,45.10763025281283,38.48210420225027,False,False,3|switch|drift|liquid|s1|g2|structured,structured,,add_chan,False,2500.0
1,187,1,p1g2_041,screen,957,2,creative_screen,dup_act,"[""p6g7_028""]",430ec159bd652901,ok,True,partial,0.0,20.176167105292123,26.9015561403895,20.176167105292123,16.140933684233698,False,False,2|constant|still|frozen|s1|g2|mixed,mixed,,dup_act,False,2500.0
1,188,1,p1g2_042,screen,957,2,creative_screen,dup_act,"[""p6g5_026""]",1d838d3016044970,ok,True,partial,0.0,30.167639189849798,40.22351891979973,30.167639189849798,24.134111351879838,False,False,2|oscillator|still|liquid|s1|g2|mixed,mixed,,dup_act,False,2500.0
1,189,1,p1g2_045,screen,957,2,creative_screen,dup_act,"[""p6g7_028""]",532af8658b2d47ba,ok,True,partial,0.0,20.180203486270415,26.906937981693886,20.180203486270415,16.14416278901633,False,False,2|constant|still|frozen|s1|g2|mixed,mixed,,dup_act,False,2500.0
1,190,1,p1g2_046,screen,957,2,creative_screen,dup_act,"[""p1g1_018""]",d266159da94d1447,ok,True,partial,0.0,20.167438588744375,26.889918118325834,20.167438588744375,16.1339508709955,False,False,2|constant|still|frozen|s1|g2|mixed,mixed,,dup_act,False,2500.0
1,191,1,p1g2_051,screen,957,2,creative_screen,merge_spatial_ic,"[""p3g9_022"",""p6g8_020""]",9a815b4bb1db78ea,ok,True,partial,0.6097,73.299540481978,77.409387309304,73.299540481978,70.83363238558239,True,True,4|grow|mobile|liquid|s1|g2|structured,structured,,merge_spatial_ic,True,20000.0
1,192,1,p1g2_052,screen,957,2,creative_screen,merge_spatial_ic,"[""p3g9_022"",""p1g1_053""]",9a815b4bb1db78ea,ok,True,partial,0.5794,65.53968927707021,68.07291903609361,65.53968927707021,64.01975142165617,True,True,4|switch|mobile|liquid|s1|g2|structured,structured,,merge_spatial_ic,True,2500.0
1,193,1,p1g2_053,screen,957,2,creative_screen,merge_spatial_ic,"[""p3g5_003"",""p4g1_018""]",a8588ddb13332b62,ok,True,partial,0.5607,65.17177334200339,68.20569778933785,65.17177334200339,63.3514186736027,True,True,4|switch|mobile|liquid|s1|g1|structured,structured,,merge_spatial_ic,True,2500.0
1,194,1,p1g2_057,screen,957,2,creative_screen,merge_cross_edge,"[""p4g5_070"",""ref_iso_d0.65""]",1d6d57e7ee1d45d0,ok,True,partial,0.4925,44.4840348496836,42.89537979957814,44.4840348496836,45.437227879746885,False,False,2|switch|mobile|liquid|s1|g2|structured,structured,,merge_cross_edge,False,2500.0
1,195,1,p1g2_066,screen,957,2,creative_screen,merge_cross_edge,"[""p1g2_008"",""blk_p6g1_043""]",13f1dadd8402919e,ok,True,partial,0.5706,62.26994992373572,64.00659989831429,62.26994992373572,61.22795993898857,True,True,4|switch|mobile|liquid|s1|g2|structured,structured,,merge_cross_edge,False,2500.0
1,196,1,p1g2_075,screen,957,2,creative_screen,merge_slow_tanh,"[""p3g9_021"",""ref_M0""]",bbf7a160336e6fc6,ok,True,partial,0.0,26.67870536823339,35.57160715764452,26.67870536823339,21.34296429458671,False,False,3|constant|drift|flicker|s1|g2|mixed,mixed,,merge_slow_tanh,False,2500.0
1,197,1,p1g2_076,screen,957,2,creative_screen,merge_share_chan,"[""p2g6_020"",""ref_iso_d0.65""]",17bfedd9ebab6000,ok,True,partial,0.2699,50.8092777047303,58.7490369396404,50.8092777047303,46.04542216378424,False,False,4|switch|rotor|liquid|s1|g2|mixed,mixed,,merge_share_chan,False,5000.0
1,198,1,p1g2_079,screen,957,2,creative_screen,merge_share_chan,"[""p1g1_069"",""ref_iso_d0.65""]",dc83264b5807f57d,ok,True,partial,0.3772,60.40251684676467,67.96335579568623,60.40251684676467,55.866013477411734,False,False,4|switch|mobile|liquid|s1|g2|mixed,mixed,,merge_share_chan,False,5000.0
1,199,1,p1g2_000,screen,957,2,creative_screen,mutate,"[""p6g7_028""]",dab0fd044c7af47d,ok,True,partial,0.3261,47.967172632508635,53.086230176678185,47.967172632508635,44.89573810600691,False,False,3|oscillator|mobile|liquid|s1|g2|structured,structured,,mutate,False,2500.0
1,200,1,p1g2_016,screen,957,2,creative_screen,mint_bilin,"[""p5g4_065""]",97d95edb5702e454,ok,True,partial,0.0,56.66724421773349,75.55632562364465,56.66724421773349,45.33379537418679,False,False,4|switch|mobile|liquid|s1|g2|mixed,mixed,,mint_bilin,False,20000.0
1,201,1,p1g2_019,screen,957,2,creative_screen,mint_bilin,"[""p6g5_026""]",00f14aca141b1857,ok,True,partial,0.2873,65.92713856493937,78.32618475325249,65.92713856493937,58.48771085195149,False,False,3|grow|mobile|liquid|s2|g2|structured,structured,,mint_bilin,False,20000.0
1,202,1,p1g2_021,screen,957,2,creative_screen,mint_bilin,"[""p1g2_008""]",cd3b802cf2dc17d5,ok,True,partial,0.3641,56.03553162627973,62.5773755017063,56.03553162627973,52.11042530102378,False,False,4|switch|mobile|liquid|s1|g0|mixed,mixed,,mint_bilin,False,10000.0
1,203,1,p1g2_028,screen,957,2,creative_screen,delete_bilin,"[""p1g7_023""]",a4fb766e789d8925,ok,True,partial,0.4726,60.042857327093444,64.30380976945793,60.042857327093444,57.48628586167476,True,False,4|grow|rotor|liquid|s1|g0|structured,structured,,delete_bilin,False,10000.0
1,204,1,p1g2_031,screen,957,2,creative_screen,delete_bilin,"[""p6g7_028""]",04abf03262a9dbaf,ok,True,partial,0.3925,69.67898961017008,79.82198614689344,69.67898961017008,63.593191688136066,False,False,3|switch|rotor|liquid|s2|g2|structured,structured,,delete_bilin,False,20000.0
1,205,1,p1g2_036,screen,957,2,creative_screen,add_chan,"[""p1g1_006""]",a28c7ceedeb71ec5,ok,True,partial,0.1361,39.01820597887429,47.48760797183238,39.01820597887429,33.93656478309943,False,False,2|constant|drift|liquid|s1|g2|mixed,mixed,,add_chan,False,5000.0
1,206,1,p1g2_048,screen,957,2,creative_screen,merge_spatial_ic,"[""p6g7_028"",""p2g1_040""]",99843d9cd96588d6,ok,True,partial,0.5087,73.38813249661591,80.89417666215455,73.38813249661591,68.88450599729273,True,True,3|grow|mobile|liquid|s2|g2|structured,structured,,merge_spatial_ic,True,20000.0
1,207,1,p1g2_050,screen,957,2,creative_screen,merge_spatial_ic,"[""p6g5_026"",""p2g6_031""]",ead25ce87e4b853d,ok,True,partial,0.362,65.29332084646373,74.99109446195165,65.29332084646373,59.474656677170984,False,False,3|switch|mobile|liquid|s1|g2|structured,structured,,merge_spatial_ic,True,10000.0
1,208,1,p1g2_055,screen,957,2,creative_screen,merge_spatial_ic,"[""p3g7_014"",""p3g8_042""]",bb89c8e401f4f69a,ok,True,partial,0.5446,65.08742902728709,68.62990536971613,65.08742902728709,62.96194322182967,True,True,3|switch|mobile|liquid|s1|g2|structured,structured,,merge_spatial_ic,True,2500.0
1,209,1,p1g2_071,screen,957,2,creative_screen,merge_slow_tanh,"[""p2g4_053"",""ref_BFIELD_g0.05""]",ff86dc7ea86a0b5a,ok,True,partial,0.4354,63.68749898498554,70.40333197998072,63.68749898498554,59.65799918798844,True,False,3|grow|mobile|liquid|s1|g2|structured,structured,,merge_slow_tanh,False,20000.0
1,210,1,p1g2_003,screen,957,2,creative_screen,mutate,"[""p4g4_018""]",fd9903147f8cb2aa,ok,True,partial,0.1737,53.90835230478491,66.08780307304654,53.90835230478491,46.60068184382793,False,False,3|switch|drift|liquid|s1|g2|mixed,mixed,,mutate,False,5000.0
1,211,1,p1g2_012,screen,957,2,creative_screen,mutate,"[""p1g1_006""]",6b45a58efcb59f51,ok,True,partial,0.2328,47.442395618560134,55.49652749141352,47.442395618560134,42.60991649484811,False,False,2|switch|drift|liquid|s1|g2|mixed,mixed,,mutate,False,2500.0
1,212,1,p1g2_018,screen,957,2,creative_screen,mint_bilin,"[""p2g6_020""]",fcf56db84440c78d,ok,True,partial,0.3072,53.14543277298633,60.62057703064845,53.14543277298633,48.660346218389066,False,False,3|switch|rotor|liquid|s1|g2|structured,structured,,mint_bilin,False,5000.0
1,213,1,p1g2_039,screen,957,2,creative_screen,add_chan,"[""p0g0_ds2g11_009""]",615d5039f8aa5409,ok,True,partial,0.0,12.505080452652734,16.673440603536978,12.505080452652734,10.004064362122186,False,False,2|constant|still|frozen|s1|g2|mixed,mixed,,add_chan,False,2500.0
1,214,1,p1g2_072,screen,957,2,creative_screen,merge_slow_tanh,"[""p1g1_000"",""blk_engine_10748""]",a007ee749b60edee,ok,True,partial,0.509,61.872353438354644,65.52980458447286,61.872353438354644,59.677882750683715,True,False,3|switch|rotor|liquid|s1|g2|structured,structured,,merge_slow_tanh,False,2500.0
1,215,1,p1g2_002,screen,957,2,creative_screen,mutate,"[""p2g6_020""]",ea2bcc01b6997f2e,ok,True,partial,0.3139,50.18182879265285,56.44577172353713,50.18182879265285,46.42346303412228,False,False,3|switch|drift|liquid|s1|g2|structured,structured,,mutate,False,2500.0
1,216,1,p1g2_008,screen,957,2,creative_screen,mutate,"[""p3g6_070""]",2e7f82f20c7a06c0,ok,True,partial,0.5389,58.44597231195282,59.96462974927043,58.44597231195282,57.53477784956226,False,False,3|switch|mobile|liquid|s1|g2|structured,structured,,mutate,False,2500.0
1,217,1,p1g2_020,screen,957,2,creative_screen,mint_bilin,"[""p3g6_070""]",94568c24e2971139,ok,True,partial,0.2196,44.507705741508225,52.02360765534429,44.507705741508225,39.998164593206575,False,False,3|oscillator|drift|liquid|s1|g2|structured,structured,,mint_bilin,False,10000.0
1,218,1,p1g2_026,screen,957,2,creative_screen,mint_bilin,"[""p2g6_020""]",4a63f7f0bfa89a31,ok,True,partial,0.2461,64.21779657591244,77.42039543454992,64.21779657591244,56.29623726072995,False,False,3|switch|rotor|liquid|s2|g2|structured,structured,,mint_bilin,False,10000.0
1,219,1,p1g2_029,screen,957,2,creative_screen,delete_bilin,"[""p2g6_020""]",0ca4df05e2dd82dc,ok,True,partial,0.548,70.7113039663378,76.01507195511705,70.7113039663378,67.52904317307022,True,True,3|grow|rotor|liquid|s2|g2|structured,structured,,delete_bilin,False,10000.0
1,220,1,p1g2_054,screen,957,2,creative_screen,merge_spatial_ic,"[""p6g5_025"",""p3g6_061""]",c53633b366a18482,ok,True,partial,0.4188,64.77503164947835,72.40670886597114,64.77503164947835,60.19602531958269,True,True,3|switch|rotor|liquid|s1|g2|structured,structured,,merge_spatial_ic,True,5000.0
1,221,1,p1g2_063,screen,957,2,creative_screen,merge_cross_edge,"[""p10g0_ds6_000"",""blk_engine_10748""]",63288965008e142b,ok,True,partial,0.4654,62.404609855431396,67.6928131405752,62.404609855431396,59.231687884345114,True,False,3|switch|rotor|liquid|s1|g2|structured,structured,,merge_cross_edge,False,2500.0
1,222,1,p1g1_033_s2,seed2,958,1,selected_confirmation,seed2,"[""p1g1_033""]",b9ac81d28b0cd0fd,ok,True,partial,0.515,71.49762368702167,78.16349824936223,71.49762368702167,67.49809894961734,True,True,3|switch|rotor|liquid|s2|g2|structured,structured,True,add_chan,False,10000.0
1,223,1,p1g1_040_s2,seed2,958,1,selected_confirmation,seed2,"[""p1g1_040""]",7d0d19df4c7eeacc,ok,True,partial,0.0,27.158509164736515,36.21134555298202,27.158509164736515,21.72680733178921,False,False,3|constant|still|gas|s1|g2|mixed,mixed,True,dup_act,False,2500.0
1,224,1,p1g1_046_s2,seed2,958,1,selected_confirmation,seed2,"[""p1g1_046""]",7301e1a7983770c7,ok,True,partial,0.0,41.34782817933181,55.13043757244242,41.34782817933181,33.07826254346545,False,False,3|switch|drift|liquid|s1|g2|mixed,mixed,True,dup_act,False,2500.0
1,225,1,p1g1_047_s2,seed2,958,1,selected_confirmation,seed2,"[""p1g1_047""]",1c0f1ce2326ebcb9,ok,True,partial,0.427,50.79792134400484,53.49722845867313,50.79792134400484,49.17833707520387,False,False,3|switch|mobile|liquid|s1|g2|structured,structured,True,dup_act,False,2500.0
1,226,1,p1g1_062_s2,seed2,958,1,selected_confirmation,seed2,"[""p1g1_062""]",29340105c3bc9872,ok,True,partial,0.3641,62.76449567755762,71.54932757007683,62.76449567755762,57.49359654204609,False,False,4|grow|mobile|liquid|s1|g2|structured,structured,True,merge_cross_edge,False,2500.0
1,227,1,p1g1_067_s2,seed2,958,1,selected_confirmation,seed2,"[""p1g1_067""]",d6c91176760200ff,ok,True,partial,0.3722,69.15242545668255,79.79656727557675,69.15242545668255,62.76594036534605,False,False,4|grow|mobile|liquid|s2|g2|structured,structured,True,merge_cross_edge,False,20000.0
1,228,1,p1g1_074_s2,seed2,958,1,selected_confirmation,seed2,"[""p1g1_074""]",7784cd3c50a55250,ok,True,partial,0.0605,33.82880943344485,43.08841257792647,33.82880943344485,28.273047546755883,False,False,3|switch|drift|liquid|s1|g2|mixed,mixed,True,merge_cross_edge,False,2500.0
1,229,1,p1g1_049_s2,seed2,958,1,selected_confirmation,seed2,"[""p1g1_049""]",dc62120b0c212700,ok,True,partial,0.4844,58.56491171278394,61.939882283711924,58.56491171278394,56.539929370227156,False,False,3|switch|mobile|liquid|s1|g1|structured,structured,True,merge_spatial_ic,False,2500.0
1,230,1,p1g1_002_s2,seed2,958,1,selected_confirmation,seed2,"[""p1g1_002""]",020eb6f6f8781bc8,ok,True,partial,0.0,3.9084315152529006,5.211242020337201,3.9084315152529006,3.1267452122023203,False,False,2|constant|still|frozen|s1|g0|mixed,mixed,True,mutate,False,2500.0
1,231,1,p1g1_004_s2,seed2,958,1,selected_confirmation,seed2,"[""p1g1_004""]",0af2da54db33e66f,ok,True,partial,0.3726,53.53996806397232,58.966624085296424,53.53996806397232,50.283974451177855,False,False,3|switch|mobile|liquid|s1|g1|structured,structured,True,mutate,False,2500.0
1,232,1,p1g1_008_s2,seed2,958,1,selected_confirmation,seed2,"[""p1g1_008""]",d83a1259b990c649,ok,True,partial,0.0,45.30237710023749,60.40316946698332,45.30237710023749,36.24190168018999,False,False,3|switch|mobile|liquid|s1|g2|mixed,mixed,True,mutate,False,2500.0
1,233,1,p1g1_039_s2,seed2,958,1,selected_confirmation,seed2,"[""p1g1_039""]",b5b536b3b8c409aa,ok,True,partial,0.0,50.71637203199211,67.62182937598948,50.71637203199211,40.57309762559368,False,False,3|switch|rotor|liquid|s1|g2|mixed,mixed,True,add_chan,False,10000.0
1,234,1,p1g1_041_s2,seed2,958,1,selected_confirmation,seed2,"[""p1g1_041""]",8080e7c7f935fd5d,ok,True,partial,0.0,41.496141170691324,55.328188227588434,41.496141170691324,33.19691293655306,False,False,3|switch|mobile|flicker|s1|g2|mixed,mixed,True,dup_act,False,5000.0
1,235,1,p1g1_066_s2,seed2,958,1,selected_confirmation,seed2,"[""p1g1_066""]",0e11c7d87df63d4e,ok,True,partial,0.4637,58.707933824434676,62.820578432579566,58.707933824434676,56.24034705954774,False,False,4|switch|mobile|liquid|s1|g2|structured,structured,True,merge_cross_edge,False,2500.0
1,236,1,p1g1_012_s2,seed2,958,1,selected_confirmation,seed2,"[""p1g1_012""]",c0cd8328b83c234c,ok,True,partial,0.0223,19.35145477101409,25.05860636135212,19.35145477101409,15.92716381681127,False,False,4|constant|still|frozen|s1|g2|mixed,mixed,True,mutate,False,2500.0
1,237,1,p1g1_021_s2,seed2,958,1,selected_confirmation,seed2,"[""p1g1_021""]",88a64cbd440d487d,ok,True,partial,0.1297,16.257987004946994,17.353982673262657,16.257987004946994,15.600389603957595,False,False,3|constant|drift|liquid|s1|g0|structured,structured,True,mint_bilin,False,2500.0
1,238,1,p1g1_035_s2,seed2,958,1,selected_confirmation,seed2,"[""p1g1_035""]",3b2132e468549efd,ok,True,partial,0.3998,46.8342380403498,49.11898405379974,46.8342380403498,45.463390432279844,False,False,2|switch|drift|liquid|s1|g2|structured,structured,True,add_chan,False,5000.0
1,239,1,p1g1_036_s2,seed2,958,1,selected_confirmation,seed2,"[""p1g1_036""]",ed2f73e522071a33,ok,True,partial,0.3239,45.58767737468685,49.98690316624913,45.58767737468685,42.94814189974948,False,False,2|switch|drift|liquid|s1|g2|structured,structured,True,add_chan,False,2500.0
1,240,1,p1g1_006_s2,seed2,958,1,selected_confirmation,seed2,"[""p1g1_006""]",8b273b4fa3a48721,ok,True,partial,0.1675,44.20787450721122,53.360499342948295,44.20787450721122,38.71629960576898,False,False,2|switch|still|liquid|s1|g2|structured,structured,True,mutate,False,5000.0
1,241,1,p1g1_010_s2,seed2,958,1,selected_confirmation,seed2,"[""p1g1_010""]",19ce8f5d2f7ec59f,ok,True,partial,0.0,21.05217705118844,28.069569401584587,21.05217705118844,16.84174164095075,False,False,1|switch|still|gas|s1|g2|mixed,mixed,True,mutate,False,2500.0
1,242,1,p1g1_028_s2,seed2,958,1,selected_confirmation,seed2,"[""p1g1_028""]",277d35dbce71ee3a,ok,True,partial,0.0,46.32146985916853,61.76195981222471,46.32146985916853,37.05717588733482,False,False,3|switch|drift|liquid|s1|g2|mixed,mixed,True,delete_bilin,False,2500.0
1,243,1,p1g2_080,screen,957,2,creative_screen,immigrate,,749dc08a9dfeefeb,no_blobs,True,missing,,0.0,,,,False,False,,,,immigrate,False,
1,244,1,p1g2_085,screen,957,2,creative_screen,immigrate,,bad4bdc00f58fa81,no_blobs,True,missing,,0.0,,,,False,False,,,,immigrate,False,
1,245,1,p1g2_086,screen,957,2,creative_screen,immigrate,,f01a2cdb0ebd3b37,no_blobs,True,missing,,0.0,,,,False,False,,,,immigrate,False,
1,246,1,p1g2_088,screen,957,2,creative_screen,immigrate,,e17ec5d2e65382fa,no_blobs,True,missing,,0.0,,,,False,False,,,,immigrate,False,
1,247,1,p1g2_092,screen,957,2,creative_screen,immigrate,,ab70fc6dd00a7af7,no_blobs,True,missing,,0.0,,,,False,False,,,,immigrate,False,
1,248,1,p1g2_093,screen,957,2,creative_screen,immigrate,,869a88994ffc8699,no_blobs,True,missing,,0.0,,,,False,False,,,,immigrate,False,
1,249,1,p1g2_094,screen,957,2,creative_screen,immigrate,,614662ee488f1e7e,no_blobs,True,missing,,0.0,,,,False,False,,,,immigrate,False,
1,250,1,p1g2_096,screen,957,2,creative_screen,immigrate,,0e1adfad87023ed7,no_blobs,True,missing,,0.0,,,,False,False,,,,immigrate,False,
1,251,1,p1g2_099,screen,957,2,creative_screen,immigrate,,9db24a7998e3a774,no_blobs,True,missing,,0.0,,,,False,False,,,,immigrate,False,
1,252,1,p1g2_081,screen,957,2,creative_screen,immigrate,,f66c8179e2972200,no_blobs,True,missing,,0.0,,,,False,False,,,,immigrate,False,
1,253,1,p1g2_083,screen,957,2,creative_screen,immigrate,,11883f8d6cd45a96,no_blobs,True,missing,,0.0,,,,False,False,,,,immigrate,False,
1,254,1,p1g2_097,screen,957,2,creative_screen,immigrate,,39dc1c7adbefd1a4,no_blobs,True,missing,,0.0,,,,False,False,,,,immigrate,False,
1,255,1,p1g1_031_s2,seed2,958,1,selected_confirmation,seed2,"[""p1g1_031""]",85afb3e0e54bc5fa,ok,True,partial,0.5972,77.78413982962248,83.80551977282997,77.78413982962248,74.17131186369798,True,True,4|grow|mobile|liquid|s2|g1|structured,structured,True,delete_bilin,False,20000.0
1,256,1,p1g1_055_s2,seed2,958,1,selected_confirmation,seed2,"[""p1g1_055""]",a065779eaf3df961,ok,True,partial,0.5631,75.13174402895163,81.40565870526883,75.13174402895163,71.36739522316131,True,True,4|grow|mobile|liquid|s2|g1|structured,structured,True,merge_spatial_ic,False,20000.0
1,257,1,p1g1_060_s2,seed2,958,1,selected_confirmation,seed2,"[""p1g1_060""]",ae26148685c799e6,ok,True,partial,0.1311,29.766801151721207,35.31906820229494,29.766801151721207,26.435440921376966,False,False,4|switch|mobile|liquid|s1|g0|structured,structured,True,merge_cross_edge,False,2500.0
1,258,1,p1g1_069_s2,seed2,958,1,selected_confirmation,seed2,"[""p1g1_069""]",c9fcf183444c34d1,ok,True,partial,0.4901,55.2904150473444,57.38388672979254,55.2904150473444,54.03433203787552,False,False,3|grow|mobile|liquid|s1|g2|structured,structured,True,merge_slow_tanh,False,5000.0
1,259,1,p1g2_084,screen,957,2,creative_screen,immigrate,,2eaa8fa72a8823d8,ok,True,partial,0.0,0.0,0.0,0.0,0.0,False,False,1|constant|still|gas|s1|g0|mixed,mixed,,immigrate,False,2500.0
1,260,1,p1g2_087,screen,957,2,creative_screen,immigrate,,7f8559324d3431b1,ok,True,partial,0.0,0.0,0.0,0.0,0.0,False,False,1|constant|still|gas|s1|g0|mixed,mixed,,immigrate,False,2500.0
1,261,1,p1g2_089,screen,957,2,creative_screen,immigrate,,547b2c4bfe25137c,ok,True,partial,0.0,0.0,0.0,0.0,0.0,False,False,1|constant|still|gas|s1|g0|mixed,mixed,,immigrate,False,2500.0
1,262,1,p1g2_095,screen,957,2,creative_screen,immigrate,,9f25e115ea9efb77,ok,True,partial,0.0,0.0,0.0,0.0,0.0,False,False,1|constant|still|gas|s1|g0|mixed,mixed,,immigrate,False,2500.0
1,263,1,p1g2_091,screen,957,2,creative_screen,immigrate,,c7780cc2bce8111a,ok,True,partial,0.0,0.0,0.0,0.0,0.0,False,False,1|constant|still|gas|s1|g0|mixed,mixed,,immigrate,False,2500.0
1,264,1,p1g2_098,screen,957,2,creative_screen,immigrate,,e4c4ecb1bff2bd39,no_blobs,True,missing,,0.0,,,,False,False,,,,immigrate,False,
1,265,1,p1g2_090,screen,957,2,creative_screen,immigrate,,ecaa4f3bd9f7807f,ok,True,partial,0.0,0.0,0.0,0.0,0.0,False,False,1|switch|still|gas|s1|g0|mixed,mixed,,immigrate,False,2500.0
1,266,1,p1g2_082,screen,957,2,creative_screen,immigrate,,c258473fe4f58b11,ok,True,partial,0.0,0.0,0.0,0.0,0.0,False,False,1|constant|still|gas|s1|g0|mixed,mixed,,immigrate,False,2500.0
1,267,1,p1g2_023,screen,957,2,creative_screen,mint_bilin,"[""p2g4_062""]",cfef5f9f077cc116,ok,True,partial,0.405,66.45352169952577,75.10469559936769,66.45352169952577,61.26281735962061,True,True,2|grow|mobile|liquid|s1|g2|structured,structured,,mint_bilin,False,20000.0
1,268,1,p1g3_042,screen,957,3,creative_screen,dup_act,"[""p6g3_008""]",ccf602a31eefbb4f,fail_g0a,True,missing,,,,,,False,False,,,,dup_act,False,
1,269,1,p1g3_077,screen,957,3,creative_screen,merge_share_chan,"[""p2g6_020"",""blk_engine_10748""]",cade27aaa627f603,fail_g0a,True,missing,,,,,,False,False,,,,merge_share_chan,False,
1,270,1,p1g3_040,screen,957,3,creative_screen,dup_act,"[""p2g4_062""]",7d1ec680aa621e4d,fail_g0a,True,missing,,,,,,False,False,,,,dup_act,False,
1,271,1,p1g1_023_s3,seed3,959,1,selected_confirmation,seed3,"[""p1g1_023""]",7b4ed6d7108a4117,ok,True,partial,0.0,48.80901208692787,65.0786827825705,48.80901208692787,39.0472096695423,False,False,3|grow|mobile|liquid|s1|g1|mixed,mixed,True,mint_bilin,False,5000.0
1,272,1,p1g3_044,screen,957,3,creative_screen,dup_act,"[""p1g1_023""]",2ea3f66fff8f0377,ok,True,partial,0.0,45.63336953453969,60.844492712719585,45.63336953453969,36.50669562763175,False,False,4|grow|mobile|liquid|s1|g1|mixed,mixed,,dup_act,False,2500.0
1,273,1,p1g3_009,screen,957,3,creative_screen,mutate,"[""p3g9_021""]",661cec349b9b822b,ok,True,partial,0.0,44.71806916417686,59.62409221890248,44.71806916417686,35.774455331341485,False,False,3|switch|rotor|liquid|s1|g1|mixed,mixed,,mutate,False,2500.0
1,274,1,p1g3_076,screen,957,3,creative_screen,merge_share_chan,"[""p2g4_053"",""ref_iso_d0.75""]",d7833bf7894f018f,ok,True,partial,0.2902,61.50736294651251,72.33648392868334,61.50736294651251,55.00989035721,False,False,3|switch|mobile|liquid|s1|g2|mixed,mixed,,merge_share_chan,False,10000.0
1,275,1,p1g2_034_s2,seed2,958,2,selected_confirmation,seed2,"[""p1g2_034""]",158f0c237e4f658e,ok,True,partial,0.5538,63.030290482611456,65.58038731014861,63.030290482611456,61.500232386089166,True,True,2|switch|mobile|flicker|s1|g2|structured,structured,True,add_chan,False,2500.0
1,276,1,p1g2_032_s2,seed2,958,2,selected_confirmation,seed2,"[""p1g2_032""]",e810275ae9ca0cb9,ok,True,partial,0.5108,64.73447188922518,69.2859625189669,64.73447188922518,62.003577511380136,True,True,2|switch|rotor|liquid|s1|g2|structured,structured,True,add_chan,False,10000.0
1,277,1,p1g1_000_s3,seed3,959,1,selected_confirmation,seed3,"[""p1g1_000""]",eff7c27b589e665a,ok,True,partial,0.5109,61.373931462142956,64.8019086161906,61.373931462142956,59.31714516971436,True,False,2|switch|mobile|liquid|s1|g2|structured,structured,True,mutate,False,2500.0
1,278,1,p1g2_025_s2,seed2,958,2,selected_confirmation,seed2,"[""p1g2_025""]",3c7de08eee7c87e0,ok,True,partial,0.5409,73.05211506785258,79.3728200904701,73.05211506785258,69.25969205428206,True,True,4|grow|rotor|flicker|s1|g2|structured,structured,True,mint_bilin,False,20000.0
1,279,1,p1g2_043_s2,seed2,958,2,selected_confirmation,seed2,"[""p1g2_043""]",cd6f4c5f59d73357,ok,True,partial,0.3359,62.79538787220081,72.53051716293442,62.79538787220081,56.95431029776065,False,False,4|grow|mobile|liquid|s1|g2|structured,structured,True,dup_act,False,20000.0
1,280,1,p1g2_049_s2,seed2,958,2,selected_confirmation,seed2,"[""p1g2_049""]",fa86cb8089d048d0,ok,True,partial,0.44,73.31501669597405,83.0866889279654,73.31501669597405,67.45201335677925,True,True,4|grow|mobile|liquid|s2|g2|structured,structured,True,merge_spatial_ic,False,20000.0
1,281,1,p1g2_059_s2,seed2,958,2,selected_confirmation,seed2,"[""p1g2_059""]",a7e69f604130beb2,ok,True,partial,0.1988,68.39856180413112,84.5714157388415,68.39856180413112,58.694849443304896,False,False,4|grow|rotor|liquid|s3|g2|structured,structured,True,merge_cross_edge,False,20000.0
1,282,1,p1g2_065_s2,seed2,958,2,selected_confirmation,seed2,"[""p1g2_065""]",50f8ec73c68c31bb,ok,True,partial,0.3019,60.44500010566366,70.53000014088488,60.44500010566366,54.39400008453093,False,False,4|switch|drift|liquid|s2|g2|structured,structured,True,merge_cross_edge,False,20000.0
1,283,1,p1g2_073_s2,seed2,958,2,selected_confirmation,seed2,"[""p1g2_073""]",f2cf99e25ed62782,ok,True,partial,0.4746,72.08316526650567,80.29088702200757,72.08316526650567,67.15853221320454,True,True,3|grow|rotor|liquid|s3|g2|structured,structured,True,merge_cross_edge,False,20000.0
1,284,1,p1g2_035_s2,seed2,958,2,selected_confirmation,seed2,"[""p1g2_035""]",497b89686dc6f9d8,ok,True,partial,0.3746,59.10564832794559,66.32086443726078,59.10564832794559,54.776518662356466,False,False,3|grow|rotor|liquid|s1|g2|structured,structured,True,add_chan,False,20000.0
1,285,1,p1g2_051_s2,seed2,958,2,selected_confirmation,seed2,"[""p1g2_051""]",9a815b4bb1db78ea,ok,True,partial,0.551,75.31865484314005,82.05820645752007,75.31865484314005,71.27492387451204,True,True,4|grow|mobile|liquid|s2|g2|structured,structured,True,merge_spatial_ic,False,20000.0
1,286,1,p1g2_019_s2,seed2,958,2,selected_confirmation,seed2,"[""p1g2_019""]",00f14aca141b1857,ok,True,partial,0.2437,64.75159079550203,78.21212106066938,64.75159079550203,56.67527263640162,False,False,3|grow|rotor|liquid|s2|g2|structured,structured,True,mint_bilin,False,20000.0
1,287,1,p1g2_031_s2,seed2,958,2,selected_confirmation,seed2,"[""p1g2_031""]",04abf03262a9dbaf,ok,True,partial,0.2579,70.9492729622667,86.00236394968894,70.9492729622667,61.91741836981337,False,False,3|switch|rotor|liquid|s2|g2|structured,structured,True,delete_bilin,False,20000.0
1,288,1,p1g2_048_s2,seed2,958,2,selected_confirmation,seed2,"[""p1g2_048""]",99843d9cd96588d6,ok,True,partial,0.3698,66.01241131751148,75.68988175668197,66.01241131751148,60.20592905400918,False,False,3|switch|rotor|liquid|s1|g2|structured,structured,True,merge_spatial_ic,False,20000.0
1,289,1,p1g2_071_s2,seed2,958,2,selected_confirmation,seed2,"[""p1g2_071""]",ff86dc7ea86a0b5a,ok,True,partial,0.4337,64.12759638217003,71.0467951762267,64.12759638217003,59.97607710573602,True,False,3|grow|mobile|liquid|s1|g2|structured,structured,True,merge_slow_tanh,False,20000.0
1,290,1,p1g1_052_s3,seed3,959,1,selected_confirmation,seed3,"[""p1g1_052""]",fa86cb8089d048d0,ok,True,partial,0.6311,80.52036484657403,86.32381979543203,80.52036484657403,77.03829187725921,True,True,4|grow|mobile|liquid|s3|g2|structured,structured,True,merge_spatial_ic,False,20000.0
1,291,1,p1g1_034_s3,seed3,959,1,selected_confirmation,seed3,"[""p1g1_034""]",32499a10a18c9523,ok,True,partial,0.0,50.06991072257921,66.75988096343895,50.06991072257921,40.055928578063366,False,False,3|grow|mobile|liquid|s2|g2|mixed,mixed,True,add_chan,False,20000.0
1,292,1,p1g1_037_s3,seed3,959,1,selected_confirmation,seed3,"[""p1g1_037""]",f003a6f1e11f732d,ok,True,partial,0.3901,64.66488911135234,73.21651881513645,64.66488911135234,59.53391128908187,False,False,3|grow|rotor|liquid|s1|g2|structured,structured,True,add_chan,False,20000.0
1,293,1,p1g1_038_s3,seed3,959,1,selected_confirmation,seed3,"[""p1g1_038""]",bbef031462d40825,ok,True,partial,0.5762,77.27410664015972,83.82547552021295,77.27410664015972,73.34328531212776,True,True,3|grow|mobile|liquid|s3|g2|structured,structured,True,add_chan,False,20000.0
1,294,1,p1g1_056_s3,seed3,959,1,selected_confirmation,seed3,"[""p1g1_056""]",f91b186045b805f2,ok,True,partial,0.2511,54.909576613931165,64.84276881857488,54.909576613931165,48.949661291144935,False,False,3|grow|mobile|liquid|s1|g2|structured,structured,True,merge_cross_edge,False,20000.0
1,295,1,p1g1_058_s3,seed3,959,1,selected_confirmation,seed3,"[""p1g1_058""]",51eb3386878ba871,ok,True,partial,0.4734,69.93883967229819,77.47178622973092,69.93883967229819,65.41907173783855,True,True,4|grow|rotor|liquid|s1|g2|structured,structured,True,merge_cross_edge,False,20000.0
1,296,1,p1g1_061_s3,seed3,959,1,selected_confirmation,seed3,"[""p1g1_061""]",b8845a421c6e979f,ok,True,partial,0.4001,61.10033236445173,68.13044315260231,61.10033236445173,56.88226589156139,True,False,4|switch|mobile|flicker|s1|g2|mixed,mixed,True,merge_cross_edge,False,20000.0
1,297,1,p1g1_063_s3,seed3,959,1,selected_confirmation,seed3,"[""p1g1_063""]",b3ba1e0841ea195f,ok,True,partial,0.4861,76.98650427077669,86.44533902770226,76.98650427077669,71.31120341662135,True,True,4|grow|rotor|liquid|s3|g2|structured,structured,True,merge_cross_edge,False,20000.0
1,298,1,p1g1_068_s3,seed3,959,1,selected_confirmation,seed3,"[""p1g1_068""]",1b3ba2943fe69b74,ok,True,partial,0.1293,58.69587649935342,73.95116866580456,58.69587649935342,49.54270119948273,False,False,4|switch|rotor|liquid|s1|g2|mixed,mixed,True,merge_cross_edge,False,20000.0
1,299,1,p1g1_075_s3,seed3,959,1,selected_confirmation,seed3,"[""p1g1_075""]",82d4a5f5de7d3e6a,ok,True,partial,0.3329,71.95236429680791,84.83981906241056,71.95236429680791,64.21989143744634,False,False,4|grow|rotor|liquid|s3|g2|structured,structured,True,merge_cross_edge,False,20000.0
1,300,1,p1g1_073_s3,seed3,959,1,selected_confirmation,seed3,"[""p1g1_073""]",4456ca140057a3e3,ok,True,partial,0.3729,70.45186365740932,81.5058182098791,70.45186365740932,63.819490925927454,False,False,4|switch|rotor|liquid|s2|g2|structured,structured,True,merge_cross_edge,False,20000.0
1,301,1,p1g1_067_s3,seed3,959,1,selected_confirmation,seed3,"[""p1g1_067""]",d6c91176760200ff,ok,True,partial,0.4506,68.04502380540998,75.70669840721331,68.04502380540998,63.448019044327985,True,True,4|grow|rotor|liquid|s1|g2|structured,structured,True,merge_cross_edge,False,20000.0
1,302,1,p1g1_050_s3,seed3,959,1,selected_confirmation,seed3,"[""p1g1_050""]",27a2960d05f47297,ok,True,partial,0.4812,67.64092594518186,74.14790126024248,67.64092594518186,63.73674075614548,True,True,3|switch|rotor|liquid|s1|g2|structured,structured,True,merge_spatial_ic,False,20000.0
1,303,1,p1g1_027_s3,seed3,959,1,selected_confirmation,seed3,"[""p1g1_027""]",3977abaf53d81fe5,ok,True,partial,0.3303,70.61441223759499,83.14254965012667,70.61441223759499,63.097529790075995,False,False,3|switch|rotor|liquid|s2|g2|structured,structured,True,mint_bilin,False,20000.0
1,304,1,p1g1_044_s3,seed3,959,1,selected_confirmation,seed3,"[""p1g1_044""]",32872dffa2215107,ok,True,partial,0.0,58.4032264654474,77.87096862059654,58.4032264654474,46.72258117235793,False,False,4|grow|mobile|liquid|s2|g2|mixed,mixed,True,dup_act,False,20000.0
1,305,1,p1g1_045_s3,seed3,959,1,selected_confirmation,seed3,"[""p1g1_045""]",ae933282703d8e22,ok,True,partial,0.0,57.275115589762805,76.3668207863504,57.275115589762805,45.82009247181024,False,False,4|grow|mobile|liquid|s1|g2|mixed,mixed,True,dup_act,False,20000.0
1,306,1,p1g1_020_s3,seed3,959,1,selected_confirmation,seed3,"[""p1g1_020""]",a7ecb62bb118dd63,ok,True,partial,0.4499,80.26321791712421,92.02095722283228,80.26321791712421,73.20857433369937,True,True,4|switch|mobile|liquid|s3|g2|structured,structured,True,mint_bilin,False,20000.0
1,307,1,p1g1_024_s3,seed3,959,1,selected_confirmation,seed3,"[""p1g1_024""]",1514d21dd1e5a2b0,ok,True,partial,0.2648,70.36558358982283,84.9941114530971,70.36558358982283,61.58846687185826,False,False,3|grow|mobile|liquid|s2|g2|structured,structured,True,mint_bilin,False,20000.0
1,308,1,p1g1_018_s3,seed3,959,1,selected_confirmation,seed3,"[""p1g1_018""]",0e36fef9b86aaa67,ok,True,partial,0.4151,69.57993511318517,78.93658015091356,69.57993511318517,63.96594809054813,True,True,3|switch|rotor|liquid|s2|g2|structured,structured,True,mint_bilin,False,20000.0
1,309,1,p1g1_051_s3,seed3,959,1,selected_confirmation,seed3,"[""p1g1_051""]",ead25ce87e4b853d,ok,True,partial,0.3217,70.0949167176518,82.73655562353572,70.0949167176518,62.50993337412143,False,False,3|grow|mobile|liquid|s2|g2|structured,structured,True,merge_spatial_ic,False,20000.0
1,310,1,p1g2_069_s2,seed2,958,2,selected_confirmation,seed2,"[""p1g2_069""]",f4f924b616a2a207,ok,True,partial,0.2157,52.21160226981106,62.42546969308142,52.21160226981106,46.08328181584885,False,False,4|grow|drift|liquid|s1|g2|structured,structured,True,merge_cross_edge,False,10000.0
1,311,1,p1g1_031_s3,seed3,959,1,selected_confirmation,seed3,"[""p1g1_031""]",85afb3e0e54bc5fa,ok,True,partial,0.569,76.87245759961004,83.52994346614673,76.87245759961004,72.87796607968804,True,True,4|grow|mobile|liquid|s2|g1|structured,structured,True,delete_bilin,False,20000.0
1,312,1,p1g1_055_s3,seed3,959,1,selected_confirmation,seed3,"[""p1g1_055""]",a065779eaf3df961,ok,True,partial,0.5099,72.4455751558868,79.5974335411824,72.4455751558868,68.15446012470943,True,True,4|grow|rotor|liquid|s1|g1|structured,structured,True,merge_spatial_ic,False,20000.0
1,313,1,p1g2_068_s2,seed2,958,2,selected_confirmation,seed2,"[""p1g2_068""]",e4567a813f6f5a04,ok,True,partial,0.4868,67.9711490941778,74.40153212557041,67.9711490941778,64.11291927534225,True,True,4|grow|rotor|liquid|s1|g2|structured,structured,True,merge_cross_edge,False,10000.0
1,314,1,p1g2_022_s2,seed2,958,2,selected_confirmation,seed2,"[""p1g2_022""]",453f2b0f3abb445e,ok,True,partial,0.2897,55.69876086535546,64.60834782047395,55.69876086535546,50.35300869228437,False,False,2|grow|mobile|liquid|s2|g2|structured,structured,True,mint_bilin,False,10000.0
1,315,1,p1g2_024_s2,seed2,958,2,selected_confirmation,seed2,"[""p1g2_024""]",6764645ff5df84fa,ok,True,partial,0.4159,61.65386140866425,68.34181521155233,61.65386140866425,57.64108912693139,True,False,4|grow|mobile|flicker|s1|g2|structured,structured,True,mint_bilin,False,10000.0
1,316,1,p1g2_021_s2,seed2,958,2,selected_confirmation,seed2,"[""p1g2_021""]",cd3b802cf2dc17d5,ok,True,partial,0.3793,58.4088010516853,65.23506806891373,58.4088010516853,54.31304084134824,False,False,4|switch|mobile|liquid|s2|g0|mixed,mixed,True,mint_bilin,False,10000.0
1,317,1,p1g2_028_s2,seed2,958,2,selected_confirmation,seed2,"[""p1g2_028""]",a4fb766e789d8925,ok,True,partial,0.4064,63.454606922800195,71.05947589706693,63.454606922800195,58.89168553824016,True,False,4|grow|rotor|liquid|s2|g0|structured,structured,True,delete_bilin,False,20000.0
1,318,1,p1g2_020_s2,seed2,958,2,selected_confirmation,seed2,"[""p1g2_020""]",94568c24e2971139,ok,True,partial,0.251,45.31795765338646,52.05727687118195,45.31795765338646,41.27436612270917,False,False,3|oscillator|drift|liquid|s1|g2|structured,structured,True,mint_bilin,False,10000.0
1,319,1,p1g1_053_s3,seed3,959,1,selected_confirmation,seed3,"[""p1g1_053""]",27a2960d05f47297,ok,True,partial,0.2905,70.59596837760175,84.444624503469,70.59596837760175,62.286774702081395,False,False,3|grow|rotor|liquid|s2|g2|structured,structured,True,merge_spatial_ic,False,20000.0
1,320,1,p1g1_005_s3,seed3,959,1,selected_confirmation,seed3,"[""p1g1_005""]",f6bcb2c9f3cf6bd7,ok,True,partial,0.0,37.70712714151922,50.276169522025626,37.70712714151922,30.165701713215373,False,False,3|switch|drift|gas|s1|g2|mixed,mixed,True,mutate,False,10000.0
1,321,1,p1g1_013_s3,seed3,959,1,selected_confirmation,seed3,"[""p1g1_013""]",8784c1d75e4d44bb,ok,True,partial,0.4855,71.99252361259285,79.8066981501238,71.99252361259285,67.30401889007427,True,True,4|switch|mobile|liquid|s2|g1|structured,structured,True,mutate,False,10000.0
1,322,1,p1g1_039_s3,seed3,959,1,selected_confirmation,seed3,"[""p1g1_039""]",b5b536b3b8c409aa,ok,True,partial,0.0,50.085653712924994,66.78087161723333,50.085653712924994,40.06852297034,False,False,3|switch|rotor|liquid|s1|g2|mixed,mixed,True,add_chan,False,10000.0
1,323,1,p1g1_007_s3,seed3,959,1,selected_confirmation,seed3,"[""p1g1_007""]",99da6864c5fa99ca,ok,True,partial,0.3456,65.48308044205575,75.790773922741,65.48308044205575,59.298464353644604,False,False,3|switch|mobile|liquid|s2|g2|structured,structured,True,mutate,False,10000.0
1,324,1,p1g1_009_s3,seed3,959,1,selected_confirmation,seed3,"[""p1g1_009""]",6c1a68ff3495c5bc,ok,True,partial,0.8504,77.20673455395642,74.5956460719419,77.20673455395642,78.77338764316514,True,True,4|grow|rotor|liquid|s1|g2|structured,structured,True,mutate,False,10000.0
1,325,1,p1g1_003_s3,seed3,959,1,selected_confirmation,seed3,"[""p1g1_003""]",157e4e198ef64a03,ok,True,partial,0.0,39.09036099984289,52.120481333123855,39.09036099984289,31.27228879987431,False,False,2|constant|rotor|liquid|s1|g2|mixed,mixed,True,mutate,False,10000.0
1,326,1,p1g1_032_s3,seed3,959,1,selected_confirmation,seed3,"[""p1g1_032""]",3184a459a465e414,ok,True,partial,0.0,30.348976281067458,40.465301708089946,30.348976281067458,24.279181024853965,False,False,2|switch|still|gas|s1|g2|mixed,mixed,True,add_chan,False,10000.0
1,327,1,p1g2_004_s2,seed2,958,2,selected_confirmation,seed2,"[""p1g2_004""]",787cb29e01dcb464,ok,True,partial,0.0225,27.328089914988517,35.68745321998469,27.328089914988517,22.31247193199081,False,False,3|switch|still|frozen|s1|g2|structured,structured,True,mutate,False,5000.0
1,328,1,p1g2_060_s2,seed2,958,2,selected_confirmation,seed2,"[""p1g2_060""]",7c2ae1533ca98b22,ok,True,partial,0.0,41.234302403592075,54.9790698714561,41.234302403592075,32.98744192287366,False,False,4|switch|still|liquid|s1|g2|mixed,mixed,True,merge_cross_edge,False,10000.0
1,329,1,p1g2_064_s2,seed2,958,2,selected_confirmation,seed2,"[""p1g2_064""]",bd534d84815f7264,ok,True,partial,0.1011,39.40159903712322,49.16546538283095,39.40159903712322,33.54327922969857,False,False,3|oscillator|still|liquid|s1|g2|mixed,mixed,True,merge_cross_edge,False,5000.0
1,330,1,p1g2_070_s2,seed2,958,2,selected_confirmation,seed2,"[""p1g2_070""]",da6d90a3c6681e94,ok,True,partial,0.2786,64.86564109911473,77.20085479881963,64.86564109911473,57.464512879291775,False,False,4|switch|rotor|liquid|s2|g2|mixed,mixed,True,merge_cross_edge,False,5000.0
1,331,1,p1g2_027_s2,seed2,958,2,selected_confirmation,seed2,"[""p1g2_027""]",77e68a53a8f960b8,ok,True,partial,0.2483,64.01807440893676,77.08076587858234,64.01807440893676,56.1804595271494,False,False,3|grow|mobile|liquid|s2|g2|structured,structured,True,mint_bilin,False,20000.0
1,332,1,p1g2_030_s2,seed2,958,2,selected_confirmation,seed2,"[""p1g2_030""]",54fe617cf706055f,ok,True,partial,0.3415,66.34159824535993,77.07213099381323,66.34159824535993,59.90327859628793,False,False,3|grow|mobile|liquid|s1|g2|structured,structured,True,delete_bilin,False,20000.0
1,333,1,p1g2_079_s2,seed2,958,2,selected_confirmation,seed2,"[""p1g2_079""]",dc83264b5807f57d,ok,True,partial,0.3785,65.81013458930396,75.13017945240527,65.81013458930396,60.218107671443164,False,False,4|switch|rotor|liquid|s1|g2|mixed,mixed,True,merge_share_chan,False,20000.0
1,334,1,p1g2_036_s2,seed2,958,2,selected_confirmation,seed2,"[""p1g2_036""]",a28c7ceedeb71ec5,ok,True,partial,0.1618,40.350403309161706,48.407204412215606,40.350403309161706,35.51632264732936,False,False,2|oscillator|drift|liquid|s1|g2|mixed,mixed,True,add_chan,False,5000.0
1,335,1,p1g2_003_s2,seed2,958,2,selected_confirmation,seed2,"[""p1g2_003""]",fd9903147f8cb2aa,ok,True,partial,0.2708,56.727894752854226,66.61052633713898,56.727894752854226,50.79831580228338,False,False,3|switch|drift|liquid|s1|g2|mixed,mixed,True,mutate,False,5000.0
1,336,1,p1g2_054_s2,seed2,958,2,selected_confirmation,seed2,"[""p1g2_054""]",c53633b366a18482,ok,True,partial,0.2639,52.87395231465635,61.701936419541795,52.87395231465635,47.57716185172508,False,False,2|grow|mobile|liquid|s1|g2|structured,structured,True,merge_spatial_ic,False,20000.0
1,337,1,p1g1_057_s3,seed3,959,1,selected_confirmation,seed3,"[""p1g1_057""]",4a42745ad3d3ccaf,ok,True,partial,0.0987,51.029659801914384,64.74954640255251,51.029659801914384,42.797727841531504,False,False,4|switch|drift|liquid|s1|g2|mixed,mixed,True,merge_cross_edge,False,5000.0
1,338,1,p1g1_064_s3,seed3,959,1,selected_confirmation,seed3,"[""p1g1_064""]",82d50700e07f9b60,ok,True,partial,0.0,38.810689151743645,51.74758553565819,38.810689151743645,31.04855132139491,False,False,4|switch|mobile|liquid|s1|g2|mixed,mixed,True,merge_cross_edge,False,5000.0
1,339,1,p1g1_054_s3,seed3,959,1,selected_confirmation,seed3,"[""p1g1_054""]",51de7cd26fa902e8,ok,True,partial,0.0,44.39716511767111,59.19622015689481,44.39716511767111,35.51773209413688,False,False,4|constant|drift|liquid|s1|g2|mixed,mixed,True,merge_spatial_ic,False,5000.0
1,340,1,p1g1_026_s3,seed3,959,1,selected_confirmation,seed3,"[""p1g1_026""]",f7c852721f3e1cab,ok,True,partial,0.5497,75.51838295790617,82.3678439438749,75.51838295790617,71.40870636632494,True,True,3|grow|mobile|liquid|s3|g2|structured,structured,True,mint_bilin,False,20000.0
1,341,1,p1g1_029_s3,seed3,959,1,selected_confirmation,seed3,"[""p1g1_029""]",f696871bd3d8ad9a,ok,True,partial,0.5585,72.26666823404642,77.73889097872856,72.26666823404642,68.98333458723714,True,True,4|grow|rotor|liquid|s2|g1|structured,structured,True,delete_bilin,False,10000.0
1,342,1,p1g1_041_s3,seed3,959,1,selected_confirmation,seed3,"[""p1g1_041""]",8080e7c7f935fd5d,ok,True,partial,0.0,45.11200874314815,60.14934499086421,45.11200874314815,36.089606994518526,False,False,3|switch|rotor|flicker|s1|g2|mixed,mixed,True,dup_act,False,5000.0
1,343,1,p1g1_035_s3,seed3,959,1,selected_confirmation,seed3,"[""p1g1_035""]",3b2132e468549efd,ok,True,partial,0.3403,42.25470778565697,44.99627704754262,42.25470778565697,40.60976622852557,False,False,2|switch|drift|liquid|s1|g2|mixed,mixed,True,add_chan,False,5000.0
1,344,1,p1g1_006_s3,seed3,959,1,selected_confirmation,seed3,"[""p1g1_006""]",8b273b4fa3a48721,ok,True,partial,0.123,41.021000286572374,50.59466704876316,41.021000286572374,35.276800229257894,False,False,2|switch|still|liquid|s1|g2|mixed,mixed,True,mutate,False,5000.0
1,345,1,p1g3_010,screen,957,3,creative_screen,mutate,"[""p2g7_039""]",c08b6fec57dddd7d,ok,True,partial,0.1419,16.867250953545433,17.759667938060577,16.867250953545433,16.331800762836345,False,False,2|constant|drift|gas|s1|g0|mixed,mixed,,mutate,False,2500.0
1,346,1,p1g3_021,screen,957,3,creative_screen,mint_bilin,"[""p2g7_039""]",795240479528f5d5,ok,True,partial,0.6775,61.03268807540011,58.79358410053348,61.03268807540011,62.37615046032009,True,True,3|switch|mobile|liquid|s1|g2|structured,structured,,mint_bilin,False,2500.0
1,347,1,p1g3_029,screen,957,3,creative_screen,delete_bilin,"[""p1g2_064""]",189308288a79aece,ok,True,partial,0.1574,40.25725334308463,48.42967112411283,40.25725334308463,35.353802674467694,False,False,3|oscillator|still|liquid|s1|g2|structured,structured,,delete_bilin,False,5000.0
1,348,1,p1g3_033,screen,957,3,creative_screen,add_chan,"[""p6g9_021""]",e70105648792a009,ok,True,partial,0.3805,57.74679920514005,64.31239894018672,57.74679920514005,53.807439364112035,False,False,3|switch|mobile|liquid|s1|g2|structured,structured,,add_chan,False,2500.0
1,349,1,p1g3_038,screen,957,3,creative_screen,add_chan,"[""p6g8_033""]",8ee6047aa24629dd,ok,True,partial,0.3708,58.46752706723494,65.59670275631326,58.46752706723494,54.19002165378796,False,False,2|switch|mobile|liquid|s1|g2|structured,structured,,add_chan,False,5000.0
1,350,1,p1g1_069_s3,seed3,959,1,selected_confirmation,seed3,"[""p1g1_069""]",c9fcf183444c34d1,ok,True,partial,0.5605,60.13480217305981,61.496402897413084,60.13480217305981,59.317841738447854,True,False,3|grow|rotor|liquid|s1|g2|structured,structured,True,merge_slow_tanh,False,20000.0
1,351,1,p1g3_013,screen,957,3,creative_screen,mutate,"[""p0g1_055""]",8f3be4fb22974f5f,ok,True,partial,0.0237,20.177136303137083,26.112848404182778,20.177136303137083,16.615709042509664,False,False,3|constant|drift|frozen|s1|g2|mixed,mixed,,mutate,False,5000.0
1,352,1,p1g3_017,screen,957,3,creative_screen,mint_bilin,"[""p1g1_034""]",e8990416c23edc5d,ok,True,partial,0.0,46.62866326459056,62.17155101945407,46.62866326459056,37.302930611672444,False,False,3|grow|mobile|liquid|s1|g2|mixed,mixed,,mint_bilin,False,20000.0
1,353,1,p1g3_022,screen,957,3,creative_screen,mint_bilin,"[""p1g2_015""]",a124b3b8018682ee,ok,True,partial,0.0,2.97374202209408,3.9649893627921067,2.97374202209408,2.3789936176752637,False,False,2|constant|still|frozen|s1|g0|mixed,mixed,,mint_bilin,False,2500.0
1,354,1,p1g3_031,screen,957,3,creative_screen,delete_bilin,"[""p2g7_039""]",8b6c65374d3dbb50,ok,True,partial,0.3866,63.65638799801069,71.98851733068092,63.65638799801069,58.65711039840855,False,False,4|grow|rotor|liquid|s1|g2|structured,structured,,delete_bilin,False,5000.0
1,355,1,p1g3_035,screen,957,3,creative_screen,add_chan,"[""p4g7_062""]",46505242674afd5a,ok,True,partial,0.0,47.74766101642102,63.66354802189469,47.74766101642102,38.19812881313681,False,False,4|switch|rotor|flicker|s1|g2|mixed,mixed,,add_chan,False,10000.0
1,356,1,p1g3_036,screen,957,3,creative_screen,add_chan,"[""p6g3_033""]",9d66d9b5a5604b4f,ok,True,partial,0.2921,68.36884760255049,81.42179680340065,68.36884760255049,60.537078082040395,False,False,4|switch|mobile|liquid|s1|g2|structured,structured,,add_chan,False,10000.0
1,357,1,p1g3_039,screen,957,3,creative_screen,add_chan,"[""p2g3_073""]",25958d68c2f59123,ok,True,partial,0.4959,72.62778399084357,80.30704532112475,72.62778399084357,68.02022719267484,True,True,4|switch|rotor|flicker|s3|g2|structured,structured,,add_chan,False,20000.0
1,358,1,p1g3_045,screen,957,3,creative_screen,dup_act,"[""p6g9_021""]",8bbf12cf7adefe25,ok,True,partial,0.0,59.918969586285996,79.89195944838133,59.918969586285996,47.935175669028794,False,False,4|grow|mobile|liquid|s1|g2|mixed,mixed,,dup_act,False,20000.0
1,359,1,p1g3_047,screen,957,3,creative_screen,dup_act,"[""p1g2_022""]",07eed8c04a50e7f0,ok,True,partial,0.0,0.0,0.0,0.0,0.0,False,False,1|relaxation|drift|gas|s1|g0|mixed,mixed,,dup_act,False,2500.0
1,360,1,p1g3_056,screen,957,3,creative_screen,merge_cross_edge,"[""p5g8_007"",""ref_M4_tau5.7""]",f985c73f104bc0e0,ok,True,partial,0.0,48.85191754278901,65.13589005705201,48.85191754278901,39.081534034231204,False,False,4|switch|drift|liquid|s1|g2|mixed,mixed,,merge_cross_edge,False,5000.0
1,361,1,p1g3_057,screen,957,3,creative_screen,merge_cross_edge,"[""p2g6_020"",""ref_M4_tau5.7""]",2a64858794727415,ok,True,partial,0.2868,67.49566126928335,80.43421502571113,67.49566126928335,59.73252901542668,False,False,4|switch|rotor|liquid|s2|g2|structured,structured,,merge_cross_edge,False,10000.0
1,362,1,p1g3_058,screen,957,3,creative_screen,merge_cross_edge,"[""p2g6_020"",""ref_M4_tau5.7""]",36494a2a01a5214c,ok,True,partial,0.1796,66.4032203180478,82.55096042406375,66.4032203180478,56.71457625443824,False,False,4|grow|rotor|liquid|s3|g2|mixed,mixed,,merge_cross_edge,False,10000.0
1,363,1,p1g3_060,screen,957,3,creative_screen,merge_cross_edge,"[""p2g6_020"",""ref_M0""]",6e54ca5ec9a42a80,ok,True,partial,0.4993,58.91412028920125,61.908827052268336,58.91412028920125,57.117296231361,False,False,3|oscillator|mobile|liquid|s1|g2|structured,structured,,merge_cross_edge,False,5000.0
1,364,1,p1g3_061,screen,957,3,creative_screen,merge_cross_edge,"[""p2g6_020"",""ref_iso_d0.75""]",bc040d8b26def477,ok,True,partial,0.6883,71.30177491426885,72.1256998856918,71.30177491426885,70.80741993141508,True,True,4|switch|rotor|liquid|s1|g2|structured,structured,,merge_cross_edge,False,5000.0
1,365,1,p1g3_065,screen,957,3,creative_screen,merge_cross_edge,"[""p2g6_020"",""ref_iso_d0.65""]",96e8b5639d10b2ad,ok,True,partial,0.3206,65.454622398606,76.58616319814135,65.454622398606,58.77569791888481,False,False,3|switch|rotor|liquid|s2|g2|structured,structured,,merge_cross_edge,False,20000.0
1,366,1,p1g3_066,screen,957,3,creative_screen,merge_cross_edge,"[""p2g6_020"",""blk_engine_10748""]",a1809554aa97f801,ok,True,partial,0.659,67.74528623275444,68.36038164367257,67.74528623275444,67.37622898620353,True,True,4|switch|rotor|liquid|s1|g2|structured,structured,,merge_cross_edge,False,2500.0
1,367,1,p1g3_067,screen,957,3,creative_screen,merge_cross_edge,"[""p1g2_003"",""ref_M0""]",4abe4d85a6e646ca,ok,True,partial,0.0,50.49454754178254,67.32606338904338,50.49454754178254,40.39563803342603,False,False,4|switch|drift|liquid|s1|g2|mixed,mixed,,merge_cross_edge,False,5000.0
1,368,1,p1g3_068,screen,957,3,creative_screen,merge_cross_edge,"[""p2g6_020"",""ref_iso_d0.75""]",2c8b16510532bfe8,ok,True,partial,0.4591,71.60359242522368,80.16812323363158,71.60359242522368,66.46487394017895,True,True,4|switch|rotor|liquid|s2|g2|structured,structured,,merge_cross_edge,False,10000.0
1,369,1,p1g3_069,screen,957,3,creative_screen,merge_cross_edge,"[""p2g6_020"",""ref_iso_d0.65""]",1f0557ecbd4f03af,ok,True,partial,0.2382,56.950163513816655,67.99355135175554,56.950163513816655,50.32413081105332,False,False,3|switch|rotor|liquid|s1|g2|structured,structured,,merge_cross_edge,False,10000.0
1,370,1,p1g3_071,screen,957,3,creative_screen,merge_slow_tanh,"[""p0g0_ds2g11_009"",""ref_iso_d0.75""]",751a56a9321d6ba7,ok,True,partial,0.1971,43.373450344342395,51.26126712578986,43.373450344342395,38.64076027547391,False,False,4|grow|mobile|liquid|s1|g2|structured,structured,,merge_slow_tanh,False,2500.0
1,371,1,p1g3_072,screen,957,3,creative_screen,merge_cross_edge,"[""p1g2_054"",""ref_M0""]",886c7e72db6d9b69,ok,True,partial,0.284,59.09827574207443,69.3310343227659,59.09827574207443,52.95862059365954,False,False,3|grow|rotor|liquid|s1|g2|structured,structured,,merge_cross_edge,False,20000.0
1,372,1,p1g3_073,screen,957,3,creative_screen,merge_cross_edge,"[""p2g6_020"",""ref_M0""]",ab4c130be02dfdd4,ok,True,partial,0.5017,73.2769650918325,80.97928678910999,73.2769650918325,68.65557207346599,True,True,4|grow|rotor|liquid|s2|g2|structured,structured,,merge_cross_edge,False,10000.0
1,373,1,p1g3_000,screen,957,3,creative_screen,mutate,"[""p3g6_032""]",37d04832dc0650ff,ok,True,partial,0.0,3.896010976481622,5.194681301975496,3.896010976481622,3.1168087811852976,False,False,2|constant|still|frozen|s1|g0|mixed,mixed,,mutate,False,2500.0
1,374,1,p1g3_001,screen,957,3,creative_screen,mutate,"[""p6g8_033""]",9683bad917ca2cc1,ok,True,partial,0.2397,46.06295373911402,53.42727165215203,46.06295373911402,41.64436299129122,False,False,2|switch|mobile|liquid|s1|g2|structured,structured,,mutate,False,2500.0
1,375,1,p1g3_002,screen,957,3,creative_screen,mutate,"[""p6g8_033""]",792a11ae5ca6b916,ok,True,partial,0.1346,40.169008545961155,49.07201139461487,40.169008545961155,34.82720683676892,False,False,2|grow|drift|liquid|s1|g2|mixed,mixed,,mutate,False,2500.0
1,376,1,p1g3_004,screen,957,3,creative_screen,mutate,"[""p6g9_021""]",f915557ed3ad37b8,ok,True,partial,0.4174,62.76627678947891,69.77503571930521,62.76627678947891,58.56102143158312,True,False,3|switch|mobile|liquid|s1|g2|structured,structured,,mutate,False,5000.0
1,377,1,p1g3_003,screen,957,3,creative_screen,mutate,"[""p6g6_032""]",012a868b13e62e73,ok,True,partial,0.4114,64.50217260205234,72.28956346940312,64.50217260205234,59.829738081641864,True,False,4|grow|mobile|liquid|s2|g2|structured,structured,,mutate,False,10000.0
1,378,1,p1g3_005,screen,957,3,creative_screen,mutate,"[""p3g6_032""]",86801acb1b8c160d,ok,True,partial,0.5547,65.4638363410453,68.79511512139374,65.4638363410453,63.46506907283624,True,True,4|grow|mobile|liquid|s1|g1|structured,structured,,mutate,False,5000.0
1,379,1,p1g3_008,screen,957,3,creative_screen,mutate,"[""p6g8_033""]",ecbc5598512b3690,ok,True,partial,0.2504,58.24945061848289,69.31926749131053,58.24945061848289,51.60756049478631,False,False,3|switch|drift|liquid|s1|g2|structured,structured,,mutate,False,20000.0
1,380,1,p1g3_012,screen,957,3,creative_screen,mutate,"[""p3g9_022""]",c6ed4ae24b005da8,ok,True,partial,0.3745,55.20118775067719,61.11825033423626,55.20118775067719,51.65095020054176,False,False,3|switch|mobile|liquid|s1|g2|structured,structured,,mutate,False,2500.0
1,381,1,p1g3_016,screen,957,3,creative_screen,mint_bilin,"[""p6g8_068""]",de435ba7a32c5618,ok,True,partial,0.3229,57.693731274510654,66.16164169934754,57.693731274510654,52.61298501960853,False,False,4|switch|rotor|flicker|s1|g2|structured,structured,,mint_bilin,False,2500.0
1,382,1,p1g3_018,screen,957,3,creative_screen,mint_bilin,"[""p6g9_021""]",cb0961c985bdaaae,ok,True,partial,0.502,71.58137562988881,78.70850083985175,71.58137562988881,67.30510050391105,True,True,3|switch|rotor|liquid|s2|g2|structured,structured,,mint_bilin,False,10000.0
1,383,1,p1g3_023,screen,957,3,creative_screen,mint_bilin,"[""p6g8_033""]",7f036b91fc1c8f13,ok,True,partial,0.2523,58.256638467589426,69.2655179567859,58.256638467589426,51.65131077407154,False,False,3|grow|rotor|liquid|s1|g2|structured,structured,,mint_bilin,False,20000.0
1,384,1,p1g3_026,screen,957,3,creative_screen,mint_bilin,"[""p6g9_021""]",0187f1f8df1493ec,ok,True,partial,0.3679,68.54977837422364,79.1363711656315,68.54977837422364,62.197822699378904,False,False,3|switch|rotor|liquid|s2|g2|structured,structured,,mint_bilin,False,10000.0
1,385,1,p1g3_028,screen,957,3,creative_screen,delete_bilin,"[""p6g9_021""]",dbee78c83f084ba2,ok,True,partial,0.3681,70.08892139286647,81.18189519048862,70.08892139286647,63.433137114293174,False,False,3|switch|mobile|liquid|s2|g2|structured,structured,,delete_bilin,False,10000.0
1,386,1,p1g3_032,screen,957,3,creative_screen,add_chan,"[""p6g5_026""]",884be748258e289c,ok,True,partial,0.4494,67.8263667016906,75.45515560225414,67.8263667016906,63.24909336135248,True,True,3|grow|mobile|liquid|s2|g2|structured,structured,,add_chan,False,10000.0
1,387,1,p1g3_037,screen,957,3,creative_screen,add_chan,"[""p6g7_028""]",590c749afc4e7eb7,ok,True,partial,0.2864,49.03999528876231,55.83999371834976,49.03999528876231,44.95999623100985,False,False,3|relaxation|rotor|liquid|s1|g2|structured,structured,,add_chan,False,2500.0
1,388,1,p1g3_043,screen,957,3,creative_screen,dup_act,"[""p6g5_026""]",8bc048058fe00ede,ok,True,partial,0.0,35.8197348564461,47.75964647526146,35.8197348564461,28.655787885156876,False,False,3|switch|drift|frozen|s1|g2|mixed,mixed,,dup_act,False,2500.0
1,389,1,p1g3_046,screen,957,3,creative_screen,dup_act,"[""p6g5_026""]",0a5c5b5289dd339e,ok,True,partial,0.0,23.140726971393867,30.854302628525154,23.140726971393867,18.512581577115093,False,False,2|constant|still|frozen|s1|g2|mixed,mixed,,dup_act,False,2500.0
1,390,1,p1g3_048,screen,957,3,creative_screen,merge_spatial_ic,"[""p6g9_021"",""p6g8_068""]",b310fbfc5cac334e,ok,True,partial,0.4435,56.59234956969403,60.67313275959204,56.59234956969403,54.14387965575523,False,False,3|switch|mobile|liquid|s1|g2|structured,structured,,merge_spatial_ic,True,2500.0
1,391,1,p1g3_049,screen,957,3,creative_screen,merge_spatial_ic,"[""p6g8_033"",""p6g9_038""]",27a2960d05f47297,ok,True,partial,0.3803,68.95438738673843,79.26251651565124,68.95438738673843,62.76950990939075,False,False,3|grow|rotor|liquid|s2|g2|structured,structured,,merge_spatial_ic,True,10000.0
1,392,1,p1g3_050,screen,957,3,creative_screen,merge_spatial_ic,"[""p2g5_023"",""p6g1_040""]",84ec665a3a51196b,ok,True,partial,0.1913,64.64402695838653,79.8153692778487,64.64402695838653,55.54122156670922,False,False,4|grow|mobile|flicker|s3|g2|mixed,mixed,,merge_spatial_ic,True,10000.0
1,393,1,p1g3_053,screen,957,3,creative_screen,merge_spatial_ic,"[""p6g9_021"",""p2g7_010""]",b310fbfc5cac334e,ok,True,partial,0.4282,70.17249680045569,79.28999573394091,70.17249680045569,64.70199744036455,True,True,3|switch|rotor|liquid|s2|g2|structured,structured,,merge_spatial_ic,True,10000.0
1,394,1,p1g3_054,screen,957,3,creative_screen,merge_spatial_ic,"[""p6g9_021"",""p3g9_021""]",b310fbfc5cac334e,ok,True,partial,0.4575,65.80694272326883,72.49259029769178,65.80694272326883,61.79555417861506,True,True,3|switch|mobile|liquid|s1|g2|structured,structured,,merge_spatial_ic,True,10000.0
1,395,1,p1g3_055,screen,957,3,creative_screen,merge_spatial_ic,"[""p6g9_021"",""p6g7_028""]",b310fbfc5cac334e,ok,True,partial,0.2622,68.16344829794518,82.14459773059357,68.16344829794518,59.77475863835614,False,False,3|grow|mobile|liquid|s2|g2|structured,structured,,merge_spatial_ic,True,20000.0
1,396,1,p1g3_063,screen,957,3,creative_screen,merge_cross_edge,"[""p4g5_070"",""blk_engine_10748""]",970c4c3c09070e95,ok,True,partial,0.5239,40.56189269135841,36.61919025514455,40.56189269135841,42.92751415308673,False,False,2|constant|mobile|liquid|s1|g2|structured,structured,,merge_cross_edge,False,2500.0
1,397,1,p1g3_064,screen,957,3,creative_screen,merge_cross_edge,"[""p3g6_061"",""ref_BFIELD_g0.05""]",b6b254a876d14772,ok,True,partial,0.0,51.17988195926479,68.23984261235306,51.17988195926479,40.94390556741183,False,False,3|grow|rotor|liquid|s1|g2|mixed,mixed,,merge_cross_edge,False,20000.0
1,398,1,p1g3_074,screen,957,3,creative_screen,merge_share_chan,"[""p1g2_020"",""ref_iso_d0.65""]",54c569ddad727a7c,ok,True,partial,0.0,41.5350840299664,55.3801120399552,41.5350840299664,33.22806722397312,False,False,4|grow|rotor|liquid|s1|g2|mixed,mixed,,merge_share_chan,False,20000.0
1,399,1,p1g3_075,screen,957,3,creative_screen,merge_share_chan,"[""p4g4_018"",""ref_iso_d0.65""]",a7832e99d3ec0360,ok,True,partial,0.0,28.14358305230853,37.52477740307804,28.14358305230853,22.514866441846824,False,False,3|switch|still|frozen|s1|g2|mixed,mixed,,merge_share_chan,False,5000.0
1,400,1,p1g3_007,screen,957,3,creative_screen,mutate,"[""p6g7_028""]",fffc151241f9ddb6,ok,True,partial,0.4025,63.60157489360556,71.38543319147408,63.60157489360556,58.93125991488445,True,False,3|switch|mobile|liquid|s1|g2|mixed,mixed,,mutate,False,5000.0
1,401,1,p1g3_011,screen,957,3,creative_screen,mutate,"[""p6g5_026""]",9430518be27829bc,ok,True,partial,0.5238,59.66114049973828,62.088187332984376,59.66114049973828,58.20491239979063,False,False,3|relaxation|rotor|liquid|s1|g2|structured,structured,,mutate,False,5000.0
1,402,1,p1g3_014,screen,957,3,creative_screen,mutate,"[""p1g1_009""]",27e886f89c31f5f0,ok,True,partial,0.2873,48.44247753920936,55.013303385612474,48.44247753920936,44.49998203136748,False,False,3|switch|rotor|flicker|s1|g2|structured,structured,,mutate,False,2500.0
1,403,1,p1g3_015,screen,957,3,creative_screen,mutate,"[""p1g1_018""]",8463f6e88324d913,ok,True,partial,0.3704,66.57809296531362,76.42412395375148,66.57809296531362,60.67047437225089,False,False,3|switch|mobile|liquid|s1|g2|structured,structured,,mutate,False,5000.0
1,404,1,p1g3_019,screen,957,3,creative_screen,mint_bilin,"[""p1g2_020""]",75de6b08f6247b7d,ok,True,partial,0.2914,69.34463602998946,82.74618137331927,69.34463602998946,61.30370882399156,False,False,4|grow|rotor|liquid|s2|g2|structured,structured,,mint_bilin,False,20000.0
1,405,1,p1g3_020,screen,957,3,creative_screen,mint_bilin,"[""p6g5_026""]",b93184bfcaad3cf0,ok,True,partial,0.3558,70.05437880272353,81.54583840363138,70.05437880272353,63.15950304217883,False,False,3|grow|rotor|liquid|s2|g2|structured,structured,,mint_bilin,False,10000.0
1,406,1,p1g3_024,screen,957,3,creative_screen,mint_bilin,"[""p1g1_021""]",b25e612be02566b2,ok,True,partial,0.0,13.830368328763349,18.4404911050178,13.830368328763349,11.06429466301068,False,False,3|constant|drift|frozen|s1|g0|structured,structured,,mint_bilin,False,2500.0
1,407,1,p1g3_025,screen,957,3,creative_screen,mint_bilin,"[""p4g2_044""]",a8ff204db49c51b4,ok,True,partial,0.0,54.20007741577957,72.26676988770609,54.20007741577957,43.36006193262365,False,False,4|grow|mobile|liquid|s1|g2|mixed,mixed,,mint_bilin,False,5000.0
1,408,1,p1g3_030,screen,957,3,creative_screen,delete_bilin,"[""p6g5_026""]",301efdd69e749619,ok,True,partial,0.3031,60.693292162673885,70.82105621689851,60.693292162673885,54.6166337301391,False,False,3|oscillator|mobile|liquid|s1|g2|structured,structured,,delete_bilin,False,10000.0
1,409,1,p1g3_034,screen,957,3,creative_screen,add_chan,"[""p1g6_065""]",8dfb19a54acd1e94,ok,True,partial,0.4371,66.9126969552966,74.6469292737288,66.9126969552966,62.272157564237276,True,True,3|oscillator|rotor|liquid|s1|g2|structured,structured,,add_chan,False,20000.0
1,410,1,p1g3_051,screen,957,3,creative_screen,merge_spatial_ic,"[""p6g5_026"",""p2g4_015""]",ead25ce87e4b853d,ok,True,partial,0.3005,64.88945511388518,76.50260681851357,64.88945511388518,57.92156409110814,False,False,3|grow|rotor|liquid|s1|g2|structured,structured,,merge_spatial_ic,True,20000.0
1,411,1,p1g3_052,screen,957,3,creative_screen,merge_spatial_ic,"[""p6g7_028"",""p2g4_020""]",99843d9cd96588d6,ok,True,partial,0.274,67.63213982345637,81.04285309794183,67.63213982345637,59.585711858765094,False,False,3|switch|mobile|liquid|s2|g2|structured,structured,,merge_spatial_ic,True,20000.0
1,412,1,p1g3_062,screen,957,3,creative_screen,merge_cross_edge,"[""p3g6_061"",""ref_M4_tau5.7""]",5c7fca713f502950,ok,True,partial,0.0,44.53832993967458,59.38443991956611,44.53832993967458,35.63066395173966,False,False,3|grow|mobile|liquid|s1|g1|mixed,mixed,,merge_cross_edge,False,2500.0
1,413,1,p1g3_070,screen,957,3,creative_screen,merge_slow_tanh,"[""p1g2_023"",""ref_BFIELD_g0.05""]",951154a38dec7e54,ok,True,partial,0.3868,61.52682651876175,69.142435358349,61.52682651876175,56.9574612150094,False,False,3|grow|rotor|liquid|s1|g2|structured,structured,,merge_slow_tanh,False,20000.0
1,414,1,p1g3_006,screen,957,3,creative_screen,mutate,"[""p1g2_002""]",108a643420b0954f,ok,True,partial,0.3139,66.2872607688203,77.91968102509374,66.2872607688203,59.307808615056246,False,False,3|switch|rotor|liquid|s2|g2|structured,structured,,mutate,False,10000.0
1,415,1,p1g3_027,screen,957,3,creative_screen,mint_bilin,"[""p2g6_020""]",c5cb91aabbcf273a,ok,True,partial,0.461,72.75924170257287,81.64565560343048,72.75924170257287,67.4273933620583,True,True,3|switch|rotor|liquid|s3|g2|structured,structured,,mint_bilin,False,10000.0
1,416,1,p1g3_041,screen,957,3,creative_screen,dup_act,"[""p0g0_ds2g11_009""]",64fe720091d56873,ok,True,partial,0.0,29.769858184370563,39.69314424582742,29.769858184370563,23.81588654749645,False,False,3|constant|mobile|frozen|s1|g2|mixed,mixed,,dup_act,False,2500.0
1,417,1,p1g3_059,screen,957,3,creative_screen,merge_cross_edge,"[""p1g2_032"",""ref_M0""]",556b0088ee39273b,ok,True,partial,0.4592,61.219980076643935,66.31997343552524,61.219980076643935,58.15998406131514,True,False,3|switch|mobile|liquid|s1|g2|structured,structured,,merge_cross_edge,False,2500.0
1,418,1,p1g2_006_s2,seed2,958,2,selected_confirmation,seed2,"[""p1g2_006""]",6fcd0ac4761d235b,ok,True,partial,0.0,25.08199506962772,33.44266009283696,25.08199506962772,20.065596055702176,False,False,3|constant|rotor|frozen|s1|g2|mixed,mixed,True,mutate,False,2500.0
1,419,1,p1g2_015_s2,seed2,958,2,selected_confirmation,seed2,"[""p1g2_015""]",7f8a10d93f92d383,ok,True,partial,0.0,6.786930914944026,9.049241219925369,6.786930914944026,5.429544731955221,False,False,2|constant|still|frozen|s1|g0|mixed,mixed,True,mutate,False,2500.0
1,420,1,p1g2_038_s2,seed2,958,2,selected_confirmation,seed2,"[""p1g2_038""]",5ef240f1c745c9fc,ok,True,partial,0.5612,57.763775859297695,58.311701145730254,57.763775859297695,57.435020687438154,False,False,3|switch|mobile|liquid|s1|g1|structured,structured,True,add_chan,False,2500.0
1,421,1,p1g2_047_s2,seed2,958,2,selected_confirmation,seed2,"[""p1g2_047""]",b89937509d704b03,ok,True,partial,0.0,38.151509994393905,50.8686799925252,38.151509994393905,30.52120799551512,False,False,3|constant|drift|liquid|s1|g2|mixed,mixed,True,dup_act,False,2500.0
1,422,1,p1g2_074_s2,seed2,958,2,selected_confirmation,seed2,"[""p1g2_074""]",be227dd29c4b1b72,ok,True,partial,0.1673,47.88109231333386,58.26478975111182,47.88109231333386,41.65087385066709,False,False,4|switch|still|liquid|s1|g2|structured,structured,True,merge_cross_edge,False,10000.0
1,423,1,p1g2_009_s2,seed2,958,2,selected_confirmation,seed2,"[""p1g2_009""]",e48430afe0ff9d8f,ok,True,partial,0.0845,34.24680118941046,42.84573491921395,34.24680118941046,29.08744095152837,False,False,4|switch|mobile|liquid|s1|g1|structured,structured,True,mutate,False,2500.0
1,424,1,p1g2_010_s2,seed2,958,2,selected_confirmation,seed2,"[""p1g2_010""]",ff53ff6b2d864dae,ok,True,partial,0.6142,68.217195868978,70.48292782530399,68.217195868978,66.85775669518239,True,True,4|switch|mobile|liquid|s1|g1|structured,structured,True,mutate,False,2500.0
1,425,1,p1g2_011_s2,seed2,958,2,selected_confirmation,seed2,"[""p1g2_011""]",1bf5ac08e3f11c3b,ok,True,partial,0.4744,44.23944178518308,43.17258904691078,44.23944178518308,44.879553428146465,False,False,3|switch|mobile|liquid|s1|g0|structured,structured,True,mutate,False,2500.0
1,426,1,p1g2_033_s2,seed2,958,2,selected_confirmation,seed2,"[""p1g2_033""]",cfa2e47a1265b2d7,ok,True,partial,0.0,60.77178544923312,81.02904726564417,60.77178544923312,48.6174283593865,False,False,3|switch|mobile|flicker|s2|g2|mixed,mixed,True,add_chan,False,10000.0
1,427,1,p1g2_014_s2,seed2,958,2,selected_confirmation,seed2,"[""p1g2_014""]",b123fb2afb4a803b,ok,True,partial,0.1084,37.87664584755563,46.888861130074176,37.87664584755563,32.46931667804451,False,False,3|switch|drift|liquid|s1|g2|structured,structured,True,mutate,False,2500.0
1,428,1,p1g2_037_s2,seed2,958,2,selected_confirmation,seed2,"[""p1g2_037""]",d08de5105ed4f9b6,ok,True,partial,0.1286,46.90526096655758,58.25368128874343,46.90526096655758,40.096208773246055,False,False,3|switch|drift|liquid|s1|g2|structured,structured,True,add_chan,False,2500.0
1,429,1,p1g2_042_s2,seed2,958,2,selected_confirmation,seed2,"[""p1g2_042""]",1d838d3016044970,ok,True,partial,0.0,42.40420491363493,56.53893988484657,42.40420491363493,33.92336393090794,False,False,3|constant|mobile|liquid|s1|g2|mixed,mixed,True,dup_act,False,2500.0
1,430,1,p1g2_052_s2,seed2,958,2,selected_confirmation,seed2,"[""p1g2_052""]",9a815b4bb1db78ea,ok,True,partial,0.5783,76.97664703650436,83.35886271533916,76.97664703650436,73.1473176292035,True,True,4|grow|mobile|liquid|s2|g2|structured,structured,True,merge_spatial_ic,False,20000.0
1,431,1,p1g2_075_s2,seed2,958,2,selected_confirmation,seed2,"[""p1g2_075""]",bbf7a160336e6fc6,ok,True,partial,0.0,23.69832732825535,31.597769771007133,23.69832732825535,18.95866186260428,False,False,3|constant|still|liquid|s1|g2|mixed,mixed,True,merge_slow_tanh,False,2500.0
1,432,1,p1g2_000_s2,seed2,958,2,selected_confirmation,seed2,"[""p1g2_000""]",dab0fd044c7af47d,ok,True,partial,0.2797,47.6785484722633,54.2480646296844,47.6785484722633,43.73683877781064,False,False,3|constant|drift|liquid|s1|g2|structured,structured,True,mutate,False,2500.0
1,433,1,p1g2_072_s2,seed2,958,2,selected_confirmation,seed2,"[""p1g2_072""]",a007ee749b60edee,ok,True,partial,0.5303,62.32727589968763,65.42636786625017,62.32727589968763,60.46782071975011,True,True,3|switch|mobile|liquid|s1|g2|structured,structured,True,merge_slow_tanh,False,2500.0
1,434,1,p1g2_012_s2,seed2,958,2,selected_confirmation,seed2,"[""p1g2_012""]",6b45a58efcb59f51,ok,True,partial,0.2103,47.188077956697136,55.90743727559618,47.188077956697136,41.95646236535771,False,False,2|switch|drift|liquid|s1|g2|mixed,mixed,True,mutate,False,5000.0
1,435,1,p1g2_002_s2,seed2,958,2,selected_confirmation,seed2,"[""p1g2_002""]",ea2bcc01b6997f2e,ok,True,partial,0.1453,51.7950796782179,64.21677290429054,51.7950796782179,44.34206374257432,False,False,3|switch|rotor|liquid|s1|g2|structured,structured,True,mutate,False,5000.0
1,436,1,p1g1_040_s3,seed3,959,1,selected_confirmation,seed3,"[""p1g1_040""]",7d0d19df4c7eeacc,ok,True,partial,0.0,22.53293576507358,30.043914353431443,22.53293576507358,18.026348612058865,False,False,3|constant|still|frozen|s1|g2|mixed,mixed,True,dup_act,False,2500.0
1,437,1,p1g1_046_s3,seed3,959,1,selected_confirmation,seed3,"[""p1g1_046""]",7301e1a7983770c7,ok,True,partial,0.0,42.20029269403807,56.2670569253841,42.20029269403807,33.76023415523046,False,False,3|grow|drift|liquid|s1|g2|mixed,mixed,True,dup_act,False,2500.0
1,438,1,p1g1_047_s3,seed3,959,1,selected_confirmation,seed3,"[""p1g1_047""]",1c0f1ce2326ebcb9,ok,True,partial,0.4169,47.24109125113847,49.091455001517964,47.24109125113847,46.130873000910775,False,False,3|oscillator|mobile|liquid|s1|g2|structured,structured,True,dup_act,False,2500.0
1,439,1,p1g1_049_s3,seed3,959,1,selected_confirmation,seed3,"[""p1g1_049""]",dc62120b0c212700,ok,True,partial,0.5007,62.54620773091684,66.70494364122246,62.54620773091684,60.05096618473347,True,True,4|switch|mobile|liquid|s1|g1|structured,structured,True,merge_spatial_ic,False,2500.0
1,440,1,p1g1_008_s3,seed3,959,1,selected_confirmation,seed3,"[""p1g1_008""]",d83a1259b990c649,ok,True,partial,0.0,54.16070334900281,72.21427113200374,54.16070334900281,43.32856267920224,False,False,3|switch|mobile|liquid|s1|g2|mixed,mixed,True,mutate,False,5000.0
1,441,1,p1g1_012_s3,seed3,959,1,selected_confirmation,seed3,"[""p1g1_012""]",c0cd8328b83c234c,ok,True,partial,0.035,19.421671595654157,24.72889546087221,19.421671595654157,16.237337276523323,False,False,4|constant|still|frozen|s1|g2|mixed,mixed,True,mutate,False,2500.0
1,442,1,p1g1_021_s3,seed3,959,1,selected_confirmation,seed3,"[""p1g1_021""]",88a64cbd440d487d,ok,True,partial,0.1962,21.102689855554036,21.59691980740538,21.102689855554036,20.80615188444323,False,False,3|constant|drift|liquid|s1|g0|structured,structured,True,mint_bilin,False,2500.0
1,443,1,p1g1_036_s3,seed3,959,1,selected_confirmation,seed3,"[""p1g1_036""]",ed2f73e522071a33,ok,True,partial,0.3371,45.26750810625092,49.120010808334555,45.26750810625092,42.956006485000735,False,False,2|switch|drift|liquid|s1|g2|structured,structured,True,add_chan,False,2500.0
1,444,1,p1g1_010_s3,seed3,959,1,selected_confirmation,seed3,"[""p1g1_010""]",19ce8f5d2f7ec59f,ok,True,partial,0.0,21.05217705118844,28.069569401584587,21.05217705118844,16.84174164095075,False,False,1|switch|still|gas|s1|g2|mixed,mixed,True,mutate,False,2500.0
1,445,1,p1g1_028_s3,seed3,959,1,selected_confirmation,seed3,"[""p1g1_028""]",277d35dbce71ee3a,ok,True,partial,0.0,48.27806004705616,64.37074672940821,48.27806004705616,38.62244803764492,False,False,3|switch|drift|liquid|s1|g2|mixed,mixed,True,delete_bilin,False,5000.0
1,446,1,p1g3_087,screen,957,3,creative_screen,immigrate,,539badc6c3f38c9f,no_blobs,True,missing,,0.0,,,,False,False,,,,immigrate,False,
1,447,1,p1g3_096,screen,957,3,creative_screen,immigrate,,b7d0f8de3a3d1001,no_blobs,True,missing,,0.0,,,,False,False,,,,immigrate,False,
1,448,1,p1g3_097,screen,957,3,creative_screen,immigrate,,b1d3e5a0a9d80abc,no_blobs,True,missing,,0.0,,,,False,False,,,,immigrate,False,
1,449,1,p1g3_079,screen,957,3,creative_screen,immigrate,,c738b2bc4f40e58c,no_blobs,True,missing,,0.0,,,,False,False,,,,immigrate,False,
1,450,1,p1g3_083,screen,957,3,creative_screen,immigrate,,eaf5d341b48a4899,no_blobs,True,missing,,0.0,,,,False,False,,,,immigrate,False,
1,451,1,p1g3_092,screen,957,3,creative_screen,immigrate,,ce5635ba5b9ca2ac,no_blobs,True,missing,,0.0,,,,False,False,,,,immigrate,False,
1,452,1,p1g3_094,screen,957,3,creative_screen,immigrate,,9fd1f39fdd6d4fc9,no_blobs,True,missing,,0.0,,,,False,False,,,,immigrate,False,
1,453,1,p1g1_074_s3,seed3,959,1,selected_confirmation,seed3,"[""p1g1_074""]",7784cd3c50a55250,ok,True,partial,0.0517,28.26385487788234,35.96180650384312,28.26385487788234,23.645083902305874,False,False,3|switch|drift|frozen|s1|g2|mixed,mixed,True,merge_cross_edge,False,2500.0
1,454,1,p1g1_066_s3,seed3,959,1,selected_confirmation,seed3,"[""p1g1_066""]",0e11c7d87df63d4e,ok,True,partial,0.4817,57.40169125941141,60.47892167921521,57.40169125941141,55.55535300752913,False,False,4|switch|mobile|liquid|s1|g2|structured,structured,True,merge_cross_edge,False,2500.0
1,455,1,p1g1_060_s3,seed3,959,1,selected_confirmation,seed3,"[""p1g1_060""]",ae26148685c799e6,ok,True,partial,0.1057,28.62327840747416,34.64103787663221,28.62327840747416,25.012622725979327,False,False,4|switch|mobile|liquid|s1|g0|structured,structured,True,merge_cross_edge,False,2500.0
1,456,1,p1g3_080,screen,957,3,creative_screen,immigrate,,b7851a603ef588fc,ok,True,partial,0.0,0.0,0.0,0.0,0.0,False,False,1|constant|still|gas|s1|g0|mixed,mixed,,immigrate,False,2500.0
1,457,1,p1g3_085,screen,957,3,creative_screen,immigrate,,169150a6e9a8e75b,ok,True,partial,0.0,0.0,0.0,0.0,0.0,False,False,1|constant|still|gas|s1|g0|mixed,mixed,,immigrate,False,2500.0
1,458,1,p1g3_086,screen,957,3,creative_screen,immigrate,,67af75126657c00a,ok,True,partial,0.0,0.0,0.0,0.0,0.0,False,False,1|constant|still|gas|s1|g0|mixed,mixed,,immigrate,False,2500.0
1,459,1,p1g3_088,screen,957,3,creative_screen,immigrate,,2d0c301a5128becc,ok,True,partial,0.0,0.0,0.0,0.0,0.0,False,False,1|constant|still|gas|s1|g0|mixed,mixed,,immigrate,False,2500.0
1,460,1,p1g3_090,screen,957,3,creative_screen,immigrate,,637dc1a03f40be32,ok,True,partial,0.0,0.0,0.0,0.0,0.0,False,False,1|constant|still|gas|s1|g0|mixed,mixed,,immigrate,False,2500.0
1,461,1,p1g3_095,screen,957,3,creative_screen,immigrate,,61e73d159d67d2b2,ok,True,partial,0.0,0.0,0.0,0.0,0.0,False,False,1|constant|still|gas|s1|g0|mixed,mixed,,immigrate,False,2500.0
1,462,1,p1g3_089,screen,957,3,creative_screen,immigrate,,66b8ed5078f3e16a,ok,True,partial,0.0,0.0,0.0,0.0,0.0,False,False,1|constant|mobile|gas|s1|g2|mixed,mixed,,immigrate,False,2500.0
1,463,1,p1g3_093,screen,957,3,creative_screen,immigrate,,88a75f5e1a4321a0,ok,True,partial,0.0,0.0,0.0,0.0,0.0,False,False,1|constant|still|gas|s1|g2|mixed,mixed,,immigrate,False,2500.0
1,464,1,p1g3_081,screen,957,3,creative_screen,immigrate,,018278abd9b81cf4,no_blobs,True,missing,,0.0,,,,False,False,,,,immigrate,False,
1,465,1,p1g3_082,screen,957,3,creative_screen,immigrate,,ea46a0ba0748729a,no_blobs,True,missing,,0.0,,,,False,False,,,,immigrate,False,
1,466,1,p1g3_078,screen,957,3,creative_screen,immigrate,,c0f8d6637ffeec88,ok,True,partial,0.0,0.0,0.0,0.0,0.0,False,False,1|constant|still|gas|s1|g0|mixed,mixed,,immigrate,False,2500.0
1,467,1,p1g3_084,screen,957,3,creative_screen,immigrate,,88814f73eedab5db,ok,True,partial,0.0,0.0,0.0,0.0,0.0,False,False,1|constant|still|gas|s1|g2|mixed,mixed,,immigrate,False,2500.0
1,468,1,p1g3_091,screen,957,3,creative_screen,immigrate,,c4dde57ecda1cb43,ok,True,partial,0.0,0.0,0.0,0.0,0.0,False,False,1|constant|still|gas|s1|g0|mixed,mixed,,immigrate,False,2500.0
1,469,1,p1g2_023_s2,seed2,958,2,selected_confirmation,seed2,"[""p1g2_023""]",cfef5f9f077cc116,ok,True,partial,0.383,64.18312994527635,72.81083992703513,64.18312994527635,59.00650395622108,False,False,2|grow|rotor|liquid|s1|g2|structured,structured,True,mint_bilin,False,20000.0
1,470,1,p1g4_046,screen,957,4,creative_screen,dup_act,"[""p6g8_033""]",83f89d68ec1460d6,fail_g0a,True,missing,,,,,,False,False,,,,dup_act,False,
1,471,1,p1g4_047,screen,957,4,creative_screen,dup_act,"[""p6g9_021""]",b33d1ac03f925c58,fail_g0a,True,missing,,,,,,False,False,,,,dup_act,False,
1,472,1,p1g4_042,screen,957,4,creative_screen,dup_act,"[""p6g5_026""]",eec99a1a7a881891,fail_g0a,True,missing,,,,,,False,False,,,,dup_act,False,
1,473,1,p1g4_075,screen,957,4,creative_screen,merge_share_chan,"[""p2g6_020"",""ref_M0""]",284eb740c17f886e,fail_g0a,True,missing,,,,,,False,False,,,,merge_share_chan,False,
1,474,1,p1g4_076,screen,957,4,creative_screen,merge_share_chan,"[""p2g6_020"",""blk_engine_10748""]",f7b9d998090a58c8,fail_g0a,True,missing,,,,,,False,False,,,,merge_share_chan,False,
1,475,1,p1g4_077,screen,957,4,creative_screen,merge_share_chan,"[""p1g2_008"",""ref_M4_tau5.7""]",6797547e90dc8663,fail_g0a,True,missing,,,,,,False,False,,,,merge_share_chan,False,
1,476,1,p1g3_076_s2,seed2,958,3,selected_confirmation,seed2,"[""p1g3_076""]",d7833bf7894f018f,ok,True,partial,0.2988,63.49263739195047,74.69684985593396,63.49263739195047,56.770109913560376,False,False,3|switch|rotor|liquid|s1|g2|mixed,mixed,True,merge_share_chan,False,20000.0
1,477,1,p1g2_032_s3,seed3,959,2,selected_confirmation,seed3,"[""p1g2_032""]",e810275ae9ca0cb9,ok,True,partial,0.5118,63.64411882765141,67.79882510353521,63.64411882765141,61.15129506212112,True,True,2|switch|rotor|liquid|s1|g2|structured,structured,True,add_chan,False,10000.0
1,478,1,p1g4_016,screen,957,4,creative_screen,mint_bilin,"[""p1g3_044""]",20a54c495145829d,ok,True,partial,0.0,46.50130815795667,62.00174421060889,46.50130815795667,37.20104652636533,False,False,4|switch|mobile|liquid|s1|g1|mixed,mixed,,mint_bilin,False,2500.0
1,479,1,p1g4_060,screen,957,4,creative_screen,merge_cross_edge,"[""p2g4_053"",""ref_M4_tau5.7""]",261cf60146e7d45e,ok,True,partial,0.4748,72.45810328581416,80.78413771441888,72.45810328581416,67.46248262865133,True,True,3|grow|mobile|liquid|s3|g2|structured,structured,,merge_cross_edge,False,20000.0
1,480,1,p1g4_038,screen,957,4,creative_screen,add_chan,"[""p1g2_032""]",ce215b4270755146,ok,True,partial,0.4622,59.70721839667224,64.20295786222965,59.70721839667224,57.00977471733779,False,False,2|switch|rotor|liquid|s1|g2|structured,structured,,add_chan,False,20000.0
1,481,1,p1g4_020,screen,957,4,creative_screen,mint_bilin,"[""p1g2_032""]",a810badc2a49d769,ok,True,partial,0.5123,63.73787912903076,67.90717217204102,63.73787912903076,61.2363033032246,True,True,2|switch|mobile|liquid|s1|g2|structured,structured,,mint_bilin,False,5000.0
1,482,1,p1g3_044_s2,seed2,958,3,selected_confirmation,seed2,"[""p1g3_044""]",2ea3f66fff8f0377,ok,True,partial,0.0,47.26652043930207,63.022027252402765,47.26652043930207,37.81321635144166,False,False,4|grow|mobile|liquid|s1|g1|mixed,mixed,True,dup_act,False,2500.0
1,483,1,p1g3_009_s2,seed2,958,3,selected_confirmation,seed2,"[""p1g3_009""]",661cec349b9b822b,ok,True,partial,0.0,50.04411594364244,66.72548792485658,50.04411594364244,40.03529275491395,False,False,3|switch|rotor|liquid|s1|g1|mixed,mixed,True,mutate,False,20000.0
1,484,1,p1g3_017_s2,seed2,958,3,selected_confirmation,seed2,"[""p1g3_017""]",e8990416c23edc5d,ok,True,partial,0.0,45.19164277835654,60.25552370447538,45.19164277835654,36.153314222685225,False,False,3|grow|mobile|liquid|s1|g2|mixed,mixed,True,mint_bilin,False,20000.0
1,485,1,p1g3_039_s2,seed2,958,3,selected_confirmation,seed2,"[""p1g3_039""]",25958d68c2f59123,ok,True,partial,0.3934,63.350717479124,71.35428997216533,63.350717479124,58.54857398329919,False,False,4|switch|mobile|flicker|s1|g2|structured,structured,True,add_chan,False,20000.0
1,486,1,p1g3_045_s2,seed2,958,3,selected_confirmation,seed2,"[""p1g3_045""]",8bbf12cf7adefe25,ok,True,partial,0.0,59.790027689829394,79.72003691977253,59.790027689829394,47.83202215186351,False,False,4|grow|mobile|liquid|s1|g2|mixed,mixed,True,dup_act,False,20000.0
1,487,1,p1g3_008_s2,seed2,958,3,selected_confirmation,seed2,"[""p1g3_008""]",ecbc5598512b3690,ok,True,partial,0.2198,61.601636212717374,74.80884828362316,61.601636212717374,53.6773089701739,False,False,3|switch|rotor|liquid|s1|g2|structured,structured,True,mutate,False,20000.0
1,488,1,p1g3_064_s2,seed2,958,3,selected_confirmation,seed2,"[""p1g3_064""]",b6b254a876d14772,ok,True,partial,0.0,53.09407238171356,70.79209650895142,53.09407238171356,42.475257905370846,False,False,3|grow|mobile|liquid|s2|g2|mixed,mixed,True,merge_cross_edge,False,20000.0
1,489,1,p1g3_074_s2,seed2,958,3,selected_confirmation,seed2,"[""p1g3_074""]",54c569ddad727a7c,ok,True,partial,0.0,51.62720085982638,68.83626781310184,51.62720085982638,41.301760687861105,False,False,4|grow|rotor|liquid|s1|g2|mixed,mixed,True,merge_share_chan,False,20000.0
1,490,1,p1g3_034_s2,seed2,958,3,selected_confirmation,seed2,"[""p1g3_034""]",8dfb19a54acd1e94,ok,True,partial,0.4478,60.29811088327893,65.47081451103857,60.29811088327893,57.19448870662314,True,False,3|oscillator|mobile|liquid|s1|g2|structured,structured,True,add_chan,False,20000.0
1,491,1,p1g2_025_s3,seed3,959,2,selected_confirmation,seed3,"[""p1g2_025""]",3c7de08eee7c87e0,ok,True,partial,0.6505,75.220564702629,78.61075293683868,75.220564702629,73.1864517621032,True,True,4|grow|rotor|flicker|s1|g2|structured,structured,True,mint_bilin,False,20000.0
1,492,1,p1g2_049_s3,seed3,959,2,selected_confirmation,seed3,"[""p1g2_049""]",fa86cb8089d048d0,ok,True,partial,0.6347,82.3327196684081,88.6202928912108,82.3327196684081,78.56017573472647,True,True,4|grow|mobile|liquid|s3|g2|structured,structured,True,merge_spatial_ic,False,20000.0
1,493,1,p1g2_059_s3,seed3,959,2,selected_confirmation,seed3,"[""p1g2_059""]",a7e69f604130beb2,ok,True,partial,0.4068,67.51024424850861,76.45365899801149,67.51024424850861,62.14419539880689,True,True,4|switch|rotor|liquid|s1|g2|structured,structured,True,merge_cross_edge,False,20000.0
1,494,1,p1g2_065_s3,seed3,959,2,selected_confirmation,seed3,"[""p1g2_065""]",50f8ec73c68c31bb,ok,True,partial,0.3257,60.83754568401305,70.26006091201741,60.83754568401305,55.18403654721044,False,False,4|switch|drift|liquid|s2|g2|structured,structured,True,merge_cross_edge,False,20000.0
1,495,1,p1g2_035_s3,seed3,959,2,selected_confirmation,seed3,"[""p1g2_035""]",497b89686dc6f9d8,ok,True,partial,0.3541,68.22336896091812,79.1611586145575,68.22336896091812,61.6606951687345,False,False,3|grow|rotor|liquid|s1|g2|structured,structured,True,add_chan,False,20000.0
1,496,1,p1g2_051_s3,seed3,959,2,selected_confirmation,seed3,"[""p1g2_051""]",9a815b4bb1db78ea,ok,True,partial,0.6631,82.10924074455039,87.37565432606719,82.10924074455039,78.94939259564032,True,True,4|grow|mobile|liquid|s3|g2|structured,structured,True,merge_spatial_ic,False,20000.0
1,497,1,p1g2_027_s3,seed3,959,2,selected_confirmation,seed3,"[""p1g2_027""]",77e68a53a8f960b8,ok,True,partial,0.5635,75.49112275712429,81.87149700949905,75.49112275712429,71.66289820569943,True,True,3|grow|rotor|liquid|s1|g2|structured,structured,True,mint_bilin,False,20000.0
1,498,1,p1g2_079_s3,seed3,959,2,selected_confirmation,seed3,"[""p1g2_079""]",dc83264b5807f57d,ok,True,partial,0.4134,62.5156784679724,69.57423795729653,62.5156784679724,58.28054277437792,True,False,4|switch|rotor|liquid|s1|g2|structured,structured,True,merge_share_chan,False,20000.0
1,499,1,p1g2_052_s3,seed3,959,2,selected_confirmation,seed3,"[""p1g2_052""]",9a815b4bb1db78ea,ok,True,partial,0.6631,82.10924074455039,87.37565432606719,82.10924074455039,78.94939259564032,True,True,4|grow|mobile|liquid|s3|g2|structured,structured,True,merge_spatial_ic,False,20000.0
1,500,1,p1g2_031_s3,seed3,959,2,selected_confirmation,seed3,"[""p1g2_031""]",04abf03262a9dbaf,ok,True,partial,0.3269,70.73194412931917,83.41259217242556,70.73194412931917,63.12355530345533,False,False,3|switch|mobile|liquid|s2|g2|structured,structured,True,delete_bilin,False,20000.0
1,501,1,p1g2_048_s3,seed3,959,2,selected_confirmation,seed3,"[""p1g2_048""]",99843d9cd96588d6,ok,True,partial,0.3906,74.92995339061608,86.88660452082144,74.92995339061608,67.75596271249286,False,False,3|switch|rotor|liquid|s2|g2|structured,structured,True,merge_spatial_ic,False,20000.0
1,502,1,p1g2_071_s3,seed3,959,2,selected_confirmation,seed3,"[""p1g2_071""]",ff86dc7ea86a0b5a,ok,True,partial,0.4404,63.885935794054866,70.50124772540649,63.885935794054866,59.91674863524389,True,False,3|grow|mobile|liquid|s1|g2|structured,structured,True,merge_slow_tanh,False,20000.0
1,503,1,p1g2_028_s3,seed3,959,2,selected_confirmation,seed3,"[""p1g2_028""]",a4fb766e789d8925,ok,True,partial,0.488,65.20766113412765,70.6768815121702,65.20766113412765,61.926128907302115,True,True,4|grow|rotor|liquid|s2|g0|structured,structured,True,delete_bilin,False,20000.0
1,504,1,p1g2_054_s3,seed3,959,2,selected_confirmation,seed3,"[""p1g2_054""]",c53633b366a18482,ok,True,partial,0.265,57.014599491106694,67.18613265480893,57.014599491106694,50.911679592885356,False,False,2|grow|rotor|liquid|s1|g2|structured,structured,True,merge_spatial_ic,False,20000.0
1,505,1,p1g3_035_s2,seed2,958,3,selected_confirmation,seed2,"[""p1g3_035""]",46505242674afd5a,ok,True,partial,0.0,50.30766587657217,67.07688783542956,50.30766587657217,40.246132701257736,False,False,4|switch|rotor|flicker|s1|g2|mixed,mixed,True,add_chan,False,20000.0
1,506,1,p1g3_036_s2,seed2,958,3,selected_confirmation,seed2,"[""p1g3_036""]",9d66d9b5a5604b4f,ok,True,partial,0.3386,69.22317996320076,81.01090661760102,69.22317996320076,62.15054397056062,False,False,4|switch|mobile|liquid|s1|g2|structured,structured,True,add_chan,False,10000.0
1,507,1,p1g3_068_s2,seed2,958,3,selected_confirmation,seed2,"[""p1g3_068""]",2c8b16510532bfe8,ok,True,partial,0.3055,70.06224214481033,83.23298952641377,70.06224214481033,62.15979371584826,False,False,4|switch|rotor|liquid|s3|g2|structured,structured,True,merge_cross_edge,False,10000.0
1,508,1,p1g3_018_s2,seed2,958,3,selected_confirmation,seed2,"[""p1g3_018""]",cb0961c985bdaaae,ok,True,partial,0.3082,65.44794311080162,76.99059081440215,65.44794311080162,58.522354488641284,False,False,3|grow|rotor|liquid|s2|g2|structured,structured,True,mint_bilin,False,10000.0
1,509,1,p1g3_028_s2,seed2,958,3,selected_confirmation,seed2,"[""p1g3_028""]",dbee78c83f084ba2,ok,True,partial,0.2897,67.286824192254,80.05909892300534,67.286824192254,59.6234593538032,False,False,3|grow|rotor|liquid|s2|g2|structured,structured,True,delete_bilin,False,10000.0
1,510,1,p1g3_050_s2,seed2,958,3,selected_confirmation,seed2,"[""p1g3_050""]",84ec665a3a51196b,ok,True,partial,0.1705,63.64168234698431,79.1722431293124,63.64168234698431,54.32334587758744,False,False,4|grow|mobile|flicker|s3|g2|mixed,mixed,True,merge_spatial_ic,False,10000.0
1,511,1,p1g3_030_s2,seed2,958,3,selected_confirmation,seed2,"[""p1g3_030""]",301efdd69e749619,ok,True,partial,0.2916,67.6951381282441,80.54018417099212,67.6951381282441,59.98811050259527,False,False,3|switch|mobile|liquid|s2|g2|structured,structured,True,delete_bilin,False,10000.0
1,512,1,p1g3_027_s2,seed2,958,3,selected_confirmation,seed2,"[""p1g3_027""]",c5cb91aabbcf273a,ok,True,partial,0.2349,65.85539270609569,79.97719027479424,65.85539270609569,57.38231416487654,False,False,3|switch|rotor|liquid|s2|g2|structured,structured,True,mint_bilin,False,20000.0
1,513,1,p1g2_069_s3,seed3,959,2,selected_confirmation,seed3,"[""p1g2_069""]",f4f924b616a2a207,ok,True,partial,0.1761,49.8748220876777,60.629762783570264,49.8748220876777,43.42185767014216,False,False,4|grow|still|liquid|s1|g2|structured,structured,True,merge_cross_edge,False,10000.0
1,514,1,p1g2_068_s3,seed3,959,2,selected_confirmation,seed3,"[""p1g2_068""]",e4567a813f6f5a04,ok,True,partial,0.4711,74.10040939125052,83.09721252166736,74.10040939125052,68.70232751300041,True,True,4|switch|rotor|liquid|s3|g2|structured,structured,True,merge_cross_edge,False,10000.0
1,515,1,p1g2_060_s3,seed3,959,2,selected_confirmation,seed3,"[""p1g2_060""]",7c2ae1533ca98b22,ok,True,partial,0.0,45.43583478236637,60.58111304315516,45.43583478236637,36.348667825893095,False,False,4|switch|still|liquid|s1|g2|mixed,mixed,True,merge_cross_edge,False,10000.0
1,516,1,p1g3_029_s2,seed2,958,3,selected_confirmation,seed2,"[""p1g3_029""]",189308288a79aece,ok,True,partial,0.1469,39.79208136878181,48.15944182504241,39.79208136878181,34.77166509502544,False,False,3|oscillator|still|liquid|s1|g2|mixed,mixed,True,delete_bilin,False,5000.0
1,517,1,p1g3_060_s2,seed2,958,3,selected_confirmation,seed2,"[""p1g3_060""]",6e54ca5ec9a42a80,ok,True,partial,0.5571,59.06369141829756,60.18158855773007,59.06369141829756,58.39295313463805,False,False,3|oscillator|mobile|liquid|s1|g2|structured,structured,True,merge_cross_edge,False,5000.0
1,518,1,p1g3_061_s2,seed2,958,3,selected_confirmation,seed2,"[""p1g3_061""]",bc040d8b26def477,ok,True,partial,0.4763,65.9186332584124,72.01484434454987,65.9186332584124,62.26090660672992,True,True,4|switch|mobile|liquid|s1|g2|structured,structured,True,merge_cross_edge,False,5000.0
1,519,1,p1g3_075_s2,seed2,958,3,selected_confirmation,seed2,"[""p1g3_075""]",a7832e99d3ec0360,ok,True,partial,0.0,27.711612931150462,36.94881724153395,27.711612931150462,22.16929034492037,False,False,3|switch|still|frozen|s1|g2|mixed,mixed,True,merge_share_chan,False,5000.0
1,520,1,p1g3_007_s2,seed2,958,3,selected_confirmation,seed2,"[""p1g3_007""]",fffc151241f9ddb6,ok,True,partial,0.4452,67.10699001960073,74.63598669280098,67.10699001960073,62.58959201568059,True,True,3|switch|mobile|liquid|s1|g2|structured,structured,True,mutate,False,5000.0
1,521,1,p1g3_011_s2,seed2,958,3,selected_confirmation,seed2,"[""p1g3_011""]",9430518be27829bc,ok,True,partial,0.4949,60.32031816855044,63.930424224733926,60.32031816855044,58.154254534840355,True,False,3|switch|rotor|liquid|s1|g2|structured,structured,True,mutate,False,5000.0
1,522,1,p1g2_064_s3,seed3,959,2,selected_confirmation,seed3,"[""p1g2_064""]",bd534d84815f7264,ok,True,partial,0.1459,41.09803347551911,49.93404463402548,41.09803347551911,35.79642678041529,False,False,3|oscillator|still|liquid|s1|g2|mixed,mixed,True,merge_cross_edge,False,5000.0
1,523,1,p1g2_074_s3,seed3,959,2,selected_confirmation,seed3,"[""p1g2_074""]",be227dd29c4b1b72,ok,True,partial,0.1041,50.75214905875378,64.19953207833838,50.75214905875378,42.683719247003026,False,False,4|switch|rotor|liquid|s1|g2|mixed,mixed,True,merge_cross_edge,False,10000.0
1,524,1,p1g2_022_s3,seed3,959,2,selected_confirmation,seed3,"[""p1g2_022""]",453f2b0f3abb445e,ok,True,partial,0.2569,51.94294301285939,60.693924017145854,51.94294301285939,46.69235441028751,False,False,1|grow|mobile|liquid|s2|g2|structured,structured,True,mint_bilin,False,20000.0
1,525,1,p1g2_024_s3,seed3,959,2,selected_confirmation,seed3,"[""p1g2_024""]",6764645ff5df84fa,ok,True,partial,0.3221,61.11106528727928,70.74475371637237,61.11106528727928,55.33085222982342,False,False,4|grow|mobile|flicker|s1|g2|structured,structured,True,mint_bilin,False,20000.0
1,526,1,p1g2_033_s3,seed3,959,2,selected_confirmation,seed3,"[""p1g2_033""]",cfa2e47a1265b2d7,ok,True,partial,0.0,59.02545456021787,78.70060608029048,59.02545456021787,47.22036364817429,False,False,3|switch|mobile|liquid|s1|g2|mixed,mixed,True,add_chan,False,20000.0
1,527,1,p1g2_021_s3,seed3,959,2,selected_confirmation,seed3,"[""p1g2_021""]",67cf8460076bdd5b,ok,True,partial,0.4334,57.278050940738105,61.924067920984136,57.278050940738105,54.49044075259048,False,False,3|grow|mobile|liquid|s1|g0|structured,structured,False,mint_bilin,False,10000.0
1,528,1,p1g3_005_s2,seed2,958,3,selected_confirmation,seed2,"[""p1g3_005""]",86801acb1b8c160d,ok,True,partial,0.523,70.26001344480079,76.24668459306771,70.26001344480079,66.66801075584063,True,True,3|grow|mobile|liquid|s2|g1|structured,structured,True,mutate,False,20000.0
1,529,1,p1g2_004_s3,seed3,959,2,selected_confirmation,seed3,"[""p1g2_004""]",787cb29e01dcb464,ok,True,partial,0.0454,27.801825745820754,35.555767661094336,27.801825745820754,23.1494605966566,False,False,3|switch|still|frozen|s1|g2|structured,structured,True,mutate,False,5000.0
1,530,1,p1g2_070_s3,seed3,959,2,selected_confirmation,seed3,"[""p1g2_070""]",da6d90a3c6681e94,ok,True,partial,0.2694,58.30694367691283,68.76259156921711,58.30694367691283,52.03355494153027,False,False,4|switch|rotor|liquid|s1|g2|mixed,mixed,True,merge_cross_edge,False,5000.0
1,531,1,p1g2_036_s3,seed3,959,2,selected_confirmation,seed3,"[""p1g2_036""]",a28c7ceedeb71ec5,ok,True,partial,0.1014,41.10905129578208,51.43206839437611,41.10905129578208,34.915241036625666,False,False,2|oscillator|still|liquid|s1|g2|mixed,mixed,True,add_chan,False,20000.0
1,532,1,p1g2_003_s3,seed3,959,2,selected_confirmation,seed3,"[""p1g2_003""]",fd9903147f8cb2aa,ok,True,partial,0.1996,54.8020981284296,66.41613083790612,54.8020981284296,47.83367850274367,False,False,3|switch|drift|liquid|s1|g2|mixed,mixed,True,mutate,False,5000.0
1,533,1,p1g2_012_s3,seed3,959,2,selected_confirmation,seed3,"[""p1g2_012""]",6b45a58efcb59f51,ok,True,partial,0.1107,47.56898161346885,59.73530881795847,47.56898161346885,40.26918529077508,False,False,2|switch|still|liquid|s1|g2|mixed,mixed,True,mutate,False,10000.0
1,534,1,p1g2_002_s3,seed3,959,2,selected_confirmation,seed3,"[""p1g2_002""]",ea2bcc01b6997f2e,ok,True,partial,0.4362,53.82503874235681,57.226718323142414,53.82503874235681,51.784030993885445,False,False,2|switch|rotor|liquid|s1|g2|structured,structured,True,mutate,False,5000.0
1,535,1,p1g4_004,screen,957,4,creative_screen,mutate,"[""p2g7_039""]",3ee35238095baffe,ok,True,partial,0.1689,36.15939726666032,42.582529688880435,36.15939726666032,32.305517813328265,False,False,2|switch|mobile|liquid|s1|g2|structured,structured,,mutate,False,2500.0
1,536,1,p1g4_006,screen,957,4,creative_screen,mutate,"[""p1g2_069""]",094fb9f1f2b790fd,ok,True,partial,0.0098,15.495618169298927,20.334157559065236,15.495618169298927,12.59249453543914,False,False,3|constant|still|frozen|s1|g2|mixed,mixed,,mutate,False,2500.0
1,537,1,p1g4_007,screen,957,4,creative_screen,mutate,"[""p1g3_029""]",2ec16af7837671a1,ok,True,partial,0.1069,40.02674587735737,49.80566116980983,40.02674587735737,34.159396701885896,False,False,3|grow|still|liquid|s1|g2|structured,structured,,mutate,False,5000.0
1,538,1,p1g4_024,screen,957,4,creative_screen,mint_bilin,"[""p1g3_035""]",8f4e6c5e5fa60231,ok,True,partial,0.0,51.782371476668416,69.04316196889123,51.782371476668416,41.42589718133473,False,False,4|switch|rotor|flicker|s1|g2|mixed,mixed,,mint_bilin,False,20000.0
1,539,1,p1g4_032,screen,957,4,creative_screen,add_chan,"[""p3g9_022""]",4c79bfce0440f8d5,ok,True,partial,0.3879,57.79736665076479,64.13315553435307,57.79736665076479,53.99589332061184,False,False,3|grow|mobile|liquid|s1|g2|structured,structured,,add_chan,False,5000.0
1,540,1,p1g4_035,screen,957,4,creative_screen,add_chan,"[""p3g6_032""]",341c864c6efd0076,ok,True,partial,0.5368,68.95411871964856,74.04549162619807,68.95411871964856,65.89929497571885,True,True,4|grow|mobile|liquid|s2|g1|structured,structured,,add_chan,False,5000.0
1,541,1,p1g4_037,screen,957,4,creative_screen,add_chan,"[""p1g3_008""]",958193ab4860df54,ok,True,partial,0.1941,50.38551568127202,60.710687575029354,50.38551568127202,44.19041254501761,False,False,3|oscillator|drift|liquid|s1|g2|structured,structured,,add_chan,False,20000.0
1,542,1,p1g4_039,screen,957,4,creative_screen,add_chan,"[""p1g1_029""]",3fb01597e1c05745,ok,True,partial,0.4103,63.79274173957719,71.38032231943625,63.79274173957719,59.24019339166175,True,False,4|grow|mobile|liquid|s1|g1|structured,structured,,add_chan,False,5000.0
1,543,1,p1g4_041,screen,957,4,creative_screen,dup_act,"[""p6g9_021""]",e21e4aba7380665b,ok,True,partial,0.0,31.257733965191775,41.6769786202557,31.257733965191775,25.00618717215342,False,False,2|oscillator|still|liquid|s1|g2|mixed,mixed,,dup_act,False,2500.0
1,544,1,p1g4_045,screen,957,4,creative_screen,dup_act,"[""p2g6_020""]",02688496c5146414,ok,True,partial,0.2044,70.3510996060421,86.98813280805612,70.3510996060421,60.36887968483367,False,False,4|grow|rotor|liquid|s3|g2|structured,structured,,dup_act,False,20000.0
1,545,1,p1g4_052,screen,957,4,creative_screen,merge_spatial_ic,"[""p2g7_039"",""p2g4_053""]",fa86cb8089d048d0,ok,True,partial,0.4663,60.61971654557392,65.28295539409856,60.61971654557392,57.82177323645914,True,False,3|grow|rotor|liquid|s1|g2|structured,structured,,merge_spatial_ic,True,2500.0
1,546,1,p1g4_056,screen,957,4,creative_screen,merge_cross_edge,"[""p6g7_013"",""ref_BFIELD_g0.05""]",3398c236ed324bab,ok,True,partial,0.2376,52.416576215239196,61.9687682869856,52.416576215239196,46.68526097219136,False,False,4|switch|drift|liquid|s1|g2|mixed,mixed,,merge_cross_edge,False,2500.0
1,547,1,p1g4_058,screen,957,4,creative_screen,merge_cross_edge,"[""p2g6_020"",""ref_iso_d0.65""]",3f6d44f7074a1ba0,ok,True,partial,0.0,45.52978230480408,60.70637640640544,45.52978230480408,36.42382584384326,False,False,4|switch|mobile|liquid|s1|g2|mixed,mixed,,merge_cross_edge,False,10000.0
1,548,1,p1g4_063,screen,957,4,creative_screen,merge_cross_edge,"[""p1g2_003"",""blk_engine_10748""]",7c33c335fe03f042,ok,True,partial,0.3166,59.43394554186193,68.69192738914924,59.43394554186193,53.87915643348955,False,False,4|switch|mobile|liquid|s1|g2|mixed,mixed,,merge_cross_edge,False,5000.0
1,549,1,p1g4_064,screen,957,4,creative_screen,merge_cross_edge,"[""p6g5_025"",""ref_M0""]",5906346a8d91e32e,ok,True,partial,0.235,46.302701187750294,53.90360158366706,46.302701187750294,41.74216095020024,False,False,3|switch|mobile|liquid|s1|g2|mixed,mixed,,merge_cross_edge,False,2500.0
1,550,1,p1g4_065,screen,957,4,creative_screen,merge_cross_edge,"[""p1g6_065"",""ref_iso_d0.65""]",737a7930f383f950,ok,True,partial,0.429,44.516810539031404,45.0557473853752,44.516810539031404,44.19344843122512,False,False,4|constant|drift|liquid|s1|g2|structured,structured,,merge_cross_edge,False,5000.0
1,551,1,p1g4_069,screen,957,4,creative_screen,merge_slow_tanh,"[""p4g5_070"",""ref_iso_d0.75""]",b5bd74556f52443f,ok,True,partial,0.5362,42.69010317758537,39.046804236780496,42.69010317758537,44.876082542068296,False,False,2|constant|mobile|liquid|s1|g2|structured,structured,,merge_slow_tanh,False,2500.0
1,552,1,p1g4_070,screen,957,4,creative_screen,merge_cross_edge,"[""p1g3_027"",""blk_engine_10748""]",6d7ed414f8dcda9e,ok,True,partial,0.114,49.3301550487302,61.9735400649736,49.3301550487302,41.74412403898416,False,False,4|switch|drift|liquid|s2|g2|mixed,mixed,,merge_cross_edge,False,5000.0
1,553,1,p1g4_073,screen,957,4,creative_screen,merge_cross_edge,"[""p4g4_018"",""ref_M4_tau5.7""]",7e93b6b3eee63ade,ok,True,partial,0.2368,44.40680587116279,51.31574116155038,44.40680587116279,40.261444696930226,False,False,3|switch|drift|liquid|s1|g2|mixed,mixed,,merge_cross_edge,False,10000.0
1,554,1,p1g4_001,screen,957,4,creative_screen,mutate,"[""p1g2_075""]",00b1d737ee707e06,ok,True,partial,0.0,23.129768546860774,30.839691395814366,23.129768546860774,18.50381483748862,False,False,3|constant|still|liquid|s1|g2|mixed,mixed,,mutate,False,2500.0
1,555,1,p1g4_002,screen,957,4,creative_screen,mutate,"[""p6g8_033""]",8bd78d7fb887365b,ok,True,partial,0.5697,61.08062361826356,62.45083149101808,61.08062361826356,60.25849889461085,True,True,2|grow|mobile|liquid|s1|g2|structured,structured,,mutate,False,2500.0
1,556,1,p1g4_003,screen,957,4,creative_screen,mutate,"[""p3g6_032""]",7ce73bd3aa9f6b3b,ok,True,partial,0.0,3.8909020234342706,5.1878693645790275,3.8909020234342706,3.1127216187474165,False,False,2|constant|still|frozen|s1|g0|mixed,mixed,,mutate,False,2500.0
1,557,1,p1g4_059,screen,957,4,creative_screen,merge_cross_edge,"[""p2g6_020"",""ref_iso_d0.65""]",0b2e158febda70ea,ok,True,partial,0.3031,64.8083099298941,76.30774657319212,64.8083099298941,57.90864794391527,False,False,3|grow|rotor|liquid|s2|g2|structured,structured,,merge_cross_edge,False,20000.0
1,558,1,p1g4_061,screen,957,4,creative_screen,merge_cross_edge,"[""p2g6_020"",""ref_M4_tau5.7""]",69c186c48d59931c,ok,True,partial,0.3314,70.56526316470355,83.04035088627141,70.56526316470355,63.080210531762845,False,False,4|grow|rotor|liquid|s3|g2|structured,structured,,merge_cross_edge,False,20000.0
1,559,1,p1g4_062,screen,957,4,creative_screen,merge_cross_edge,"[""p2g6_020"",""ref_M4_tau5.7""]",c7e941fbd799f308,ok,True,partial,0.3357,69.44217926609737,81.39957235479649,69.44217926609737,62.26774341287789,False,False,4|grow|rotor|liquid|s2|g2|structured,structured,,merge_cross_edge,False,20000.0
1,560,1,p1g4_066,screen,957,4,creative_screen,merge_cross_edge,"[""p2g6_020"",""ref_iso_d0.65""]",5c500ec8ca703339,ok,True,partial,0.4853,72.48212722727578,80.46616963636772,72.48212722727578,67.69170178182063,True,True,4|grow|rotor|liquid|s2|g2|structured,structured,,merge_cross_edge,False,10000.0
1,561,1,p1g4_068,screen,957,4,creative_screen,merge_slow_tanh,"[""p1g2_023"",""blk_p6g1_043""]",dc60a589bc9f3433,ok,True,partial,0.5497,66.65958103151439,70.55610804201919,66.65958103151439,64.32166482521151,True,True,4|grow|rotor|liquid|s1|g2|structured,structured,,merge_slow_tanh,False,5000.0
1,562,1,p1g4_072,screen,957,4,creative_screen,merge_cross_edge,"[""p2g6_020"",""ref_M0""]",74ebfa1656898bcb,ok,True,partial,0.0553,49.20255696938014,63.76007595917352,49.20255696938014,40.468045575504114,False,False,4|switch|rotor|frozen|s1|g2|mixed,mixed,,merge_cross_edge,False,5000.0
1,563,1,p1g4_074,screen,957,4,creative_screen,merge_cross_edge,"[""p2g6_020"",""ref_M0""]",714fe1adf08a0292,ok,True,partial,0.4603,71.39109819845785,79.84479759794381,71.39109819845785,66.31887855876629,True,True,4|switch|rotor|liquid|s2|g2|structured,structured,,merge_cross_edge,False,10000.0
1,564,1,p1g4_005,screen,957,4,creative_screen,mutate,"[""p3g9_022""]",696af8ccf026def7,ok,True,partial,0.3846,57.64780972453631,64.04374629938174,57.64780972453631,53.810247779629044,False,False,3|grow|rotor|liquid|s1|g2|structured,structured,,mutate,False,5000.0
1,565,1,p1g4_009,screen,957,4,creative_screen,mutate,"[""p2g4_030""]",8668a03e7694dbf2,ok,True,partial,0.1174,55.124815874610505,69.58642116614733,55.124815874610505,46.4478526996884,False,False,4|grow|mobile|flicker|s2|g2|mixed,mixed,,mutate,False,5000.0
1,566,1,p1g4_010,screen,957,4,creative_screen,mutate,"[""p3g6_032""]",af4d293ecc671f7a,ok,True,partial,0.6171,70.33795868810836,73.21394491747782,70.33795868810836,68.61236695048669,True,True,4|switch|mobile|liquid|s1|g1|structured,structured,,mutate,False,2500.0
1,567,1,p1g4_012,screen,957,4,creative_screen,mutate,"[""p3g6_032""]",9a2cd51c2edfa9fb,ok,True,partial,0.6295,72.69866813931259,75.94822418575012,72.69866813931259,70.74893451145007,True,True,4|grow|mobile|liquid|s1|g1|structured,structured,,mutate,False,10000.0
1,568,1,p1g4_013,screen,957,4,creative_screen,mutate,"[""p3g9_022""]",1bccbf51d270090b,ok,True,partial,0.2698,46.609861591640716,53.15314878885429,46.609861591640716,42.68388927331257,False,False,4|switch|mobile|liquid|s1|g2|structured,structured,,mutate,False,2500.0
1,569,1,p1g4_014,screen,957,4,creative_screen,mutate,"[""p3g6_032""]",ffc85a88ed49bb3e,ok,True,partial,0.3024,43.372130618503974,47.749507491338626,43.372130618503974,40.74570449480318,False,False,3|switch|mobile|liquid|s1|g0|structured,structured,,mutate,False,2500.0
1,570,1,p1g4_015,screen,957,4,creative_screen,mutate,"[""p6g9_021""]",520c5cfdb13c97f1,ok,True,partial,0.0739,21.935177215284188,26.783569620378916,21.935177215284188,19.026141772227348,False,False,1|switch|still|frozen|s1|g2|structured,structured,,mutate,False,2500.0
1,571,1,p1g4_017,screen,957,4,creative_screen,mint_bilin,"[""p3g9_022""]",7b695e45435aba7d,ok,True,partial,0.0,55.84250110942213,74.45666814589617,55.84250110942213,44.6740008875377,False,False,4|grow|rotor|liquid|s1|g2|structured,structured,,mint_bilin,False,5000.0
1,572,1,p1g4_018,screen,957,4,creative_screen,mint_bilin,"[""p1g7_032""]",a2e659de1f9ee731,ok,True,partial,0.3554,64.03995161071083,73.53993548094778,64.03995161071083,58.33996128856867,False,False,4|grow|rotor|liquid|s1|g1|structured,structured,,mint_bilin,False,5000.0
1,573,1,p1g4_021,screen,957,4,creative_screen,mint_bilin,"[""p3g6_032""]",e3a00716b24d4fd4,ok,True,partial,0.3592,59.891822408138,67.88242987751732,59.891822408138,55.097457926510394,False,False,4|grow|mobile|liquid|s1|g1|structured,structured,,mint_bilin,False,5000.0
1,574,1,p1g4_022,screen,957,4,creative_screen,mint_bilin,"[""p3g9_022""]",c71f77ac2a1edfe0,ok,True,partial,0.5916,65.97713908735045,68.24951878313394,65.97713908735045,64.61371126988035,True,True,4|grow|mobile|liquid|s1|g2|structured,structured,,mint_bilin,False,2500.0
1,575,1,p1g4_023,screen,957,4,creative_screen,mint_bilin,"[""p6g8_033""]",94fe294d11e84969,ok,True,partial,0.4643,64.12961156216006,70.0294820828801,64.12961156216006,60.58968924972805,True,True,3|switch|rotor|liquid|s1|g2|structured,structured,,mint_bilin,False,2500.0
1,576,1,p1g4_025,screen,957,4,creative_screen,mint_bilin,"[""p3g9_022""]",b9171c6f6e80724d,ok,True,partial,0.3586,26.766041614440116,23.73472215258682,26.766041614440116,28.58483329155209,False,False,3|constant|mobile|liquid|s1|g0|structured,structured,,mint_bilin,False,2500.0
1,577,1,p1g4_026,screen,957,4,creative_screen,mint_bilin,"[""p3g9_022""]",93f51aa657671aaf,ok,True,partial,0.3586,26.766041614440116,23.73472215258682,26.766041614440116,28.58483329155209,False,False,3|constant|mobile|liquid|s1|g0|structured,structured,,mint_bilin,False,2500.0
1,578,1,p1g4_027,screen,957,4,creative_screen,mint_bilin,"[""p3g9_022""]",5114b348b82713a9,ok,True,partial,0.5839,67.31401702516746,70.28868936688994,67.31401702516746,65.52921362013396,True,True,4|grow|mobile|liquid|s1|g2|structured,structured,,mint_bilin,False,5000.0
1,579,1,p1g4_029,screen,957,4,creative_screen,delete_bilin,"[""p1g2_075""]",32f473f369bd451d,ok,True,partial,0.0,34.77078654601066,46.36104872801422,34.77078654601066,27.81662923680853,False,False,4|constant|drift|flicker|s1|g2|mixed,mixed,,delete_bilin,False,2500.0
1,580,1,p1g4_031,screen,957,4,creative_screen,delete_bilin,"[""p6g9_021""]",bd353bc117db191e,ok,True,partial,0.418,74.58924791194924,85.51899721593233,74.58924791194924,68.0313983295594,True,True,3|switch|rotor|liquid|s2|g2|structured,structured,,delete_bilin,False,10000.0
1,581,1,p1g4_033,screen,957,4,creative_screen,add_chan,"[""p6g5_026""]",b439f6b9ece697bf,ok,True,partial,0.0,30.598010689753572,40.7973475863381,30.598010689753572,24.478408551802858,False,False,2|relaxation|drift|liquid|s1|g2|mixed,mixed,,add_chan,False,2500.0
1,582,1,p1g4_055,screen,957,4,creative_screen,merge_spatial_ic,"[""p1g1_049"",""p1g7_032""]",dc62120b0c212700,ok,True,partial,0.3902,62.88743703372856,70.84324937830475,62.88743703372856,58.113949626982844,False,False,4|switch|mobile|liquid|s1|g1|structured,structured,,merge_spatial_ic,True,2500.0
1,583,1,p1g4_008,screen,957,4,creative_screen,mutate,"[""p6g5_026""]",9286c3282db105b3,ok,True,partial,0.0277,17.209276713530883,22.022368951374514,17.209276713530883,14.321421370824709,False,False,1|oscillator|still|frozen|s1|g2|mixed,mixed,,mutate,False,2500.0
1,584,1,p1g4_036,screen,957,4,creative_screen,add_chan,"[""p5g3_062""]",0b0ba5b42d44000e,ok,True,partial,0.0,48.3339655386175,64.44528738482333,48.3339655386175,38.667172430894,False,False,3|grow|rotor|liquid|s1|g0|mixed,mixed,,add_chan,False,10000.0
1,585,1,p1g4_040,screen,957,4,creative_screen,dup_act,"[""p1g2_003""]",0f55e600bb82a029,ok,True,partial,0.0,45.58129498934185,60.775059985789134,45.58129498934185,36.46503599147348,False,False,4|switch|drift|liquid|s1|g2|mixed,mixed,,dup_act,False,10000.0
1,586,1,p1g4_049,screen,957,4,creative_screen,merge_spatial_ic,"[""p4g1_018"",""p1g5_022""]",bdeaaefe8a5b91e0,ok,True,partial,0.0,48.79292105464931,65.05722807286575,48.79292105464931,39.03433684371945,False,False,3|switch|rotor|flicker|s1|g2|mixed,mixed,,merge_spatial_ic,True,2500.0
1,587,1,p1g4_034,screen,957,4,creative_screen,add_chan,"[""p6g5_026""]",1ee1b077bc2fe6fd,ok,True,partial,0.4606,67.81670964133131,75.06894618844176,67.81670964133131,63.46536771306505,True,True,3|grow|mobile|liquid|s1|g2|structured,structured,,add_chan,False,2500.0
1,588,1,p1g4_043,screen,957,4,creative_screen,dup_act,"[""p6g7_028""]",edbf1caa851c31b2,ok,True,partial,0.335,65.15559303599109,75.70745738132145,65.15559303599109,58.82447442879287,False,False,4|switch|rotor|liquid|s1|g2|structured,structured,,dup_act,False,20000.0
1,589,1,p1g4_044,screen,957,4,creative_screen,dup_act,"[""p6g7_028""]",5cace89eac837cb6,ok,True,partial,0.0,57.68470684981838,76.91294246642451,57.68470684981838,46.147765479854705,False,False,4|grow|rotor|liquid|s1|g2|mixed,mixed,,dup_act,False,20000.0
1,590,1,p1g4_050,screen,957,4,creative_screen,merge_spatial_ic,"[""p3g9_022"",""p1g7_030""]",9a815b4bb1db78ea,ok,True,partial,0.6295,80.95316577068337,86.95422102757783,80.95316577068337,77.3525326165467,True,True,4|grow|mobile|liquid|s3|g2|structured,structured,,merge_spatial_ic,True,20000.0
1,591,1,p1g4_053,screen,957,4,creative_screen,merge_spatial_ic,"[""p6g9_021"",""p6g5_019""]",b310fbfc5cac334e,ok,True,partial,0.4321,69.04373483807476,77.65497978409968,69.04373483807476,63.87698787045981,True,True,3|switch|rotor|liquid|s1|g2|structured,structured,,merge_spatial_ic,True,20000.0
1,592,1,p1g4_028,screen,957,4,creative_screen,delete_bilin,"[""p6g7_028""]",04abf03262a9dbaf,ok,True,partial,0.3925,69.67898961017008,79.82198614689344,69.67898961017008,63.593191688136066,False,False,3|switch|rotor|liquid|s2|g2|structured,structured,,delete_bilin,False,20000.0
1,593,1,p1g4_048,screen,957,4,creative_screen,merge_spatial_ic,"[""p6g5_026"",""p3g6_070""]",ead25ce87e4b853d,ok,True,partial,0.2913,65.37507705499897,77.45676940666529,65.37507705499897,58.12606164399917,False,False,3|switch|mobile|liquid|s1|g2|structured,structured,,merge_spatial_ic,True,10000.0
1,594,1,p1g4_051,screen,957,4,creative_screen,merge_spatial_ic,"[""p6g3_008"",""p1g5_022""]",6fdabba5eb65047e,ok,True,partial,0.4772,66.01426630234461,72.11235506979281,66.01426630234461,62.355413041875686,True,True,3|switch|mobile|liquid|s1|g2|structured,structured,,merge_spatial_ic,True,20000.0
1,595,1,p1g4_071,screen,957,4,creative_screen,merge_slow_tanh,"[""p10g0_ds6_000"",""ref_M0""]",277309f156913ca2,ok,True,partial,0.5357,63.75748847761753,67.1533179701567,63.75748847761753,61.71999078209402,True,True,3|switch|mobile|liquid|s1|g2|structured,structured,,merge_slow_tanh,False,2500.0
1,596,1,p1g4_000,screen,957,4,creative_screen,mutate,"[""p2g6_020""]",64504c1e1493f97c,ok,True,partial,0.0,43.282313024838615,57.70975069978482,43.282313024838615,34.62585041987089,False,False,3|switch|mobile|liquid|s1|g2|mixed,mixed,,mutate,False,2500.0
1,597,1,p1g4_011,screen,957,4,creative_screen,mutate,"[""p2g6_020""]",ad1436d5a5e4cd1d,ok,True,partial,0.3504,46.099621204595046,49.786161606126726,46.099621204595046,43.887696963676035,False,False,3|oscillator|mobile|liquid|s1|g2|structured,structured,,mutate,False,2500.0
1,598,1,p1g4_019,screen,957,4,creative_screen,mint_bilin,"[""p1g2_003""]",56be747e4c5945af,ok,True,partial,0.1193,52.86734805829691,66.51313074439588,52.86734805829691,44.679878446637524,False,False,3|switch|drift|liquid|s1|g2|mixed,mixed,,mint_bilin,False,5000.0
1,599,1,p1g4_030,screen,957,4,creative_screen,delete_bilin,"[""p4g2_028""]",aee6cb5ab33e8604,ok,True,partial,0.2664,67.08224633693438,80.5629951159125,67.08224633693438,58.9937970695475,False,False,3|grow|mobile|liquid|s2|g2|structured,structured,,delete_bilin,False,20000.0
1,600,1,p1g4_054,screen,957,4,creative_screen,merge_spatial_ic,"[""p2g6_020"",""p1g1_049""]",489530b94bd868b0,ok,True,partial,0.2151,55.61611821427984,66.98482428570645,55.61611821427984,48.79489457142387,False,False,3|switch|rotor|liquid|s1|g2|structured,structured,,merge_spatial_ic,True,10000.0
1,601,1,p1g4_057,screen,957,4,creative_screen,merge_cross_edge,"[""p5g8_014"",""ref_M0""]",e899780877f641e4,ok,True,partial,0.0711,32.90427390115168,41.502365201535575,32.90427390115168,27.745419120921344,False,False,3|switch|mobile|liquid|s1|g2|mixed,mixed,,merge_cross_edge,False,2500.0
1,602,1,p1g4_067,screen,957,4,creative_screen,merge_cross_edge,"[""p1g2_032"",""blk_engine_10748""]",d3844ec4b338946a,ok,True,partial,0.6188,65.61691864919493,66.86255819892656,65.61691864919493,64.86953491935594,True,True,3|switch|mobile|liquid|s1|g2|structured,structured,,merge_cross_edge,False,5000.0
1,603,1,p1g3_010_s2,seed2,958,3,selected_confirmation,seed2,"[""p1g3_010""]",c08b6fec57dddd7d,ok,True,partial,0.0,15.78470818206739,21.046277576089853,15.78470818206739,12.62776654565391,False,False,2|constant|drift|liquid|s1|g0|mixed,mixed,True,mutate,False,2500.0
1,604,1,p1g3_022_s2,seed2,958,3,selected_confirmation,seed2,"[""p1g3_022""]",a124b3b8018682ee,ok,True,partial,0.0,6.528365733461626,8.7044876446155,6.528365733461626,5.2226925867693,False,False,2|constant|still|frozen|s1|g0|mixed,mixed,True,mint_bilin,False,2500.0
1,605,1,p1g3_000_s2,seed2,958,3,selected_confirmation,seed2,"[""p1g3_000""]",37d04832dc0650ff,ok,True,partial,0.0,3.9063857943587608,5.208514392478348,3.9063857943587608,3.1251086354870083,False,False,2|constant|still|frozen|s1|g0|mixed,mixed,True,mutate,False,2500.0
1,606,1,p1g3_002_s2,seed2,958,3,selected_confirmation,seed2,"[""p1g3_002""]",792a11ae5ca6b916,ok,True,partial,0.1023,39.20264916668629,48.860198888915065,39.20264916668629,33.408119333349035,False,False,2|grow|drift|liquid|s1|g2|mixed,mixed,True,mutate,False,5000.0
1,607,1,p1g3_016_s2,seed2,958,3,selected_confirmation,seed2,"[""p1g3_016""]",de435ba7a32c5618,ok,True,partial,0.5958,65.10275120825341,66.94366827767122,65.10275120825341,63.99820096660273,True,True,4|switch|rotor|flicker|s1|g2|structured,structured,True,mint_bilin,False,2500.0
1,608,1,p1g3_037_s2,seed2,958,3,selected_confirmation,seed2,"[""p1g3_037""]",590c749afc4e7eb7,ok,True,partial,0.3689,45.6234939561798,48.53465860823974,45.6234939561798,43.87679516494384,False,False,3|switch|mobile|liquid|s1|g2|structured,structured,True,add_chan,False,2500.0
1,609,1,p1g3_043_s2,seed2,958,3,selected_confirmation,seed2,"[""p1g3_043""]",8bc048058fe00ede,ok,True,partial,0.0,38.51021995668571,51.346959942247615,38.51021995668571,30.808175965348568,False,False,3|constant|drift|liquid|s1|g2|mixed,mixed,True,dup_act,False,2500.0
1,610,1,p1g3_046_s2,seed2,958,3,selected_confirmation,seed2,"[""p1g3_046""]",0a5c5b5289dd339e,ok,True,partial,0.0,38.01331860912974,50.68442481217299,38.01331860912974,30.410654887303792,False,False,3|constant|drift|liquid|s1|g2|mixed,mixed,True,dup_act,False,2500.0
1,611,1,p1g3_063_s2,seed2,958,3,selected_confirmation,seed2,"[""p1g3_063""]",970c4c3c09070e95,ok,True,partial,0.5213,46.30615559953279,44.36487413271038,46.30615559953279,47.470924479626234,False,False,2|switch|mobile|liquid|s1|g2|structured,structured,True,merge_cross_edge,False,2500.0
1,612,1,p1g3_014_s2,seed2,958,3,selected_confirmation,seed2,"[""p1g3_014""]",27e886f89c31f5f0,ok,True,partial,0.4589,58.92168043355305,63.26557391140406,58.92168043355305,56.31534434684244,False,False,2|switch|mobile|flicker|s2|g2|structured,structured,True,mutate,False,20000.0
1,613,1,p1g3_024_s2,seed2,958,3,selected_confirmation,seed2,"[""p1g3_024""]",b25e612be02566b2,ok,True,partial,0.1297,16.253575717399535,17.348100956532715,16.253575717399535,15.59686057391963,False,False,3|constant|drift|liquid|s1|g0|structured,structured,True,mint_bilin,False,2500.0
1,614,1,p1g3_041_s2,seed2,958,3,selected_confirmation,seed2,"[""p1g3_041""]",64fe720091d56873,ok,True,partial,0.0,32.2458457047468,42.994460939662396,32.2458457047468,25.796676563797437,False,False,3|constant|mobile|frozen|s1|g2|mixed,mixed,True,dup_act,False,2500.0
1,615,1,p1g2_006_s3,seed3,959,2,selected_confirmation,seed3,"[""p1g2_006""]",6fcd0ac4761d235b,ok,True,partial,0.0,27.240327602833716,36.320436803778286,27.240327602833716,21.79226208226697,False,False,3|constant|rotor|frozen|s1|g2|mixed,mixed,True,mutate,False,2500.0
1,616,1,p1g2_047_s3,seed3,959,2,selected_confirmation,seed3,"[""p1g2_047""]",b89937509d704b03,ok,True,partial,0.0,32.09202108784179,42.78936145045572,32.09202108784179,25.67361687027343,False,False,2|switch|still|liquid|s1|g2|mixed,mixed,True,dup_act,False,2500.0
1,617,1,p1g2_011_s3,seed3,959,2,selected_confirmation,seed3,"[""p1g2_011""]",1bf5ac08e3f11c3b,ok,True,partial,0.3973,43.72287969347254,45.05383959129672,43.72287969347254,42.92430375477803,False,False,3|grow|mobile|liquid|s1|g0|structured,structured,True,mutate,False,5000.0
1,618,1,p1g2_014_s3,seed3,959,2,selected_confirmation,seed3,"[""p1g2_014""]",b123fb2afb4a803b,ok,True,partial,0.0754,34.58141660273111,43.59522213697482,34.58141660273111,29.173133282184892,False,False,2|switch|drift|liquid|s1|g2|mixed,mixed,True,mutate,False,2500.0
1,619,1,p1g2_042_s3,seed3,959,2,selected_confirmation,seed3,"[""p1g2_042""]",1d838d3016044970,ok,True,partial,0.0,28.56323295980725,38.08431061307633,28.56323295980725,22.8505863678458,False,False,2|oscillator|still|liquid|s1|g2|mixed,mixed,True,dup_act,False,2500.0
1,620,1,p1g2_075_s3,seed3,959,2,selected_confirmation,seed3,"[""p1g2_075""]",bbf7a160336e6fc6,ok,True,partial,0.0,21.29516991758701,28.393559890116016,21.29516991758701,17.03613593406961,False,False,3|oscillator|still|liquid|s1|g2|mixed,mixed,True,merge_slow_tanh,False,2500.0
1,621,1,p1g2_034_s3,seed3,959,2,selected_confirmation,seed3,"[""p1g2_034""]",65ee88a4e85ee72d,ok,True,partial,0.4761,56.890344142846985,59.98379219046264,56.890344142846985,55.03427531427758,False,False,3|switch|rotor|liquid|s1|g0|structured,structured,False,delete_bilin,False,5000.0
1,622,1,p1g4_082,screen,957,4,creative_screen,immigrate,,ca6e0745125aeb75,no_blobs,True,missing,,0.0,,,,False,False,,,,immigrate,False,
1,623,1,p1g4_088,screen,957,4,creative_screen,immigrate,,34ad589ec5df3006,no_blobs,True,missing,,0.0,,,,False,False,,,,immigrate,False,
1,624,1,p1g4_093,screen,957,4,creative_screen,immigrate,,9ff1ca5f1acf23d8,no_blobs,True,missing,,0.0,,,,False,False,,,,immigrate,False,
1,625,1,p1g4_095,screen,957,4,creative_screen,immigrate,,896f06e415ccf3a9,no_blobs,True,missing,,0.0,,,,False,False,,,,immigrate,False,
1,626,1,p1g4_079,screen,957,4,creative_screen,immigrate,,5dc592be77c0c7cb,no_blobs,True,missing,,0.0,,,,False,False,,,,immigrate,False,
1,627,1,p1g4_083,screen,957,4,creative_screen,immigrate,,94f3abbde42422bc,no_blobs,True,missing,,0.0,,,,False,False,,,,immigrate,False,
1,628,1,p1g4_086,screen,957,4,creative_screen,immigrate,,6ccde03e1af5e543,no_blobs,True,missing,,0.0,,,,False,False,,,,immigrate,False,
1,629,1,p1g4_097,screen,957,4,creative_screen,immigrate,,4724aba8ecea0823,no_blobs,True,missing,,0.0,,,,False,False,,,,immigrate,False,
1,630,1,p1g3_062_s2,seed2,958,3,selected_confirmation,seed2,"[""p1g3_062""]",5c7fca713f502950,ok,True,partial,0.0,44.74054093650668,59.65405458200891,44.74054093650668,35.79243274920535,False,False,3|grow|mobile|liquid|s1|g1|mixed,mixed,True,merge_cross_edge,False,2500.0
1,631,1,p1g2_015_s3,seed3,959,2,selected_confirmation,seed3,"[""p1g2_015""]",7f8a10d93f92d383,ok,True,partial,0.0,2.703858101086224,3.605144134781632,2.703858101086224,2.163086480868979,False,False,2|constant|still|frozen|s1|g0|mixed,mixed,True,mutate,False,2500.0
1,632,1,p1g2_038_s3,seed3,959,2,selected_confirmation,seed3,"[""p1g2_038""]",5ef240f1c745c9fc,ok,True,partial,0.6042,58.23331165981402,57.5044155464187,58.23331165981402,58.670649327851216,False,False,3|switch|mobile|liquid|s1|g1|structured,structured,True,add_chan,False,2500.0
1,633,1,p1g2_009_s3,seed3,959,2,selected_confirmation,seed3,"[""p1g2_009""]",e48430afe0ff9d8f,ok,True,partial,0.0565,28.995049604293552,36.776732805724734,28.995049604293552,24.326039683434843,False,False,4|oscillator|drift|liquid|s1|g1|structured,structured,True,mutate,False,2500.0
1,634,1,p1g2_010_s3,seed3,959,2,selected_confirmation,seed3,"[""p1g2_010""]",ff53ff6b2d864dae,ok,True,partial,0.6164,69.20165232871162,71.72220310494882,69.20165232871162,67.68932186296928,True,True,4|switch|mobile|liquid|s1|g1|structured,structured,True,mutate,False,2500.0
1,635,1,p1g2_000_s3,seed3,959,2,selected_confirmation,seed3,"[""p1g2_000""]",dab0fd044c7af47d,ok,True,partial,0.3476,60.16467815918533,68.6329042122471,60.16467815918533,55.083742527348264,False,False,3|switch|mobile|liquid|s1|g2|structured,structured,True,mutate,False,5000.0
1,636,1,p1g4_080,screen,957,4,creative_screen,immigrate,,122571633fb4ce4c,ok,True,partial,0.0,0.0,0.0,0.0,0.0,False,False,1|constant|still|gas|s1|g0|mixed,mixed,,immigrate,False,2500.0
1,637,1,p1g4_081,screen,957,4,creative_screen,immigrate,,eb7a28007d1372b5,ok,True,partial,0.0,15.337500000000002,20.450000000000003,15.337500000000002,12.270000000000001,False,False,2|constant|still|gas|s1|g0|mixed,mixed,,immigrate,False,2500.0
1,638,1,p1g4_091,screen,957,4,creative_screen,immigrate,,e983a9e33145079e,ok,True,partial,0.0,0.0,0.0,0.0,0.0,False,False,1|constant|still|gas|s1|g0|mixed,mixed,,immigrate,False,2500.0
1,639,1,p1g4_092,screen,957,4,creative_screen,immigrate,,79a7d7bfcc0ee805,ok,True,partial,0.0,0.0,0.0,0.0,0.0,False,False,1|constant|still|gas|s1|g2|mixed,mixed,,immigrate,False,2500.0
1,640,1,p1g4_089,screen,957,4,creative_screen,immigrate,,9586a4c006f109bd,ok,True,partial,0.0,18.763109947967774,25.017479930623697,18.763109947967774,15.010487958374217,False,False,1|constant|drift|gas|s1|g0|mixed,mixed,,immigrate,False,2500.0
1,641,1,p1g4_090,screen,957,4,creative_screen,immigrate,,9b598fb4158666ce,ok,True,partial,0.0,0.0,0.0,0.0,0.0,False,False,1|constant|still|gas|s1|g0|mixed,mixed,,immigrate,False,2500.0
1,642,1,p1g4_096,screen,957,4,creative_screen,immigrate,,5b8b7cf814570ca6,no_blobs,True,missing,,0.0,,,,False,False,,,,immigrate,False,
1,643,1,p1g4_084,screen,957,4,creative_screen,immigrate,,773af8b7f3ee2509,ok,True,partial,0.0,36.03468580220723,48.04624773627631,36.03468580220723,28.827748641765783,False,False,1|constant|rotor|flicker|s1|g2|structured,structured,,immigrate,False,2500.0
1,644,1,p1g4_087,screen,957,4,creative_screen,immigrate,,240c2fe0e0865b15,ok,True,partial,0.0,0.0,0.0,0.0,0.0,False,False,1|constant|still|gas|s1|g0|mixed,mixed,,immigrate,False,2500.0
1,645,1,p1g4_078,screen,957,4,creative_screen,immigrate,,6e2b7f2f4970f2b0,ok,True,partial,0.0,0.0,0.0,0.0,0.0,False,False,1|constant|still|gas|s1|g0|mixed,mixed,,immigrate,False,2500.0
1,646,1,p1g4_085,screen,957,4,creative_screen,immigrate,,8b71ff919b80d21d,ok,True,partial,0.0,0.0,0.0,0.0,0.0,False,False,1|constant|still|gas|s1|g0|mixed,mixed,,immigrate,False,2500.0
1,647,1,p1g4_094,screen,957,4,creative_screen,immigrate,,622d0a30636be98b,ok,True,partial,0.0,0.0,0.0,0.0,0.0,False,False,1|constant|still|gas|s1|g0|mixed,mixed,,immigrate,False,2500.0
1,648,1,p1g2_023_s3,seed3,959,2,selected_confirmation,seed3,"[""p1g2_023""]",cfef5f9f077cc116,ok,True,partial,0.4027,63.62145929090691,71.40527905454255,63.62145929090691,58.951167432725526,True,False,2|grow|mobile|liquid|s1|g2|structured,structured,True,mint_bilin,False,20000.0
1,649,1,p1g5_068,screen,957,5,creative_screen,merge_cross_edge,"[""p4g2_028"",""ref_M4_tau5.7""]",5c9e21b82d5d472b,fail_g0a,True,missing,,,,,,False,False,,,,merge_cross_edge,False,
1,650,1,p1g5_040,screen,957,5,creative_screen,dup_act,"[""p6g7_028""]",b0a6008cafd5d603,fail_g0a,True,missing,,,,,,False,False,,,,dup_act,False,
1,651,1,p1g5_070,screen,957,5,creative_screen,merge_slow_tanh,"[""p1g4_038"",""ref_M0""]",9d6e6a2c1ca490c0,fail_g0a,True,missing,,,,,,False,False,,,,merge_slow_tanh,False,
1,652,1,p1g5_042,screen,957,5,creative_screen,dup_act,"[""p1g6_065""]",7b11482ca378f5f7,fail_g0a,True,missing,,,,,,False,False,,,,dup_act,False,
1,653,1,p1g4_038_s2,seed2,958,4,selected_confirmation,seed2,"[""p1g4_038""]",ce215b4270755146,ok,True,partial,0.4611,58.487743486222215,62.613657981629615,58.487743486222215,56.012194788977766,False,False,2|switch|rotor|liquid|s1|g2|structured,structured,True,add_chan,False,20000.0
1,654,1,p1g3_009_s3,seed3,959,3,selected_confirmation,seed3,"[""p1g3_009""]",661cec349b9b822b,ok,True,partial,0.0,47.83523083609675,63.780307781462334,47.83523083609675,38.268184668877396,False,False,3|switch|mobile|liquid|s1|g1|mixed,mixed,True,mutate,False,20000.0
1,655,1,p1g5_047,screen,957,5,creative_screen,dup_act,"[""p3g6_061""]",f93a0440f2382ee1,ok,True,partial,0.0,42.703873345573655,56.93849779409821,42.703873345573655,34.16309867645892,False,False,3|grow|mobile|liquid|s1|g1|mixed,mixed,,dup_act,False,2500.0
1,656,1,p1g5_056,screen,957,5,creative_screen,merge_cross_edge,"[""p6g1_043"",""ref_BFIELD_g0.05""]",9da37cac62c6a20b,ok,True,partial,0.0826,28.146508541868595,34.77534472249146,28.146508541868595,24.169206833494876,False,False,2|switch|drift|liquid|s1|g2|mixed,mixed,,merge_cross_edge,False,2500.0
1,657,1,p1g5_061,screen,957,5,creative_screen,merge_cross_edge,"[""p2g4_053"",""ref_M4_tau5.7""]",f18aaf212fa88aa2,ok,True,partial,0.4699,64.96604390783429,70.95805854377906,64.96604390783429,61.37083512626744,True,True,3|grow|rotor|liquid|s1|g2|structured,structured,,merge_cross_edge,False,2500.0
1,658,1,p1g5_071,screen,957,5,creative_screen,merge_slow_tanh,"[""p1g4_081"",""ref_M4_tau5.7""]",18af142dbe5e3605,ok,True,partial,0.0,33.492535159754595,44.65671354633946,33.492535159754595,26.794028127803674,False,False,3|constant|mobile|flicker|s1|g2|mixed,mixed,,merge_slow_tanh,False,2500.0
1,659,1,p1g4_016_s2,seed2,958,4,selected_confirmation,seed2,"[""p1g4_016""]",20a54c495145829d,ok,True,partial,0.0,45.728968786916425,60.971958382555236,45.728968786916425,36.58317502953314,False,False,4|grow|mobile|liquid|s1|g1|mixed,mixed,True,mint_bilin,False,2500.0
1,660,1,p1g3_044_s3,seed3,959,3,selected_confirmation,seed3,"[""p1g3_044""]",2ea3f66fff8f0377,ok,True,partial,0.0,47.03560950164632,62.71414600219509,47.03560950164632,37.628487601317055,False,False,4|grow|mobile|liquid|s1|g1|mixed,mixed,True,dup_act,False,5000.0
1,661,1,p1g4_024_s2,seed2,958,4,selected_confirmation,seed2,"[""p1g4_024""]",8f4e6c5e5fa60231,ok,True,partial,0.0,45.87547780052756,61.16730373403675,45.87547780052756,36.70038224042205,False,False,4|switch|mobile|flicker|s1|g2|mixed,mixed,True,mint_bilin,False,20000.0
1,662,1,p1g4_037_s2,seed2,958,4,selected_confirmation,seed2,"[""p1g4_037""]",958193ab4860df54,ok,True,partial,0.2431,61.95251368869521,74.50001825159362,61.95251368869521,54.42401095095617,False,False,3|switch|rotor|liquid|s1|g2|structured,structured,True,add_chan,False,20000.0
1,663,1,p1g4_045_s2,seed2,958,4,selected_confirmation,seed2,"[""p1g4_045""]",02688496c5146414,ok,True,partial,0.1997,65.75121211692081,81.0116161558944,65.75121211692081,56.59496969353664,False,False,4|grow|rotor|liquid|s2|g2|structured,structured,True,dup_act,False,20000.0
1,664,1,p1g4_061_s2,seed2,958,4,selected_confirmation,seed2,"[""p1g4_061""]",69c186c48d59931c,ok,True,partial,0.3477,68.49545610210004,79.73727480280006,68.49545610210004,61.750364881680035,False,False,4|switch|rotor|liquid|s2|g2|structured,structured,True,merge_cross_edge,False,20000.0
1,665,1,p1g4_044_s2,seed2,958,4,selected_confirmation,seed2,"[""p1g4_044""]",5cace89eac837cb6,ok,True,partial,0.0,59.021195066722086,78.69492675562945,59.021195066722086,47.21695605337767,False,False,4|grow|mobile|liquid|s1|g2|mixed,mixed,True,dup_act,False,20000.0
1,666,1,p1g4_050_s2,seed2,958,4,selected_confirmation,seed2,"[""p1g4_050""]",9a815b4bb1db78ea,ok,True,partial,0.551,75.31865484314005,82.05820645752007,75.31865484314005,71.27492387451204,True,True,4|grow|mobile|liquid|s2|g2|structured,structured,True,merge_spatial_ic,False,20000.0
1,667,1,p1g4_053_s2,seed2,958,4,selected_confirmation,seed2,"[""p1g4_053""]",b310fbfc5cac334e,ok,True,partial,0.2645,70.97887159009058,85.82182878678745,70.97887159009058,62.07309727207247,False,False,3|switch|rotor|liquid|s2|g2|structured,structured,True,merge_spatial_ic,False,20000.0
1,668,1,p1g3_017_s3,seed3,959,3,selected_confirmation,seed3,"[""p1g3_017""]",e8990416c23edc5d,ok,True,partial,0.0,49.32463029179569,65.76617372239426,49.32463029179569,39.459704233436554,False,False,3|grow|mobile|liquid|s1|g2|mixed,mixed,True,mint_bilin,False,20000.0
1,669,1,p1g3_039_s3,seed3,959,3,selected_confirmation,seed3,"[""p1g3_039""]",25958d68c2f59123,ok,True,partial,0.4171,65.9688531873571,74.05513758314281,65.9688531873571,61.11708254988568,True,True,4|grow|mobile|flicker|s2|g2|structured,structured,True,add_chan,False,20000.0
1,670,1,p1g3_045_s3,seed3,959,3,selected_confirmation,seed3,"[""p1g3_045""]",8bbf12cf7adefe25,ok,True,partial,0.0,61.1467469146594,81.52899588621254,61.1467469146594,48.917397531727524,False,False,4|grow|mobile|liquid|s2|g2|mixed,mixed,True,dup_act,False,20000.0
1,671,1,p1g3_008_s3,seed3,959,3,selected_confirmation,seed3,"[""p1g3_008""]",ecbc5598512b3690,ok,True,partial,0.2307,59.918141799804864,72.20085573307315,59.918141799804864,52.548513439843894,False,False,3|oscillator|rotor|liquid|s1|g2|structured,structured,True,mutate,False,20000.0
1,672,1,p1g3_064_s3,seed3,959,3,selected_confirmation,seed3,"[""p1g3_064""]",b6b254a876d14772,ok,True,partial,0.0,52.84246122439759,70.45661496586345,52.84246122439759,42.27396897951807,False,False,3|grow|mobile|liquid|s2|g2|mixed,mixed,True,merge_cross_edge,False,20000.0
1,673,1,p1g3_074_s3,seed3,959,3,selected_confirmation,seed3,"[""p1g3_074""]",54c569ddad727a7c,ok,True,partial,0.0,44.406637665485725,59.20885022064763,44.406637665485725,35.525310132388576,False,False,4|grow|drift|liquid|s1|g2|mixed,mixed,True,merge_share_chan,False,20000.0
1,674,1,p1g3_005_s3,seed3,959,3,selected_confirmation,seed3,"[""p1g3_005""]",86801acb1b8c160d,ok,True,partial,0.7859,73.54656893657145,71.86542524876194,73.54656893657145,74.55525514925716,True,True,3|switch|rotor|flicker|s1|g1|structured,structured,True,mutate,False,20000.0
1,675,1,p1g3_034_s3,seed3,959,3,selected_confirmation,seed3,"[""p1g3_034""]",8dfb19a54acd1e94,ok,True,partial,0.5451,65.74560578860935,69.4908077181458,65.74560578860935,63.49848463088748,True,True,3|constant|rotor|liquid|s1|g2|structured,structured,True,add_chan,False,20000.0
1,676,1,p1g3_035_s3,seed3,959,3,selected_confirmation,seed3,"[""p1g3_035""]",a065779eaf3df961,ok,True,partial,0.5626,70.52708086831757,75.2827744910901,70.52708086831757,67.67366469465405,True,True,4|grow|rotor|liquid|s1|g1|structured,structured,False,delete_bilin,False,20000.0
1,677,1,p1g3_014_s3,seed3,959,3,selected_confirmation,seed3,"[""p1g3_014""]",27e886f89c31f5f0,ok,True,partial,0.4354,59.29525310589109,64.54700414118813,59.29525310589109,56.14420248471288,False,False,2|switch|mobile|liquid|s2|g2|structured,structured,True,mutate,False,20000.0
1,678,1,p1g3_027_s3,seed3,959,3,selected_confirmation,seed3,"[""p1g3_027""]",c5cb91aabbcf273a,ok,True,partial,0.3518,69.11375365200497,80.42500486933997,69.11375365200497,62.32700292160398,False,False,3|switch|rotor|liquid|s2|g2|structured,structured,True,mint_bilin,False,20000.0
1,679,1,p1g4_012_s2,seed2,958,4,selected_confirmation,seed2,"[""p1g4_012""]",9a2cd51c2edfa9fb,ok,True,partial,0.6473,73.55748175831336,76.49997567775114,73.55748175831336,71.79198540665068,True,True,4|grow|mobile|liquid|s1|g1|structured,structured,True,mutate,False,10000.0
1,680,1,p1g4_031_s2,seed2,958,4,selected_confirmation,seed2,"[""p1g4_031""]",bd353bc117db191e,ok,True,partial,0.2637,66.41246534930644,79.75995379907526,66.41246534930644,58.403972279445156,False,False,3|switch|rotor|liquid|s2|g2|structured,structured,True,delete_bilin,False,10000.0
1,681,1,p1g4_036_s2,seed2,958,4,selected_confirmation,seed2,"[""p1g4_036""]",0b0ba5b42d44000e,ok,True,partial,0.0,45.744411770213176,60.992549026950904,45.744411770213176,36.59552941617054,False,False,3|grow|rotor|liquid|s2|g0|mixed,mixed,True,add_chan,False,20000.0
1,682,1,p1g3_036_s3,seed3,959,3,selected_confirmation,seed3,"[""p1g3_036""]",9d66d9b5a5604b4f,ok,True,partial,0.3911,70.69290855718884,81.22054474291845,70.69290855718884,64.37632684575107,False,False,4|switch|mobile|liquid|s1|g2|structured,structured,True,add_chan,False,10000.0
1,683,1,p1g3_068_s3,seed3,959,3,selected_confirmation,seed3,"[""p1g3_068""]",2c8b16510532bfe8,ok,True,partial,0.5128,79.27251587627347,88.60335450169798,79.27251587627347,73.6740127010188,True,True,4|grow|rotor|liquid|s3|g2|structured,structured,True,merge_cross_edge,False,20000.0
1,684,1,p1g3_018_s3,seed3,959,3,selected_confirmation,seed3,"[""p1g3_018""]",cb0961c985bdaaae,ok,True,partial,0.6337,67.26302320514729,68.56069760686306,67.26302320514729,66.48441856411783,True,True,3|switch|rotor|liquid|s1|g2|structured,structured,True,mint_bilin,False,20000.0
1,685,1,p1g3_028_s3,seed3,959,3,selected_confirmation,seed3,"[""p1g3_028""]",dbee78c83f084ba2,ok,True,partial,0.2006,67.66035346186752,83.52713794915668,67.66035346186752,58.14028276949401,False,False,3|grow|mobile|liquid|s2|g2|structured,structured,True,delete_bilin,False,20000.0
1,686,1,p1g3_050_s3,seed3,959,3,selected_confirmation,seed3,"[""p1g3_050""]",84ec665a3a51196b,ok,True,partial,0.2086,58.56973159276319,71.13964212368425,58.56973159276319,51.02778527421055,False,False,4|grow|mobile|flicker|s1|g2|mixed,mixed,True,merge_spatial_ic,False,10000.0
1,687,1,p1g3_030_s3,seed3,959,3,selected_confirmation,seed3,"[""p1g3_030""]",301efdd69e749619,ok,True,partial,0.2132,64.71093919338418,79.17458559117891,64.71093919338418,56.032751354707344,False,False,2|switch|rotor|liquid|s2|g2|structured,structured,True,delete_bilin,False,20000.0
1,688,1,p1g4_007_s2,seed2,958,4,selected_confirmation,seed2,"[""p1g4_007""]",2ec16af7837671a1,ok,True,partial,0.1256,40.249142863540385,49.47885715138718,40.249142863540385,34.711314290832306,False,False,3|grow|drift|liquid|s1|g2|structured,structured,True,mutate,False,5000.0
1,689,1,p1g4_035_s2,seed2,958,4,selected_confirmation,seed2,"[""p1g4_035""]",341c864c6efd0076,ok,True,partial,0.505,65.01020293677709,69.84693724903612,65.01020293677709,62.10816234942166,True,True,4|grow|mobile|liquid|s1|g1|structured,structured,True,add_chan,False,5000.0
1,690,1,p1g4_065_s2,seed2,958,4,selected_confirmation,seed2,"[""p1g4_065""]",737a7930f383f950,ok,True,partial,0.404,50.10176654519489,53.33568872692652,50.10176654519489,48.16141323615591,False,False,4|constant|drift|liquid|s1|g2|structured,structured,True,merge_cross_edge,False,5000.0
1,691,1,p1g4_070_s2,seed2,958,4,selected_confirmation,seed2,"[""p1g4_070""]",6d7ed414f8dcda9e,ok,True,partial,0.1365,54.0886729938514,67.56823065846852,54.0886729938514,46.000938395081114,False,False,4|switch|rotor|liquid|s1|g2|structured,structured,True,merge_cross_edge,False,5000.0
1,692,1,p1g4_068_s2,seed2,958,4,selected_confirmation,seed2,"[""p1g4_068""]",dc60a589bc9f3433,ok,True,partial,0.4853,68.26259130317524,74.84012173756697,68.26259130317524,64.31607304254018,True,True,4|grow|rotor|liquid|s1|g2|structured,structured,True,merge_slow_tanh,False,10000.0
1,693,1,p1g3_029_s3,seed3,959,3,selected_confirmation,seed3,"[""p1g3_029""]",189308288a79aece,ok,True,partial,0.1691,42.227645306012036,50.66686040801605,42.227645306012036,37.16411624480963,False,False,3|oscillator|still|liquid|s1|g2|mixed,mixed,True,delete_bilin,False,5000.0
1,694,1,p1g3_061_s3,seed3,959,3,selected_confirmation,seed3,"[""p1g3_061""]",bc040d8b26def477,ok,True,partial,0.3992,58.11199765623272,64.17599687497695,58.11199765623272,54.47359812498617,False,False,3|switch|mobile|liquid|s1|g2|structured,structured,True,merge_cross_edge,False,5000.0
1,695,1,p1g3_075_s3,seed3,959,3,selected_confirmation,seed3,"[""p1g3_075""]",a7832e99d3ec0360,ok,True,partial,0.0,28.26936351224535,37.6924846829938,28.26936351224535,22.61549080979628,False,False,3|switch|still|frozen|s1|g2|mixed,mixed,True,merge_share_chan,False,5000.0
1,696,1,p1g3_002_s3,seed3,959,3,selected_confirmation,seed3,"[""p1g3_002""]",792a11ae5ca6b916,ok,True,partial,0.0699,36.429579332873395,46.24277244383119,36.429579332873395,30.541663466298715,False,False,2|switch|drift|liquid|s1|g2|mixed,mixed,True,mutate,False,5000.0
1,697,1,p1g3_007_s3,seed3,959,3,selected_confirmation,seed3,"[""p1g3_007""]",fffc151241f9ddb6,ok,True,partial,0.4354,58.39296709514408,63.34395612685877,58.39296709514408,55.42237367611526,False,False,3|switch|mobile|liquid|s1|g2|structured,structured,True,mutate,False,5000.0
1,698,1,p1g3_011_s3,seed3,959,3,selected_confirmation,seed3,"[""p1g3_011""]",9430518be27829bc,ok,True,partial,0.4206,50.883474634965204,53.82463284662027,50.883474634965204,49.11877970797216,False,False,2|relaxation|rotor|liquid|s1|g2|structured,structured,True,mutate,False,5000.0
1,699,1,p1g5_000,screen,957,5,creative_screen,mutate,"[""p2g7_039""]",0c2aef5cc5851ea7,ok,True,partial,0.4663,60.98195394859336,65.76593859812448,60.98195394859336,58.11156315887469,True,False,3|grow|mobile|liquid|s1|g2|structured,structured,,mutate,False,5000.0
1,700,1,p1g5_017,screen,957,5,creative_screen,mint_bilin,"[""p2g7_039""]",c07075a545987979,ok,True,partial,0.611,73.71097880086393,77.9146384011519,73.71097880086393,71.18878304069113,True,True,4|grow|mobile|liquid|s2|g2|structured,structured,,mint_bilin,False,5000.0
1,701,1,p1g5_022,screen,957,5,creative_screen,mint_bilin,"[""p2g7_039""]",4716b0ed967ab0c9,ok,True,partial,0.5209,64.36786444253661,68.46048592338217,64.36786444253661,61.912291554029295,True,True,4|grow|rotor|liquid|s1|g2|structured,structured,,mint_bilin,False,20000.0
1,702,1,p1g5_029,screen,957,5,creative_screen,delete_bilin,"[""p6g7_067""]",7ad8fe3763bbce9d,ok,True,partial,0.5695,66.74978944982641,70.01638593310187,66.74978944982641,64.78983155986111,True,True,4|constant|rotor|liquid|s1|g2|structured,structured,,delete_bilin,False,5000.0
1,703,1,p1g5_033,screen,957,5,creative_screen,add_chan,"[""p1g3_016""]",135ab023e1954038,ok,True,partial,0.3203,54.71848115457236,62.281308206096476,54.71848115457236,50.18078492365788,False,False,4|switch|rotor|flicker|s1|g2|structured,structured,,add_chan,False,2500.0
1,704,1,p1g5_041,screen,957,5,creative_screen,dup_act,"[""p1g2_035""]",112e33a83ea2ec6f,ok,True,partial,0.0,26.190683448288596,34.92091126438479,26.190683448288596,20.952546758630874,False,False,2|oscillator|still|frozen|s1|g2|mixed,mixed,,dup_act,False,2500.0
1,705,1,p1g5_043,screen,957,5,creative_screen,dup_act,"[""p6g8_033""]",0b1f947f36b40f78,ok,True,partial,0.0,28.321006457116027,37.76134194282137,28.321006457116027,22.65680516569282,False,False,2|constant|still|liquid|s1|g2|mixed,mixed,,dup_act,False,2500.0
1,706,1,p1g5_046,screen,957,5,creative_screen,dup_act,"[""p6g8_033""]",6068e7482ae9244f,ok,True,partial,0.0,22.93249570198812,30.57666093598416,22.93249570198812,18.345996561590496,False,False,2|constant|still|frozen|s1|g2|mixed,mixed,,dup_act,False,2500.0
1,707,1,p1g4_072_s2,seed2,958,4,selected_confirmation,seed2,"[""p1g4_072""]",74ebfa1656898bcb,ok,True,partial,0.0447,50.27812190185718,65.5474958691429,50.27812190185718,41.11649752148574,False,False,4|oscillator|rotor|liquid|s1|g2|mixed,mixed,True,merge_cross_edge,False,5000.0
1,708,1,p1g4_009_s2,seed2,958,4,selected_confirmation,seed2,"[""p1g4_009""]",8668a03e7694dbf2,ok,True,partial,0.0615,51.362936205135405,66.43391494018054,51.362936205135405,42.32034896410833,False,False,4|grow|mobile|flicker|s1|g2|mixed,mixed,True,mutate,False,20000.0
1,709,1,p1g5_023,screen,957,5,creative_screen,mint_bilin,"[""p2g2_070""]",0a8e2958b4721996,ok,True,partial,0.0,49.72423849113101,66.29898465484135,49.72423849113101,39.779390792904806,False,False,4|switch|mobile|flicker|s1|g2|mixed,mixed,,mint_bilin,False,5000.0
1,710,1,p1g5_026,screen,957,5,creative_screen,mint_bilin,"[""p1g1_046""]",7b6c9744819b8d0f,ok,True,partial,0.0,49.520410783410654,66.02721437788087,49.520410783410654,39.61632862672852,False,False,4|switch|mobile|liquid|s1|g2|mixed,mixed,,mint_bilin,False,5000.0
1,711,1,p1g5_032,screen,957,5,creative_screen,add_chan,"[""p1g1_045""]",045e13e4986b399c,ok,True,partial,0.0,61.498309408328694,81.99774587777159,61.498309408328694,49.19864752666295,False,False,4|grow|mobile|liquid|s2|g2|mixed,mixed,,add_chan,False,20000.0
1,712,1,p1g5_034,screen,957,5,creative_screen,add_chan,"[""p6g10_024""]",0e73aa96f8d41568,ok,True,partial,0.289,57.75680264436319,67.37573685915092,57.75680264436319,51.98544211549054,False,False,3|grow|mobile|liquid|s1|g2|structured,structured,,add_chan,False,10000.0
1,713,1,p1g5_049,screen,957,5,creative_screen,merge_spatial_ic,"[""p3g8_049"",""p6g8_061""]",7abceff1a41774bf,ok,True,partial,0.0,55.662314747431516,74.21641966324202,55.662314747431516,44.52985179794521,False,False,4|switch|rotor|liquid|s1|g2|mixed,mixed,,merge_spatial_ic,True,20000.0
1,714,1,p1g5_051,screen,957,5,creative_screen,merge_spatial_ic,"[""p2g7_039"",""p2g2_041""]",fa86cb8089d048d0,ok,True,partial,0.4166,65.25577706258491,73.12103608344654,65.25577706258491,60.53662165006792,True,True,3|grow|rotor|liquid|s1|g2|structured,structured,,merge_spatial_ic,True,10000.0
1,715,1,p1g5_055,screen,957,5,creative_screen,merge_spatial_ic,"[""p6g1_040"",""p6g8_061""]",8e82b34b98815d51,ok,True,partial,0.6545,68.73286417490209,69.8271522332028,68.73286417490209,68.07629133992168,True,True,4|switch|mobile|liquid|s1|g1|structured,structured,,merge_spatial_ic,True,2500.0
1,716,1,p1g5_057,screen,957,5,creative_screen,merge_cross_edge,"[""p2g4_062"",""blk_p2g4_053""]",b4e7b0eff2ea5f52,ok,True,partial,0.3026,58.49694808021664,67.90926410695552,58.49694808021664,52.849558464173306,False,False,3|grow|drift|liquid|s1|g2|structured,structured,,merge_cross_edge,False,20000.0
1,717,1,p1g5_058,screen,957,5,creative_screen,merge_cross_edge,"[""p5g8_007"",""ref_M0""]",f6c8f1b73d177984,ok,True,partial,0.0,49.26150245071205,65.68200326761607,49.26150245071205,39.40920196056964,False,False,4|switch|drift|liquid|s1|g2|mixed,mixed,,merge_cross_edge,False,5000.0
1,718,1,p1g5_062,screen,957,5,creative_screen,merge_cross_edge,"[""p1g6_065"",""ref_M4_tau5.7""]",a17b106ee25e9ebd,ok,True,partial,0.199,43.04706544668038,50.762753928907166,43.04706544668038,38.417652357344295,False,False,4|grow|mobile|liquid|s1|g2|structured,structured,,merge_cross_edge,False,2500.0
1,719,1,p1g5_065,screen,957,5,creative_screen,merge_cross_edge,"[""p2g6_020"",""ref_iso_d0.65""]",52af9feffcedd72e,ok,True,partial,0.3036,56.540308379131815,65.26707783884243,56.540308379131815,51.30424670330545,False,False,3|switch|rotor|liquid|s1|g2|structured,structured,,merge_cross_edge,False,2500.0
1,720,1,p1g5_066,screen,957,5,creative_screen,merge_cross_edge,"[""p2g6_020"",""ref_M4_tau5.7""]",568599850425256f,ok,True,partial,0.1711,53.23921099261774,65.28228132349032,53.23921099261774,46.01336879409419,False,False,4|switch|rotor|liquid|s1|g2|structured,structured,,merge_cross_edge,False,2500.0
1,721,1,p1g5_067,screen,957,5,creative_screen,merge_cross_edge,"[""p4g2_028"",""ref_M0""]",06fe56e10550f893,ok,True,partial,0.1255,51.09043068899605,63.937240918661395,51.09043068899605,43.38234455119684,False,False,4|grow|still|liquid|s1|g2|structured,structured,,merge_cross_edge,False,20000.0
1,722,1,p1g5_069,screen,957,5,creative_screen,merge_cross_edge,"[""p2g6_020"",""ref_iso_d0.65""]",1b2647ef1fc6a3eb,ok,True,partial,0.3392,67.02181326949885,78.05575102599846,67.02181326949885,60.401450615599074,False,False,4|switch|rotor|liquid|s2|g2|structured,structured,,merge_cross_edge,False,5000.0
1,723,1,p1g5_072,screen,957,5,creative_screen,merge_cross_edge,"[""p1g3_027"",""blk_engine_10748""]",bf1d3533c5d1932e,ok,True,partial,0.5429,71.0406113598414,76.62414847978853,71.0406113598414,67.69048908787312,True,True,3|switch|rotor|liquid|s2|g2|structured,structured,,merge_cross_edge,False,20000.0
1,724,1,p1g5_073,screen,957,5,creative_screen,merge_slow_tanh,"[""p6g7_013"",""ref_iso_d0.75""]",44cbd9b3b31970cd,ok,True,partial,0.4302,61.06632986682387,67.08177315576516,61.06632986682387,57.45706389345909,True,False,4|switch|mobile|flicker|s1|g2|structured,structured,,merge_slow_tanh,False,2500.0
1,725,1,p1g5_007,screen,957,5,creative_screen,mutate,"[""p3g6_036""]",8682b73f9a4cfc74,ok,True,partial,0.0276,18.177625813197334,23.316834417596443,18.177625813197334,15.094100650557866,False,False,3|oscillator|still|frozen|s1|g1|structured,structured,,mutate,False,2500.0
1,726,1,p1g5_008,screen,957,5,creative_screen,mutate,"[""p6g9_021""]",20674302b005da05,ok,True,partial,0.2778,47.04668656464863,53.468915419531506,47.04668656464863,43.19334925171891,False,False,3|switch|rotor|liquid|s1|g2|structured,structured,,mutate,False,2500.0
1,727,1,p1g5_010,screen,957,5,creative_screen,mutate,"[""p6g9_021""]",8036a4a3c0f54e81,ok,True,partial,0.5314,54.50347998729197,54.9579733163893,54.50347998729197,54.230783989833576,False,False,3|switch|mobile|liquid|s1|g2|structured,structured,,mutate,False,2500.0
1,728,1,p1g5_011,screen,957,5,creative_screen,mutate,"[""p3g7_046""]",ee6523969f0ca54f,ok,True,partial,0.0,37.0392229630305,49.385630617374,37.0392229630305,29.631378370424397,False,False,3|switch|drift|liquid|s1|g2|mixed,mixed,,mutate,False,2500.0
1,729,1,p1g5_018,screen,957,5,creative_screen,mint_bilin,"[""p1g3_002""]",d414d7332af1ab13,ok,True,partial,0.0833,36.00811492361203,45.2341532314827,36.00811492361203,30.472491938889622,False,False,2|switch|drift|liquid|s1|g2|mixed,mixed,,mint_bilin,False,2500.0
1,730,1,p1g5_021,screen,957,5,creative_screen,mint_bilin,"[""p3g6_032""]",617f370d3b27a8de,ok,True,partial,0.2989,53.40939702999907,61.24919603999876,53.40939702999907,48.705517623999256,False,False,3|switch|mobile|liquid|s1|g1|structured,structured,,mint_bilin,False,2500.0
1,731,1,p1g5_030,screen,957,5,creative_screen,delete_bilin,"[""p1g3_043""]",f4bf9a22b5e3a725,ok,True,partial,0.0,41.27066519472657,55.02755359296876,41.27066519472657,33.016532155781256,False,False,3|switch|mobile|liquid|s1|g2|mixed,mixed,,delete_bilin,False,2500.0
1,732,1,p1g5_074,screen,957,5,creative_screen,merge_slow_tanh,"[""p1g4_038"",""ref_BFIELD_g0.05""]",d5f56a74b21ef164,ok,True,partial,0.5236,60.18765179447802,62.79686905930403,60.18765179447802,58.622121435582415,True,False,3|switch|mobile|liquid|s1|g2|structured,structured,,merge_slow_tanh,False,2500.0
1,733,1,p1g5_001,screen,957,5,creative_screen,mutate,"[""p4g1_037""]",f9fd4b9a9c88ee6a,ok,True,partial,0.1811,22.98630260443376,24.61173680591168,22.98630260443376,22.011042083547007,False,False,3|constant|still|liquid|s1|g0|structured,structured,,mutate,False,2500.0
1,734,1,p1g5_004,screen,957,5,creative_screen,mutate,"[""p6g6_032""]",4d1bac666623da13,ok,True,partial,0.3976,69.4534954483728,79.35132726449707,69.4534954483728,63.51479635869825,False,False,4|grow|mobile|liquid|s1|g2|structured,structured,,mutate,False,10000.0
1,735,1,p1g5_013,screen,957,5,creative_screen,mutate,"[""p3g9_022""]",d6ec16064274a675,ok,True,partial,0.5301,57.777450130269344,59.366600173692454,57.777450130269344,56.82396010421547,False,False,4|switch|mobile|liquid|s1|g2|structured,structured,,mutate,False,2500.0
1,736,1,p1g5_015,screen,957,5,creative_screen,mutate,"[""p3g6_036""]",6212721bf2a947b8,ok,True,partial,0.4443,63.227773334682276,69.49369777957637,63.227773334682276,59.468218667745816,True,False,4|switch|mobile|liquid|s1|g1|structured,structured,,mutate,False,2500.0
1,737,1,p1g5_016,screen,957,5,creative_screen,mint_bilin,"[""p3g9_022""]",bd65e746df6cf09a,ok,True,partial,0.374,64.59698534168834,73.66264712225113,64.59698534168834,59.157588273350676,False,False,4|grow|mobile|liquid|s2|g2|structured,structured,,mint_bilin,False,5000.0
1,738,1,p1g5_028,screen,957,5,creative_screen,delete_bilin,"[""p3g6_032""]",e169f7c89e6864bc,ok,True,partial,0.5183,74.05546397120979,81.46395196161305,74.05546397120979,69.61037117696782,True,True,4|grow|mobile|liquid|s2|g1|structured,structured,,delete_bilin,False,20000.0
1,739,1,p1g5_036,screen,957,5,creative_screen,add_chan,"[""p1g3_014""]",a6d94c0cfe0debb8,ok,True,partial,0.5389,63.644985139805975,66.89664685307463,63.644985139805975,61.693988111844774,True,True,3|grow|mobile|liquid|s2|g2|structured,structured,,add_chan,False,5000.0
1,740,1,p1g5_037,screen,957,5,creative_screen,add_chan,"[""p6g7_028""]",d0dac1d1ce745276,ok,True,partial,0.3146,56.16678616336016,64.40238155114687,56.16678616336016,51.225428930688125,False,False,3|oscillator|mobile|liquid|s1|g2|structured,structured,,add_chan,False,2500.0
1,741,1,p1g5_038,screen,957,5,creative_screen,add_chan,"[""p6g5_026""]",01003858cf32b841,ok,True,partial,0.3816,71.510598628112,82.62746483748268,71.510598628112,64.84047890248961,False,False,3|grow|mobile|liquid|s2|g2|structured,structured,,add_chan,False,10000.0
1,742,1,p1g5_039,screen,957,5,creative_screen,add_chan,"[""p6g7_028""]",0070f08b2a432689,ok,True,partial,0.6654,58.759245885779094,56.16566118103879,58.759245885779094,60.315396708623275,False,True,2|relaxation|rotor|liquid|s1|g2|structured,structured,,add_chan,False,5000.0
1,743,1,p1g5_050,screen,957,5,creative_screen,merge_spatial_ic,"[""p3g6_032"",""p3g7_046""]",3e9e387b61a8cb22,ok,True,partial,0.5788,72.99256377607011,78.03008503476016,72.99256377607011,69.97005102085609,True,True,4|grow|mobile|liquid|s2|g1|structured,structured,,merge_spatial_ic,True,20000.0
1,744,1,p1g5_054,screen,957,5,creative_screen,merge_spatial_ic,"[""p6g9_021"",""p2g4_002""]",b310fbfc5cac334e,ok,True,partial,0.1548,55.028356621046235,68.21114216139499,55.028356621046235,47.11868529683699,False,False,3|switch|mobile|liquid|s1|g2|structured,structured,,merge_spatial_ic,True,5000.0
1,745,1,p1g5_075,screen,957,5,creative_screen,merge_share_chan,"[""p4g4_018"",""ref_iso_d0.65""]",2c18c2e961f220ac,ok,True,partial,0.0,33.96592083477108,45.28789444636144,33.96592083477108,27.172736667816864,False,False,2|switch|still|liquid|s1|g2|mixed,mixed,,merge_share_chan,False,2500.0
1,746,1,p1g5_077,screen,957,5,creative_screen,merge_share_chan,"[""p2g6_020"",""p1g4_089""]",c4114e6995927301,ok,True,partial,0.0,16.20610003065508,21.608133374206773,16.20610003065508,12.964880024524064,False,False,3|constant|still|gas|s1|g2|mixed,mixed,,merge_share_chan,False,2500.0
1,747,1,p1g5_002,screen,957,5,creative_screen,mutate,"[""p1g4_036""]",f8038deeec6cbeb5,ok,True,partial,0.0,37.9030027842875,50.53733704571667,37.9030027842875,30.32240222743,False,False,3|constant|rotor|flicker|s1|g0|mixed,mixed,,mutate,False,2500.0
1,748,1,p1g5_005,screen,957,5,creative_screen,mutate,"[""p6g7_028""]",15d0018abd846192,ok,True,partial,0.3081,59.00011934940112,68.3968257992015,59.00011934940112,53.362095479520896,False,False,2|switch|mobile|liquid|s1|g2|structured,structured,,mutate,False,2500.0
1,749,1,p1g5_006,screen,957,5,creative_screen,mutate,"[""p6g7_028""]",b9a1f01df773506c,ok,True,partial,0.4035,57.981874835465504,63.85916644728734,57.981874835465504,54.45549986837241,False,False,3|switch|rotor|liquid|s1|g2|structured,structured,,mutate,False,2500.0
1,750,1,p1g5_009,screen,957,5,creative_screen,mutate,"[""p1g1_009""]",e0b5ec88fe286154,ok,True,partial,0.342,51.0599427740902,56.67992369878693,51.0599427740902,47.68795421927216,False,False,2|switch|mobile|liquid|s1|g2|structured,structured,,mutate,False,2500.0
1,751,1,p1g5_012,screen,957,5,creative_screen,mutate,"[""p4g3_033""]",15e9361ea30fcdb3,ok,True,partial,0.382,46.98503950778351,49.91338601037801,46.98503950778351,45.22803160622681,False,False,4|switch|rotor|liquid|s1|g1|structured,structured,,mutate,False,2500.0
1,752,1,p1g5_014,screen,957,5,creative_screen,mutate,"[""p6g5_026""]",510a2e15357d1c55,ok,True,partial,0.3879,68.11554932441825,77.89073243255767,68.11554932441825,62.250439459534604,False,False,3|grow|rotor|liquid|s1|g2|structured,structured,,mutate,False,20000.0
1,753,1,p1g5_024,screen,957,5,creative_screen,mint_bilin,"[""p6g7_028""]",1c46219a67137021,ok,True,partial,0.3188,65.83092609808148,77.14790146410864,65.83092609808148,59.040740878465186,False,False,3|switch|mobile|liquid|s2|g2|structured,structured,,mint_bilin,False,10000.0
1,754,1,p1g5_027,screen,957,5,creative_screen,mint_bilin,"[""p4g1_018""]",f77e9e2b00cf8aca,ok,True,partial,0.0,48.422416302495236,64.56322173666031,48.422416302495236,38.737933041996186,False,False,3|switch|mobile|flicker|s1|g2|mixed,mixed,,mint_bilin,False,2500.0
1,755,1,p1g5_035,screen,957,5,creative_screen,add_chan,"[""p1g2_012""]",e29244634a5b7e5d,ok,True,partial,0.1148,43.717952374842845,54.463936499790464,43.717952374842845,37.270361899874274,False,False,2|switch|still|liquid|s1|g2|mixed,mixed,,add_chan,False,2500.0
1,756,1,p1g5_044,screen,957,5,creative_screen,dup_act,"[""p2g6_020""]",8c33927bc34f75d8,ok,True,partial,0.0,46.40264259099237,61.87019012132316,46.40264259099237,37.1221140727939,False,False,4|switch|mobile|flicker|s1|g2|mixed,mixed,,dup_act,False,2500.0
1,757,1,p1g5_003,screen,957,5,creative_screen,mutate,"[""p2g6_020""]",d04a33b2953e7b3e,ok,True,partial,0.0,43.18422813518679,57.57897084691572,43.18422813518679,34.54738250814943,False,False,3|switch|mobile|liquid|s1|g2|mixed,mixed,,mutate,False,2500.0
1,758,1,p1g5_025,screen,957,5,creative_screen,mint_bilin,"[""p2g6_020""]",3fd2e55ff600f863,ok,True,partial,0.565,68.09876586696008,71.96502115594677,68.09876586696008,65.77901269356806,True,True,3|switch|mobile|liquid|s1|g2|structured,structured,,mint_bilin,False,10000.0
1,759,1,p1g5_031,screen,957,5,creative_screen,delete_bilin,"[""p2g6_020""]",efe73b5851901019,ok,True,partial,0.3428,66.32406570782159,77.00542094376212,66.32406570782159,59.915252566257266,False,False,3|switch|mobile|liquid|s2|g2|structured,structured,,delete_bilin,False,10000.0
1,760,1,p1g5_045,screen,957,5,creative_screen,dup_act,"[""p2g6_020""]",1637e12ad895f8b1,ok,True,partial,0.0,60.56587331051636,80.75449774735515,60.56587331051636,48.45269864841308,False,False,4|switch|mobile|liquid|s2|g2|mixed,mixed,,dup_act,False,20000.0
1,761,1,p1g5_059,screen,957,5,creative_screen,merge_cross_edge,"[""p1g4_081"",""blk_p10g0_ds6_000""]",7322c5914fc0ccc5,ok,True,partial,0.0,50.44716539262707,67.26288719016942,50.44716539262707,40.35773231410165,False,False,4|switch|mobile|flicker|s1|g2|mixed,mixed,,merge_cross_edge,False,2500.0
1,762,1,p1g5_060,screen,957,5,creative_screen,merge_cross_edge,"[""p1g2_032"",""ref_BFIELD_g0.05""]",9e197681da6b2458,ok,True,partial,0.5522,59.00689714994747,60.269196199929965,59.00689714994747,58.24951771995798,False,False,3|switch|mobile|liquid|s1|g2|structured,structured,,merge_cross_edge,False,2500.0
1,763,1,p1g5_019,screen,957,5,creative_screen,mint_bilin,"[""p2g6_020""]",bb3af1f7f6c9b0c7,ok,True,partial,0.3291,64.45764045272944,74.97352060363924,64.45764045272944,58.14811236218355,False,False,3|grow|rotor|liquid|s1|g2|structured,structured,,mint_bilin,False,20000.0
1,764,1,p1g5_020,screen,957,5,creative_screen,mint_bilin,"[""p2g6_020""]",a1c59e9e9cc2ba84,ok,True,partial,0.454,69.54380240422958,77.59173653897278,69.54380240422958,64.71504192338367,True,True,3|grow|rotor|liquid|s2|g2|structured,structured,,mint_bilin,False,10000.0
1,765,1,p1g5_048,screen,957,5,creative_screen,merge_spatial_ic,"[""p1g1_010"",""p1g5_022""]",19ce8f5d2f7ec59f,ok,True,partial,0.7412,67.57545418196469,65.39393890928625,67.57545418196469,68.88436334557174,True,True,3|grow|mobile|flicker|s1|g2|structured,structured,,merge_spatial_ic,True,20000.0
1,766,1,p1g5_052,screen,957,5,creative_screen,merge_spatial_ic,"[""p2g6_020"",""p3g5_061""]",489530b94bd868b0,ok,True,partial,0.4801,61.706862811884804,66.27248374917974,61.706862811884804,58.96749024950785,True,False,3|switch|rotor|liquid|s1|g2|structured,structured,,merge_spatial_ic,True,5000.0
1,767,1,p1g5_053,screen,957,5,creative_screen,merge_spatial_ic,"[""p5g8_007"",""p1g4_089""]",8e4299986c7764fd,ok,True,partial,0.0,48.59306022537316,64.79074696716421,48.59306022537316,38.87444818029852,False,False,3|switch|still|liquid|s1|g2|mixed,mixed,,merge_spatial_ic,True,10000.0
1,768,1,p1g5_063,screen,957,5,creative_screen,merge_cross_edge,"[""p10g0_ds6_000"",""ref_M0""]",68f6fde8be9f1282,ok,True,partial,0.5214,64.1476390233538,68.15018536447174,64.1476390233538,61.74611121868304,True,True,3|switch|rotor|liquid|s1|g2|structured,structured,,merge_cross_edge,False,2500.0
1,769,1,p1g4_006_s2,seed2,958,4,selected_confirmation,seed2,"[""p1g4_006""]",094fb9f1f2b790fd,ok,True,partial,0.0104,14.63756551213226,19.170087349509682,14.63756551213226,11.91805240970581,False,False,3|constant|still|frozen|s1|g2|mixed,mixed,True,mutate,False,2500.0
1,770,1,p1g4_041_s2,seed2,958,4,selected_confirmation,seed2,"[""p1g4_041""]",e21e4aba7380665b,ok,True,partial,0.0,34.919367532172174,46.5591567095629,34.919367532172174,27.93549402573774,False,False,3|constant|mobile|gas|s1|g2|mixed,mixed,True,dup_act,False,2500.0
1,771,1,p1g4_056_s2,seed2,958,4,selected_confirmation,seed2,"[""p1g4_056""]",3398c236ed324bab,ok,True,partial,0.2765,53.622585153473686,62.28011353796491,53.622585153473686,48.428068122778946,False,False,4|switch|drift|liquid|s1|g2|mixed,mixed,True,merge_cross_edge,False,2500.0
1,772,1,p1g4_069_s2,seed2,958,4,selected_confirmation,seed2,"[""p1g4_069""]",b5bd74556f52443f,ok,True,partial,0.6019,42.83121635840118,37.04495514453491,42.83121635840118,46.30297308672095,False,False,2|constant|mobile|liquid|s1|g2|structured,structured,True,merge_slow_tanh,False,2500.0
1,773,1,p1g4_001_s2,seed2,958,4,selected_confirmation,seed2,"[""p1g4_001""]",00b1d737ee707e06,ok,True,partial,0.0,22.451954858490737,29.93593981132098,22.451954858490737,17.96156388679259,False,False,3|constant|still|liquid|s1|g2|mixed,mixed,True,mutate,False,2500.0
1,774,1,p1g4_010_s2,seed2,958,4,selected_confirmation,seed2,"[""p1g4_010""]",af4d293ecc671f7a,ok,True,partial,0.634,71.0329500701199,73.57726676015986,71.0329500701199,69.50636005609591,True,True,4|switch|mobile|liquid|s1|g1|structured,structured,True,mutate,False,5000.0
1,775,1,p1g4_015_s2,seed2,958,4,selected_confirmation,seed2,"[""p1g4_015""]",520c5cfdb13c97f1,ok,True,partial,0.105,25.315289365436854,30.253719153915803,25.315289365436854,22.352231492349482,False,False,1|switch|drift|liquid|s1|g2|structured,structured,True,mutate,False,2500.0
1,776,1,p1g4_025_s2,seed2,958,4,selected_confirmation,seed2,"[""p1g4_025""]",b9171c6f6e80724d,ok,True,partial,0.5556,33.149727338803395,25.679636451737863,33.149727338803395,37.63178187104272,False,False,3|constant|mobile|liquid|s1|g0|structured,structured,True,mint_bilin,False,2500.0
1,777,1,p1g4_029_s2,seed2,958,4,selected_confirmation,seed2,"[""p1g4_029""]",32f473f369bd451d,ok,True,partial,0.0,30.009480869167987,40.01264115889065,30.009480869167987,24.00758469533439,False,False,4|constant|still|frozen|s1|g2|mixed,mixed,True,delete_bilin,False,2500.0
1,778,1,p1g4_033_s2,seed2,958,4,selected_confirmation,seed2,"[""p1g4_033""]",b439f6b9ece697bf,ok,True,partial,0.0,23.557396563280488,31.409862084373984,23.557396563280488,18.84591725062439,False,False,2|oscillator|drift|gas|s1|g2|mixed,mixed,True,add_chan,False,2500.0
1,779,1,p1g4_034_s2,seed2,958,4,selected_confirmation,seed2,"[""p1g4_034""]",1ee1b077bc2fe6fd,ok,True,partial,0.4061,62.96926056692675,70.422347422569,62.96926056692675,58.497408453541404,True,False,3|switch|mobile|liquid|s1|g2|structured,structured,True,add_chan,False,2500.0
1,780,1,p1g4_008_s2,seed2,958,4,selected_confirmation,seed2,"[""p1g4_008""]",9286c3282db105b3,ok,True,partial,0.0,20.100727167534156,26.800969556712207,20.100727167534156,16.080581734027323,False,False,2|constant|still|frozen|s1|g2|mixed,mixed,True,mutate,False,2500.0
1,781,1,p1g4_049_s2,seed2,958,4,selected_confirmation,seed2,"[""p1g4_049""]",bdeaaefe8a5b91e0,ok,True,partial,0.0,58.813984038559745,78.41864538474633,58.813984038559745,47.051187230847795,False,False,3|switch|mobile|flicker|s1|g2|mixed,mixed,True,merge_spatial_ic,False,20000.0
1,782,1,p1g3_010_s3,seed3,959,3,selected_confirmation,seed3,"[""p1g3_010""]",c08b6fec57dddd7d,ok,True,partial,0.0,18.25350027419859,24.33800036559812,18.25350027419859,14.60280021935887,False,False,2|constant|drift|liquid|s1|g0|mixed,mixed,True,mutate,False,2500.0
1,783,1,p1g3_000_s3,seed3,959,3,selected_confirmation,seed3,"[""p1g3_000""]",37d04832dc0650ff,ok,True,partial,0.0,3.9040584880543623,5.205411317405816,3.9040584880543623,3.1232467904434897,False,False,2|constant|still|frozen|s1|g0|mixed,mixed,True,mutate,False,2500.0
1,784,1,p1g3_043_s3,seed3,959,3,selected_confirmation,seed3,"[""p1g3_043""]",8bc048058fe00ede,ok,True,partial,0.0,26.807281306699274,35.743041742265696,26.807281306699274,21.445825045359417,False,False,2|oscillator|still|liquid|s1|g2|mixed,mixed,True,dup_act,False,2500.0
1,785,1,p1g3_046_s3,seed3,959,3,selected_confirmation,seed3,"[""p1g3_046""]",0a5c5b5289dd339e,ok,True,partial,0.0,29.073359344821725,38.76447912642897,29.073359344821725,23.25868747585738,False,False,3|constant|drift|frozen|s1|g2|mixed,mixed,True,dup_act,False,2500.0
1,786,1,p1g3_063_s3,seed3,959,3,selected_confirmation,seed3,"[""p1g3_063""]",970c4c3c09070e95,ok,True,partial,0.4939,61.01210398183524,64.886138642447,61.01210398183524,58.687683185468195,True,False,3|switch|mobile|liquid|s1|g2|structured,structured,True,merge_cross_edge,False,10000.0
1,787,1,p1g3_024_s3,seed3,959,3,selected_confirmation,seed3,"[""p1g3_024""]",b25e612be02566b2,ok,True,partial,0.197,21.12545351629275,21.600604688390334,21.12545351629275,20.8403628130342,False,False,3|constant|drift|liquid|s1|g0|structured,structured,True,mint_bilin,False,2500.0
1,788,1,p1g3_041_s3,seed3,959,3,selected_confirmation,seed3,"[""p1g3_041""]",64fe720091d56873,ok,True,partial,0.0,36.04324183732121,48.05765578309495,36.04324183732121,28.83459346985697,False,False,3|oscillator|mobile|frozen|s1|g2|mixed,mixed,True,dup_act,False,2500.0
1,789,1,p1g5_078,screen,957,5,creative_screen,immigrate,,5f227c24f114856c,no_blobs,True,missing,,0.0,,,,False,False,,,,immigrate,False,
1,790,1,p1g5_083,screen,957,5,creative_screen,immigrate,,aa7d80046531e285,no_blobs,True,missing,,0.0,,,,False,False,,,,immigrate,False,
1,791,1,p1g5_084,screen,957,5,creative_screen,immigrate,,07016cfd94f03e31,no_blobs,True,missing,,0.0,,,,False,False,,,,immigrate,False,
1,792,1,p1g5_089,screen,957,5,creative_screen,immigrate,,7ade88f31c296dd0,no_blobs,True,missing,,0.0,,,,False,False,,,,immigrate,False,
1,793,1,p1g5_093,screen,957,5,creative_screen,immigrate,,2d7acf0ca79ba322,no_blobs,True,missing,,0.0,,,,False,False,,,,immigrate,False,
1,794,1,p1g5_095,screen,957,5,creative_screen,immigrate,,ce89256083508516,no_blobs,True,missing,,0.0,,,,False,False,,,,immigrate,False,
1,795,1,p1g5_096,screen,957,5,creative_screen,immigrate,,592e291254200fc4,no_blobs,True,missing,,0.0,,,,False,False,,,,immigrate,False,
1,796,1,p1g5_080,screen,957,5,creative_screen,immigrate,,aea9d3c0579269f1,no_blobs,True,missing,,0.0,,,,False,False,,,,immigrate,False,
1,797,1,p1g5_087,screen,957,5,creative_screen,immigrate,,77611b1d1f851092,no_blobs,True,missing,,0.0,,,,False,False,,,,immigrate,False,
1,798,1,p1g5_088,screen,957,5,creative_screen,immigrate,,5f2de4d40c3f1722,no_blobs,True,missing,,0.0,,,,False,False,,,,immigrate,False,
1,799,1,p1g5_094,screen,957,5,creative_screen,immigrate,,e62e8603ef1555da,no_blobs,True,missing,,0.0,,,,False,False,,,,immigrate,False,
1,800,1,p1g3_016_s3,seed3,959,3,selected_confirmation,seed3,"[""p1g3_016""]",de435ba7a32c5618,ok,True,partial,0.3834,69.985407005886,80.53387600784801,69.985407005886,63.656325604708805,False,False,4|grow|rotor|liquid|s2|g2|mixed,mixed,True,mint_bilin,False,10000.0
1,801,1,p1g3_062_s3,seed3,959,3,selected_confirmation,seed3,"[""p1g3_062""]",5c7fca713f502950,ok,True,partial,0.0,44.73481619047537,59.646421587300495,44.73481619047537,35.7878529523803,False,False,3|grow|mobile|liquid|s1|g1|mixed,mixed,True,merge_cross_edge,False,2500.0
1,802,1,p1g5_081,screen,957,5,creative_screen,immigrate,,87d69f891b8d7bb8,ok,True,partial,0.0,0.0,0.0,0.0,0.0,False,False,1|constant|still|gas|s1|g0|mixed,mixed,,immigrate,False,2500.0
1,803,1,p1g5_082,screen,957,5,creative_screen,immigrate,,a430b38995e0862c,ok,True,partial,0.0,0.0,0.0,0.0,0.0,False,False,1|constant|still|gas|s1|g0|mixed,mixed,,immigrate,False,2500.0
1,804,1,p1g5_090,screen,957,5,creative_screen,immigrate,,8987f5a0bb7c054d,ok,True,partial,0.0,0.0,0.0,0.0,0.0,False,False,1|constant|still|gas|s1|g0|mixed,mixed,,immigrate,False,2500.0
1,805,1,p1g5_092,screen,957,5,creative_screen,immigrate,,cc5c5fd9d319b836,ok,True,partial,0.0,0.0,0.0,0.0,0.0,False,False,1|constant|still|gas|s1|g0|mixed,mixed,,immigrate,False,2500.0
1,806,1,p1g5_097,screen,957,5,creative_screen,immigrate,,01d5f98f2f11db66,ok,True,partial,0.0,15.337500000000002,20.450000000000003,15.337500000000002,12.270000000000001,False,False,2|constant|still|gas|s1|g0|mixed,mixed,,immigrate,False,2500.0
1,807,1,p1g5_079,screen,957,5,creative_screen,immigrate,,ef8bc19faa33f120,ok,True,partial,0.0,0.0,0.0,0.0,0.0,False,False,1|constant|still|gas|s1|g0|mixed,mixed,,immigrate,False,2500.0
1,808,1,p1g5_091,screen,957,5,creative_screen,immigrate,,19dfe6ead16fc2e9,ok,True,partial,0.0,0.0,0.0,0.0,0.0,False,False,1|constant|still|gas|s1|g0|mixed,mixed,,immigrate,False,2500.0
1,809,1,p1g4_081_s2,seed2,958,4,selected_confirmation,seed2,"[""p1g4_081""]",eb7a28007d1372b5,ok,True,partial,0.0,15.337500000000002,20.450000000000003,15.337500000000002,12.270000000000001,False,False,2|constant|still|gas|s1|g0|mixed,mixed,True,immigrate,False,2500.0
1,810,1,p1g4_089_s2,seed2,958,4,selected_confirmation,seed2,"[""p1g4_089""]",9586a4c006f109bd,ok,True,partial,0.0,0.0,0.0,0.0,0.0,False,False,1|constant|mobile|gas|s1|g0|mixed,mixed,True,immigrate,False,2500.0
1,811,1,p1g5_086,screen,957,5,creative_screen,immigrate,,b383e473de35303f,no_blobs,True,missing,,0.0,,,,False,False,,,,immigrate,False,
1,812,1,p1g4_084_s2,seed2,958,4,selected_confirmation,seed2,"[""p1g4_084""]",773af8b7f3ee2509,ok,True,partial,0.0,34.61763812226742,46.1568508296899,34.61763812226742,27.69411049781394,False,False,1|constant|rotor|flicker|s1|g2|structured,structured,True,immigrate,False,2500.0
1,813,1,p1g5_076,screen,957,5,creative_screen,merge_share_chan,"[""p1g4_081"",""ref_M4_tau5.7""]",17eda1665188c92c,ok,True,partial,0.0,10.5875,14.116666666666667,10.5875,8.47,False,False,2|constant|still|gas|s1|g0|mixed,mixed,,merge_share_chan,False,2500.0
1,814,1,p1g5_085,screen,957,5,creative_screen,immigrate,,46b879936ca1f04c,ok,True,partial,0.0,13.273075127559359,17.69743350341248,13.273075127559359,10.618460102047488,False,False,1|constant|still|flicker|s1|g0|mixed,mixed,,immigrate,False,2500.0
1,815,1,p1g5_064,screen,957,5,creative_screen,merge_cross_edge,"[""p1g4_084"",""ref_M4_tau5.7""]",e9e5a72b310bd141,ok,True,partial,0.4201,53.48379468355952,57.308392911412696,53.48379468355952,51.18903574684761,False,False,2|constant|rotor|liquid|s1|g2|structured,structured,,merge_cross_edge,False,2500.0
1,816,1,p1g6_044,screen,957,6,creative_screen,dup_act,"[""p6g9_021""]",1a66ee7988a28e2d,fail_g0a,True,missing,,,,,,False,False,,,,dup_act,False,
1,817,1,p1g6_043,screen,957,6,creative_screen,dup_act,"[""p6g5_026""]",79f6406eed3d21a3,fail_g0a,True,missing,,,,,,False,False,,,,dup_act,False,
1,818,1,p1g6_047,screen,957,6,creative_screen,dup_act,"[""p6g5_026""]",c44373677627eb50,fail_g0a,True,missing,,,,,,False,False,,,,dup_act,False,
1,819,1,p1g6_078,screen,957,6,creative_screen,merge_share_chan,"[""p2g6_020"",""ref_M4_tau5.7""]",4425efd7ca2c8eb1,fail_g0a,True,missing,,,,,,False,False,,,,merge_share_chan,False,
1,820,1,p1g6_076,screen,957,6,creative_screen,merge_share_chan,"[""p2g4_062"",""blk_p6g1_043""]",6178730a4eae3447,fail_g0a,True,missing,,,,,,False,False,,,,merge_share_chan,False,
1,821,1,p1g6_011,screen,957,6,creative_screen,mutate,"[""p2g6_020""]",c608666a5f1ba736,fail_g0a,True,missing,,,,,,False,False,,,,mutate,False,
1,822,1,p1g6_075,screen,957,6,creative_screen,merge_share_chan,"[""p3g6_061"",""ref_M4_tau5.7""]",11d2fd7f1d626c75,fail_g0a,True,missing,,,,,,False,False,,,,merge_share_chan,False,
1,823,1,p1g6_077,screen,957,6,creative_screen,merge_share_chan,"[""p1g2_032"",""ref_M0""]",de8858ef8646248f,fail_g0a,True,missing,,,,,,False,False,,,,merge_share_chan,False,
1,824,1,p1g4_038_s3,seed3,959,4,selected_confirmation,seed3,"[""p1g4_038""]",ce215b4270755146,ok,True,partial,0.4493,60.552148625239646,65.75953150031953,60.552148625239646,57.42771890019171,True,False,2|switch|rotor|liquid|s1|g2|structured,structured,True,add_chan,False,20000.0
1,825,1,p1g6_002,screen,957,6,creative_screen,mutate,"[""p0g0_ds2g11_009""]",708d457caaf19f99,ok,True,partial,0.102,54.14792889373382,68.79723852497843,54.14792889373382,45.35834311498705,False,False,3|grow|rotor|frozen|s1|g2|structured,structured,,mutate,False,20000.0
1,826,1,p1g6_033,screen,957,6,creative_screen,add_chan,"[""p3g5_061""]",21586638a75b5f95,ok,True,partial,0.0,26.064379039120816,34.75250538549442,26.064379039120816,20.851503231296654,False,False,2|constant|mobile|flicker|s1|g2|mixed,mixed,,add_chan,False,2500.0
1,827,1,p1g6_053,screen,957,6,creative_screen,merge_spatial_ic,"[""p3g6_061"",""p6g1_023""]",87da68345e8008fe,ok,True,partial,0.0,48.42298336352161,64.56397781802882,48.42298336352161,38.738386690817286,False,False,2|grow|mobile|liquid|s1|g1|mixed,mixed,,merge_spatial_ic,True,10000.0
1,828,1,p1g6_068,screen,957,6,creative_screen,merge_slow_tanh,"[""p1g4_084"",""ref_iso_d0.75""]",ab38c24cc5e4c855,ok,True,partial,0.0,28.928209388151597,38.570945850868796,28.928209388151597,23.14256751052128,False,False,2|constant|still|frozen|s1|g2|mixed,mixed,,merge_slow_tanh,False,2500.0
1,829,1,p1g5_071_s2,seed2,958,5,selected_confirmation,seed2,"[""p1g5_071""]",18af142dbe5e3605,ok,True,partial,0.0,30.188805200952288,40.251740267936384,30.188805200952288,24.15104416076183,False,False,3|constant|mobile|flicker|s1|g2|mixed,mixed,True,merge_slow_tanh,False,2500.0
1,830,1,p1g4_016_s3,seed3,959,4,selected_confirmation,seed3,"[""p1g4_016""]",20a54c495145829d,ok,True,partial,0.0,46.36651310345764,61.82201747127686,46.36651310345764,37.09321048276611,False,False,4|grow|mobile|liquid|s1|g1|mixed,mixed,True,mint_bilin,False,2500.0
1,831,1,p1g5_048_s2,seed2,958,5,selected_confirmation,seed2,"[""p1g5_048""]",19ce8f5d2f7ec59f,ok,True,partial,0.0,14.225752193765768,18.96766959168769,14.225752193765768,11.380601755012615,False,False,1|oscillator|still|gas|s1|g2|mixed,mixed,True,merge_spatial_ic,False,20000.0
1,832,1,p1g5_049_s2,seed2,958,5,selected_confirmation,seed2,"[""p1g5_049""]",7abceff1a41774bf,ok,True,partial,0.0,49.52802902068919,66.03737202758559,49.52802902068919,39.622423216551354,False,False,4|switch|still|liquid|s1|g2|mixed,mixed,True,merge_spatial_ic,False,20000.0
1,833,1,p1g5_057_s2,seed2,958,5,selected_confirmation,seed2,"[""p1g5_057""]",b4e7b0eff2ea5f52,ok,True,partial,0.3258,56.804718135661986,64.87962418088264,56.804718135661986,51.95977450852959,False,False,3|grow|drift|liquid|s1|g2|structured,structured,True,merge_cross_edge,False,20000.0
1,834,1,p1g5_067_s2,seed2,958,5,selected_confirmation,seed2,"[""p1g5_067""]",06fe56e10550f893,ok,True,partial,0.2019,52.26833028562747,62.9611070475033,52.26833028562747,45.85266422850198,False,False,4|grow|still|liquid|s1|g2|structured,structured,True,merge_cross_edge,False,20000.0
1,835,1,p1g5_028_s2,seed2,958,5,selected_confirmation,seed2,"[""p1g5_028""]",e169f7c89e6864bc,ok,True,partial,0.5729,74.65910605418591,80.44880807224789,74.65910605418591,71.18528484334873,True,True,4|grow|mobile|liquid|s2|g1|structured,structured,True,delete_bilin,False,20000.0
1,836,1,p1g5_014_s2,seed2,958,5,selected_confirmation,seed2,"[""p1g5_014""]",510a2e15357d1c55,ok,True,partial,0.4152,59.574923304855666,65.59323107314088,59.574923304855666,55.96393864388453,False,False,3|grow|mobile|liquid|s1|g2|structured,structured,True,mutate,False,20000.0
1,837,1,p1g5_045_s2,seed2,958,5,selected_confirmation,seed2,"[""p1g5_045""]",1637e12ad895f8b1,ok,True,partial,0.0,59.833261111490714,79.77768148198761,59.833261111490714,47.86660888919257,False,False,4|grow|rotor|liquid|s2|g2|mixed,mixed,True,dup_act,False,20000.0
1,838,1,p1g4_024_s3,seed3,959,4,selected_confirmation,seed3,"[""p1g4_024""]",8f4e6c5e5fa60231,ok,True,partial,0.0,52.10771513022565,69.47695350696753,52.10771513022565,41.68617210418052,False,False,4|switch|rotor|flicker|s1|g2|mixed,mixed,True,mint_bilin,False,20000.0
1,839,1,p1g4_037_s3,seed3,959,4,selected_confirmation,seed3,"[""p1g4_037""]",958193ab4860df54,ok,True,partial,0.2235,53.57236350278063,63.979818003707514,53.57236350278063,47.3278908022245,False,False,3|switch|drift|liquid|s1|g2|structured,structured,True,add_chan,False,20000.0
1,840,1,p1g4_061_s3,seed3,959,4,selected_confirmation,seed3,"[""p1g4_061""]",69c186c48d59931c,ok,True,partial,0.4569,73.39301555398472,82.62735407197962,73.39301555398472,67.85241244318777,True,True,4|grow|rotor|liquid|s2|g2|structured,structured,True,merge_cross_edge,False,20000.0
1,841,1,p1g4_044_s3,seed3,959,4,selected_confirmation,seed3,"[""p1g4_044""]",5cace89eac837cb6,ok,True,partial,0.0,59.013865914962764,78.68515455328368,59.013865914962764,47.211092731970204,False,False,4|grow|mobile|liquid|s1|g2|mixed,mixed,True,dup_act,False,20000.0
1,842,1,p1g4_050_s3,seed3,959,4,selected_confirmation,seed3,"[""p1g4_050""]",9a815b4bb1db78ea,ok,True,partial,0.6487,81.79157794143298,87.43210392191064,81.79157794143298,78.40726235314638,True,True,4|grow|mobile|liquid|s3|g2|structured,structured,True,merge_spatial_ic,False,20000.0
1,843,1,p1g4_053_s3,seed3,959,4,selected_confirmation,seed3,"[""p1g4_053""]",b310fbfc5cac334e,ok,True,partial,0.2054,68.4327004568867,84.3969339425156,68.4327004568867,58.85416036550936,False,False,3|switch|mobile|liquid|s2|g2|structured,structured,True,merge_spatial_ic,False,20000.0
1,844,1,p1g4_009_s3,seed3,959,4,selected_confirmation,seed3,"[""p1g4_009""]",8668a03e7694dbf2,ok,True,partial,0.096,52.84699158726024,67.26265544968032,52.84699158726024,44.197593269808195,False,False,4|grow|mobile|flicker|s1|g2|mixed,mixed,True,mutate,False,20000.0
1,845,1,p1g4_036_s3,seed3,959,4,selected_confirmation,seed3,"[""p1g4_036""]",0b0ba5b42d44000e,ok,True,partial,0.0,43.010093857572286,57.346791810096384,43.010093857572286,34.40807508605783,False,False,4|grow|drift|liquid|s2|g0|mixed,mixed,True,add_chan,False,20000.0
1,846,1,p1g4_049_s3,seed3,959,4,selected_confirmation,seed3,"[""p1g4_049""]",bdeaaefe8a5b91e0,ok,True,partial,0.0,63.02759565065739,84.03679420087651,63.02759565065739,50.422076520525906,False,False,3|switch|mobile|liquid|s2|g2|mixed,mixed,True,merge_spatial_ic,False,20000.0
1,847,1,p1g5_053_s2,seed2,958,5,selected_confirmation,seed2,"[""p1g5_053""]",8e4299986c7764fd,ok,True,partial,0.0,47.54634082199169,63.39512109598893,47.54634082199169,38.037072657593356,False,False,3|switch|still|flicker|s1|g2|mixed,mixed,True,merge_spatial_ic,False,10000.0
1,848,1,p1g4_068_s3,seed3,959,4,selected_confirmation,seed3,"[""p1g4_068""]",dc60a589bc9f3433,ok,True,partial,0.4655,74.15831593522304,83.36108791363073,74.15831593522304,68.63665274817843,True,True,4|grow|rotor|liquid|s2|g2|structured,structured,True,merge_slow_tanh,False,20000.0
1,849,1,p1g4_012_s3,seed3,959,4,selected_confirmation,seed3,"[""p1g4_012""]",9a2cd51c2edfa9fb,ok,True,partial,0.6266,71.27922375052412,74.15229833403217,71.27922375052412,69.5553790004193,True,True,4|grow|mobile|liquid|s1|g1|structured,structured,True,mutate,False,10000.0
1,850,1,p1g4_031_s3,seed3,959,4,selected_confirmation,seed3,"[""p1g4_031""]",bd353bc117db191e,ok,True,partial,0.3626,67.77831393275437,78.28441857700582,67.77831393275437,61.47465114620349,False,False,3|grow|rotor|liquid|s1|g2|structured,structured,True,delete_bilin,False,10000.0
1,851,1,p1g5_017_s2,seed2,958,5,selected_confirmation,seed2,"[""p1g5_017""]",c07075a545987979,ok,True,partial,0.6089,75.94006198118039,80.95674930824053,75.94006198118039,72.93004958494433,True,True,4|grow|mobile|liquid|s1|g2|structured,structured,True,mint_bilin,False,20000.0
1,852,1,p1g5_029_s2,seed2,958,5,selected_confirmation,seed2,"[""p1g5_029""]",7ad8fe3763bbce9d,ok,True,partial,0.5961,66.55463406691852,68.8695120892247,66.55463406691852,65.16570725353482,True,True,4|constant|rotor|liquid|s1|g2|structured,structured,True,delete_bilin,False,5000.0
1,853,1,p1g5_039_s2,seed2,958,5,selected_confirmation,seed2,"[""p1g5_039""]",0070f08b2a432689,ok,True,partial,0.185,57.42509729584844,70.40012972779792,57.42509729584844,49.64007783667875,False,False,2|grow|mobile|liquid|s2|g2|structured,structured,True,add_chan,False,20000.0
1,854,1,p1g4_007_s3,seed3,959,4,selected_confirmation,seed3,"[""p1g4_007""]",2ec16af7837671a1,ok,True,partial,0.1132,38.952015459415094,48.16268727922013,38.952015459415094,33.425612367532075,False,False,3|grow|still|liquid|s1|g2|structured,structured,True,mutate,False,5000.0
1,855,1,p1g4_035_s3,seed3,959,4,selected_confirmation,seed3,"[""p1g4_035""]",341c864c6efd0076,ok,True,partial,0.5636,70.28188460209884,74.92251280279845,70.28188460209884,67.49750768167907,True,True,4|grow|mobile|liquid|s2|g1|structured,structured,True,add_chan,False,10000.0
1,856,1,p1g4_065_s3,seed3,959,4,selected_confirmation,seed3,"[""p1g4_065""]",737a7930f383f950,ok,True,partial,0.5061,54.97277641089195,56.42703521452261,54.97277641089195,54.100221128713564,False,False,4|constant|rotor|liquid|s1|g2|structured,structured,True,merge_cross_edge,False,5000.0
1,857,1,p1g4_070_s3,seed3,959,4,selected_confirmation,seed3,"[""p1g4_070""]",6d7ed414f8dcda9e,ok,True,partial,0.1003,48.93046147377869,61.89728196503825,48.93046147377869,41.15036917902295,False,False,4|switch|rotor|liquid|s1|g2|structured,structured,True,merge_cross_edge,False,5000.0
1,858,1,p1g4_072_s3,seed3,959,4,selected_confirmation,seed3,"[""p1g4_072""]",74ebfa1656898bcb,ok,True,partial,0.1237,51.400467461180924,64.41062328157456,51.400467461180924,43.59437396894474,False,False,4|switch|rotor|liquid|s1|g2|structured,structured,True,merge_cross_edge,False,5000.0
1,859,1,p1g4_010_s3,seed3,959,4,selected_confirmation,seed3,"[""p1g4_010""]",af4d293ecc671f7a,ok,True,partial,0.6619,71.18945794835957,72.8559439311461,71.18945794835957,70.18956635868766,True,True,4|grow|mobile|liquid|s1|g1|structured,structured,True,mutate,False,5000.0
1,860,1,p1g6_006,screen,957,6,creative_screen,mutate,"[""p1g2_065""]",b0ab94830eede339,ok,True,partial,0.3576,56.809712714218115,63.82628361895749,56.809712714218115,52.59977017137449,False,False,4|grow|drift|flicker|s2|g2|structured,structured,,mutate,False,20000.0
1,861,1,p1g6_008,screen,957,6,creative_screen,mutate,"[""p1g4_065""]",72b641dba8085a1c,ok,True,partial,0.0,29.217842050078097,38.957122733437465,29.217842050078097,23.37427364006248,False,False,4|switch|still|frozen|s1|g2|mixed,mixed,,mutate,False,2500.0
1,862,1,p1g6_012,screen,957,6,creative_screen,mutate,"[""p1g5_049""]",249b7297e2ca86db,ok,True,partial,0.1241,43.365400313097986,53.683867084130654,43.365400313097986,37.17432025047839,False,False,3|switch|still|liquid|s1|g2|structured,structured,,mutate,False,10000.0
1,863,1,p1g6_034,screen,957,6,creative_screen,add_chan,"[""p3g9_022""]",3e335e7b78cfd65a,ok,True,partial,0.3588,57.49881972195255,64.7050929626034,57.49881972195255,53.17505577756204,False,False,3|grow|mobile|liquid|s1|g2|structured,structured,,add_chan,False,5000.0
1,864,1,p1g6_037,screen,957,6,creative_screen,add_chan,"[""p6g9_021""]",c6a472c04e94e79b,ok,True,partial,0.4073,69.37962434540148,78.92949912720196,69.37962434540148,63.64969947632118,True,True,3|switch|mobile|liquid|s2|g2|structured,structured,,add_chan,False,5000.0
1,865,1,p1g6_040,screen,957,6,creative_screen,dup_act,"[""p6g9_021""]",d702095778d60346,ok,True,partial,0.0,29.3634039058959,39.1512052078612,29.3634039058959,23.49072312471672,False,False,2|oscillator|still|liquid|s1|g2|mixed,mixed,,dup_act,False,2500.0
1,866,1,p1g6_048,screen,957,6,creative_screen,merge_spatial_ic,"[""p2g7_039"",""p5g8_014""]",fa86cb8089d048d0,ok,True,partial,0.5308,57.87029370815268,59.46705827753691,57.87029370815268,56.91223496652215,False,False,4|switch|mobile|liquid|s1|g2|structured,structured,,merge_spatial_ic,True,2500.0
1,867,1,p1g6_056,screen,957,6,creative_screen,merge_cross_edge,"[""p2g6_020"",""blk_engine_10748""]",b0f67bbf848a278c,ok,True,partial,0.5395,75.48079017476076,82.65772023301435,75.48079017476076,71.17463213980861,True,True,4|grow|rotor|liquid|s3|g2|structured,structured,,merge_cross_edge,False,10000.0
1,868,1,p1g6_058,screen,957,6,creative_screen,merge_cross_edge,"[""p6g5_025"",""ref_iso_d0.65""]",589dbd02a42b7c55,ok,True,partial,0.3685,47.25223337376275,50.719644498350334,47.25223337376275,45.1717866990102,False,False,3|switch|mobile|liquid|s1|g2|structured,structured,,merge_cross_edge,False,2500.0
1,869,1,p1g6_064,screen,957,6,creative_screen,merge_cross_edge,"[""p2g6_020"",""ref_iso_d0.75""]",df077504c85b20e6,ok,True,partial,0.1821,52.608568317839165,64.07475775711889,52.608568317839165,45.72885465427133,False,False,4|switch|rotor|liquid|s1|g2|mixed,mixed,,merge_cross_edge,False,10000.0
1,870,1,p1g6_023,screen,957,6,creative_screen,mint_bilin,"[""p1g5_017""]",fceaf0f5291b4bac,ok,True,partial,0.6155,75.03929309489915,79.5357241265322,75.03929309489915,72.34143447591931,True,True,4|grow|mobile|liquid|s1|g2|structured,structured,,mint_bilin,False,20000.0
1,871,1,p1g6_035,screen,957,6,creative_screen,add_chan,"[""p1g7_025""]",869f1a59265fe499,ok,True,partial,0.5274,64.54616754105815,68.48155672141087,64.54616754105815,62.18493403284651,True,True,4|grow|mobile|liquid|s1|g1|structured,structured,,add_chan,False,10000.0
1,872,1,p1g6_039,screen,957,6,creative_screen,add_chan,"[""p1g4_044""]",99d44e2cbaf8207e,ok,True,partial,0.0,59.2308182396355,78.974424319514,59.2308182396355,47.3846545917084,False,False,4|grow|mobile|liquid|s1|g2|mixed,mixed,,add_chan,False,20000.0
1,873,1,p1g6_046,screen,957,6,creative_screen,dup_act,"[""p6g9_021""]",2c443761330b04d7,ok,True,partial,0.0,60.37640299639858,80.50187066186477,60.37640299639858,48.30112239711886,False,False,4|grow|rotor|liquid|s2|g2|mixed,mixed,,dup_act,False,20000.0
1,874,1,p1g6_057,screen,957,6,creative_screen,merge_cross_edge,"[""p1g5_064"",""blk_p2g4_053""]",d4d3de85840233f2,ok,True,partial,0.5766,67.04426978130982,70.17235970841308,67.04426978130982,65.16741582504784,True,True,4|grow|rotor|liquid|s1|g2|structured,structured,,merge_cross_edge,False,5000.0
1,875,1,p1g6_060,screen,957,6,creative_screen,merge_cross_edge,"[""p2g6_020"",""ref_M4_tau5.7""]",4f87688452df6fde,ok,True,partial,0.4456,65.79888183386996,72.8785091118266,65.79888183386996,61.55110546709596,True,True,4|switch|mobile|flicker|s2|g2|structured,structured,,merge_cross_edge,False,20000.0
1,876,1,p1g6_065,screen,957,6,creative_screen,merge_cross_edge,"[""p2g6_020"",""ref_iso_d0.75""]",d760747f84c5546f,ok,True,partial,0.2139,66.67181683147331,81.76575577529775,66.67181683147331,57.615453465178646,False,False,4|grow|rotor|liquid|s2|g2|structured,structured,,merge_cross_edge,False,20000.0
1,877,1,p1g6_067,screen,957,6,creative_screen,merge_cross_edge,"[""p2g6_020"",""ref_iso_d0.75""]",3c388f527a32338f,ok,True,partial,0.3956,66.36233997125643,75.29645329500858,66.36233997125643,61.001871977005145,False,False,4|grow|rotor|liquid|s1|g2|structured,structured,,merge_cross_edge,False,10000.0
1,878,1,p1g6_069,screen,957,6,creative_screen,merge_cross_edge,"[""p2g6_020"",""ref_iso_d0.75""]",05d8f90444d37bb0,ok,True,partial,0.181,54.40224646139618,66.50299528186157,54.40224646139618,47.14179716911694,False,False,4|switch|rotor|liquid|s1|g2|mixed,mixed,,merge_cross_edge,False,10000.0
1,879,1,p1g6_070,screen,957,6,creative_screen,merge_slow_tanh,"[""p1g2_023"",""ref_XV_tau15.7""]",e675703daafb1609,ok,True,partial,0.3905,66.220366946089,75.27715592811866,66.220366946089,60.7862935568712,False,False,4|grow|rotor|liquid|s1|g2|structured,structured,,merge_slow_tanh,False,20000.0
1,880,1,p1g6_072,screen,957,6,creative_screen,merge_slow_tanh,"[""p6g7_013"",""ref_iso_d0.75""]",da961000a3fb2418,ok,True,partial,0.4879,63.403195611965984,68.27426081595465,63.403195611965984,60.480556489572784,True,True,4|switch|mobile|liquid|s1|g2|structured,structured,,merge_slow_tanh,False,5000.0
1,881,1,p1g6_073,screen,957,6,creative_screen,merge_cross_edge,"[""p1g2_008"",""blk_p1g2_008""]",0ed378902ccd84da,ok,True,partial,0.4506,60.552105008919284,65.71614001189238,60.552105008919284,57.45368400713543,True,False,4|switch|mobile|liquid|s1|g2|structured,structured,,merge_cross_edge,False,5000.0
1,882,1,p1g6_074,screen,957,6,creative_screen,merge_cross_edge,"[""p2g6_020"",""ref_M4_tau5.7""]",bb94a730d19f6ed9,ok,True,partial,0.5576,67.03058129100347,70.78744172133796,67.03058129100347,64.77646503280278,True,True,3|switch|rotor|liquid|s2|g2|structured,structured,,merge_cross_edge,False,10000.0
1,883,1,p1g6_001,screen,957,6,creative_screen,mutate,"[""p6g9_038""]",a2baacc85b31a791,ok,True,partial,0.2271,33.27171991680846,36.792293222411274,33.27171991680846,31.159375933446764,False,False,1|grow|drift|liquid|s1|g2|structured,structured,,mutate,False,2500.0
1,884,1,p1g6_003,screen,957,6,creative_screen,mutate,"[""p2g4_002""]",3ff5249629056193,ok,True,partial,0.4628,67.05421966773932,73.97895955698577,67.05421966773932,62.89937573419146,True,True,4|switch|mobile|liquid|s1|g2|structured,structured,,mutate,False,20000.0
1,885,1,p1g6_004,screen,957,6,creative_screen,mutate,"[""p3g6_032""]",a14de1a04e685256,ok,True,partial,0.2733,49.037787130508605,56.27371617401147,49.037787130508605,44.696229704406875,False,False,4|switch|mobile|liquid|s1|g1|structured,structured,,mutate,False,2500.0
1,886,1,p1g6_009,screen,957,6,creative_screen,mutate,"[""p3g9_022""]",91813fbd275fbaaa,ok,True,partial,0.588,71.84487545626631,76.19316727502175,71.84487545626631,69.23590036501305,True,True,4|switch|mobile|liquid|s1|g2|structured,structured,,mutate,False,20000.0
1,887,1,p1g6_010,screen,957,6,creative_screen,mutate,"[""p3g9_022""]",c9de4b4275cb9d65,ok,True,partial,0.0,3.0843749999999996,4.1125,3.0843749999999996,2.4675,False,False,1|constant|still|gas|s1|g0|mixed,mixed,,mutate,False,2500.0
1,888,1,p1g6_013,screen,957,6,creative_screen,mutate,"[""p3g6_032""]",c3a898604e03bebe,ok,True,partial,0.3824,54.53056779233241,59.960757056443214,54.53056779233241,51.27245423386593,False,False,3|switch|mobile|liquid|s1|g1|structured,structured,,mutate,False,2500.0
1,889,1,p1g6_014,screen,957,6,creative_screen,mutate,"[""p1g2_014""]",29ebe2608c3efff8,ok,True,partial,0.4996,66.77847030665974,72.38462707554633,66.77847030665974,63.4147762453278,True,True,3|switch|rotor|liquid|s1|g2|structured,structured,,mutate,False,2500.0
1,890,1,p1g6_018,screen,957,6,creative_screen,mint_bilin,"[""p6g9_021""]",4d69bffc0d662e52,ok,True,partial,0.3742,70.76886468800677,81.88515291734237,70.76886468800677,64.09909175040542,False,False,3|switch|mobile|liquid|s2|g2|structured,structured,,mint_bilin,False,10000.0
1,891,1,p1g6_022,screen,957,6,creative_screen,mint_bilin,"[""p3g6_032""]",2c8dae67f19b2360,ok,True,partial,0.5021,74.35276906682041,82.40035875576056,74.35276906682041,69.52421525345633,True,True,4|grow|mobile|liquid|s2|g2|structured,structured,,mint_bilin,False,20000.0
1,892,1,p1g6_024,screen,957,6,creative_screen,mint_bilin,"[""p3g9_022""]",3a044a368e6e6a61,ok,True,partial,0.5542,75.76950495905004,82.55267327873338,75.76950495905004,71.69960396724002,True,True,4|grow|mobile|liquid|s2|g2|structured,structured,,mint_bilin,False,20000.0
1,893,1,p1g6_025,screen,957,6,creative_screen,mint_bilin,"[""p1g2_027""]",6817f357a454594a,ok,True,partial,0.1441,65.84243953652444,82.98658604869925,65.84243953652444,55.55595162921955,False,False,3|grow|mobile|liquid|s2|g2|structured,structured,,mint_bilin,False,20000.0
1,894,1,p1g6_026,screen,957,6,creative_screen,mint_bilin,"[""p6g9_021""]",0bf97bd4c0a390b3,ok,True,partial,0.6326,60.51862195024731,59.604829266996404,60.51862195024731,61.066897560197845,True,True,3|switch|mobile|flicker|s1|g2|structured,structured,,mint_bilin,False,2500.0
1,895,1,p1g6_052,screen,957,6,creative_screen,merge_spatial_ic,"[""p6g6_032"",""p1g3_046""]",e85f4b309db0d245,ok,True,partial,0.6485,71.7687804900116,74.0750406533488,71.7687804900116,70.38502439200927,True,True,4|switch|rotor|liquid|s1|g2|structured,structured,,merge_spatial_ic,True,2500.0
1,896,1,p1g6_061,screen,957,6,creative_screen,merge_cross_edge,"[""p1g4_089"",""p4g5_070""]",96a7ec6bf2dec270,ok,True,partial,0.5496,46.07186714187711,43.109156189169475,46.07186714187711,47.84949371350169,False,False,2|constant|mobile|liquid|s1|g2|structured,structured,,merge_cross_edge,False,2500.0
1,897,1,p1g6_027,screen,957,6,creative_screen,mint_bilin,"[""p3g6_036""]",5cc23599a1bad445,ok,True,partial,0.5412,64.39928016746674,67.82570688995565,64.39928016746674,62.343424133973386,True,True,3|grow|mobile|liquid|s1|g1|structured,structured,,mint_bilin,False,20000.0
1,898,1,p1g6_028,screen,957,6,creative_screen,delete_bilin,"[""p3g9_022""]",aeee09d4cce63b36,ok,True,partial,0.376,69.40055984217383,80.00074645623177,69.40055984217383,63.040447873739055,False,False,4|grow|rotor|liquid|s2|g2|structured,structured,,delete_bilin,False,10000.0
1,899,1,p1g6_031,screen,957,6,creative_screen,delete_bilin,"[""p6g9_021""]",21b09ff296b50769,ok,True,partial,0.3523,69.6652441612608,81.14365888168106,69.6652441612608,62.77819532900863,False,False,3|grow|rotor|liquid|s2|g2|structured,structured,,delete_bilin,False,20000.0
1,900,1,p1g6_032,screen,957,6,creative_screen,add_chan,"[""p1g2_020""]",69175c0d73a417ae,ok,True,partial,0.3594,54.75131188779547,61.021749183727295,54.75131188779547,50.98904951023637,False,False,4|grow|rotor|liquid|s1|g2|structured,structured,,add_chan,False,10000.0
1,901,1,p1g6_042,screen,957,6,creative_screen,dup_act,"[""p6g5_026""]",c0ef4ffb6e14b68c,ok,True,partial,0.2512,55.69265296528278,65.88353728704371,55.69265296528278,49.57812237222622,False,False,4|switch|rotor|liquid|s1|g2|structured,structured,,dup_act,False,20000.0
1,902,1,p1g6_045,screen,957,6,creative_screen,dup_act,"[""p6g5_026""]",1fb78d789b364fb2,ok,True,partial,0.2504,66.52662843144097,80.35550457525463,66.52662843144097,58.22930274515277,False,False,4|grow|rotor|liquid|s2|g2|mixed,mixed,,dup_act,False,20000.0
1,903,1,p1g6_049,screen,957,6,creative_screen,merge_spatial_ic,"[""p3g9_022"",""p6g7_035""]",9a815b4bb1db78ea,ok,True,partial,0.5316,67.52250063241576,72.31000084322102,67.52250063241576,64.65000050593261,True,True,4|grow|mobile|liquid|s1|g2|structured,structured,,merge_spatial_ic,True,10000.0
1,904,1,p1g6_062,screen,957,6,creative_screen,merge_cross_edge,"[""p1g2_023"",""ref_XV_tau15.7""]",5f4119d6059bd8aa,ok,True,partial,0.392,62.27825757579538,69.9710101010605,62.27825757579538,57.6626060606363,False,False,4|grow|rotor|flicker|s2|g2|structured,structured,,merge_cross_edge,False,10000.0
1,905,1,p1g6_007,screen,957,6,creative_screen,mutate,"[""p6g5_026""]",e0385ddc7ff8d505,ok,True,partial,0.2238,53.03678411159433,63.25571214879244,53.03678411159433,46.90542728927546,False,False,3|switch|drift|liquid|s1|g2|structured,structured,,mutate,False,5000.0
1,906,1,p1g6_017,screen,957,6,creative_screen,mint_bilin,"[""p6g7_028""]",a210dd66c0c9aff7,ok,True,partial,0.3042,60.086118069198136,69.97482409226417,60.086118069198136,54.1528944553585,False,False,2|switch|mobile|liquid|s2|g2|structured,structured,,mint_bilin,False,10000.0
1,907,1,p1g6_020,screen,957,6,creative_screen,mint_bilin,"[""p2g6_031""]",e1c8882bbd971b9c,ok,True,partial,0.0,50.406306188160244,67.20840825088032,50.406306188160244,40.325044950528195,False,False,3|grow|mobile|flicker|s2|g2|mixed,mixed,,mint_bilin,False,5000.0
1,908,1,p1g6_021,screen,957,6,creative_screen,mint_bilin,"[""p4g2_044""]",e097d53845da907f,ok,True,partial,0.0,55.599020201727456,74.1320269356366,55.599020201727456,44.47921616138196,False,False,4|grow|rotor|liquid|s1|g2|mixed,mixed,,mint_bilin,False,10000.0
1,909,1,p1g6_036,screen,957,6,creative_screen,add_chan,"[""p1g1_006""]",89fa1bb51f2b88b8,ok,True,partial,0.0934,35.32796511183803,43.990620149117376,35.32796511183803,30.130372089470427,False,False,2|constant|still|liquid|s1|g2|mixed,mixed,,add_chan,False,2500.0
1,910,1,p1g6_038,screen,957,6,creative_screen,add_chan,"[""p2g6_020""]",474d31ab72ab4e8a,ok,True,partial,0.6467,64.39163164923181,64.29884219897575,64.39163164923181,64.44730531938545,True,True,3|grow|mobile|liquid|s1|g2|structured,structured,,add_chan,False,2500.0
1,911,1,p1g6_050,screen,957,6,creative_screen,merge_spatial_ic,"[""p0g0_ds2g11_006"",""p6g9_021""]",2dd6dbf38ed8f991,ok,True,partial,0.5542,53.17661975000283,52.428826333337106,53.17661975000283,53.62529580000226,False,False,3|switch|mobile|liquid|s1|g0|structured,structured,,merge_spatial_ic,True,2500.0
1,912,1,p1g6_051,screen,957,6,creative_screen,merge_spatial_ic,"[""p1g7_023"",""p0g0_ds2g11_006""]",ae859cef82a541f9,ok,True,partial,0.4999,62.84704626035062,67.13272834713416,62.84704626035062,60.2756370082805,True,True,4|grow|mobile|liquid|s2|g0|structured,structured,,merge_spatial_ic,True,5000.0
1,913,1,p1g6_054,screen,957,6,creative_screen,merge_spatial_ic,"[""p6g7_028"",""p6g9_040""]",99843d9cd96588d6,ok,True,partial,0.4222,60.14898446593537,66.12531262124716,60.14898446593537,56.56318757274829,True,False,3|switch|mobile|liquid|s1|g2|structured,structured,,merge_spatial_ic,True,20000.0
1,914,1,p1g6_055,screen,957,6,creative_screen,merge_spatial_ic,"[""p6g7_028"",""p3g8_042""]",99843d9cd96588d6,ok,True,partial,0.2993,59.421350431423846,69.2518005752318,59.421350431423846,53.52308034513908,False,False,3|switch|rotor|liquid|s1|g2|structured,structured,,merge_spatial_ic,True,10000.0
1,915,1,p1g6_071,screen,957,6,creative_screen,merge_slow_tanh,"[""p1g5_071"",""ref_iso_d0.75""]",69725706893286e3,ok,True,partial,0.0,37.303540414392344,49.73805388585646,37.303540414392344,29.842832331513875,False,False,4|constant|mobile|flicker|s1|g2|mixed,mixed,,merge_slow_tanh,False,2500.0
1,916,1,p1g6_000,screen,957,6,creative_screen,mutate,"[""p2g6_020""]",79bb24c1af7fc13c,ok,True,partial,0.5139,62.42582943798794,66.1044392506506,62.42582943798794,60.21866355039036,True,True,3|switch|mobile|liquid|s1|g2|structured,structured,,mutate,False,5000.0
1,917,1,p1g6_005,screen,957,6,creative_screen,mutate,"[""p2g6_020""]",db0dda17602845f9,ok,True,partial,0.0,36.84787034512092,49.13049379349456,36.84787034512092,29.478296276096735,False,False,2|switch|drift|liquid|s1|g2|mixed,mixed,,mutate,False,5000.0
1,918,1,p1g6_015,screen,957,6,creative_screen,mutate,"[""p5g8_007""]",198fd2e35c3c19ac,ok,True,partial,0.0,36.33921099282856,48.452281323771416,36.33921099282856,29.07136879426285,False,False,2|constant|drift|flicker|s1|g2|mixed,mixed,,mutate,False,5000.0
1,919,1,p1g6_016,screen,957,6,creative_screen,mint_bilin,"[""p2g6_020""]",61331ea65bda5aa2,ok,True,partial,0.3465,67.92288403227862,79.01384537637149,67.92288403227862,61.268307225822895,False,False,3|grow|mobile|liquid|s2|g2|structured,structured,,mint_bilin,False,20000.0
1,920,1,p1g6_019,screen,957,6,creative_screen,mint_bilin,"[""p1g5_053""]",e5092767048f8389,ok,True,partial,0.0,46.49626576995948,61.99502102661264,46.49626576995948,37.19701261596758,False,False,3|switch|still|liquid|s1|g2|mixed,mixed,,mint_bilin,False,2500.0
1,921,1,p1g6_029,screen,957,6,creative_screen,delete_bilin,"[""p1g3_027""]",75f92993057dad0d,ok,True,partial,0.3495,64.99493937059076,75.00991916078767,64.99493937059076,58.9859514964726,False,False,3|switch|rotor|liquid|s1|g2|structured,structured,,delete_bilin,False,20000.0
1,922,1,p1g6_030,screen,957,6,creative_screen,delete_bilin,"[""p1g1_010""]",9392b07bdc4b174c,ok,True,partial,0.0,21.05217705118844,28.069569401584587,21.05217705118844,16.84174164095075,False,False,1|switch|still|gas|s1|g2|mixed,mixed,,delete_bilin,False,2500.0
1,923,1,p1g6_063,screen,957,6,creative_screen,merge_cross_edge,"[""p10g0_ds6_000"",""ref_iso_d0.75""]",a0d6d0d20632137a,ok,True,partial,0.5542,65.86736826059283,69.3498243474571,65.86736826059283,63.777894608474256,True,True,3|switch|rotor|liquid|s1|g2|structured,structured,,merge_cross_edge,False,2500.0
1,924,1,p1g5_041_s2,seed2,958,5,selected_confirmation,seed2,"[""p1g5_041""]",112e33a83ea2ec6f,ok,True,partial,0.0,28.701828717671138,38.26910495689485,28.701828717671138,22.96146297413691,False,False,2|oscillator|still|liquid|s1|g2|mixed,mixed,True,dup_act,False,2500.0
1,925,1,p1g5_073_s2,seed2,958,5,selected_confirmation,seed2,"[""p1g5_073""]",44cbd9b3b31970cd,ok,True,partial,0.4267,67.36359800279358,75.59479733705811,67.36359800279358,62.42487840223487,True,True,4|switch|rotor|liquid|s1|g2|structured,structured,True,merge_slow_tanh,False,5000.0
1,926,1,p1g5_007_s2,seed2,958,5,selected_confirmation,seed2,"[""p1g5_007""]",8682b73f9a4cfc74,ok,True,partial,0.0139,14.027529750934475,18.240039667912633,14.027529750934475,11.500023800747579,False,False,3|constant|still|frozen|s1|g1|mixed,mixed,True,mutate,False,2500.0
1,927,1,p1g5_001_s2,seed2,958,5,selected_confirmation,seed2,"[""p1g5_001""]",f9fd4b9a9c88ee6a,ok,True,partial,0.1606,18.196655202288916,18.908873603051887,18.196655202288916,17.76932416183113,False,False,3|constant|still|liquid|s1|g0|structured,structured,True,mutate,False,2500.0
1,928,1,p1g5_075_s2,seed2,958,5,selected_confirmation,seed2,"[""p1g5_075""]",2c18c2e961f220ac,ok,True,partial,0.0,31.36200427246876,41.81600569662501,31.36200427246876,25.089603417975006,False,False,2|oscillator|still|liquid|s1|g2|mixed,mixed,True,merge_share_chan,False,2500.0
1,929,1,p1g5_077_s2,seed2,958,5,selected_confirmation,seed2,"[""p1g5_077""]",c4114e6995927301,ok,True,partial,0.0,17.574434988513094,23.432579984684125,17.574434988513094,14.059547990810474,False,False,3|constant|still|flicker|s1|g2|mixed,mixed,True,merge_share_chan,False,2500.0
1,930,1,p1g5_002_s2,seed2,958,5,selected_confirmation,seed2,"[""p1g5_002""]",f8038deeec6cbeb5,ok,True,partial,0.0,38.71813860386267,51.62418480515023,38.71813860386267,30.974510883090137,False,False,3|switch|mobile|liquid|s1|g0|mixed,mixed,True,mutate,False,2500.0
1,931,1,p1g5_035_s2,seed2,958,5,selected_confirmation,seed2,"[""p1g5_035""]",e29244634a5b7e5d,ok,True,partial,0.348,46.98238808593602,51.043184114581365,46.98238808593602,44.545910468748815,False,False,2|switch|drift|liquid|s1|g2|mixed,mixed,True,add_chan,False,2500.0
1,932,1,p1g4_006_s3,seed3,959,4,selected_confirmation,seed3,"[""p1g4_006""]",094fb9f1f2b790fd,ok,True,partial,0.0122,15.486221193267651,20.241628257690202,15.486221193267651,12.63297695461412,False,False,3|constant|still|frozen|s1|g2|mixed,mixed,True,mutate,False,2500.0
1,933,1,p1g4_041_s3,seed3,959,4,selected_confirmation,seed3,"[""p1g4_041""]",e21e4aba7380665b,ok,True,partial,0.0,32.3085308462231,43.078041128297464,32.3085308462231,25.84682467697848,False,False,2|switch|still|liquid|s1|g2|mixed,mixed,True,dup_act,False,2500.0
1,934,1,p1g4_056_s3,seed3,959,4,selected_confirmation,seed3,"[""p1g4_056""]",3398c236ed324bab,ok,True,partial,0.2649,53.01077691026732,61.85103588035642,53.01077691026732,47.706621528213844,False,False,4|switch|drift|liquid|s1|g2|mixed,mixed,True,merge_cross_edge,False,2500.0
1,935,1,p1g4_001_s3,seed3,959,4,selected_confirmation,seed3,"[""p1g4_001""]",00b1d737ee707e06,ok,True,partial,0.0,24.462238974731427,32.616318632975236,24.462238974731427,19.569791179785142,False,False,3|constant|still|liquid|s1|g2|mixed,mixed,True,mutate,False,2500.0
1,936,1,p1g4_015_s3,seed3,959,4,selected_confirmation,seed3,"[""p1g4_015""]",520c5cfdb13c97f1,ok,True,partial,0.1121,28.32687755566048,34.0325034075473,28.32687755566048,24.90350204452838,False,False,2|oscillator|still|frozen|s1|g2|structured,structured,True,mutate,False,2500.0
1,937,1,p1g4_025_s3,seed3,959,4,selected_confirmation,seed3,"[""p1g4_025""]",b9171c6f6e80724d,ok,True,partial,0.5512,40.71654302501477,35.91539070001969,40.71654302501477,43.597234420011816,False,False,3|switch|mobile|liquid|s1|g0|structured,structured,True,mint_bilin,False,2500.0
1,938,1,p1g4_029_s3,seed3,959,4,selected_confirmation,seed3,"[""p1g4_029""]",32f473f369bd451d,ok,True,partial,0.0,30.256577554551953,40.34210340606927,30.256577554551953,24.20526204364156,False,False,4|oscillator|drift|liquid|s1|g2|mixed,mixed,True,delete_bilin,False,2500.0
1,939,1,p1g4_033_s3,seed3,959,4,selected_confirmation,seed3,"[""p1g4_033""]",b439f6b9ece697bf,ok,True,partial,0.0,32.28281878950172,43.043758386002295,32.28281878950172,25.826255031601377,False,False,2|oscillator|drift|liquid|s1|g2|mixed,mixed,True,add_chan,False,2500.0
1,940,1,p1g4_034_s3,seed3,959,4,selected_confirmation,seed3,"[""p1g4_034""]",1ee1b077bc2fe6fd,ok,True,partial,0.538,69.1988938359625,74.33185844795,69.1988938359625,66.11911506877,True,True,3|switch|rotor|liquid|s1|g2|structured,structured,True,add_chan,False,2500.0
1,941,1,p1g4_008_s3,seed3,959,4,selected_confirmation,seed3,"[""p1g4_008""]",9286c3282db105b3,ok,True,partial,0.0,21.80662799728823,29.075503996384306,21.80662799728823,17.445302397830584,False,False,2|constant|still|frozen|s1|g2|structured,structured,True,mutate,False,2500.0
1,942,1,p1g6_080,screen,957,6,creative_screen,immigrate,,26b92a875e70e7ba,no_blobs,True,missing,,0.0,,,,False,False,,,,immigrate,False,
1,943,1,p1g6_082,screen,957,6,creative_screen,immigrate,,6a9b6f8560875df4,no_blobs,True,missing,,0.0,,,,False,False,,,,immigrate,False,
1,944,1,p1g6_083,screen,957,6,creative_screen,immigrate,,890bf72637f00d57,no_blobs,True,missing,,0.0,,,,False,False,,,,immigrate,False,
1,945,1,p1g6_084,screen,957,6,creative_screen,immigrate,,a501e3bda87b0278,no_blobs,True,missing,,0.0,,,,False,False,,,,immigrate,False,
1,946,1,p1g6_091,screen,957,6,creative_screen,immigrate,,70d8df7c9cf8bc28,no_blobs,True,missing,,0.0,,,,False,False,,,,immigrate,False,
1,947,1,p1g6_092,screen,957,6,creative_screen,immigrate,,19699d1055d228e7,no_blobs,True,missing,,0.0,,,,False,False,,,,immigrate,False,
1,948,1,p1g6_096,screen,957,6,creative_screen,immigrate,,6ad1884cf3374f08,no_blobs,True,missing,,0.0,,,,False,False,,,,immigrate,False,
1,949,1,p1g6_087,screen,957,6,creative_screen,immigrate,,926b9422eb71d42c,no_blobs,True,missing,,0.0,,,,False,False,,,,immigrate,False,
1,950,1,p1g6_088,screen,957,6,creative_screen,immigrate,,1fa710f2d96598f0,no_blobs,True,missing,,0.0,,,,False,False,,,,immigrate,False,
1,951,1,p1g6_089,screen,957,6,creative_screen,immigrate,,a99ef300dacfd122,no_blobs,True,missing,,0.0,,,,False,False,,,,immigrate,False,
1,952,1,p1g6_097,screen,957,6,creative_screen,immigrate,,8f45d8e05f0ffb6e,no_blobs,True,missing,,0.0,,,,False,False,,,,immigrate,False,
1,953,1,p1g5_012_s2,seed2,958,5,selected_confirmation,seed2,"[""p1g5_012""]",15e9361ea30fcdb3,ok,True,partial,0.3542,44.85243849855968,47.99658466474624,44.85243849855968,42.96595079884774,False,False,4|switch|rotor|liquid|s1|g1|structured,structured,True,mutate,False,2500.0
1,954,1,p1g4_069_s3,seed3,959,4,selected_confirmation,seed3,"[""p1g4_069""]",b5bd74556f52443f,ok,True,partial,0.7791,71.11713241397678,68.85284321863571,71.11713241397678,72.47570593118144,True,True,3|switch|mobile|liquid|s1|g2|structured,structured,True,merge_slow_tanh,False,20000.0
1,955,1,p1g6_081,screen,957,6,creative_screen,immigrate,,e0b6397f38231fa1,ok,True,partial,0.0,0.0,0.0,0.0,0.0,False,False,1|constant|still|gas|s1|g0|mixed,mixed,,immigrate,False,2500.0
1,956,1,p1g6_093,screen,957,6,creative_screen,immigrate,,09c23302ec8a9eab,ok,True,partial,0.0,0.0,0.0,0.0,0.0,False,False,1|constant|still|gas|s1|g0|mixed,mixed,,immigrate,False,2500.0
1,957,1,p1g6_098,screen,957,6,creative_screen,immigrate,,9a82510852b595a7,ok,True,partial,0.0,0.0,0.0,0.0,0.0,False,False,1|constant|still|gas|s1|g0|mixed,mixed,,immigrate,False,2500.0
1,958,1,p1g6_095,screen,957,6,creative_screen,immigrate,,8fbf618b1c046118,ok,True,partial,0.0,0.0,0.0,0.0,0.0,False,False,1|constant|still|gas|s1|g0|mixed,mixed,,immigrate,False,2500.0
1,959,1,p1g4_081_s3,seed3,959,4,selected_confirmation,seed3,"[""p1g4_081""]",eb7a28007d1372b5,ok,True,partial,0.0,15.337500000000002,20.450000000000003,15.337500000000002,12.270000000000001,False,False,2|constant|still|gas|s1|g0|mixed,mixed,True,immigrate,False,2500.0
1,960,1,p1g6_079,screen,957,6,creative_screen,immigrate,,577949156e4da6d5,no_blobs,True,missing,,0.0,,,,False,False,,,,immigrate,False,
1,961,1,p1g6_085,screen,957,6,creative_screen,immigrate,,c4032bf66556d476,no_blobs,True,missing,,0.0,,,,False,False,,,,immigrate,False,
1,962,1,p1g6_086,screen,957,6,creative_screen,immigrate,,e8b041cd9caa5bf2,no_blobs,True,missing,,0.0,,,,False,False,,,,immigrate,False,
1,963,1,p1g6_090,screen,957,6,creative_screen,immigrate,,f51b03267f9fb61e,no_blobs,True,missing,,0.0,,,,False,False,,,,immigrate,False,
1,964,1,p1g6_094,screen,957,6,creative_screen,immigrate,,c57cc826173cafdd,no_blobs,True,missing,,0.0,,,,False,False,,,,immigrate,False,
1,965,1,p1g4_084_s3,seed3,959,4,selected_confirmation,seed3,"[""p1g4_084""]",773af8b7f3ee2509,ok,True,partial,0.0,34.636307607350616,46.18174347646749,34.636307607350616,27.70904608588049,False,False,1|constant|rotor|liquid|s1|g2|structured,structured,True,immigrate,False,2500.0
1,966,1,p1g6_059,screen,957,6,creative_screen,merge_cross_edge,"[""p1g4_081"",""ref_M0""]",abc5cba950450230,ok,True,partial,0.0,22.486729249661057,29.982305666214742,22.486729249661057,17.989383399728844,False,False,3|constant|drift|flicker|s1|g0|mixed,mixed,,merge_cross_edge,False,2500.0
1,967,1,p1g6_066,screen,957,6,creative_screen,merge_cross_edge,"[""p1g4_081"",""ref_iso_d0.65""]",7c2fc0cb13290533,ok,True,partial,0.0,28.42313622754491,37.89751497005988,28.42313622754491,22.738508982035928,False,False,3|constant|drift|flicker|s1|g0|mixed,mixed,,merge_cross_edge,False,2500.0
1,968,1,p1g6_041,screen,957,6,creative_screen,dup_act,"[""p1g5_085""]",e4f5c10674e021e9,ok,True,partial,0.0,17.310321690027447,23.080428920036596,17.310321690027447,13.848257352021957,False,False,2|oscillator|still|flicker|s1|g0|mixed,mixed,,dup_act,False,2500.0
1,969,1,p1g5_085_s2,seed2,958,5,selected_confirmation,seed2,"[""p1g5_085""]",46b879936ca1f04c,ok,True,partial,0.0,11.619225,15.4923,11.619225,9.29538,False,False,1|constant|still|flicker|s1|g0|mixed,mixed,True,immigrate,False,2500.0
1,970,1,p1g5_064_s2,seed2,958,5,selected_confirmation,seed2,"[""p1g5_064""]",e9e5a72b310bd141,ok,True,partial,0.4479,51.61903716840671,53.89538289120895,51.61903716840671,50.253229734725366,False,False,2|constant|rotor|liquid|s1|g2|structured,structured,True,merge_cross_edge,False,2500.0
1,971,1,p1g7_047,screen,957,7,creative_screen,dup_act,"[""p6g5_026""]",15b8ea3768981680,fail_g0a,True,missing,,,,,,False,False,,,,dup_act,False,
1,972,1,p1g7_074,screen,957,7,creative_screen,merge_share_chan,"[""p1g2_008"",""blk_p1g2_008""]",b9aae280db5ff625,fail_g0a,True,missing,,,,,,False,False,,,,merge_share_chan,False,
1,973,1,p1g7_075,screen,957,7,creative_screen,merge_share_chan,"[""p2g6_020"",""ref_iso_d0.65""]",8b0055208f6c5ba2,fail_g0a,True,missing,,,,,,False,False,,,,merge_share_chan,False,
1,974,1,p1g7_076,screen,957,7,creative_screen,merge_share_chan,"[""p2g6_020"",""ref_M4_tau5.7""]",f5e407520e2a299c,fail_g0a,True,missing,,,,,,False,False,,,,merge_share_chan,False,
1,975,1,p1g7_042,screen,957,7,creative_screen,dup_act,"[""p2g6_020""]",43cbc6866c0913e3,fail_g0a,True,missing,,,,,,False,False,,,,dup_act,False,
1,976,1,p1g7_044,screen,957,7,creative_screen,dup_act,"[""p2g6_020""]",a924602917226573,fail_g0a,True,missing,,,,,,False,False,,,,dup_act,False,
1,977,1,p1g7_073,screen,957,7,creative_screen,merge_share_chan,"[""p2g4_053"",""ref_XV_tau15.7""]",73c7a77a867ef760,fail_g0a,True,missing,,,,,,False,False,,,,merge_share_chan,False,
1,978,1,p1g7_045,screen,957,7,creative_screen,dup_act,"[""p5g8_014""]",df4c939b81b6b820,fail_g0a,True,missing,,,,,,False,False,,,,dup_act,False,
1,979,1,p1g6_002_s2,seed2,958,6,selected_confirmation,seed2,"[""p1g6_002""]",708d457caaf19f99,ok,True,partial,0.1077,48.809950785868644,61.48993438115819,48.809950785868644,41.20196062869491,False,False,3|grow|rotor|liquid|s1|g2|structured,structured,True,mutate,False,20000.0
1,980,1,p1g6_053_s2,seed2,958,6,selected_confirmation,seed2,"[""p1g6_053""]",87da68345e8008fe,ok,True,partial,0.0,49.40091023920776,65.86788031894368,49.40091023920776,39.5207281913662,False,False,2|grow|mobile|liquid|s1|g1|mixed,mixed,True,merge_spatial_ic,False,20000.0
1,981,1,p1g7_011,screen,957,7,creative_screen,mutate,"[""p0g0_ds2g11_009""]",da3c846ae1d133b3,ok,True,partial,0.2288,50.91869300234005,60.26492400312007,50.91869300234005,45.310954401872046,False,False,3|grow|rotor|liquid|s1|g2|structured,structured,,mutate,False,2500.0
1,982,1,p1g7_002,screen,957,7,creative_screen,mutate,"[""p1g1_023""]",6adeb29968a5792b,ok,True,partial,0.0,38.26340547752521,51.01787397003361,38.26340547752521,30.610724382020166,False,False,3|switch|mobile|liquid|s1|g1|mixed,mixed,,mutate,False,2500.0
1,983,1,p1g7_062,screen,957,7,creative_screen,merge_cross_edge,"[""p6g1_043"",""blk_engine_10748""]",1dcc1af7ac666cfc,ok,True,partial,0.1845,31.44907311308609,35.782097484114786,31.44907311308609,28.84925849046887,False,False,3|switch|mobile|liquid|s1|g0|structured,structured,,merge_cross_edge,False,2500.0
1,984,1,p1g7_022,screen,957,7,creative_screen,mint_bilin,"[""p5g8_014""]",6759ed87d04a39a6,ok,True,partial,0.5599,61.88625908931266,63.85167878575021,61.88625908931266,60.707007271450124,True,True,2|switch|mobile|flicker|s1|g2|structured,structured,,mint_bilin,False,2500.0
1,985,1,p1g6_033_s2,seed2,958,6,selected_confirmation,seed2,"[""p1g6_033""]",21586638a75b5f95,ok,True,partial,0.0,33.02025729975379,44.02700973300505,33.02025729975379,26.41620583980303,False,False,2|constant|mobile|flicker|s1|g2|mixed,mixed,True,add_chan,False,5000.0
1,986,1,p1g6_068_s2,seed2,958,6,selected_confirmation,seed2,"[""p1g6_068""]",ab38c24cc5e4c855,ok,True,partial,0.0,19.788634346270058,26.384845795026745,19.788634346270058,15.830907477016046,False,False,2|constant|still|frozen|s1|g2|mixed,mixed,True,merge_slow_tanh,False,2500.0
1,987,1,p1g5_071_s3,seed3,959,5,selected_confirmation,seed3,"[""p1g5_071""]",18af142dbe5e3605,ok,True,partial,0.0,30.049209461024418,40.065612614699226,30.049209461024418,24.039367568819536,False,False,3|constant|mobile|flicker|s1|g2|mixed,mixed,True,merge_slow_tanh,False,2500.0
1,988,1,p1g6_006_s2,seed2,958,6,selected_confirmation,seed2,"[""p1g6_006""]",b0ab94830eede339,ok,True,partial,0.4208,58.72987666898054,64.27983555864071,58.72987666898054,55.399901335184424,False,False,4|grow|drift|flicker|s2|g2|structured,structured,True,mutate,False,20000.0
1,989,1,p1g6_023_s2,seed2,958,6,selected_confirmation,seed2,"[""p1g6_023""]",fceaf0f5291b4bac,ok,True,partial,0.6277,75.6969081275237,80.00587750336494,75.6969081275237,73.11152650201896,True,True,4|grow|mobile|liquid|s1|g2|structured,structured,True,mint_bilin,False,20000.0
1,990,1,p1g6_060_s2,seed2,958,6,selected_confirmation,seed2,"[""p1g6_060""]",4f87688452df6fde,ok,True,partial,0.4509,66.51311211099281,73.65414948132376,66.51311211099281,62.228489688794255,True,True,4|grow|mobile|flicker|s2|g2|structured,structured,True,merge_cross_edge,False,20000.0
1,991,1,p1g6_009_s2,seed2,958,6,selected_confirmation,seed2,"[""p1g6_009""]",91813fbd275fbaaa,ok,True,partial,0.7502,72.15161723210426,71.19548964280568,72.15161723210426,72.7252937856834,True,True,3|switch|mobile|liquid|s1|g2|structured,structured,True,mutate,False,20000.0
1,992,1,p1g6_022_s2,seed2,958,6,selected_confirmation,seed2,"[""p1g6_022""]",2c8dae67f19b2360,ok,True,partial,0.3879,76.42730584878193,88.97307446504257,76.42730584878193,68.89984467902555,False,False,4|grow|mobile|liquid|s2|g2|structured,structured,True,mint_bilin,False,20000.0
1,993,1,p1g6_024_s2,seed2,958,6,selected_confirmation,seed2,"[""p1g6_024""]",3a044a368e6e6a61,ok,True,partial,0.5706,76.42034454664815,82.8737927288642,76.42034454664815,72.54827563731851,True,True,4|grow|mobile|liquid|s2|g2|structured,structured,True,mint_bilin,False,20000.0
1,994,1,p1g6_027_s2,seed2,958,6,selected_confirmation,seed2,"[""p1g6_027""]",5cc23599a1bad445,ok,True,partial,0.5438,64.01181437251711,67.22241916335614,64.01181437251711,62.08545149801368,True,True,3|grow|mobile|liquid|s1|g1|structured,structured,True,mint_bilin,False,20000.0
1,995,1,p1g6_045_s2,seed2,958,6,selected_confirmation,seed2,"[""p1g6_045""]",1fb78d789b364fb2,ok,True,partial,0.3288,58.8539789360284,67.51197191470453,58.8539789360284,53.65918314882272,False,False,4|switch|rotor|liquid|s2|g2|structured,structured,True,dup_act,False,20000.0
1,996,1,p1g5_049_s3,seed3,959,5,selected_confirmation,seed3,"[""p1g5_049""]",7abceff1a41774bf,ok,True,partial,0.0,54.60151893105463,72.80202524140617,54.60151893105463,43.6812151448437,False,False,4|switch|rotor|liquid|s1|g2|mixed,mixed,True,merge_spatial_ic,False,20000.0
1,997,1,p1g5_057_s3,seed3,959,5,selected_confirmation,seed3,"[""p1g5_057""]",b4e7b0eff2ea5f52,ok,True,partial,0.3305,52.08909112186381,58.435454829151745,52.08909112186381,48.28127289749104,False,False,2|grow|drift|liquid|s2|g2|structured,structured,True,merge_cross_edge,False,20000.0
1,998,1,p1g5_067_s3,seed3,959,5,selected_confirmation,seed3,"[""p1g5_067""]",06fe56e10550f893,ok,True,partial,0.1683,48.19594377727196,58.65125836969594,48.19594377727196,41.92275502181756,False,False,4|grow|still|liquid|s1|g2|structured,structured,True,merge_cross_edge,False,20000.0
1,999,1,p1g5_017_s3,seed3,959,5,selected_confirmation,seed3,"[""p1g5_017""]",c07075a545987979,ok,True,partial,0.6225,75.5026453828403,79.92019384378706,75.5026453828403,72.85211630627224,True,True,4|grow|mobile|liquid|s1|g2|structured,structured,True,mint_bilin,False,20000.0
1,1000,1,p1g5_028_s3,seed3,959,5,selected_confirmation,seed3,"[""p1g5_028""]",e169f7c89e6864bc,ok,True,partial,0.6186,78.50694065174646,84.05592086899527,78.50694065174646,75.17755252139716,True,True,4|grow|mobile|liquid|s3|g1|structured,structured,True,delete_bilin,False,20000.0
1,1001,1,p1g5_039_s3,seed3,959,5,selected_confirmation,seed3,"[""p1g5_039""]",0070f08b2a432689,ok,True,partial,0.4884,60.744750206324845,64.71300027509979,60.744750206324845,58.36380016505987,True,False,2|switch|rotor|liquid|s1|g2|structured,structured,True,add_chan,False,20000.0
1,1002,1,p1g5_014_s3,seed3,959,5,selected_confirmation,seed3,"[""p1g5_014""]",510a2e15357d1c55,ok,True,partial,0.3857,61.91895221136525,69.70193628182034,61.91895221136525,57.2491617690922,False,False,3|grow|rotor|liquid|s1|g2|structured,structured,True,mutate,False,20000.0
1,1003,1,p1g5_045_s3,seed3,959,5,selected_confirmation,seed3,"[""p1g5_045""]",1637e12ad895f8b1,ok,True,partial,0.0,60.38035590931025,80.50714121241367,60.38035590931025,48.3042847274482,False,False,4|grow|mobile|liquid|s2|g2|mixed,mixed,True,dup_act,False,20000.0
1,1004,1,p1g6_012_s2,seed2,958,6,selected_confirmation,seed2,"[""p1g6_012""]",249b7297e2ca86db,ok,True,partial,0.2238,49.156764766057705,58.08235302141027,49.156764766057705,43.80141181284616,False,False,3|switch|rotor|liquid|s1|g2|structured,structured,True,mutate,False,10000.0
1,1005,1,p1g6_056_s2,seed2,958,6,selected_confirmation,seed2,"[""p1g6_056""]",b0f67bbf848a278c,ok,True,partial,0.5422,74.03975791360435,80.6463438848058,74.03975791360435,70.07580633088348,True,True,4|grow|rotor|liquid|s2|g2|structured,structured,True,merge_cross_edge,False,20000.0
1,1006,1,p1g6_018_s2,seed2,958,6,selected_confirmation,seed2,"[""p1g6_018""]",4d69bffc0d662e52,ok,True,partial,0.3838,69.96336631346476,80.49115508461968,69.96336631346476,63.6466930507718,False,False,3|grow|mobile|liquid|s2|g2|structured,structured,True,mint_bilin,False,10000.0
1,1007,1,p1g6_062_s2,seed2,958,6,selected_confirmation,seed2,"[""p1g6_062""]",5f4119d6059bd8aa,ok,True,partial,0.3064,59.50469430316443,69.12625907088591,59.50469430316443,53.731755442531544,False,False,4|grow|rotor|flicker|s2|g2|structured,structured,True,merge_cross_edge,False,10000.0
1,1008,1,p1g6_017_s2,seed2,958,6,selected_confirmation,seed2,"[""p1g6_017""]",a210dd66c0c9aff7,ok,True,partial,0.6036,75.47885463093067,80.5184728412409,75.47885463093067,72.45508370474454,True,True,3|switch|rotor|liquid|s2|g2|structured,structured,True,mint_bilin,False,10000.0
1,1009,1,p1g5_053_s3,seed3,959,5,selected_confirmation,seed3,"[""p1g5_053""]",8e4299986c7764fd,ok,True,partial,0.0716,53.65632129197633,69.15509505596845,53.65632129197633,44.357057033581064,False,False,3|switch|drift|liquid|s1|g2|mixed,mixed,True,merge_spatial_ic,False,10000.0
1,1010,1,p1g6_057_s2,seed2,958,6,selected_confirmation,seed2,"[""p1g6_057""]",d4d3de85840233f2,ok,True,partial,0.6024,66.04459850245243,67.97946466993658,66.04459850245243,64.88367880196195,True,True,4|grow|rotor|liquid|s1|g2|structured,structured,True,merge_cross_edge,False,5000.0
1,1011,1,p1g6_020_s2,seed2,958,6,selected_confirmation,seed2,"[""p1g6_020""]",e1c8882bbd971b9c,ok,True,partial,0.0,46.68121603897881,62.24162138530508,46.68121603897881,37.34497283118305,False,False,3|grow|rotor|flicker|s1|g2|mixed,mixed,True,mint_bilin,False,5000.0
1,1012,1,p1g6_051_s2,seed2,958,6,selected_confirmation,seed2,"[""p1g6_051""]",ae859cef82a541f9,ok,True,partial,0.6145,65.33782164004184,66.63376218672245,65.33782164004184,64.56025731203347,True,True,4|grow|mobile|liquid|s2|g0|structured,structured,True,merge_spatial_ic,False,5000.0
1,1013,1,p1g6_015_s2,seed2,958,6,selected_confirmation,seed2,"[""p1g6_015""]",198fd2e35c3c19ac,ok,True,partial,0.0,25.721062691147786,34.294750254863715,25.721062691147786,20.57685015291823,False,False,2|constant|still|flicker|s1|g2|mixed,mixed,True,mutate,False,5000.0
1,1014,1,p1g5_029_s3,seed3,959,5,selected_confirmation,seed3,"[""p1g5_029""]",7ad8fe3763bbce9d,ok,True,partial,0.5962,67.37558167089394,69.96077556119191,67.37558167089394,65.82446533671515,True,True,4|constant|rotor|liquid|s1|g2|structured,structured,True,delete_bilin,False,5000.0
1,1015,1,p1g5_073_s3,seed3,959,5,selected_confirmation,seed3,"[""p1g5_073""]",44cbd9b3b31970cd,ok,True,partial,0.4434,65.49245161844584,72.54326882459445,65.49245161844584,61.261961294756674,True,True,4|switch|mobile|flicker|s1|g2|structured,structured,True,merge_slow_tanh,False,5000.0
1,1016,1,p1g7_004,screen,957,7,creative_screen,mutate,"[""p2g7_039""]",6d98b934cd0ce414,ok,True,partial,0.0,31.674763142180318,42.23301752290709,31.674763142180318,25.339810513744254,False,False,2|grow|mobile|liquid|s1|g0|mixed,mixed,,mutate,False,2500.0
1,1017,1,p1g7_007,screen,957,7,creative_screen,mutate,"[""p2g7_039""]",2182f0d215b2d3e8,ok,True,partial,0.4098,70.96745325638064,80.9632710085075,70.96745325638064,64.9699626051045,True,True,4|switch|mobile|liquid|s2|g2|structured,structured,,mutate,False,10000.0
1,1018,1,p1g7_014,screen,957,7,creative_screen,mutate,"[""p2g7_039""]",a05a2d3b7c167c35,ok,True,partial,0.5609,68.69566094149494,72.89754792199325,68.69566094149494,66.17452875319594,True,True,4|switch|mobile|liquid|s1|g2|structured,structured,,mutate,False,2500.0
1,1019,1,p1g7_016,screen,957,7,creative_screen,mint_bilin,"[""p2g7_039""]",a4e8c1bcaef2fc13,ok,True,partial,0.2926,61.44412424410121,72.17216565880162,61.44412424410121,55.00729939528097,False,False,4|switch|rotor|liquid|s1|g2|mixed,mixed,,mint_bilin,False,2500.0
1,1020,1,p1g7_017,screen,957,7,creative_screen,mint_bilin,"[""p1g3_017""]",df888871f6b77cc9,ok,True,partial,0.0,47.82217083455123,63.76289444606831,47.82217083455123,38.257736667640984,False,False,3|grow|mobile|liquid|s1|g2|mixed,mixed,,mint_bilin,False,20000.0
1,1021,1,p1g7_037,screen,957,7,creative_screen,add_chan,"[""p6g9_021""]",e01ea61ddb0e265c,ok,True,partial,0.5639,57.04611410176767,57.2648188023569,57.04611410176767,56.914891281414135,False,False,2|switch|mobile|liquid|s1|g2|structured,structured,,add_chan,False,2500.0
1,1022,1,p1g7_039,screen,957,7,creative_screen,add_chan,"[""p3g6_032""]",4d3ae37d2980084b,ok,True,partial,0.3586,26.766041614440116,23.73472215258682,26.766041614440116,28.58483329155209,False,False,3|constant|mobile|liquid|s1|g0|structured,structured,,add_chan,False,2500.0
1,1023,1,p1g7_041,screen,957,7,creative_screen,dup_act,"[""p6g8_033""]",acd9a39b78f49a5b,ok,True,partial,0.0,22.92809926588928,30.570799021185707,22.92809926588928,18.342479412711423,False,False,2|constant|still|frozen|s1|g2|mixed,mixed,,dup_act,False,2500.0
1,1024,1,p1g7_043,screen,957,7,creative_screen,dup_act,"[""p6g9_021""]",a2fcd6207a2cefbb,ok,True,partial,0.0,22.93344084959765,30.577921132796863,22.93344084959765,18.34675267967812,False,False,2|constant|still|frozen|s1|g2|mixed,mixed,,dup_act,False,2500.0
1,1025,1,p1g7_046,screen,957,7,creative_screen,dup_act,"[""p6g9_021""]",11c1da3c20323afe,ok,True,partial,0.0,28.74507852622773,38.32677136830364,28.74507852622773,22.996062820982182,False,False,2|oscillator|still|liquid|s1|g2|mixed,mixed,,dup_act,False,2500.0
1,1026,1,p1g7_050,screen,957,7,creative_screen,merge_spatial_ic,"[""p4g7_057"",""p3g5_003""]",8c1b8d558ff3eab5,ok,True,partial,0.0,55.03437015737394,73.37916020983192,55.03437015737394,44.027496125899155,False,False,4|switch|mobile|liquid|s1|g2|mixed,mixed,,merge_spatial_ic,True,5000.0
1,1027,1,p1g7_057,screen,957,7,creative_screen,merge_cross_edge,"[""p2g6_020"",""ref_M0""]",d674150ee97ead01,ok,True,partial,0.4821,67.60272715656386,74.06696954208515,67.60272715656386,63.724181725251086,True,True,3|switch|rotor|liquid|s2|g2|structured,structured,,merge_cross_edge,False,10000.0
1,1028,1,p1g7_059,screen,957,7,creative_screen,merge_cross_edge,"[""p2g6_020"",""ref_M4_tau5.7""]",3ae08889f3578b2c,ok,True,partial,0.4157,70.0749461546278,79.57659487283706,70.0749461546278,64.37395692370224,True,True,4|grow|rotor|liquid|s2|g2|structured,structured,,merge_cross_edge,False,10000.0
1,1029,1,p1g7_060,screen,957,7,creative_screen,merge_cross_edge,"[""p2g6_020"",""ref_iso_d0.75""]",130415b0828cdbab,ok,True,partial,0.3317,68.85948665856453,80.75598221141938,68.85948665856453,61.72158932685163,False,False,4|switch|rotor|liquid|s2|g2|structured,structured,,merge_cross_edge,False,20000.0
1,1030,1,p1g7_064,screen,957,7,creative_screen,merge_cross_edge,"[""p2g6_020"",""ref_iso_d0.75""]",28d152e6d9d20c1d,ok,True,partial,0.6338,68.51708036610759,70.22944048814345,68.51708036610759,67.48966429288608,True,True,4|switch|mobile|liquid|s1|g2|structured,structured,,merge_cross_edge,False,20000.0
1,1031,1,p1g7_065,screen,957,7,creative_screen,merge_cross_edge,"[""p2g6_020"",""ref_iso_d0.75""]",f089573bf4669d1d,ok,True,partial,0.0,51.12061919553152,68.16082559404202,51.12061919553152,40.89649535642521,False,False,3|switch|rotor|liquid|s1|g2|mixed,mixed,,merge_cross_edge,False,2500.0
1,1032,1,p1g7_068,screen,957,7,creative_screen,merge_cross_edge,"[""p1g1_006"",""ref_M0""]",6b6a22062749efd1,ok,True,partial,0.0495,29.184128940417242,37.26217192055632,29.184128940417242,24.337303152333792,False,False,3|oscillator|still|frozen|s1|g2|mixed,mixed,,merge_cross_edge,False,5000.0
1,1033,1,p1g7_072,screen,957,7,creative_screen,merge_cross_edge,"[""p1g5_053"",""ref_iso_d0.75""]",0e482bdca82972bb,ok,True,partial,0.0,48.83528093730965,65.11370791641286,48.83528093730965,39.068224749847715,False,False,4|switch|drift|liquid|s1|g2|mixed,mixed,,merge_cross_edge,False,5000.0
1,1034,1,p1g7_026,screen,957,7,creative_screen,mint_bilin,"[""p5g7_040""]",75a1c85078dfc1aa,ok,True,partial,0.41,70.47546319853322,80.3006175980443,70.47546319853322,64.58037055882657,True,True,4|grow|rotor|liquid|s2|g2|structured,structured,,mint_bilin,False,10000.0
1,1035,1,p1g7_033,screen,957,7,creative_screen,add_chan,"[""p6g8_033""]",24db89121b2646b7,ok,True,partial,0.343,59.45349849822583,67.83799799763443,59.45349849822583,54.42279879858066,False,False,3|grow|rotor|liquid|s1|g2|structured,structured,,add_chan,False,20000.0
1,1036,1,p1g7_040,screen,957,7,creative_screen,dup_act,"[""p6g9_021""]",594c536554e25f3b,ok,True,partial,0.0,59.50544208557584,79.34058944743445,59.50544208557584,47.60435366846067,False,False,4|grow|mobile|liquid|s2|g2|mixed,mixed,,dup_act,False,20000.0
1,1037,1,p1g7_052,screen,957,7,creative_screen,merge_spatial_ic,"[""p2g7_039"",""p3g6_032""]",fa86cb8089d048d0,ok,True,partial,0.5554,80.25707756389387,88.49610341852515,80.25707756389387,75.31366205111509,True,True,4|grow|rotor|liquid|s3|g2|structured,structured,,merge_spatial_ic,True,20000.0
1,1038,1,p1g7_061,screen,957,7,creative_screen,merge_cross_edge,"[""p2g6_020"",""blk_engine_10748""]",856eddbeaa61be9a,ok,True,partial,0.315,61.08980114406891,70.95306819209188,61.08980114406891,55.171840915255125,False,False,3|grow|rotor|liquid|s2|g2|mixed,mixed,,merge_cross_edge,False,10000.0
1,1039,1,p1g7_063,screen,957,7,creative_screen,merge_cross_edge,"[""p2g6_020"",""blk_engine_10748""]",4bdb0e1dc7d2e438,ok,True,partial,0.2622,45.83861006786757,52.37814675715676,45.83861006786757,41.91488805429405,False,False,3|switch|rotor|liquid|s1|g2|structured,structured,,merge_cross_edge,False,2500.0
1,1040,1,p1g7_069,screen,957,7,creative_screen,merge_slow_tanh,"[""p3g9_021"",""ref_BFIELD_g0.05""]",5b99600a9c5a47e8,ok,True,partial,0.0,53.15345943569516,70.87127924759355,53.15345943569516,42.522767548556125,False,False,4|switch|mobile|liquid|s1|g2|mixed,mixed,,merge_slow_tanh,False,10000.0
1,1041,1,p1g7_071,screen,957,7,creative_screen,merge_cross_edge,"[""p2g6_020"",""blk_engine_10748""]",ba676c80d94a9aad,ok,True,partial,0.1912,57.19863895492246,69.89151860656328,57.19863895492246,49.58291116393797,False,False,4|switch|rotor|liquid|s1|g2|mixed,mixed,,merge_cross_edge,False,5000.0
1,1042,1,p1g7_000,screen,957,7,creative_screen,mutate,"[""p6g9_021""]",7f31c25e374a722d,ok,True,partial,0.1225,43.31806507136388,53.67408676181851,43.31806507136388,37.1044520570911,False,False,2|switch|drift|liquid|s1|g2|structured,structured,,mutate,False,5000.0
1,1043,1,p1g7_006,screen,957,7,creative_screen,mutate,"[""p3g9_022""]",5cda4635cb3891c9,ok,True,partial,0.109,37.737030605264025,46.68270747368536,37.737030605264025,32.369624484211215,False,False,3|switch|mobile|liquid|s1|g2|structured,structured,,mutate,False,2500.0
1,1044,1,p1g7_008,screen,957,7,creative_screen,mutate,"[""p1g1_013""]",7616724451e4a89f,ok,True,partial,0.3562,55.419114343705374,62.01881912494049,55.419114343705374,51.45929147496429,False,False,3|switch|mobile|liquid|s1|g1|structured,structured,,mutate,False,2500.0
1,1045,1,p1g7_010,screen,957,7,creative_screen,mutate,"[""p3g9_022""]",e5356066f9160bf0,ok,True,partial,0.3553,55.73115835817074,62.464877810894315,55.73115835817074,51.690926686536585,False,False,3|switch|mobile|liquid|s1|g2|structured,structured,,mutate,False,2500.0
1,1046,1,p1g7_012,screen,957,7,creative_screen,mutate,"[""p3g6_032""]",7dd4abb4761fea51,ok,True,partial,0.0,38.25038956128618,51.00051941504824,38.25038956128618,30.600311649028942,False,False,2|switch|mobile|liquid|s1|g0|mixed,mixed,,mutate,False,2500.0
1,1047,1,p1g7_013,screen,957,7,creative_screen,mutate,"[""p6g8_033""]",6b63cffdd428ddd6,ok,True,partial,0.4401,62.23862486932546,68.31483315910062,62.23862486932546,58.59289989546037,True,False,3|switch|mobile|liquid|s1|g2|structured,structured,,mutate,False,2500.0
1,1048,1,p1g7_018,screen,957,7,creative_screen,mint_bilin,"[""p3g6_032""]",c5713909d73d5219,ok,True,partial,0.5108,72.68097825114387,79.8813043348585,72.68097825114387,68.3607826009151,True,True,4|grow|mobile|liquid|s2|g1|structured,structured,,mint_bilin,False,20000.0
1,1049,1,p1g7_019,screen,957,7,creative_screen,mint_bilin,"[""p6g8_033""]",bf8bbd9ae45b0890,ok,True,partial,0.1304,47.23154167262394,58.62872223016525,47.23154167262394,40.39323333809915,False,False,3|grow|drift|liquid|s1|g2|mixed,mixed,,mint_bilin,False,2500.0
1,1050,1,p1g7_020,screen,957,7,creative_screen,mint_bilin,"[""p6g8_033""]",6c9a55a720b4c6b6,ok,True,partial,0.3655,71.54708116007653,83.21277488010203,71.54708116007653,64.54766492806122,False,False,3|switch|rotor|liquid|s2|g2|structured,structured,,mint_bilin,False,10000.0
1,1051,1,p1g7_025,screen,957,7,creative_screen,mint_bilin,"[""p6g9_021""]",de1b14c1d5bc2426,ok,True,partial,0.4729,70.56844761409967,78.32793015213288,70.56844761409967,65.91275809127973,True,True,3|grow|rotor|liquid|s2|g2|structured,structured,,mint_bilin,False,20000.0
1,1052,1,p1g7_029,screen,957,7,creative_screen,delete_bilin,"[""p3g9_022""]",3e9e387b61a8cb22,ok,True,partial,0.3719,57.56930213449225,64.36240284598966,57.56930213449225,53.4934417075938,False,False,4|grow|mobile|liquid|s1|g1|structured,structured,,delete_bilin,False,2500.0
1,1053,1,p1g7_030,screen,957,7,creative_screen,delete_bilin,"[""p3g9_022""]",3e9e387b61a8cb22,ok,True,partial,0.3719,57.56930213449225,64.36240284598966,57.56930213449225,53.4934417075938,False,False,4|grow|mobile|liquid|s1|g1|structured,structured,,delete_bilin,False,2500.0
1,1054,1,p1g7_032,screen,957,7,creative_screen,add_chan,"[""p6g7_035""]",53ba29b19dcd90c2,ok,True,partial,0.5278,63.13646506587222,66.58862008782963,63.13646506587222,61.065172052697775,True,True,3|switch|rotor|liquid|s1|g2|structured,structured,,add_chan,False,20000.0
1,1055,1,p1g7_036,screen,957,7,creative_screen,add_chan,"[""p2g6_001""]",6303cc761dede811,ok,True,partial,0.2744,47.61775760130314,54.343676801737516,47.61775760130314,43.58220608104251,False,False,3|grow|rotor|liquid|s1|g2|structured,structured,,add_chan,False,10000.0
1,1056,1,p1g7_038,screen,957,7,creative_screen,add_chan,"[""p6g7_035""]",8b003ad3e5db7bef,ok,True,partial,0.309,59.21761020013577,68.65681360018102,59.21761020013577,53.55408816010861,False,False,2|grow|mobile|liquid|s1|g2|structured,structured,,add_chan,False,2500.0
1,1057,1,p1g7_053,screen,957,7,creative_screen,merge_spatial_ic,"[""p6g9_021"",""p3g7_014""]",b310fbfc5cac334e,ok,True,partial,0.4575,70.20601577453122,78.3580210327083,70.20601577453122,65.31481261962497,True,True,3|switch|mobile|liquid|s2|g2|structured,structured,,merge_spatial_ic,True,10000.0
1,1058,1,p1g7_054,screen,957,7,creative_screen,merge_spatial_ic,"[""p3g6_032"",""p6g3_008""]",3e9e387b61a8cb22,ok,True,partial,0.5929,65.19297167243772,67.16062889658362,65.19297167243772,64.01237733795017,True,True,4|switch|mobile|liquid|s1|g1|structured,structured,,merge_spatial_ic,True,2500.0
1,1059,1,p1g7_066,screen,957,7,creative_screen,merge_slow_tanh,"[""p1g6_053"",""ref_iso_d0.65""]",8bd523c265dd37b3,ok,True,partial,0.0,16.80755032887901,22.41006710517201,16.80755032887901,13.446040263103207,False,False,2|constant|drift|flicker|s1|g0|mixed,mixed,,merge_slow_tanh,False,2500.0
1,1060,1,p1g7_003,screen,957,7,creative_screen,mutate,"[""p6g5_026""]",e28f25d1ebaef03d,ok,True,partial,0.2875,46.219620065550146,52.042826754066866,46.219620065550146,42.725696052440114,False,False,2|switch|mobile|liquid|s1|g2|structured,structured,,mutate,False,2500.0
1,1061,1,p1g7_015,screen,957,7,creative_screen,mutate,"[""p6g7_028""]",ba5676345fb8b456,ok,True,partial,0.1823,42.47939417654607,50.5625255687281,42.47939417654607,37.62951534123686,False,False,2|switch|drift|liquid|s1|g2|structured,structured,,mutate,False,2500.0
1,1062,1,p1g7_024,screen,957,7,creative_screen,mint_bilin,"[""p6g5_026""]",d1002a014e17f207,ok,True,partial,0.4406,68.85964018958441,77.12618691944589,68.85964018958441,63.89971215166753,True,True,3|switch|mobile|liquid|s2|g2|structured,structured,,mint_bilin,False,10000.0
1,1063,1,p1g7_027,screen,957,7,creative_screen,mint_bilin,"[""p6g7_028""]",e9c7c3f70a24bba0,ok,True,partial,0.384,57.96556070709335,64.48741427612447,57.96556070709335,54.05244856567468,False,False,2|switch|mobile|liquid|s1|g2|structured,structured,,mint_bilin,False,10000.0
1,1064,1,p1g7_034,screen,957,7,creative_screen,add_chan,"[""p2g6_020""]",314466245f2d61fa,ok,True,partial,0.3461,56.913657187657336,64.34820958354311,56.913657187657336,52.452925750125864,False,False,2|switch|mobile|liquid|s1|g2|structured,structured,,add_chan,False,5000.0
1,1065,1,p1g7_048,screen,957,7,creative_screen,merge_spatial_ic,"[""p4g2_044"",""p6g5_019""]",173f84b80256caeb,ok,True,partial,0.0,41.4335991431511,55.244798857534796,41.4335991431511,33.14687931452087,False,False,4|switch|mobile|liquid|s1|g2|mixed,mixed,,merge_spatial_ic,True,2500.0
1,1066,1,p1g7_001,screen,957,7,creative_screen,mutate,"[""p2g6_020""]",973efddc2c5efe2b,ok,True,partial,0.1789,47.333012253883,57.147349671844005,47.333012253883,41.4444098031064,False,False,3|switch|drift|liquid|s1|g2|mixed,mixed,,mutate,False,5000.0
1,1067,1,p1g7_021,screen,957,7,creative_screen,mint_bilin,"[""p2g6_020""]",ee31f4df74a66ba3,ok,True,partial,0.5145,66.06801171650358,70.94068228867144,66.06801171650358,63.14440937320286,True,True,3|switch|mobile|liquid|s1|g2|structured,structured,,mint_bilin,False,10000.0
1,1068,1,p1g7_023,screen,957,7,creative_screen,mint_bilin,"[""p2g6_020""]",eb5e4ef733bd5672,ok,True,partial,0.6487,67.79691010868635,68.7725468115818,67.79691010868635,67.21152808694907,True,True,3|switch|mobile|liquid|s1|g2|structured,structured,,mint_bilin,False,5000.0
1,1069,1,p1g7_031,screen,957,7,creative_screen,delete_bilin,"[""p2g6_020""]",0ca4df05e2dd82dc,ok,True,partial,0.6214,73.04652070990643,76.68202761320858,73.04652070990643,70.86521656792515,True,True,3|switch|rotor|liquid|s2|g2|structured,structured,,delete_bilin,False,10000.0
1,1070,1,p1g7_067,screen,957,7,creative_screen,merge_slow_tanh,"[""p1g6_066"",""ref_iso_d0.75""]",6511171ef33182b5,ok,True,partial,0.0,36.97200003839829,49.29600005119772,36.97200003839829,29.57760003071863,False,False,4|constant|drift|liquid|s1|g2|mixed,mixed,,merge_slow_tanh,False,2500.0
1,1071,1,p1g6_008_s2,seed2,958,6,selected_confirmation,seed2,"[""p1g6_008""]",72b641dba8085a1c,ok,True,partial,0.1452,44.96338316636132,55.111177555148416,44.96338316636132,38.874706533089046,False,False,4|switch|drift|liquid|s1|g2|mixed,mixed,True,mutate,False,2500.0
1,1072,1,p1g6_001_s2,seed2,958,6,selected_confirmation,seed2,"[""p1g6_001""]",a2baacc85b31a791,ok,True,partial,0.1562,30.809000100185045,35.87200013358006,30.809000100185045,27.771200080148034,False,False,1|grow|drift|liquid|s1|g2|structured,structured,True,mutate,False,2500.0
1,1073,1,p1g6_010_s2,seed2,958,6,selected_confirmation,seed2,"[""p1g6_010""]",c9de4b4275cb9d65,ok,True,partial,0.0,3.0843749999999996,4.1125,3.0843749999999996,2.4675,False,False,1|constant|still|gas|s1|g0|mixed,mixed,True,mutate,False,2500.0
1,1074,1,p1g7_028,screen,957,7,creative_screen,delete_bilin,"[""p6g9_021""]",21b09ff296b50769,ok,True,partial,0.3523,69.6652441612608,81.14365888168106,69.6652441612608,62.77819532900863,False,False,3|grow|rotor|liquid|s2|g2|structured,structured,,delete_bilin,False,20000.0
1,1075,1,p1g7_049,screen,957,7,creative_screen,merge_spatial_ic,"[""p6g9_021"",""p3g6_036""]",b310fbfc5cac334e,ok,True,partial,0.1689,53.96943828481845,66.3292510464246,53.96943828481845,46.55355062785476,False,False,3|switch|mobile|liquid|s1|g2|structured,structured,,merge_spatial_ic,True,10000.0
1,1076,1,p1g7_070,screen,957,7,creative_screen,merge_slow_tanh,"[""p10g0_ds6_000"",""ref_BFIELD_g0.05""]",425606c47fe293cf,ok,True,partial,0.4893,62.97845447524098,67.66127263365463,62.97845447524098,60.168763580192774,True,True,3|switch|mobile|liquid|s1|g2|structured,structured,,merge_slow_tanh,False,2500.0
1,1077,1,p1g7_051,screen,957,7,creative_screen,merge_spatial_ic,"[""p6g7_028"",""p2g4_062""]",99843d9cd96588d6,ok,True,partial,0.3523,69.3107376932479,80.6709835909972,69.3107376932479,62.49459015459831,False,False,3|grow|rotor|liquid|s2|g2|structured,structured,,merge_spatial_ic,True,20000.0
1,1078,1,p1g7_058,screen,957,7,creative_screen,merge_cross_edge,"[""p1g4_038"",""blk_engine_10748""]",ee421ab837a7940f,ok,True,partial,0.5196,57.833903612595535,59.791871483460724,57.833903612595535,56.65912289007643,False,False,3|switch|mobile|liquid|s1|g2|structured,structured,,merge_cross_edge,False,5000.0
1,1079,1,p1g7_055,screen,957,7,creative_screen,merge_spatial_ic,"[""p2g6_020"",""p4g2_028""]",489530b94bd868b0,ok,True,partial,0.1566,63.793172671112124,79.83756356148284,63.793172671112124,54.1665381368897,False,False,3|switch|rotor|liquid|s2|g2|structured,structured,,merge_spatial_ic,True,20000.0
1,1080,1,p1g6_026_s2,seed2,958,6,selected_confirmation,seed2,"[""p1g6_026""]",0bf97bd4c0a390b3,ok,True,partial,0.3768,64.67745811902859,73.67661082537144,64.67745811902859,59.27796649522286,False,False,3|grow|rotor|liquid|s1|g2|structured,structured,True,mint_bilin,False,20000.0
1,1081,1,p1g6_052_s2,seed2,958,6,selected_confirmation,seed2,"[""p1g6_052""]",e85f4b309db0d245,ok,True,partial,0.5532,75.18073483319824,81.80097977759766,75.18073483319824,71.20858786655859,True,True,4|switch|rotor|liquid|s1|g2|structured,structured,True,merge_spatial_ic,False,10000.0
1,1082,1,p1g6_061_s2,seed2,958,6,selected_confirmation,seed2,"[""p1g6_061""]",96a7ec6bf2dec270,ok,True,partial,0.5454,55.74632854400197,56.14843805866929,55.74632854400197,55.50506283520157,False,False,2|grow|rotor|liquid|s1|g2|structured,structured,True,merge_cross_edge,False,10000.0
1,1083,1,p1g6_071_s2,seed2,958,6,selected_confirmation,seed2,"[""p1g6_071""]",69725706893286e3,ok,True,partial,0.0,40.06552242571092,53.420696567614556,40.06552242571092,32.05241794056873,False,False,4|constant|mobile|flicker|s1|g2|mixed,mixed,True,merge_slow_tanh,False,2500.0
1,1084,1,p1g5_041_s3,seed3,959,5,selected_confirmation,seed3,"[""p1g5_041""]",112e33a83ea2ec6f,ok,True,partial,0.0,26.34415519994201,35.12554026658935,26.34415519994201,21.075324159953606,False,False,2|oscillator|still|liquid|s1|g2|mixed,mixed,True,dup_act,False,2500.0
1,1085,1,p1g5_077_s3,seed3,959,5,selected_confirmation,seed3,"[""p1g5_077""]",c4114e6995927301,ok,True,partial,0.0,17.64250003065508,23.52333337420677,17.64250003065508,14.114000024524062,False,False,3|constant|still|flicker|s1|g2|mixed,mixed,True,merge_share_chan,False,2500.0
1,1086,1,p1g5_035_s3,seed3,959,5,selected_confirmation,seed3,"[""p1g5_035""]",e29244634a5b7e5d,ok,True,partial,0.2206,44.67786880217048,52.21715840289397,44.67786880217048,40.15429504173638,False,False,2|switch|still|liquid|s1|g2|mixed,mixed,True,add_chan,False,5000.0
1,1087,1,p1g7_078,screen,957,7,creative_screen,immigrate,,cbf56d84b99a2017,no_blobs,True,missing,,0.0,,,,False,False,,,,immigrate,False,
1,1088,1,p1g7_082,screen,957,7,creative_screen,immigrate,,e210398de6c264b4,no_blobs,True,missing,,0.0,,,,False,False,,,,immigrate,False,
1,1089,1,p1g7_091,screen,957,7,creative_screen,immigrate,,5977fec7b38c1737,no_blobs,True,missing,,0.0,,,,False,False,,,,immigrate,False,
1,1090,1,p1g7_093,screen,957,7,creative_screen,immigrate,,9ade4b3f886ca26d,no_blobs,True,missing,,0.0,,,,False,False,,,,immigrate,False,
1,1091,1,p1g7_077,screen,957,7,creative_screen,immigrate,,b883610720a782a3,no_blobs,True,missing,,0.0,,,,False,False,,,,immigrate,False,
1,1092,1,p1g7_085,screen,957,7,creative_screen,immigrate,,212445517383aeee,no_blobs,True,missing,,0.0,,,,False,False,,,,immigrate,False,
1,1093,1,p1g7_086,screen,957,7,creative_screen,immigrate,,691cc97ad1a6b0d4,no_blobs,True,missing,,0.0,,,,False,False,,,,immigrate,False,
1,1094,1,p1g7_090,screen,957,7,creative_screen,immigrate,,acb2cba65649cd34,no_blobs,True,missing,,0.0,,,,False,False,,,,immigrate,False,
1,1095,1,p1g7_005,screen,957,7,creative_screen,mutate,"[""p1g7_023""]",739009a35470caad,ok,True,partial,0.3208,50.08709087998294,56.08945450664391,50.08709087998294,46.485672703986346,False,False,4|grow|mobile|flicker|s1|g0|mixed,mixed,,mutate,False,20000.0
1,1096,1,p1g6_050_s2,seed2,958,6,selected_confirmation,seed2,"[""p1g6_050""]",2dd6dbf38ed8f991,ok,True,partial,0.5347,54.5477657918081,54.907021055744124,54.5477657918081,54.332212633446474,False,False,3|grow|mobile|liquid|s1|g0|structured,structured,True,merge_spatial_ic,False,5000.0
1,1097,1,p1g5_007_s3,seed3,959,5,selected_confirmation,seed3,"[""p1g5_007""]",8682b73f9a4cfc74,ok,True,partial,0.0213,14.083067805312028,18.067423740416036,14.083067805312028,11.692454244249621,False,False,3|constant|still|frozen|s1|g1|mixed,mixed,True,mutate,False,2500.0
1,1098,1,p1g5_001_s3,seed3,959,5,selected_confirmation,seed3,"[""p1g5_001""]",f9fd4b9a9c88ee6a,ok,True,partial,0.1723,18.760278442884832,19.270371257179775,18.760278442884832,18.454222754307864,False,False,3|constant|still|liquid|s1|g0|structured,structured,True,mutate,False,2500.0
1,1099,1,p1g5_002_s3,seed3,959,5,selected_confirmation,seed3,"[""p1g5_002""]",f8038deeec6cbeb5,ok,True,partial,0.0,44.11714418455217,58.82285891273622,44.11714418455217,35.29371534764173,False,False,3|grow|rotor|liquid|s1|g0|mixed,mixed,True,mutate,False,10000.0
1,1100,1,p1g5_012_s3,seed3,959,5,selected_confirmation,seed3,"[""p1g5_012""]",15e9361ea30fcdb3,ok,True,partial,0.3336,46.304613989529955,50.61948531937327,46.304613989529955,43.71569119162396,False,False,4|switch|rotor|liquid|s1|g1|structured,structured,True,mutate,False,2500.0
1,1101,1,p1g7_080,screen,957,7,creative_screen,immigrate,,2892c01137d4aa89,ok,True,partial,0.0,0.0,0.0,0.0,0.0,False,False,1|constant|still|gas|s1|g2|mixed,mixed,,immigrate,False,2500.0
1,1102,1,p1g7_081,screen,957,7,creative_screen,immigrate,,c356526cea6d57bd,ok,True,partial,0.0,0.0,0.0,0.0,0.0,False,False,1|constant|still|gas|s1|g0|mixed,mixed,,immigrate,False,2500.0
1,1103,1,p1g7_084,screen,957,7,creative_screen,immigrate,,abd2dc5712219b33,ok,True,partial,0.0,0.0,0.0,0.0,0.0,False,False,1|constant|still|gas|s1|g0|mixed,mixed,,immigrate,False,2500.0
1,1104,1,p1g7_088,screen,957,7,creative_screen,immigrate,,e3cfa528fc70abdc,ok,True,partial,0.0,0.0,0.0,0.0,0.0,False,False,1|constant|still|gas|s1|g0|mixed,mixed,,immigrate,False,2500.0
1,1105,1,p1g7_089,screen,957,7,creative_screen,immigrate,,4406d3ab4f0eb1cc,ok,True,partial,0.0,0.0,0.0,0.0,0.0,False,False,1|constant|still|gas|s1|g0|mixed,mixed,,immigrate,False,2500.0
1,1106,1,p1g7_094,screen,957,7,creative_screen,immigrate,,56ab18166ebd564b,ok,True,partial,0.0,0.0,0.0,0.0,0.0,False,False,1|constant|still|gas|s1|g0|mixed,mixed,,immigrate,False,2500.0
1,1107,1,p1g7_079,screen,957,7,creative_screen,immigrate,,131d339d2ae3747d,ok,True,partial,0.0,0.0,0.0,0.0,0.0,False,False,1|constant|still|gas|s1|g0|mixed,mixed,,immigrate,False,2500.0
1,1108,1,p1g7_095,screen,957,7,creative_screen,immigrate,,ef70b7dac8d2b60a,no_blobs,True,missing,,0.0,,,,False,False,,,,immigrate,False,
1,1109,1,p1g7_083,screen,957,7,creative_screen,immigrate,,68317049a40b9cd3,no_blobs,True,missing,,0.0,,,,False,False,,,,immigrate,False,
1,1110,1,p1g7_096,screen,957,7,creative_screen,immigrate,,eb1f7ad15c1c534a,no_blobs,True,missing,,0.0,,,,False,False,,,,immigrate,False,
1,1111,1,p1g7_035,screen,957,7,creative_screen,add_chan,"[""p1g6_041""]",039f9829412135c3,ok,True,partial,0.0,16.65257005166098,22.20342673554797,16.65257005166098,13.322056041328782,False,False,2|oscillator|still|flicker|s1|g0|mixed,mixed,,add_chan,False,2500.0
1,1112,1,p1g7_087,screen,957,7,creative_screen,immigrate,,25c20d1b5ba04ab2,ok,True,partial,0.0,0.0,0.0,0.0,0.0,False,False,1|constant|still|gas|s1|g0|mixed,mixed,,immigrate,False,2500.0
1,1113,1,p1g7_092,screen,957,7,creative_screen,immigrate,,a4bca227d455ee12,ok,True,partial,0.0,0.0,0.0,0.0,0.0,False,False,1|constant|still|gas|s1|g2|mixed,mixed,,immigrate,False,2500.0
1,1114,1,p1g6_059_s2,seed2,958,6,selected_confirmation,seed2,"[""p1g6_059""]",abc5cba950450230,ok,True,partial,0.0,23.32643312418002,31.10191083224003,23.32643312418002,18.661146499344017,False,False,3|constant|drift|flicker|s1|g0|mixed,mixed,True,merge_cross_edge,False,2500.0
1,1115,1,p1g6_066_s2,seed2,958,6,selected_confirmation,seed2,"[""p1g6_066""]",7c2fc0cb13290533,ok,True,partial,0.0,25.050034885253865,33.40004651367182,25.050034885253865,20.04002790820309,False,False,3|constant|drift|flicker|s1|g0|mixed,mixed,True,merge_cross_edge,False,2500.0
1,1116,1,p1g6_041_s2,seed2,958,6,selected_confirmation,seed2,"[""p1g6_041""]",e4f5c10674e021e9,ok,True,partial,0.0,15.632570033566196,20.843426711421596,15.632570033566196,12.506056026852958,False,False,2|constant|still|flicker|s1|g0|mixed,mixed,True,dup_act,False,2500.0
1,1117,1,p1g5_085_s3,seed3,959,5,selected_confirmation,seed3,"[""p1g5_085""]",46b879936ca1f04c,ok,True,partial,0.0,20.532786579700858,27.377048772934476,20.532786579700858,16.426229263760685,False,False,1|oscillator|still|flicker|s1|g0|mixed,mixed,True,immigrate,False,2500.0
1,1118,1,p1g7_009,screen,957,7,creative_screen,mutate,"[""p1g2_008""]",fdc82e4934708eff,ok,True,partial,0.4181,54.6362136839998,58.91161824533307,54.6362136839998,52.07097094719984,False,False,2|switch|mobile|liquid|s1|g2|structured,structured,,mutate,False,5000.0
1,1119,1,p1g7_056,screen,957,7,creative_screen,merge_cross_edge,"[""p1g4_084"",""ref_M4_tau5.7""]",a2ee49e1e3f04f01,ok,True,partial,0.0743,38.470623767206554,48.8174983562754,38.470623767206554,32.262499013765236,False,False,2|switch|rotor|liquid|s1|g2|mixed,mixed,,merge_cross_edge,False,2500.0
1,1120,1,p1g5_064_s3,seed3,959,5,selected_confirmation,seed3,"[""p1g5_064""]",e9e5a72b310bd141,ok,True,partial,0.4528,53.01945045355431,55.59926727140575,53.01945045355431,51.47156036284345,False,False,2|constant|rotor|liquid|s1|g2|structured,structured,True,merge_cross_edge,False,2500.0
1,1121,1,p1g6_002_s3,seed3,959,6,selected_confirmation,seed3,"[""p1g6_002""]",708d457caaf19f99,ok,True,partial,0.0923,49.260761821855226,62.604349095806974,49.260761821855226,41.254609457484186,False,False,3|grow|rotor|frozen|s1|g2|structured,structured,True,mutate,False,20000.0
1,1122,1,p1g6_053_s3,seed3,959,6,selected_confirmation,seed3,"[""p1g6_053""]",87da68345e8008fe,ok,True,partial,0.0,49.02612674685078,65.36816899580104,49.02612674685078,39.220901397480624,False,False,2|grow|mobile|liquid|s1|g1|mixed,mixed,True,merge_spatial_ic,False,20000.0
1,1123,1,p1g6_033_s3,seed3,959,6,selected_confirmation,seed3,"[""p1g6_033""]",21586638a75b5f95,ok,True,partial,0.0,27.712413647527775,36.949884863370364,27.712413647527775,22.169930918022217,False,False,2|constant|drift|flicker|s1|g2|mixed,mixed,True,add_chan,False,5000.0
1,1124,1,p1g7_002_s2,seed2,958,7,selected_confirmation,seed2,"[""p1g7_002""]",6adeb29968a5792b,ok,True,partial,0.0,24.021796698028595,32.029062264038124,24.021796698028595,19.217437358422874,False,False,3|oscillator|drift|frozen|s1|g1|mixed,mixed,True,mutate,False,2500.0
1,1125,1,p1g6_068_s3,seed3,959,6,selected_confirmation,seed3,"[""p1g6_068""]",ab38c24cc5e4c855,ok,True,partial,0.0,24.800467766692556,33.067290355590075,24.800467766692556,19.840374213354043,False,False,2|constant|still|frozen|s1|g2|mixed,mixed,True,merge_slow_tanh,False,2500.0
1,1126,1,p1g7_017_s2,seed2,958,7,selected_confirmation,seed2,"[""p1g7_017""]",df888871f6b77cc9,ok,True,partial,0.0,50.92662962612284,67.90217283483045,50.92662962612284,40.74130370089827,False,False,3|grow|rotor|liquid|s1|g2|mixed,mixed,True,mint_bilin,False,20000.0
1,1127,1,p1g7_052_s2,seed2,958,7,selected_confirmation,seed2,"[""p1g7_052""]",fa86cb8089d048d0,ok,True,partial,0.4605,75.20370958109125,84.92161277478833,75.20370958109125,69.37296766487299,True,True,4|grow|rotor|liquid|s2|g2|structured,structured,True,merge_spatial_ic,False,20000.0
1,1128,1,p1g6_023_s3,seed3,959,6,selected_confirmation,seed3,"[""p1g6_023""]",fceaf0f5291b4bac,ok,True,partial,0.6098,75.64829343842624,80.53772458456831,75.64829343842624,72.71463475074098,True,True,4|grow|mobile|liquid|s1|g2|structured,structured,True,mint_bilin,False,20000.0
1,1129,1,p1g6_056_s3,seed3,959,6,selected_confirmation,seed3,"[""p1g6_056""]",b0f67bbf848a278c,ok,True,partial,0.5756,78.49868129949976,85.47824173266635,78.49868129949976,74.3109450395998,True,True,4|grow|rotor|liquid|s3|g2|structured,structured,True,merge_cross_edge,False,20000.0
1,1130,1,p1g6_009_s3,seed3,959,6,selected_confirmation,seed3,"[""p1g6_009""]",91813fbd275fbaaa,ok,True,partial,0.6044,68.27500606854943,70.88667475806591,68.27500606854943,66.70800485483954,True,True,3|switch|mobile|liquid|s1|g2|structured,structured,True,mutate,False,20000.0
1,1131,1,p1g6_045_s3,seed3,959,6,selected_confirmation,seed3,"[""p1g6_045""]",1fb78d789b364fb2,ok,True,partial,0.306,64.3039066578488,75.53854221046507,64.3039066578488,57.56312532627904,False,False,4|grow|rotor|liquid|s1|g2|structured,structured,True,dup_act,False,20000.0
1,1132,1,p1g6_012_s3,seed3,959,6,selected_confirmation,seed3,"[""p1g6_012""]",249b7297e2ca86db,ok,True,partial,0.1545,52.33609766288026,64.63146355050702,52.33609766288026,44.958878130304214,False,False,3|constant|rotor|liquid|s1|g2|structured,structured,True,mutate,False,10000.0
1,1133,1,p1g6_024_s3,seed3,959,6,selected_confirmation,seed3,"[""p1g6_024""]",3a044a368e6e6a61,ok,True,partial,0.6272,74.76862126030002,78.78482834706669,74.76862126030002,72.35889700824,True,True,4|grow|mobile|liquid|s2|g2|structured,structured,True,mint_bilin,False,20000.0
1,1134,1,p1g6_026_s3,seed3,959,6,selected_confirmation,seed3,"[""p1g6_026""]",0bf97bd4c0a390b3,ok,True,partial,0.3031,63.3034217171265,74.30122895616866,63.3034217171265,56.70473737370119,False,False,3|grow|rotor|liquid|s1|g2|structured,structured,True,mint_bilin,False,20000.0
1,1135,1,p1g7_061_s2,seed2,958,7,selected_confirmation,seed2,"[""p1g7_061""]",856eddbeaa61be9a,ok,True,partial,0.4493,68.75583719577241,76.69778292769655,68.75583719577241,63.99066975661793,True,True,3|grow|rotor|liquid|s3|g2|structured,structured,True,merge_cross_edge,False,10000.0
1,1136,1,p1g6_018_s3,seed3,959,6,selected_confirmation,seed3,"[""p1g6_018""]",4d69bffc0d662e52,ok,True,partial,0.3414,69.81208384794144,81.70277846392192,69.81208384794144,62.677667078353146,False,False,3|switch|mobile|liquid|s2|g2|structured,structured,True,mint_bilin,False,10000.0
1,1137,1,p1g6_061_s3,seed3,959,6,selected_confirmation,seed3,"[""p1g6_061""]",96a7ec6bf2dec270,ok,True,partial,0.5106,58.690711887272094,61.23428251636279,58.690711887272094,57.16456950981768,False,False,2|grow|rotor|liquid|s1|g2|structured,structured,True,merge_cross_edge,False,20000.0
1,1138,1,p1g6_017_s3,seed3,959,6,selected_confirmation,seed3,"[""p1g6_017""]",a210dd66c0c9aff7,ok,True,partial,0.3093,69.79149945625909,82.74533260834545,69.79149945625909,62.01919956500727,False,False,3|switch|mobile|liquid|s2|g2|structured,structured,True,mint_bilin,False,10000.0
1,1139,1,p1g7_068_s2,seed2,958,7,selected_confirmation,seed2,"[""p1g7_068""]",6b6a22062749efd1,ok,True,partial,0.1357,40.863078412690186,49.96077121692025,40.863078412690186,35.40446273015215,False,False,3|oscillator|still|liquid|s1|g2|structured,structured,True,merge_cross_edge,False,5000.0
1,1140,1,p1g7_005_s2,seed2,958,7,selected_confirmation,seed2,"[""p1g7_005""]",739009a35470caad,ok,True,partial,0.3293,50.13300633713827,55.86734178285102,50.13300633713827,46.69240506971061,False,False,4|grow|mobile|flicker|s1|g0|mixed,mixed,True,mutate,False,20000.0
1,1141,1,p1g6_006_s3,seed3,959,6,selected_confirmation,seed3,"[""p1g6_006""]",b0ab94830eede339,ok,True,partial,0.4126,59.56123893233273,65.66165190977698,59.56123893233273,55.900991145866186,False,False,4|grow|drift|flicker|s2|g2|structured,structured,True,mutate,False,20000.0
1,1142,1,p1g6_060_s3,seed3,959,6,selected_confirmation,seed3,"[""p1g6_060""]",4f87688452df6fde,ok,True,partial,0.475,62.0996964695589,66.96626195941187,62.0996964695589,59.17975717564712,True,False,4|grow|mobile|flicker|s1|g2|structured,structured,True,merge_cross_edge,False,20000.0
1,1143,1,p1g6_027_s3,seed3,959,6,selected_confirmation,seed3,"[""p1g6_027""]",5cc23599a1bad445,ok,True,partial,0.5242,72.08519922626536,78.64026563502048,72.08519922626536,68.15215938101228,True,True,3|grow|mobile|liquid|s2|g1|structured,structured,True,mint_bilin,False,20000.0
1,1144,1,p1g6_062_s3,seed3,959,6,selected_confirmation,seed3,"[""p1g6_062""]",5f4119d6059bd8aa,ok,True,partial,0.3952,59.88326305963976,66.67101741285302,59.88326305963976,55.81061044771181,False,False,4|grow|rotor|flicker|s1|g2|structured,structured,True,merge_cross_edge,False,10000.0
1,1145,1,p1g6_052_s3,seed3,959,6,selected_confirmation,seed3,"[""p1g6_052""]",e85f4b309db0d245,ok,True,partial,0.5397,78.64556545609295,86.87075394145725,78.64556545609295,73.71045236487434,True,True,4|switch|rotor|liquid|s2|g2|structured,structured,True,merge_spatial_ic,False,20000.0
1,1146,1,p1g6_057_s3,seed3,959,6,selected_confirmation,seed3,"[""p1g6_057""]",d4d3de85840233f2,ok,True,partial,0.5721,65.7149434869948,68.5499246493264,65.7149434869948,64.01395478959583,True,True,4|grow|rotor|liquid|s1|g2|structured,structured,True,merge_cross_edge,False,5000.0
1,1147,1,p1g6_020_s3,seed3,959,6,selected_confirmation,seed3,"[""p1g6_020""]",e1c8882bbd971b9c,ok,True,partial,0.0,46.590998422207456,62.12133122960994,46.590998422207456,37.27279873776597,False,False,3|grow|mobile|flicker|s1|g2|mixed,mixed,True,mint_bilin,False,5000.0
1,1148,1,p1g6_051_s3,seed3,959,6,selected_confirmation,seed3,"[""p1g6_051""]",ae859cef82a541f9,ok,True,partial,0.4938,64.69945790489983,69.80594387319977,64.69945790489983,61.63556632391986,True,True,4|grow|mobile|liquid|s2|g0|structured,structured,True,merge_spatial_ic,False,10000.0
1,1149,1,p1g6_050_s3,seed3,959,6,selected_confirmation,seed3,"[""p1g6_050""]",2dd6dbf38ed8f991,ok,True,partial,0.4934,60.31077977336503,63.9677063644867,60.31077977336503,58.11662381869202,True,False,3|grow|mobile|liquid|s2|g0|structured,structured,True,merge_spatial_ic,False,10000.0
1,1150,1,p1g6_015_s3,seed3,959,6,selected_confirmation,seed3,"[""p1g6_015""]",198fd2e35c3c19ac,ok,True,partial,0.0,25.441676434087253,33.92223524544967,25.441676434087253,20.353341147269802,False,False,2|constant|still|liquid|s1|g2|mixed,mixed,True,mutate,False,5000.0
1,1151,1,p1g7_004_s2,seed2,958,7,selected_confirmation,seed2,"[""p1g7_004""]",6d98b934cd0ce414,ok,True,partial,0.0,31.094803471764497,41.45973796235266,31.094803471764497,24.875842777411595,False,False,2|switch|mobile|liquid|s1|g0|mixed,mixed,True,mutate,False,2500.0
1,1152,1,p1g7_016_s2,seed2,958,7,selected_confirmation,seed2,"[""p1g7_016""]",a4e8c1bcaef2fc13,ok,True,partial,0.0,56.03037830909193,74.70717107878924,56.03037830909193,44.82430264727355,False,False,4|grow|mobile|liquid|s1|g2|mixed,mixed,True,mint_bilin,False,10000.0
1,1153,1,p1g7_065_s2,seed2,958,7,selected_confirmation,seed2,"[""p1g7_065""]",f089573bf4669d1d,ok,True,partial,0.3355,52.2263304182251,58.4517738909668,52.2263304182251,48.49106433458008,False,False,3|switch|mobile|liquid|s1|g2|structured,structured,True,merge_cross_edge,False,2500.0
1,1154,1,p1g7_012_s2,seed2,958,7,selected_confirmation,seed2,"[""p1g7_012""]",7dd4abb4761fea51,ok,True,partial,0.0,37.631559005289326,50.17541200705244,37.631559005289326,30.10524720423146,False,False,2|grow|mobile|liquid|s1|g0|mixed,mixed,True,mutate,False,2500.0
1,1155,1,p1g7_019_s2,seed2,958,7,selected_confirmation,seed2,"[""p1g7_019""]",bf8bbd9ae45b0890,ok,True,partial,0.0,29.83844909527088,39.78459879369451,29.83844909527088,23.870759276216702,False,False,3|constant|still|frozen|s1|g2|mixed,mixed,True,mint_bilin,False,2500.0
1,1156,1,p1g7_066_s2,seed2,958,7,selected_confirmation,seed2,"[""p1g7_066""]",8bd523c265dd37b3,ok,True,partial,0.0,18.10114381991406,24.134858426552082,18.10114381991406,14.480915055931249,False,False,2|constant|still|liquid|s1|g0|mixed,mixed,True,merge_slow_tanh,False,2500.0
1,1157,1,p1g7_067_s2,seed2,958,7,selected_confirmation,seed2,"[""p1g7_067""]",6511171ef33182b5,ok,True,partial,0.0,37.623501159016456,50.16466821202194,37.623501159016456,30.098800927213162,False,False,4|constant|drift|liquid|s1|g2|mixed,mixed,True,merge_slow_tanh,False,2500.0
1,1158,1,p1g6_008_s3,seed3,959,6,selected_confirmation,seed3,"[""p1g6_008""]",72b641dba8085a1c,ok,True,partial,0.0988,44.89754178385573,56.57005571180764,44.89754178385573,37.89403342708458,False,False,4|switch|rotor|frozen|s1|g2|structured,structured,True,mutate,False,5000.0
1,1159,1,p1g6_001_s3,seed3,959,6,selected_confirmation,seed3,"[""p1g6_001""]",a2baacc85b31a791,ok,True,partial,0.102,27.18331002387318,32.844413365164236,27.18331002387318,23.786648019098543,False,False,1|grow|drift|liquid|s1|g2|structured,structured,True,mutate,False,2500.0
1,1160,1,p1g6_010_s3,seed3,959,6,selected_confirmation,seed3,"[""p1g6_010""]",c9de4b4275cb9d65,ok,True,partial,0.0,4.771875,6.3625,4.771875,3.8175,False,False,1|constant|still|frozen|s1|g0|mixed,mixed,True,mutate,False,2500.0
1,1161,1,p1g6_071_s3,seed3,959,6,selected_confirmation,seed3,"[""p1g6_071""]",69725706893286e3,ok,True,partial,0.0,34.94041155713741,46.587215409516546,34.94041155713741,27.952329245709926,False,False,4|constant|mobile|flicker|s1|g2|mixed,mixed,True,merge_slow_tanh,False,2500.0
1,1162,1,p1g7_056_s2,seed2,958,7,selected_confirmation,seed2,"[""p1g7_056""]",a2ee49e1e3f04f01,ok,True,partial,0.0983,32.885483438351876,40.570644584469164,32.885483438351876,28.274386750681497,False,False,2|oscillator|rotor|liquid|s1|g2|structured,structured,True,merge_cross_edge,False,2500.0
1,1163,1,p1g6_066_s3,seed3,959,6,selected_confirmation,seed3,"[""p1g6_066""]",7c2fc0cb13290533,ok,True,partial,0.0,28.892599019580267,38.52346535944036,28.892599019580267,23.114079215664216,False,False,3|constant|drift|flicker|s1|g0|mixed,mixed,True,merge_cross_edge,False,2500.0
1,1164,1,p1g6_041_s3,seed3,959,6,selected_confirmation,seed3,"[""p1g6_041""]",e4f5c10674e021e9,ok,True,partial,0.0,21.83418008265206,29.112240110202748,21.83418008265206,17.467344066121647,False,False,2|switch|still|flicker|s1|g0|mixed,mixed,True,dup_act,False,2500.0
1,1165,1,p1g7_002_s3,seed3,959,7,selected_confirmation,seed3,"[""p1g7_002""]",6adeb29968a5792b,ok,True,partial,0.0,42.25340770511275,56.33787694015033,42.25340770511275,33.802726164090195,False,False,3|switch|rotor|liquid|s1|g1|mixed,mixed,True,mutate,False,5000.0
1,1166,1,p1g7_065_s3,seed3,959,7,selected_confirmation,seed3,"[""p1g7_065""]",f089573bf4669d1d,ok,True,partial,0.2336,48.46172072694125,56.82896096925501,48.46172072694125,43.441376581553,False,False,3|switch|mobile|liquid|s1|g2|mixed,mixed,True,merge_cross_edge,False,2500.0
1,1167,1,p1g7_017_s3,seed3,959,7,selected_confirmation,seed3,"[""p1g7_017""]",df888871f6b77cc9,ok,True,partial,0.0,48.56056134700469,64.74741512933959,48.56056134700469,38.84844907760375,False,False,3|grow|rotor|liquid|s1|g2|mixed,mixed,True,mint_bilin,False,20000.0
1,1168,1,p1g7_068_s3,seed3,959,7,selected_confirmation,seed3,"[""p1g7_068""]",6b6a22062749efd1,ok,True,partial,0.1631,45.18976397975791,54.816351973010555,45.18976397975791,39.41381118380633,False,False,3|switch|still|liquid|s1|g2|mixed,mixed,True,merge_cross_edge,False,5000.0
1,1169,1,p1g7_004_s3,seed3,959,7,selected_confirmation,seed3,"[""p1g7_004""]",6d98b934cd0ce414,ok,True,partial,0.0,31.04233857154413,41.38978476205884,31.04233857154413,24.8338708572353,False,False,2|grow|mobile|liquid|s1|g0|mixed,mixed,True,mutate,False,2500.0
1,1170,1,p1g7_012_s3,seed3,959,7,selected_confirmation,seed3,"[""p1g7_012""]",7dd4abb4761fea51,ok,True,partial,0.0,38.345982054160515,51.12797607221402,38.345982054160515,30.676785643328408,False,False,2|switch|mobile|liquid|s1|g0|mixed,mixed,True,mutate,False,2500.0
1,1171,1,p1g7_019_s3,seed3,959,7,selected_confirmation,seed3,"[""p1g7_019""]",bf8bbd9ae45b0890,ok,True,partial,0.0517,43.318149142422236,56.03419885656298,43.318149142422236,35.68851931393778,False,False,3|switch|drift|frozen|s1|g2|mixed,mixed,True,mint_bilin,False,2500.0
1,1172,1,p1g7_066_s3,seed3,959,7,selected_confirmation,seed3,"[""p1g7_066""]",8bd523c265dd37b3,ok,True,partial,0.0,16.187574839955865,21.583433119941155,16.187574839955865,12.950059871964692,False,False,3|oscillator|still|liquid|s1|g0|mixed,mixed,True,merge_slow_tanh,False,2500.0
1,1173,1,p1g7_067_s3,seed3,959,7,selected_confirmation,seed3,"[""p1g7_067""]",6511171ef33182b5,ok,True,partial,0.0,36.1582120768069,48.21094943574253,36.1582120768069,28.926569661445516,False,False,4|constant|drift|flicker|s1|g2|mixed,mixed,True,merge_slow_tanh,False,2500.0
1,1174,1,p1g7_052_s3,seed3,959,7,selected_confirmation,seed3,"[""p1g7_052""]",fa86cb8089d048d0,ok,True,partial,0.6347,82.3327196684081,88.6202928912108,82.3327196684081,78.56017573472647,True,True,4|grow|mobile|liquid|s3|g2|structured,structured,True,merge_spatial_ic,False,20000.0
1,1175,1,p1g7_005_s3,seed3,959,7,selected_confirmation,seed3,"[""p1g7_005""]",739009a35470caad,ok,True,partial,0.3326,50.67304032002999,56.47738709337332,50.67304032002999,47.190432256023996,False,False,4|grow|mobile|flicker|s1|g0|mixed,mixed,True,mutate,False,20000.0
1,1176,1,p1g7_061_s3,seed3,959,7,selected_confirmation,seed3,"[""p1g7_061""]",856eddbeaa61be9a,ok,True,partial,0.3881,63.7975052365899,72.12667364878654,63.7975052365899,58.800004189271924,False,False,3|grow|rotor|liquid|s2|g2|structured,structured,True,merge_cross_edge,False,10000.0
1,1177,1,p1g7_016_s3,seed3,959,7,selected_confirmation,seed3,"[""p1g7_016""]",a4e8c1bcaef2fc13,ok,True,partial,0.0,58.72438351299742,78.2991780173299,58.72438351299742,46.979506810397936,False,False,4|grow|rotor|flicker|s2|g2|mixed,mixed,True,mint_bilin,False,10000.0
1,1178,1,p1g7_056_s3,seed3,959,7,selected_confirmation,seed3,"[""p1g7_056""]",a2ee49e1e3f04f01,ok,True,partial,0.1017,39.93234932265703,49.85313243020938,39.93234932265703,33.97987945812562,False,False,2|switch|rotor|liquid|s1|g2|structured,structured,True,merge_cross_edge,False,2500.0
1,1179,1,p5g8_014_c9,c9fill,957,0,c9_backfill_import,c9fill,"[""p5g8_014""]",60fd1da794635589,ok,True,partial,0.5616,61.765438551420125,65.50239758570021,63.166798189275156,61.765438551420125,True,True,2|switch|mobile|flicker|s1|g2|structured,structured,,c9fill,False,2500.0
1,1180,1,p3g9_021_c9,c9fill,957,0,c9_backfill_import,c9fill,"[""p3g9_021""]",d2673ccaa565671c,ok,True,partial,0.0,43.072608508217236,71.78768084702872,53.84076063527154,43.072608508217236,False,False,3|grow|mobile|liquid|s1|g1|mixed,mixed,,c9fill,False,20000.0
1,1181,1,p0g0_ds2g11_009_c9,c9fill,957,0,c9_backfill_import,c9fill,"[""p0g0_ds2g11_009""]",bbe92b88e108906a,ok,True,partial,0.1336,43.12422836690032,62.9670472781672,50.5652854586254,43.12422836690032,False,False,3|grow|rotor|liquid|s1|g2|structured,structured,,c9fill,False,5000.0
1,1182,1,p6g7_013_c9,c9fill,957,0,c9_backfill_import,c9fill,"[""p6g7_013""]",e65ef70dd49605a1,ok,True,partial,0.4416,59.25258612611718,69.3143102101953,63.02573265764648,59.25258612611718,True,False,3|switch|mobile|flicker|s1|g2|structured,structured,,c9fill,False,5000.0
1,1183,1,p3g6_061_c9,c9fill,957,0,c9_backfill_import,c9fill,"[""p3g6_061""]",87da68345e8008fe,ok,True,partial,0.0,40.08037576272589,66.80062627120982,50.10046970340737,40.08037576272589,False,False,2|grow|mobile|liquid|s1|g1|mixed,mixed,,c9fill,False,20000.0
1,1184,1,p10g0_ds6_000_c9,c9fill,957,0,c9_backfill_import,c9fill,"[""p10g0_ds6_000""]",5ddef2bb7950303b,ok,True,partial,0.558,61.68015601877568,65.6002600312928,63.15019502346961,61.68015601877568,True,True,2|switch|mobile|flicker|s1|g2|structured,structured,,c9fill,False,2500.0
1,1185,1,p4g5_070_c9,c9fill,957,0,c9_backfill_import,c9fill,"[""p4g5_070""]",8944dc72cebaf556,ok,True,partial,0.0,36.88356788316511,61.47261313860851,46.104459853956385,36.88356788316511,False,False,2|switch|mobile|liquid|s1|g2|structured,structured,,c9fill,False,20000.0
1,1186,1,p3g5_061_c9,c9fill,957,0,c9_backfill_import,c9fill,"[""p3g5_061""]",c63ba0e852b7880c,ok,True,partial,0.0,26.987566449348677,44.97927741558113,33.73445806168585,26.987566449348677,False,False,3|constant|mobile|flicker|s1|g2|mixed,mixed,,c9fill,False,2500.0
1,1187,1,p6g8_033_c9,c9fill,957,0,c9_backfill_import,c9fill,"[""p6g8_033""]",27a2960d05f47297,ok,True,partial,0.431,60.057474266161066,71.36245711026844,64.29684283270133,60.057474266161066,True,True,3|grow|rotor|liquid|s1|g2|structured,structured,,c9fill,False,10000.0
1,1188,1,p3g6_032_c9,c9fill,957,0,c9_backfill_import,c9fill,"[""p3g6_032""]",3e9e387b61a8cb22,ok,True,partial,0.3719,53.4934417075938,64.36240284598966,57.56930213449225,53.4934417075938,False,False,4|grow|mobile|liquid|s1|g1|structured,structured,,c9fill,False,2500.0
1,1189,1,p3g9_022_c9,c9fill,957,0,c9_backfill_import,c9fill,"[""p3g9_022""]",9a815b4bb1db78ea,ok,True,partial,0.295,57.08225447850029,75.47042413083382,63.97781809812537,57.08225447850029,False,False,4|grow|mobile|liquid|s2|g2|structured,structured,,c9fill,False,5000.0
1,1190,1,p2g7_039_c9,c9fill,957,0,c9_backfill_import,c9fill,"[""p2g7_039""]",fa86cb8089d048d0,ok,True,partial,0.4165,60.37324219635997,72.85540366059995,65.05405274544995,60.37324219635997,True,True,4|grow|rotor|liquid|s1|g2|structured,structured,,c9fill,False,5000.0
1,1191,1,p6g7_028_c9,c9fill,957,0,c9_backfill_import,c9fill,"[""p6g7_028""]",99843d9cd96588d6,ok,True,partial,0.3106,57.74913940238972,75.54189900398288,64.42142425298715,57.74913940238972,False,False,3|switch|mobile|liquid|s2|g2|structured,structured,,c9fill,False,10000.0
1,1192,1,p6g9_021_c9,c9fill,957,0,c9_backfill_import,c9fill,"[""p6g9_021""]",b310fbfc5cac334e,ok,True,partial,0.2258,57.31503896872498,80.47173161454162,65.99879871090621,57.31503896872498,False,False,3|grow|mobile|liquid|s2|g2|structured,structured,,c9fill,False,20000.0
1,1193,1,p6g5_026_c9,c9fill,957,0,c9_backfill_import,c9fill,"[""p6g5_026""]",ead25ce87e4b853d,ok,True,partial,0.3102,64.76800610456174,87.26667684093624,73.20500763070217,64.76800610456174,False,False,3|switch|rotor|liquid|s2|g2|structured,structured,,c9fill,False,20000.0
1,1194,1,p2g6_020_c9,c9fill,957,0,c9_backfill_import,c9fill,"[""p2g6_020""]",489530b94bd868b0,ok,True,partial,0.375,61.04908046244286,76.74846743740477,66.93635057805358,61.04908046244286,False,False,3|grow|rotor|liquid|s2|g2|structured,structured,,c9fill,False,10000.0
1,1195,1,p5g3_040_c9,c9fill,957,0,c9_backfill_import,c9fill,"[""p5g3_040""]",dabace1997467b68,ok,True,partial,0.5265,70.51180784559884,82.41967974266473,74.97725980699855,70.51180784559884,True,True,4|switch|rotor|liquid|s1|g2|structured,structured,,c9fill,False,20000.0
1,1196,1,p5g7_040_c9,c9fill,957,0,c9_backfill_import,c9fill,"[""p5g7_040""]",83b42c8f4ca19485,ok,True,partial,0.4685,68.85298716183334,83.52164526972224,74.35373395229169,68.85298716183334,True,True,4|grow|mobile|liquid|s1|g2|structured,structured,,c9fill,False,20000.0
1,1197,1,p4g3_033_c9,c9fill,957,0,c9_backfill_import,c9fill,"[""p4g3_033""]",4ca14697d3781ef6,ok,True,partial,0.4323,66.43169681078231,81.89949468463719,72.2321210134779,66.43169681078231,True,True,4|grow|rotor|liquid|s3|g1|structured,structured,,c9fill,False,10000.0
1,1198,1,p3g9_020_c9,c9fill,957,0,c9_backfill_import,c9fill,"[""p3g9_020""]",4b6edf7bed2ff135,ok,True,partial,0.5103,69.29210541029907,81.46684235049845,73.85763176287384,69.29210541029907,True,True,3|grow|mobile|liquid|s3|g2|structured,structured,,c9fill,False,20000.0
1,1199,1,p6g7_035_c9,c9fill,957,0,c9_backfill_import,c9fill,"[""p6g7_035""]",b3ca2cf65a12bd89,ok,True,partial,0.5298,64.90869333661456,72.86115556102428,67.8908666707682,64.90869333661456,True,True,3|switch|rotor|liquid|s2|g2|structured,structured,,c9fill,False,10000.0
1,1200,1,p3g3_038_c9,c9fill,957,0,c9_backfill_import,c9fill,"[""p3g3_038""]",0c49060d9652323f,ok,True,partial,0.5996,70.79668978096745,78.02114963494577,73.50586222620933,70.79668978096745,True,True,4|grow|mobile|liquid|s1|g2|structured,structured,,c9fill,False,20000.0
1,1201,1,p4g2_044_c9,c9fill,957,0,c9_backfill_import,c9fill,"[""p4g2_044""]",173f84b80256caeb,ok,True,partial,0.0,45.36718901841022,75.61198169735037,56.70898627301278,45.36718901841022,False,False,4|grow|mobile|liquid|s1|g2|mixed,mixed,,c9fill,False,10000.0
1,1202,1,p6g6_032_c9,c9fill,957,0,c9_backfill_import,c9fill,"[""p6g6_032""]",e85f4b309db0d245,ok,True,partial,0.5256,69.3955352498653,80.61922541644219,73.60441906233164,69.3955352498653,True,True,4|switch|mobile|liquid|s1|g2|structured,structured,,c9fill,False,20000.0
1,1203,1,p6g8_020_c9,c9fill,957,0,c9_backfill_import,c9fill,"[""p6g8_020""]",3f6f5093e8b0e1db,ok,True,partial,0.49,62.590408031856974,71.65068005309496,65.98801003982122,62.590408031856974,True,True,4|switch|rotor|liquid|s1|g2|structured,structured,,c9fill,False,2500.0
1,1204,1,p3g7_046_c9,c9fill,957,0,c9_backfill_import,c9fill,"[""p3g7_046""]",3a2135c4e6a392e2,ok,True,partial,0.0,47.43250500749111,79.05417501248519,59.29063125936389,47.43250500749111,False,False,4|grow|rotor|liquid|s2|g2|mixed,mixed,,c9fill,False,20000.0
1,1205,1,p2g3_073_c9,c9fill,957,0,c9_backfill_import,c9fill,"[""p2g3_073""]",6da2f3231522e927,ok,True,partial,0.2162,55.34319346713424,77.82532244522375,63.77399183391781,55.34319346713424,False,False,4|grow|mobile|flicker|s3|g2|mixed,mixed,,c9fill,False,10000.0
1,1206,1,p6g2_039_c9,c9fill,957,0,c9_backfill_import,c9fill,"[""p6g2_039""]",7019b4263417a389,ok,True,partial,0.346,58.54470005677156,74.5078334279526,64.53087507096444,58.54470005677156,False,False,3|switch|mobile|liquid|s1|g2|structured,structured,,c9fill,False,2500.0
1,1207,1,p4g5_040_c9,c9fill,957,0,c9_backfill_import,c9fill,"[""p4g5_040""]",66a64dfb975fcdc6,ok,True,partial,0.3101,50.24011939559091,63.060198992651515,55.04764924448863,50.24011939559091,False,False,3|grow|mobile|liquid|s1|g1|structured,structured,,c9fill,False,5000.0
1,1208,1,p2g1_040_c9,c9fill,957,0,c9_backfill_import,c9fill,"[""p2g1_040""]",eef1806b5f1e0089,ok,True,partial,0.2788,49.64887038912887,64.16145064854811,55.09108798641108,49.64887038912887,False,False,3|grow|mobile|liquid|s2|g2|structured,structured,,c9fill,False,5000.0
1,1209,1,p6g3_033_c9,c9fill,957,0,c9_backfill_import,c9fill,"[""p6g3_033""]",45d84b9a9c2d5329,ok,True,partial,0.6393,64.56198883465801,64.98331472443002,64.7199860433225,64.56198883465801,True,True,4|switch|mobile|liquid|s1|g1|structured,structured,,c9fill,False,2500.0
1,1210,1,p3g7_014_c9,c9fill,957,0,c9_backfill_import,c9fill,"[""p3g7_014""]",bb89c8e401f4f69a,ok,True,partial,0.5689,60.14176949413577,62.30961582355962,60.95471186766971,60.14176949413577,True,True,3|oscillator|mobile|liquid|s1|g2|structured,structured,,c9fill,False,5000.0
1,1211,1,p2g5_023_c9,c9fill,957,0,c9_backfill_import,c9fill,"[""p2g5_023""]",84ec665a3a51196b,ok,True,partial,0.189,52.0053900191002,74.07565003183366,60.28173752387524,52.0053900191002,False,False,4|grow|mobile|flicker|s2|g2|mixed,mixed,,c9fill,False,10000.0
1,1212,1,p3g8_042_c9,c9fill,957,0,c9_backfill_import,c9fill,"[""p3g8_042""]",669ecc8e806a412c,ok,True,partial,0.4488,57.756974563647674,66.34162427274613,60.9762182045596,57.756974563647674,True,False,3|grow|mobile|liquid|s1|g2|structured,structured,,c9fill,False,5000.0
1,1213,1,p6g4_021_c9,c9fill,957,0,c9_backfill_import,c9fill,"[""p6g4_021""]",f1d619e4608e8429,ok,True,partial,0.4944,64.58237487018637,74.67729145031062,68.36796858773296,64.58237487018637,True,True,4|grow|mobile|liquid|s1|g2|structured,structured,,c9fill,False,10000.0
1,1214,1,p6g2_022_c9,c9fill,957,0,c9_backfill_import,c9fill,"[""p6g2_022""]",4822df84bbe8edf6,ok,True,partial,0.5982,68.3576392821715,74.0493988036192,70.49204910271439,68.3576392821715,True,True,4|grow|rotor|liquid|s2|g0|structured,structured,,c9fill,False,20000.0
1,1215,1,p2g4_020_c9,c9fill,957,0,c9_backfill_import,c9fill,"[""p2g4_020""]",36456c27fa9e9db9,ok,True,partial,0.2713,49.242756211953505,63.984593686589186,54.770945264941886,49.242756211953505,False,False,3|grow|mobile|liquid|s2|g2|structured,structured,,c9fill,False,5000.0
1,1216,1,p3g7_015_c9,c9fill,957,0,c9_backfill_import,c9fill,"[""p3g7_015""]",b6669fc876a2db67,ok,True,partial,0.4313,61.14055172755743,73.14758621259571,65.64318965944679,61.14055172755743,True,True,4|grow|rotor|liquid|s1|g1|structured,structured,,c9fill,False,5000.0
1,1217,1,p6g7_067_c9,c9fill,957,0,c9_backfill_import,c9fill,"[""p6g7_067""]",070d384c430a8e0f,ok,True,partial,0.586,65.35438205930618,69.85730343217698,67.04297757413272,65.35438205930618,True,True,4|constant|rotor|liquid|s1|g2|structured,structured,,c9fill,False,5000.0
1,1218,1,p4g7_062_c9,c9fill,957,0,c9_backfill_import,c9fill,"[""p4g7_062""]",99904c4c71c802f0,ok,True,partial,0.0,42.15224317881897,70.25373863136495,52.69030397352371,42.15224317881897,False,False,4|switch|rotor|flicker|s1|g2|mixed,mixed,,c9fill,False,20000.0
1,1219,1,p6g1_023_c9,c9fill,957,0,c9_backfill_import,c9fill,"[""p6g1_023""]",b52d5d7da8ee6179,ok,True,partial,0.304,48.188593310787454,60.0476555179791,52.635741638484326,48.188593310787454,False,False,3|grow|mobile|liquid|s1|g1|structured,structured,,c9fill,False,5000.0
1,1220,1,p2g2_038_c9,c9fill,957,0,c9_backfill_import,c9fill,"[""p2g2_038""]",ad835d9583d074b2,ok,True,partial,0.1835,47.86555669194064,67.54259448656774,55.2444458649258,47.86555669194064,False,False,2|switch|mobile|liquid|s2|g2|structured,structured,,c9fill,False,10000.0
1,1221,1,p4g1_018_c9,c9fill,957,0,c9_backfill_import,c9fill,"[""p4g1_018""]",bdeaaefe8a5b91e0,ok,True,partial,0.0,45.0444318820136,75.07405313668933,56.305539852517,45.0444318820136,False,False,3|relaxation|mobile|flicker|s1|g2|mixed,mixed,,c9fill,False,10000.0
1,1222,1,p6g5_025_c9,c9fill,957,0,c9_backfill_import,c9fill,"[""p6g5_025""]",c53633b366a18482,ok,True,partial,0.3774,52.72101660272493,62.70836100454156,56.46627075340617,52.72101660272493,False,False,2|grow|rotor|liquid|s1|g2|structured,structured,,c9fill,False,10000.0
1,1223,1,p6g10_024_c9,c9fill,957,0,c9_backfill_import,c9fill,"[""p6g10_024""]",2a7ac9f64d6ef179,ok,True,partial,0.401,58.77213572931823,71.22022621553039,63.44016966164779,58.77213572931823,True,False,3|switch|mobile|liquid|s1|g2|structured,structured,,c9fill,False,2500.0
1,1224,1,p2g4_041_c9,c9fill,957,0,c9_backfill_import,c9fill,"[""p2g4_041""]",794646053eadd329,ok,True,partial,0.4577,47.17695819915626,48.1149303319271,47.52869774894532,47.17695819915626,False,False,2|switch|rotor|liquid|s1|g0|structured,structured,,c9fill,False,2500.0
1,1225,1,p6g1_040_c9,c9fill,957,0,c9_backfill_import,c9fill,"[""p6g1_040""]",8e82b34b98815d51,ok,True,partial,0.5687,64.08797949566262,68.89996582610438,65.89247436957828,64.08797949566262,True,True,4|switch|mobile|flicker|s1|g1|structured,structured,,c9fill,False,2500.0
1,1226,1,p3g6_036_c9,c9fill,957,0,c9_backfill_import,c9fill,"[""p3g6_036""]",dc62120b0c212700,ok,True,partial,0.0,39.00763743705523,65.01272906175872,48.75954679631904,39.00763743705523,False,False,3|switch|mobile|liquid|s1|g1|structured,structured,,c9fill,False,2500.0
1,1227,1,p6g8_068_c9,c9fill,957,0,c9_backfill_import,c9fill,"[""p6g8_068""]",0ae569d76c7ad4e0,ok,True,partial,0.3221,53.20269932819489,67.19783221365815,58.45087416024361,53.20269932819489,False,False,4|switch|rotor|flicker|s1|g2|structured,structured,,c9fill,False,2500.0
1,1228,1,p4g3_022_c9,c9fill,957,0,c9_backfill_import,c9fill,"[""p4g3_022""]",c12ecee8c627b141,ok,True,partial,0.42,53.61074136974207,61.35123561623678,56.51342671217758,53.61074136974207,False,False,4|switch|mobile|liquid|s1|g0|structured,structured,,c9fill,False,2500.0
1,1229,1,p5g5_010_c9,c9fill,957,0,c9_backfill_import,c9fill,"[""p5g5_010""]",53fda5eb68268f1f,ok,True,partial,0.5402,64.41262158814337,71.34103598023894,67.0107769851792,64.41262158814337,True,True,4|switch|rotor|liquid|s1|g2|structured,structured,,c9fill,False,2500.0
1,1230,1,p2g6_031_c9,c9fill,957,0,c9_backfill_import,c9fill,"[""p2g6_031""]",84226d894db71e93,ok,True,partial,0.3341,52.5602313594771,65.32705226579517,57.34778919934638,52.5602313594771,False,False,3|grow|mobile|liquid|s2|g2|mixed,mixed,,c9fill,False,2500.0
1,1231,1,p4g4_018_c9,c9fill,957,0,c9_backfill_import,c9fill,"[""p4g4_018""]",c85255378879551c,ok,True,partial,0.0,37.2901832639903,62.15030543998383,46.61272907998787,37.2901832639903,False,False,3|switch|drift|liquid|s1|g2|mixed,mixed,,c9fill,False,2500.0
1,1232,1,p3g5_003_c9,c9fill,957,0,c9_backfill_import,c9fill,"[""p3g5_003""]",a8588ddb13332b62,ok,True,partial,0.5239,67.33665464169752,77.30109106949588,71.0733183021219,67.33665464169752,True,True,4|switch|mobile|liquid|s1|g1|structured,structured,,c9fill,False,20000.0
1,1233,1,p2g2_070_c9,c9fill,957,0,c9_backfill_import,c9fill,"[""p2g2_070""]",3403b1a691db96ea,ok,True,partial,0.0,42.575031366488766,70.95838561081462,53.21878920811096,42.575031366488766,False,False,4|switch|mobile|flicker|s1|g2|mixed,mixed,,c9fill,False,10000.0
1,1234,1,p2g4_030_c9,c9fill,957,0,c9_backfill_import,c9fill,"[""p2g4_030""]",ca21e100b2dea0c3,ok,True,partial,0.244,53.11231218808038,72.25385364680064,60.29039023510048,53.11231218808038,False,False,4|grow|mobile|liquid|s1|g2|mixed,mixed,,c9fill,False,20000.0
1,1235,1,p4g7_003_c9,c9fill,957,0,c9_backfill_import,c9fill,"[""p4g7_003""]",0c6b5140622c9518,ok,True,partial,0.446,61.25741187916776,72.36235313194628,65.42176484895971,61.25741187916776,True,True,3|grow|rotor|liquid|s3|g1|structured,structured,,c9fill,False,10000.0
1,1236,1,p3g6_070_c9,c9fill,957,0,c9_backfill_import,c9fill,"[""p3g6_070""]",0754aa976555d950,ok,True,partial,0.3719,53.7047740759709,64.7146234599515,57.83346759496362,53.7047740759709,False,False,3|switch|mobile|liquid|s2|g2|structured,structured,,c9fill,False,10000.0
1,1237,1,p0g0_ds2g11_006_c9,c9fill,957,0,c9_backfill_import,c9fill,"[""p0g0_ds2g11_006""]",2dd6dbf38ed8f991,ok,True,partial,0.4714,54.100133373602304,58.740222289337176,55.84016671700289,54.100133373602304,False,False,3|grow|mobile|liquid|s1|g0|structured,structured,,c9fill,False,10000.0
1,1238,1,p2g2_023_c9,c9fill,957,0,c9_backfill_import,c9fill,"[""p2g2_023""]",18fb4a511bd5fd41,ok,True,partial,0.4339,56.5548516432551,65.33141940542517,59.846064554068874,56.5548516432551,False,False,3|grow|mobile|liquid|s2|g0|structured,structured,,c9fill,False,10000.0
1,1239,1,p6g5_019_c9,c9fill,957,0,c9_backfill_import,c9fill,"[""p6g5_019""]",0477d3f126e0b4df,ok,True,partial,0.5612,66.1051509716912,72.76191828615201,68.601438714614,66.1051509716912,True,True,4|switch|rotor|flicker|s1|g1|structured,structured,,c9fill,False,5000.0
1,1240,1,p5g3_062_c9,c9fill,957,0,c9_backfill_import,c9fill,"[""p5g3_062""]",6588fedcc859d014,ok,True,partial,0.0,36.05366040823881,60.089434013731356,45.067075510298515,36.05366040823881,False,False,4|switch|rotor|liquid|s1|g0|mixed,mixed,,c9fill,False,2500.0
1,1241,1,p4g7_057_c9,c9fill,957,0,c9_backfill_import,c9fill,"[""p4g7_057""]",8c1b8d558ff3eab5,ok,True,partial,0.143,45.1542894581398,65.72381576356634,52.867861822674755,45.1542894581398,False,False,4|switch|drift|liquid|s1|g2|mixed,mixed,,c9fill,False,5000.0
1,1242,1,p5g4_065_c9,c9fill,957,0,c9_backfill_import,c9fill,"[""p5g4_065""]",ec92b73fbd3a436f,ok,True,partial,0.0,46.69262642306477,77.82104403844129,58.36578302883096,46.69262642306477,False,False,4|grow|mobile|liquid|s1|g2|mixed,mixed,,c9fill,False,20000.0
1,1243,1,p6g9_040_c9,c9fill,957,0,c9_backfill_import,c9fill,"[""p6g9_040""]",199b006fd66f13fb,ok,True,partial,0.2226,43.06422726263551,56.93371210439251,48.265284078294385,43.06422726263551,False,False,3|switch|mobile|liquid|s1|g0|structured,structured,,c9fill,False,2500.0
1,1244,1,p2g6_001_c9,c9fill,957,0,c9_backfill_import,c9fill,"[""p2g6_001""]",b10ebb5bb2a75e70,ok,True,partial,0.1,40.43926546343431,60.73210910572385,48.04908182929289,40.43926546343431,False,False,4|grow|drift|frozen|s1|g2|mixed,mixed,,c9fill,False,10000.0
1,1245,1,p6g9_024_c9,c9fill,957,0,c9_backfill_import,c9fill,"[""p6g9_024""]",13d71fd1241f9ebc,ok,True,partial,0.4296,53.46729155835543,60.472152597259054,56.09411444794429,53.46729155835543,False,False,4|switch|mobile|liquid|s1|g0|structured,structured,,c9fill,False,2500.0
1,1246,1,p2g4_015_c9,c9fill,957,0,c9_backfill_import,c9fill,"[""p2g4_015""]",04a0f0e5eb95cb51,ok,True,partial,0.1065,45.162502232148015,68.17083705358003,53.79062779018502,45.162502232148015,False,False,4|grow|drift|frozen|s2|g2|mixed,mixed,,c9fill,False,10000.0
1,1247,1,p3g9_000_c9,c9fill,957,0,c9_backfill_import,c9fill,"[""p3g9_000""]",91d0de9a698b42f1,ok,True,partial,0.4548,57.284681783797296,65.15446963966217,60.23585222974662,57.284681783797296,True,False,3|switch|mobile|flicker|s1|g1|structured,structured,,c9fill,False,2500.0
1,1248,1,p4g4_007_c9,c9fill,957,0,c9_backfill_import,c9fill,"[""p4g4_007""]",51de7cd26fa902e8,ok,True,partial,0.0,37.60042276006942,62.66737126678237,47.000528450086776,37.60042276006942,False,False,4|switch|drift|liquid|s1|g2|mixed,mixed,,c9fill,False,5000.0
1,1249,1,p3g8_049_c9,c9fill,957,0,c9_backfill_import,c9fill,"[""p3g8_049""]",7abceff1a41774bf,ok,True,partial,0.0,34.52591840159555,57.54319733599258,43.15739800199444,34.52591840159555,False,False,4|switch|still|liquid|s1|g2|mixed,mixed,,c9fill,False,5000.0
1,1250,1,p2g4_069_c9,c9fill,957,0,c9_backfill_import,c9fill,"[""p2g4_069""]",ae9d1473551424c6,ok,True,partial,0.064,42.030727755851764,65.78454625975294,50.93840969481471,42.030727755851764,False,False,3|grow|still|frozen|s3|g2|mixed,mixed,,c9fill,False,10000.0
1,1251,1,p6g8_061_c9,c9fill,957,0,c9_backfill_import,c9fill,"[""p6g8_061""]",0849acc60943ebb4,ok,True,partial,0.0,18.04529457115435,30.07549095192392,22.55661821394294,18.04529457115435,False,False,1|grow|still|flicker|s1|g2|mixed,mixed,,c9fill,False,10000.0
1,1252,1,p4g2_028_c9,c9fill,957,0,c9_backfill_import,c9fill,"[""p4g2_028""]",9ccfc2ac9c92bba2,ok,True,partial,0.1951,45.18083483597651,62.294724726627514,51.59854354497063,45.18083483597651,False,False,3|grow|still|liquid|s1|g2|structured,structured,,c9fill,False,20000.0
1,1253,1,p6g3_008_c9,c9fill,957,0,c9_backfill_import,c9fill,"[""p6g3_008""]",6fdabba5eb65047e,ok,True,partial,0.5263,62.10115449766258,68.4152574961043,64.46894312207823,62.10115449766258,True,True,3|switch|mobile|flicker|s1|g2|structured,structured,,c9fill,False,5000.0
1,1254,1,p6g7_054_c9,c9fill,957,0,c9_backfill_import,c9fill,"[""p6g7_054""]",c3395cc4794da758,ok,True,partial,0.0,32.84491053632261,54.74151756053769,41.056138170403266,32.84491053632261,False,False,4|oscillator|drift|liquid|s1|g2|mixed,mixed,,c9fill,False,2500.0
1,1255,1,p5g8_007_c9,c9fill,957,0,c9_backfill_import,c9fill,"[""p5g8_007""]",8e4299986c7764fd,ok,True,partial,0.0,38.56079624782342,64.26799374637237,48.20099530977927,38.56079624782342,False,False,3|switch|still|liquid|s1|g2|mixed,mixed,,c9fill,False,5000.0
1,1256,1,p6g9_038_c9,c9fill,957,0,c9_backfill_import,c9fill,"[""p6g9_038""]",812d5ab5168659a9,ok,True,partial,0.1052,35.34862883897415,51.901048064956925,41.5557860487177,35.34862883897415,False,False,2|grow|drift|liquid|s1|g2|mixed,mixed,,c9fill,False,5000.0
1,1257,1,p0g1_055_c9,c9fill,957,0,c9_backfill_import,c9fill,"[""p0g1_055""]",b8443088cbf6a776,ok,True,partial,0.0,23.07573572790891,38.45955954651485,28.84466965988614,23.07573572790891,False,False,3|constant|rotor|frozen|s1|g2|structured,structured,,c9fill,False,2500.0
1,1258,1,p5g6_021_c9,c9fill,957,0,c9_backfill_import,c9fill,"[""p5g6_021""]",f6f348579074846d,ok,True,partial,0.0,37.75596212289088,62.92660353815146,47.1949526536136,37.75596212289088,False,False,4|oscillator|rotor|liquid|s1|g2|mixed,mixed,,c9fill,False,10000.0
1,1259,1,p6g9_022_c9,c9fill,957,0,c9_backfill_import,c9fill,"[""p6g9_022""]",36e4056a5ff9fa8c,ok,True,partial,0.3457,38.62992457894431,41.33654096490719,39.644905723680395,38.62992457894431,False,False,4|switch|mobile|liquid|s1|g0|structured,structured,,c9fill,False,2500.0
1,1260,1,p4g1_037_c9,c9fill,957,0,c9_backfill_import,c9fill,"[""p4g1_037""]",51d3ff7d5b99699d,ok,True,partial,0.2489,46.31002479058482,60.590041317641365,51.665030988231024,46.31002479058482,False,False,3|grow|drift|liquid|s2|g0|structured,structured,,c9fill,False,20000.0
1,1261,1,p2g7_010_c9,c9fill,957,0,c9_backfill_import,c9fill,"[""p2g7_010""]",8ca54a0a2e5f9221,ok,True,partial,0.2016,43.71410894344438,59.41684823907397,49.60263617930548,43.71410894344438,False,False,4|grow|rotor|liquid|s2|g1|mixed,mixed,,c9fill,False,5000.0
1,1262,1,p2g2_041_c9,c9fill,957,0,c9_backfill_import,c9fill,"[""p2g2_041""]",6d69c834bff5afd0,ok,True,partial,0.108,42.02466434855003,62.841107247583395,49.830830435687545,42.02466434855003,False,False,3|grow|drift|liquid|s2|g2|structured,structured,,c9fill,False,10000.0
1,1263,1,p2g4_002_c9,c9fill,957,0,c9_backfill_import,c9fill,"[""p2g4_002""]",bcc3072a07e51f96,ok,True,partial,0.4014,63.73891646121788,79.47152743536314,69.63864557652235,63.73891646121788,True,True,3|switch|mobile|liquid|s2|g2|structured,structured,,c9fill,False,20000.0
1,1264,1,p2g4_062_c9,c9fill,957,0,c9_backfill_import,c9fill,"[""p2g4_062""]",37e5bf4d92c4be41,ok,True,partial,0.3921,60.1178662728918,74.056443788153,65.34483284111475,60.1178662728918,False,False,2|grow|rotor|liquid|s1|g2|structured,structured,,c9fill,False,20000.0
1,1265,1,p2g4_053_c9,c9fill,957,0,c9_backfill_import,c9fill,"[""p2g4_053""]",8f894fb7b2f207f4,ok,True,partial,0.4385,60.98367967916403,72.40613279860672,65.26709959895504,60.98367967916403,True,True,2|grow|mobile|liquid|s1|g2|structured,structured,,c9fill,False,10000.0
1,1266,1,p6g1_043_c9,c9fill,957,0,c9_backfill_import,c9fill,"[""p6g1_043""]",cb8ca5f66af9944a,ok,True,partial,0.3125,46.118736234820055,56.03122705803343,49.83592029352507,46.118736234820055,False,False,2|switch|rotor|liquid|s2|g0|structured,structured,,c9fill,False,10000.0
1,1267,1,p1g8_001,screen,957,8,creative_screen,mutate,"[""p1g3_002""]",411fe7c13b4e425b,fail_g0a,True,missing,,,,,,False,False,,,,mutate,False,
1,1268,1,p1g8_034,screen,957,8,creative_screen,delete_bilin,"[""p1g6_002""]",14cbd70822dadcb6,ok,True,partial,0.0623,40.274188037348694,62.970313395581165,48.78523504668587,40.274188037348694,False,False,3|grow|rotor|frozen|s1|g2|structured,structured,,delete_bilin,False,20000.0
1,1269,1,p1g8_000,screen,957,8,creative_screen,mutate,"[""p3g9_021""]",f435770ddd03344c,ok,True,partial,0.0,12.293500667048997,20.489167778414995,15.366875833811246,12.293500667048997,False,False,2|oscillator|drift|flicker|s1|g0|mixed,mixed,,mutate,False,2500.0
1,1270,1,p1g8_009,screen,957,8,creative_screen,mutate,"[""p3g6_061""]",9be98878286f081f,ok,True,partial,0.0,29.94298018414323,49.90496697357205,37.42872523017904,29.94298018414323,False,False,2|switch|rotor|liquid|s1|g1|mixed,mixed,,mutate,False,2500.0
1,1271,1,p1g8_024,screen,957,8,creative_screen,mint_bilin,"[""p3g9_021""]",d44e729353eb2ba9,ok,True,partial,0.0,43.116192153125304,71.86032025520885,53.895240191406636,43.116192153125304,False,False,3|grow|mobile|liquid|s1|g1|mixed,mixed,,mint_bilin,False,20000.0
1,1272,1,p1g8_053,screen,957,8,creative_screen,merge_spatial_ic,"[""p3g5_061"",""p3g5_003""]",c63ba0e852b7880c,ok,True,partial,0.0,26.307867843809234,43.846446406348726,32.884834804761546,26.307867843809234,False,False,3|constant|mobile|flicker|s1|g2|mixed,mixed,,merge_spatial_ic,True,5000.0
1,1273,1,p1g8_071,screen,957,8,creative_screen,merge_cross_edge,"[""p6g1_043"",""ref_M0""]",b8383c59e0829be9,ok,True,partial,0.6017,60.515068900445584,60.745114834075984,60.60133612555698,60.515068900445584,True,True,3|grow|mobile|liquid|s1|g0|structured,structured,,merge_cross_edge,False,2500.0
1,1274,1,p1g8_041,screen,957,8,creative_screen,add_chan,"[""p1g7_056""]",69466a706d743be1,ok,True,partial,0.0501,27.66090110556562,42.76150184260937,33.32362638195703,27.66090110556562,False,False,2|oscillator|mobile|liquid|s1|g2|structured,structured,,add_chan,False,2500.0
1,1275,1,p1g8_003,screen,957,8,creative_screen,mutate,"[""p1g1_052""]",660216f2522b8a89,ok,True,partial,0.0,4.668274805459074,7.7804580090984565,5.835343506823842,4.668274805459074,False,False,2|constant|still|frozen|s1|g0|mixed,mixed,,mutate,False,2500.0
1,1276,1,p1g8_004,screen,957,8,creative_screen,mutate,"[""p1g1_052""]",53a9018e9cc5c4c6,ok,True,partial,0.5607,50.622495354425986,46.99082559070998,49.26061919303248,50.622495354425986,False,False,4|switch|mobile|liquid|s1|g2|structured,structured,,mutate,False,2500.0
1,1277,1,p1g8_007,screen,957,8,creative_screen,mutate,"[""p1g2_006""]",2720b5e6d04e364d,ok,True,partial,0.0,21.531233587386563,35.88538931231094,26.914041984233208,21.531233587386563,False,False,2|switch|drift|gas|s1|g2|mixed,mixed,,mutate,False,2500.0
1,1278,1,p1g8_011,screen,957,8,creative_screen,mutate,"[""p1g3_068""]",d20d3e42b432548f,ok,True,partial,0.6291,70.21834261046251,75.09057101743754,72.04542826307815,70.21834261046251,True,True,4|switch|mobile|liquid|s1|g2|structured,structured,,mutate,False,10000.0
1,1279,1,p1g8_012,screen,957,8,creative_screen,mutate,"[""p1g2_025""]",a753668dcc796bab,ok,True,partial,0.4378,48.16468699083926,51.08781165139876,49.26085873854907,48.16468699083926,False,False,3|grow|mobile|liquid|s1|g0|structured,structured,,mutate,False,2500.0
1,1280,1,p1g8_017,screen,957,8,creative_screen,mint_bilin,"[""p1g3_068""]",3bbd4d0d27769916,ok,True,partial,0.3148,51.03855542471945,64.07759237453241,55.92819428089932,51.03855542471945,False,False,3|switch|rotor|liquid|s2|g2|structured,structured,,mint_bilin,False,2500.0
1,1281,1,p1g8_019,screen,957,8,creative_screen,mint_bilin,"[""p1g1_052""]",7f97c7d0c7cc8faa,ok,True,partial,0.4342,61.422050165363245,73.42341694227208,65.92256270670407,61.422050165363245,True,True,4|grow|rotor|liquid|s1|g2|structured,structured,,mint_bilin,False,5000.0
1,1282,1,p1g8_025,screen,957,8,creative_screen,mint_bilin,"[""p2g1_040""]",b2503eb744361953,ok,True,partial,0.0,40.13694962398447,66.89491603997412,50.17118702998059,40.13694962398447,False,False,3|switch|mobile|liquid|s3|g2|mixed,mixed,,mint_bilin,False,5000.0
1,1283,1,p1g8_028,screen,957,8,creative_screen,mint_bilin,"[""p1g3_068""]",59f23b2b869f1053,ok,True,partial,0.0,29.613504303780214,49.35584050630036,37.01688037972527,29.613504303780214,False,False,4|switch|mobile|liquid|s1|g2|mixed,mixed,,mint_bilin,False,5000.0
1,1284,1,p1g8_029,screen,957,8,creative_screen,mint_bilin,"[""p1g3_068""]",fc118f66693383c7,ok,True,partial,0.7,74.06333114437204,76.77221857395341,75.07916393046506,74.06333114437204,True,True,4|switch|rotor|liquid|s2|g2|structured,structured,,mint_bilin,False,10000.0
1,1285,1,p1g8_036,screen,957,8,creative_screen,add_chan,"[""p1g6_018""]",d00e33f27f2a7484,ok,True,partial,0.3984,60.74176471657689,74.67627452762815,65.96720589572111,60.74176471657689,False,False,3|switch|rotor|liquid|s2|g2|structured,structured,,add_chan,False,10000.0
1,1286,1,p1g8_040,screen,957,8,creative_screen,add_chan,"[""p1g4_029""]",3e8ae7d6fcb04428,ok,True,partial,0.0,19.572736319981402,32.621227199969006,24.465920399976753,19.572736319981402,False,False,3|oscillator|drift|flicker|s1|g2|mixed,mixed,,add_chan,False,2500.0
1,1287,1,p1g8_047,screen,957,8,creative_screen,merge_spatial_ic,"[""p1g1_052"",""p5g4_065""]",fa86cb8089d048d0,ok,True,partial,0.4103,35.30681786772351,31.491363112872524,33.876022334654394,35.30681786772351,False,False,3|constant|drift|liquid|s1|g2|structured,structured,,merge_spatial_ic,True,2500.0
1,1288,1,p1g8_065,screen,957,8,creative_screen,merge_spatial_ic,"[""p1g1_052"",""p1g4_089""]",fa86cb8089d048d0,ok,True,partial,0.3924,58.19149066953621,70.82581778256034,62.929363336920254,58.19149066953621,False,False,4|grow|mobile|liquid|s1|g2|structured,structured,,merge_spatial_ic,True,2500.0
1,1289,1,p1g8_067,screen,957,8,creative_screen,merge_cross_edge,"[""p1g5_048"",""ref_M4_tau5.7""]",afb0e68864178de4,ok,True,partial,0.0,21.74671735478055,36.24452892463425,27.18339669347569,21.74671735478055,False,False,2|switch|still|frozen|s1|g2|mixed,mixed,,merge_cross_edge,False,10000.0
1,1290,1,p1g8_068,screen,957,8,creative_screen,merge_cross_edge,"[""p1g6_065"",""ref_iso_d0.75""]",7ec501919a2bd06d,ok,True,partial,0.3995,42.67671561320578,44.49452602200963,43.35839451650722,42.67671561320578,False,False,4|constant|drift|liquid|s1|g2|mixed,mixed,,merge_cross_edge,False,5000.0
1,1291,1,p1g8_073,screen,957,8,creative_screen,merge_slow_tanh,"[""p4g5_070"",""blk_engine_10748""]",4337bce396b86089,ok,True,partial,0.5145,42.646823134728834,36.7780385578814,40.44602891841105,42.646823134728834,False,False,2|constant|mobile|liquid|s1|g2|structured,structured,,merge_slow_tanh,False,2500.0
1,1292,1,p1g8_008,screen,957,8,creative_screen,mutate,"[""p1g6_052""]",bf739ecea830a795,ok,True,partial,0.6193,41.537963067742865,27.94327177957145,36.43995383467859,41.537963067742865,False,False,3|constant|mobile|liquid|s1|g0|structured,structured,,mutate,False,2500.0
1,1293,1,p1g8_014,screen,957,8,creative_screen,mutate,"[""p1g5_028""]",30cd3f4cfc591808,ok,True,partial,0.1442,27.37821850081736,36.0170308346956,30.617773126021703,27.37821850081736,False,False,3|constant|drift|liquid|s1|g1|structured,structured,,mutate,False,2500.0
1,1294,1,p1g8_002,screen,957,8,creative_screen,mutate,"[""p1g4_056""]",eb940a7e88702d14,ok,True,partial,0.3379,50.64722681599771,61.88537802666286,54.861533519997145,50.64722681599771,False,False,4|switch|drift|liquid|s1|g2|mixed,mixed,,mutate,False,2500.0
1,1295,1,p1g8_021,screen,957,8,creative_screen,mint_bilin,"[""p1g7_052""]",278b9aacc4e2f51a,ok,True,partial,0.6525,73.10058291117392,78.33430485195653,75.0632286389674,73.10058291117392,True,True,4|switch|mobile|liquid|s1|g2|structured,structured,,mint_bilin,False,20000.0
1,1296,1,p1g8_030,screen,957,8,creative_screen,mint_bilin,"[""p1g2_025""]",e3303540ae1876af,ok,True,partial,0.4599,67.8018648035131,82.34310800585516,73.25483100439136,67.8018648035131,True,True,4|grow|mobile|liquid|s2|g2|structured,structured,,mint_bilin,False,20000.0
1,1297,1,p1g8_044,screen,957,8,creative_screen,merge_spatial_ic,"[""p1g1_052"",""p1g4_008""]",fa86cb8089d048d0,ok,True,partial,0.4317,61.39846133805404,73.55076889675674,65.95557667256756,61.39846133805404,True,True,3|switch|rotor|liquid|s1|g2|structured,structured,,merge_spatial_ic,True,10000.0
1,1298,1,p1g8_056,screen,957,8,creative_screen,merge_spatial_ic,"[""p1g1_052"",""p6g7_013""]",fa86cb8089d048d0,ok,True,partial,0.4854,58.84110023891452,65.70850039819088,61.41637529864315,58.84110023891452,True,False,4|switch|rotor|liquid|s1|g2|structured,structured,,merge_spatial_ic,True,5000.0
1,1299,1,p1g8_058,screen,957,8,creative_screen,merge_spatial_ic,"[""p1g1_052"",""p2g6_020""]",fa86cb8089d048d0,ok,True,partial,0.4987,58.528901398495705,64.30150233082618,60.69362674811964,58.528901398495705,True,False,3|switch|rotor|liquid|s1|g2|structured,structured,,merge_spatial_ic,True,5000.0
1,1300,1,p1g8_064,screen,957,8,creative_screen,merge_spatial_ic,"[""p1g1_052"",""p1g6_041""]",fa86cb8089d048d0,ok,True,partial,0.5797,71.87197119293768,81.13995198822947,75.3474639911721,71.87197119293768,True,True,4|grow|mobile|liquid|s2|g2|structured,structured,,merge_spatial_ic,True,5000.0
1,1301,1,p1g8_072,screen,957,8,creative_screen,merge_cross_edge,"[""p1g2_008"",""blk_p1g7_056""]",7bdc92d63577a3f9,ok,True,partial,0.5418,56.26624840077462,57.657080667957715,56.78781050096829,56.26624840077462,False,False,4|switch|rotor|liquid|s1|g2|structured,structured,,merge_cross_edge,False,2500.0
1,1302,1,p1g8_018,screen,957,8,creative_screen,mint_bilin,"[""p1g5_028""]",4089ddf84b6a8c17,ok,True,partial,0.4354,60.18975155791634,71.28958592986056,64.35218944739543,60.18975155791634,True,True,4|grow|mobile|liquid|s1|g1|structured,structured,,mint_bilin,False,10000.0
1,1303,1,p1g8_020,screen,957,8,creative_screen,mint_bilin,"[""p1g6_018""]",52106c0cd0f61b9e,ok,True,partial,0.1569,52.72700874306692,77.41834790511153,61.986260928833644,52.72700874306692,False,False,3|grow|mobile|liquid|s2|g2|structured,structured,,mint_bilin,False,20000.0
1,1304,1,p1g8_022,screen,957,8,creative_screen,mint_bilin,"[""p1g5_028""]",98f708691ff67383,ok,True,partial,0.4312,54.73883518332022,62.48472530553369,57.64354397915027,54.73883518332022,False,False,4|grow|rotor|liquid|s1|g1|structured,structured,,mint_bilin,False,2500.0
1,1305,1,p1g8_023,screen,957,8,creative_screen,mint_bilin,"[""p1g6_052""]",5e78ec4d4515a6a3,ok,True,partial,0.4325,58.800691630450686,69.16781938408447,62.688364538063354,58.800691630450686,True,False,4|switch|mobile|liquid|s1|g2|structured,structured,,mint_bilin,False,2500.0
1,1306,1,p1g8_026,screen,957,8,creative_screen,mint_bilin,"[""p1g4_050""]",e5cac80fb430210e,ok,True,partial,0.5681,72.51054754765543,82.97757924609239,76.4356844345693,72.51054754765543,True,True,4|grow|mobile|liquid|s2|g2|structured,structured,,mint_bilin,False,20000.0
1,1307,1,p1g8_027,screen,957,8,creative_screen,mint_bilin,"[""p1g1_049""]",d843fb8011e7c0d9,ok,True,partial,0.3619,54.7948948393172,67.19815806552867,59.446118549146505,54.7948948393172,False,False,3|switch|mobile|liquid|s1|g1|structured,structured,,mint_bilin,False,2500.0
1,1308,1,p1g8_032,screen,957,8,creative_screen,delete_bilin,"[""p1g4_050""]",c401209e21e6aa4c,ok,True,partial,0.2777,52.76967521752702,69.43612536254504,59.01959402190878,52.76967521752702,False,False,4|grow|mobile|liquid|s1|g2|structured,structured,,delete_bilin,False,5000.0
1,1309,1,p1g8_045,screen,957,8,creative_screen,merge_spatial_ic,"[""p1g4_015"",""p0g0_ds2g11_009""]",520c5cfdb13c97f1,ok,True,partial,0.0602,18.1082313551752,26.167052258625333,21.130289193969,18.1082313551752,False,False,1|switch|still|frozen|s1|g2|mixed,mixed,,merge_spatial_ic,True,2500.0
1,1310,1,p1g8_051,screen,957,8,creative_screen,merge_spatial_ic,"[""p6g6_032"",""p3g9_020""]",e85f4b309db0d245,ok,True,partial,0.4849,61.87873863360656,70.80456438934426,65.2259232920082,61.87873863360656,True,True,4|switch|mobile|liquid|s1|g2|structured,structured,,merge_spatial_ic,True,2500.0
1,1311,1,p1g8_055,screen,957,8,creative_screen,merge_spatial_ic,"[""p1g7_066"",""p1g6_010""]",8bd523c265dd37b3,ok,True,partial,0.0,17.730171811135556,29.550286351892595,22.162714763919446,17.730171811135556,False,False,2|switch|mobile|flicker|s1|g0|mixed,mixed,,merge_spatial_ic,True,2500.0
1,1312,1,p1g8_062,screen,957,8,creative_screen,merge_spatial_ic,"[""p1g4_001"",""p1g1_052""]",00b1d737ee707e06,ok,True,partial,0.0,17.649697382115168,29.416162303525283,22.062121727643962,17.649697382115168,False,False,3|switch|drift|flicker|s1|g2|mixed,mixed,,merge_spatial_ic,True,2500.0
1,1313,1,p1g8_063,screen,957,8,creative_screen,merge_spatial_ic,"[""p1g5_007"",""p1g3_024""]",8682b73f9a4cfc74,ok,True,partial,0.0,12.595471642499,20.992452737498333,15.74433955312375,12.595471642499,False,False,3|oscillator|still|frozen|s1|g1|mixed,mixed,,merge_spatial_ic,True,2500.0
1,1314,1,p1g8_074,screen,957,8,creative_screen,merge_slow_tanh,"[""p6g1_043"",""ref_XV_tau15.7""]",11a4f6f3b7219a00,ok,True,partial,0.5279,64.23169338056337,71.85948896760561,67.09211672570422,64.23169338056337,True,True,4|grow|mobile|liquid|s2|g2|structured,structured,,merge_slow_tanh,False,2500.0
1,1315,1,p1g8_075,screen,957,8,creative_screen,merge_slow_tanh,"[""p6g1_043"",""p6g1_043""]",e046d66c5e83c8c6,ok,True,partial,0.5506,62.108041650590046,66.80673608431674,63.87005206323755,62.108041650590046,True,True,4|grow|mobile|liquid|s1|g2|structured,structured,,merge_slow_tanh,False,5000.0
1,1316,1,p1g8_005,screen,957,8,creative_screen,mutate,"[""p1g2_036""]",d7f817b8b16d674a,ok,True,partial,0.0775,29.678251544954005,44.297085908256676,35.1603144311925,29.678251544954005,False,False,3|switch|drift|liquid|s1|g2|structured,structured,,mutate,False,2500.0
1,1317,1,p1g8_013,screen,957,8,creative_screen,mutate,"[""p1g3_007""]",3648f76a95579627,ok,True,partial,0.0,39.493098486988494,65.82183081164749,49.366373108735615,39.493098486988494,False,False,3|switch|mobile|liquid|s1|g2|mixed,mixed,,mutate,False,5000.0
1,1318,1,p1g8_015,screen,957,8,creative_screen,mutate,"[""p3g7_015""]",2a8e1271a615723a,ok,True,partial,0.3928,52.18857828462248,60.79429714103747,55.4157228557781,52.18857828462248,False,False,4|switch|mobile|liquid|s1|g1|structured,structured,,mutate,False,2500.0
1,1319,1,p1g8_043,screen,957,8,creative_screen,add_chan,"[""p4g2_028""]",5bd71546e6e69f82,ok,True,partial,0.0,19.91463446781311,33.19105744635518,24.893293084766384,19.91463446781311,False,False,2|constant|mobile|flicker|s1|g2|mixed,mixed,,add_chan,False,2500.0
1,1320,1,p1g8_048,screen,957,8,creative_screen,merge_spatial_ic,"[""p2g4_015"",""p3g7_014""]",04a0f0e5eb95cb51,ok,True,partial,0.1585,33.14294841923391,44.67158069872318,37.46618552404239,33.14294841923391,False,False,4|grow|drift|liquid|s1|g2|structured,structured,,merge_spatial_ic,True,2500.0
1,1321,1,p1g8_049,screen,957,8,creative_screen,merge_spatial_ic,"[""p2g2_038"",""p6g5_019""]",ad835d9583d074b2,ok,True,partial,0.2917,40.192859111185065,47.54143185197511,42.94857388898133,40.192859111185065,False,False,2|switch|mobile|liquid|s1|g2|structured,structured,,merge_spatial_ic,True,2500.0
1,1322,1,p1g8_059,screen,957,8,creative_screen,merge_spatial_ic,"[""p6g8_061"",""p2g7_010""]",0849acc60943ebb4,ok,True,partial,0.0,17.049530693325632,28.415884488876053,21.311913366657038,17.049530693325632,False,False,1|grow|still|gas|s1|g2|mixed,mixed,,merge_spatial_ic,True,10000.0
1,1323,1,p1g8_077,screen,957,8,creative_screen,immigrate,,8b1a2e0ff69939ba,no_blobs,True,missing,,0.0,,,,False,False,,,,immigrate,False,
1,1324,1,p1g8_078,screen,957,8,creative_screen,immigrate,,19a2161fe9948993,no_blobs,True,missing,,0.0,,,,False,False,,,,immigrate,False,
1,1325,1,p1g8_079,screen,957,8,creative_screen,immigrate,,b78a851132585758,no_blobs,True,missing,,0.0,,,,False,False,,,,immigrate,False,
1,1326,1,p1g8_035,screen,957,8,creative_screen,delete_bilin,"[""p1g4_044""]",c3287ed91427254d,ok,True,partial,0.0,47.543072272132896,79.23845378688816,59.42884034016612,47.543072272132896,False,False,4|grow|mobile|liquid|s2|g2|mixed,mixed,,delete_bilin,False,20000.0
1,1327,1,p1g8_061,screen,957,8,creative_screen,merge_spatial_ic,"[""p6g8_020"",""p4g4_007""]",3f6f5093e8b0e1db,ok,True,partial,0.5521,63.224950641882124,68.56825106980354,65.22868830235265,63.224950641882124,True,True,4|switch|rotor|liquid|s1|g2|structured,structured,,merge_spatial_ic,True,5000.0
1,1328,1,p1g8_006,screen,957,8,creative_screen,mutate,"[""p2g6_001""]",11973805a6d316ed,ok,True,partial,0.0,22.52368244863053,37.53947074771755,28.154603060788162,22.52368244863053,False,False,2|switch|mobile|liquid|s1|g0|mixed,mixed,,mutate,False,2500.0
1,1329,1,p1g8_050,screen,957,8,creative_screen,merge_spatial_ic,"[""p6g4_021"",""p3g9_000""]",f1d619e4608e8429,ok,True,partial,0.6365,66.33188603736318,68.11981006227197,67.00235754670398,66.33188603736318,True,True,4|switch|rotor|liquid|s1|g2|structured,structured,,merge_spatial_ic,True,2500.0
1,1330,1,p1g8_057,screen,957,8,creative_screen,merge_spatial_ic,"[""p1g3_024"",""p6g9_024""]",b25e612be02566b2,ok,True,partial,0.0744,12.315788003483167,15.56631333913861,13.534735004353957,12.315788003483167,False,False,4|constant|still|frozen|s1|g2|mixed,mixed,,merge_spatial_ic,True,2500.0
1,1331,1,p1g8_060,screen,957,8,creative_screen,merge_spatial_ic,"[""p6g5_019"",""p4g2_044""]",0477d3f126e0b4df,ok,True,partial,0.481,59.49485227674576,67.09142046124293,62.3435653459322,59.49485227674576,True,False,4|switch|mobile|liquid|s1|g1|structured,structured,,merge_spatial_ic,True,2500.0
1,1332,1,p1g8_037,screen,957,8,creative_screen,add_chan,"[""p0g0_ds2g11_009""]",59aa40b9c413dc2c,ok,True,partial,0.1447,38.25159558868732,54.10599264781221,44.19699448585916,38.25159558868732,False,False,2|grow|drift|liquid|s1|g2|structured,structured,,add_chan,False,5000.0
1,1333,1,p1g8_039,screen,957,8,creative_screen,add_chan,"[""p1g3_044""]",060c77f9a2c1858d,ok,True,partial,0.0,36.49239022129615,60.82065036882691,45.615487776620185,36.49239022129615,False,False,4|grow|rotor|liquid|s1|g1|mixed,mixed,,add_chan,False,2500.0
1,1334,1,p1g8_042,screen,957,8,creative_screen,add_chan,"[""p0g0_ds2g11_009""]",6543f4639ba316b5,ok,True,partial,0.2582,35.49826944549295,41.95044907582158,37.917836806866184,35.49826944549295,False,False,2|constant|rotor|liquid|s1|g2|structured,structured,,add_chan,False,2500.0
1,1335,1,p1g8_046,screen,957,8,creative_screen,merge_spatial_ic,"[""p6g5_025"",""p6g8_033""]",c53633b366a18482,ok,True,partial,0.2852,59.06771218513449,79.43285364189082,66.70464023141811,59.06771218513449,False,False,3|grow|rotor|liquid|s2|g2|structured,structured,,merge_spatial_ic,True,20000.0
1,1336,1,p1g8_052,screen,957,8,creative_screen,merge_spatial_ic,"[""p5g8_007"",""p1g6_010""]",8e4299986c7764fd,ok,True,partial,0.0,28.808687084021777,48.01447847336963,36.01085885502722,28.808687084021777,False,False,3|switch|still|flicker|s1|g2|mixed,mixed,,merge_spatial_ic,True,2500.0
1,1337,1,p1g8_080,screen,957,8,creative_screen,immigrate,,878501634df937f6,no_blobs,True,missing,,0.0,,,,False,False,,,,immigrate,False,
1,1338,1,p1g8_070,screen,957,8,creative_screen,merge_cross_edge,"[""p0g0_ds2g11_009"",""ref_M0""]",48bc8ab3b9b73ff2,ok,True,partial,0.2524,42.87558338950673,54.63263898251122,47.28447923688341,42.87558338950673,False,False,4|grow|rotor|liquid|s1|g2|structured,structured,,merge_cross_edge,False,20000.0
1,1339,1,p1g8_010,screen,957,8,creative_screen,mutate,"[""p1g7_005""]",4f9f6aba1e7a1f0a,ok,True,partial,0.4957,52.70321412925573,54.79202354875954,53.48651766156965,52.70321412925573,False,False,4|switch|mobile|flicker|s1|g0|structured,structured,,mutate,False,20000.0
1,1340,1,p1g8_033,screen,957,8,creative_screen,delete_bilin,"[""p2g2_023""]",7608d053dd375c1c,ok,True,partial,0.5263,61.10518364768101,66.75530607946835,63.22397955960126,61.10518364768101,True,True,3|grow|mobile|liquid|s2|g0|structured,structured,,delete_bilin,False,10000.0
1,1341,1,p1g8_038,screen,957,8,creative_screen,add_chan,"[""p1g6_041""]",ec6cc66a95e97392,ok,True,partial,0.0,13.844457352021957,23.07409558670326,17.305571690027445,13.844457352021957,False,False,2|oscillator|still|flicker|s1|g0|mixed,mixed,,add_chan,False,2500.0
1,1342,1,p1g8_066,screen,957,8,creative_screen,merge_cross_edge,"[""p1g4_084"",""ref_iso_d0.65""]",f9693712b31d3167,ok,True,partial,0.2674,31.116763780746787,34.034606301244644,32.21095472593348,31.116763780746787,False,False,1|constant|drift|liquid|s1|g2|mixed,mixed,,merge_cross_edge,False,5000.0
1,1343,1,p1g8_069,screen,957,8,creative_screen,merge_cross_edge,"[""p1g4_081"",""ref_M4_tau5.7""]",f5f56e4884f9b17b,ok,True,partial,0.0,22.845885739099035,38.07647623183173,28.557357173873797,22.845885739099035,False,False,3|constant|drift|flicker|s1|g0|mixed,mixed,,merge_cross_edge,False,2500.0
1,1344,1,p1g8_076,screen,957,8,creative_screen,immigrate,,6d26ddb25ac77870,ok,True,partial,0.0,0.0,0.0,0.0,0.0,False,False,1|constant|still|gas|s1|g2|mixed,mixed,,immigrate,False,2500.0
1,1345,1,p1g8_016,screen,957,8,creative_screen,mint_bilin,"[""p1g2_008""]",4dc737b5207b7f89,ok,True,partial,0.5198,57.174621221698494,60.63770203616416,58.47327652712312,57.174621221698494,False,False,2|switch|mobile|liquid|s1|g2|structured,structured,,mint_bilin,False,2500.0
1,1346,1,p1g8_031,screen,957,8,creative_screen,mint_bilin,"[""p1g2_008""]",0e68026670668131,ok,True,partial,0.4703,58.83458031226556,66.70430052044259,61.78572539033194,58.83458031226556,True,False,2|switch|mobile|liquid|s1|g2|structured,structured,,mint_bilin,False,2500.0
1,1347,1,p1g8_054,screen,957,8,creative_screen,merge_spatial_ic,"[""p2g4_062"",""p6g2_022""]",37e5bf4d92c4be41,ok,True,partial,0.4015,59.717742862117646,72.76290477019607,64.60967857764706,59.717742862117646,True,False,2|grow|mobile|liquid|s1|g2|structured,structured,,merge_spatial_ic,True,20000.0
1,1348,1,p1g9_019,screen,957,9,creative_screen,mutate,"[""p1g2_038""]",8b233fa9a7390131,fail_g0a,True,missing,,,,,,False,False,,,,mutate,False,
1,1349,1,p1g9_048,screen,957,9,creative_screen,add_chan,"[""p1g5_077""]",8412d00e4e6e54b4,fail_g0a,True,missing,,,,,,False,False,,,,add_chan,False,
1,1350,1,p1g9_047,screen,957,9,creative_screen,add_chan,"[""p6g2_022""]",719586bc47ca0042,fail_g0a,True,missing,,,,,,False,False,,,,add_chan,False,
1,1351,1,p1g8_024_s2,seed2,958,8,selected_confirmation,seed2,"[""p1g8_024""]",d44e729353eb2ba9,ok,True,partial,0.0,42.268286241495275,70.44714373582546,52.835357801869094,42.268286241495275,False,False,3|grow|mobile|liquid|s1|g1|mixed,mixed,True,mint_bilin,False,20000.0
1,1352,1,p1g9_029,screen,957,9,creative_screen,mint_bilin,"[""p1g6_033""]",7838bbee01bb9579,ok,True,partial,0.0,21.484009877364606,35.80668312894101,26.855012346705756,21.484009877364606,False,False,2|constant|drift|liquid|s1|g2|mixed,mixed,,mint_bilin,False,2500.0
1,1353,1,p1g9_044,screen,957,9,creative_screen,add_chan,"[""p1g6_068""]",451da800fe8c6fce,ok,True,partial,0.2772,43.18048797013786,53.48747995022977,47.04560996267232,43.18048797013786,False,False,2|constant|mobile|liquid|s1|g2|structured,structured,,add_chan,False,2500.0
1,1354,1,p1g9_045,screen,957,9,creative_screen,add_chan,"[""p1g2_023""]",b424809ae787c9c9,ok,True,partial,0.0,1.7550000000000001,2.9250000000000003,2.19375,1.7550000000000001,False,False,1|constant|still|gas|s1|g0|mixed,mixed,,add_chan,False,2500.0
1,1355,1,p1g9_057,screen,957,9,creative_screen,merge_cross_edge,"[""p1g5_085"",""ref_iso_d0.75""]",0874c764ff8070bf,ok,True,partial,0.0,23.145759759152376,38.57626626525396,28.932199698940472,23.145759759152376,False,False,2|switch|drift|liquid|s1|g0|mixed,mixed,,merge_cross_edge,False,2500.0
1,1356,1,p1g9_064,screen,957,9,creative_screen,merge_slow_tanh,"[""p1g4_081"",""ref_iso_d0.65""]",a32b3b27b31b075d,ok,True,partial,0.0,15.912626249999999,26.52104375,19.8907828125,15.912626249999999,False,False,3|constant|still|flicker|s1|g2|mixed,mixed,,merge_slow_tanh,False,2500.0
1,1357,1,p1g8_000_s2,seed2,958,8,selected_confirmation,seed2,"[""p1g8_000""]",f435770ddd03344c,ok,True,partial,0.0,8.47,14.116666666666667,10.5875,8.47,False,False,2|constant|still|gas|s1|g0|mixed,mixed,True,mutate,False,2500.0
1,1358,1,p1g8_009_s2,seed2,958,8,selected_confirmation,seed2,"[""p1g8_009""]",9be98878286f081f,ok,True,partial,0.0,14.19114400851195,23.65190668085325,17.73893001063994,14.19114400851195,False,False,2|oscillator|drift|liquid|s1|g1|mixed,mixed,True,mutate,False,2500.0
1,1359,1,p1g8_071_s2,seed2,958,8,selected_confirmation,seed2,"[""p1g8_071""]",b8383c59e0829be9,ok,True,partial,0.433,49.14907267867094,53.04845446445157,50.61134084833867,49.14907267867094,False,False,3|grow|mobile|liquid|s1|g0|structured,structured,True,merge_cross_edge,False,5000.0
1,1360,1,p1g8_041_s2,seed2,958,8,selected_confirmation,seed2,"[""p1g8_041""]",69466a706d743be1,ok,True,partial,0.0878,29.909675702063335,43.99612617010556,35.19209462757917,29.909675702063335,False,False,2|switch|rotor|liquid|s1|g2|mixed,mixed,True,add_chan,False,2500.0
1,1361,1,p1g8_067_s2,seed2,958,8,selected_confirmation,seed2,"[""p1g8_067""]",afb0e68864178de4,ok,True,partial,0.0,22.115693401344355,36.85948900224059,27.644616751680445,22.115693401344355,False,False,2|switch|still|frozen|s1|g2|mixed,mixed,True,merge_cross_edge,False,10000.0
1,1362,1,p1g8_059_s2,seed2,958,8,selected_confirmation,seed2,"[""p1g8_059""]",0849acc60943ebb4,ok,True,partial,0.0,15.605272148336997,26.008786913894998,19.50659018542125,15.605272148336997,False,False,1|grow|still|gas|s1|g2|mixed,mixed,True,merge_spatial_ic,False,20000.0
1,1363,1,p1g8_068_s2,seed2,958,8,selected_confirmation,seed2,"[""p1g8_068""]",7ec501919a2bd06d,ok,True,partial,0.4398,49.47608961823961,53.14014936373268,50.85011202279951,49.47608961823961,False,False,4|constant|drift|liquid|s1|g2|structured,structured,True,merge_cross_edge,False,5000.0
1,1364,1,p1g8_037_s2,seed2,958,8,selected_confirmation,seed2,"[""p1g8_037""]",59aa40b9c413dc2c,ok,True,partial,0.1877,43.00573639538065,59.16289399230108,49.064670494225815,43.00573639538065,False,False,2|grow|mobile|liquid|s1|g2|structured,structured,True,add_chan,False,5000.0
1,1365,1,p1g9_000,screen,957,9,creative_screen,mutate,"[""p3g8_049""]",265d9f6d4b92f114,ok,True,partial,0.0,32.08312331199917,53.47187218666528,40.10390413999896,32.08312331199917,False,False,3|switch|still|liquid|s1|g2|mixed,mixed,,mutate,False,2500.0
1,1366,1,p1g9_010,screen,957,9,creative_screen,mutate,"[""p1g2_049""]",40bc52dfc3586521,ok,True,partial,0.3427,43.67576948937894,49.946282482298244,46.027211861723686,43.67576948937894,False,False,3|oscillator|mobile|liquid|s1|g0|structured,structured,,mutate,False,2500.0
1,1367,1,p1g9_016,screen,957,9,creative_screen,mutate,"[""p1g7_052""]",f4a0b44d6fde4407,ok,True,partial,0.2484,26.659479234923946,27.87246539153991,27.114349043654933,26.659479234923946,False,False,2|constant|drift|liquid|s1|g0|mixed,mixed,,mutate,False,2500.0
1,1368,1,p1g8_021_s2,seed2,958,8,selected_confirmation,seed2,"[""p1g8_021""]",278b9aacc4e2f51a,ok,True,partial,0.4945,67.58401018008425,79.67335030014043,72.11751272510531,67.58401018008425,True,True,4|grow|rotor|liquid|s1|g2|structured,structured,True,mint_bilin,False,20000.0
1,1369,1,p1g8_010_s2,seed2,958,8,selected_confirmation,seed2,"[""p1g8_010""]",4f9f6aba1e7a1f0a,ok,True,partial,0.5132,53.78826651445997,55.43377752409996,54.40533314307497,53.78826651445997,False,False,4|switch|mobile|flicker|s1|g0|structured,structured,True,mutate,False,20000.0
1,1370,1,p1g8_029_s2,seed2,958,8,selected_confirmation,seed2,"[""p1g8_029""]",fc118f66693383c7,ok,True,partial,0.2762,64.7161512692369,89.44691878206152,73.99018908654614,64.7161512692369,False,False,4|grow|rotor|liquid|s3|g2|structured,structured,True,mint_bilin,False,20000.0
1,1371,1,p1g8_033_s2,seed2,958,8,selected_confirmation,seed2,"[""p1g8_033""]",7608d053dd375c1c,ok,True,partial,0.4901,57.069184943395854,62.441974905659755,59.083981179244816,57.069184943395854,False,False,3|grow|mobile|liquid|s1|g0|structured,structured,True,delete_bilin,False,10000.0
1,1372,1,p1g8_025_s2,seed2,958,8,selected_confirmation,seed2,"[""p1g8_025""]",b2503eb744361953,ok,True,partial,0.0,39.67420440061648,66.12367400102747,49.5927555007706,39.67420440061648,False,False,3|switch|mobile|liquid|s2|g2|mixed,mixed,True,mint_bilin,False,10000.0
1,1373,1,p1g9_005,screen,957,9,creative_screen,mutate,"[""p1g7_052""]",f34840f0fe817935,ok,True,partial,0.4776,53.96797072119256,58.10661786865426,55.5199634014907,53.96797072119256,False,False,4|switch|mobile|liquid|s1|g2|structured,structured,,mutate,False,5000.0
1,1374,1,p1g9_012,screen,957,9,creative_screen,mutate,"[""p1g1_052""]",0c7cae28b1f6de3b,ok,True,partial,0.1372,33.910177937640036,47.370296562733394,38.95772242205005,33.910177937640036,False,False,3|switch|mobile|liquid|s1|g2|structured,structured,,mutate,False,5000.0
1,1375,1,p1g9_017,screen,957,9,creative_screen,mutate,"[""p1g1_052""]",6d6446a2bdaaf66e,ok,True,partial,0.4378,55.617535958076566,63.50922659679428,58.576919947595705,55.617535958076566,False,False,2|switch|mobile|liquid|s1|g2|structured,structured,,mutate,False,5000.0
1,1376,1,p1g9_020,screen,957,9,creative_screen,mutate,"[""p1g2_025""]",785acdaf4d56bf73,ok,True,partial,0.5649,65.92536701837506,72.21561169729176,68.28420877296882,65.92536701837506,True,True,4|switch|mobile|liquid|s1|g2|structured,structured,,mutate,False,2500.0
1,1377,1,p1g9_021,screen,957,9,creative_screen,mutate,"[""p1g2_049""]",39ea9f612bd3fd24,ok,True,partial,0.3364,53.524425650298454,66.7807094171641,58.49553206287308,53.524425650298454,False,False,4|switch|mobile|liquid|s1|g2|structured,structured,,mutate,False,2500.0
1,1378,1,p1g9_022,screen,957,9,creative_screen,mint_bilin,"[""p1g2_049""]",3713c73bc9dd141a,ok,True,partial,0.4901,65.89510353748952,77.1518392291492,70.11637942186191,65.89510353748952,True,True,4|grow|rotor|liquid|s1|g2|structured,structured,,mint_bilin,False,10000.0
1,1379,1,p1g9_023,screen,957,9,creative_screen,mint_bilin,"[""p1g2_025""]",0e2a80eead09f677,ok,True,partial,0.5568,72.83092336744414,84.26487227907359,77.11865420930519,72.83092336744414,True,True,4|grow|rotor|flicker|s2|g2|structured,structured,,mint_bilin,False,20000.0
1,1380,1,p1g9_024,screen,957,9,creative_screen,mint_bilin,"[""p1g8_029""]",986518e2fcff4f95,ok,True,partial,0.4056,66.01038495571946,82.97730825953244,72.37298119464933,66.01038495571946,True,True,4|switch|rotor|liquid|s3|g2|structured,structured,,mint_bilin,False,20000.0
1,1381,1,p1g9_031,screen,957,9,creative_screen,mint_bilin,"[""p1g1_052""]",4459dd9f1a75dbe1,ok,True,partial,0.6248,74.5041819035933,82.5203031726555,77.51022737949162,74.5041819035933,True,True,4|grow|rotor|liquid|s2|g2|structured,structured,,mint_bilin,False,10000.0
1,1382,1,p1g9_032,screen,957,9,creative_screen,mint_bilin,"[""p1g1_052""]",f0690f7c81e100e2,ok,True,partial,0.5684,64.76224148806139,70.04373581343566,66.74280186007675,64.76224148806139,True,True,4|grow|mobile|flicker|s1|g2|structured,structured,,mint_bilin,False,2500.0
1,1383,1,p1g9_033,screen,957,9,creative_screen,mint_bilin,"[""p1g2_025""]",5b8821c7b8a5032e,ok,True,partial,0.6369,65.41122667532824,66.55871112554706,65.8415333441603,65.41122667532824,True,True,4|grow|rotor|flicker|s1|g2|structured,structured,,mint_bilin,False,5000.0
1,1384,1,p1g9_038,screen,957,9,creative_screen,mint_bilin,"[""p1g7_052""]",4a1d614d71dcd9d7,ok,True,partial,0.4394,67.6102723296307,83.39045388271784,73.52784041203837,67.6102723296307,True,True,4|grow|rotor|liquid|s2|g2|structured,structured,,mint_bilin,False,20000.0
1,1385,1,p1g9_040,screen,957,9,creative_screen,delete_bilin,"[""p1g2_049""]",8b6c65374d3dbb50,ok,True,partial,0.406,60.085010882504704,73.07501813750784,64.95626360313088,60.085010882504704,True,True,4|grow|rotor|liquid|s1|g2|structured,structured,,delete_bilin,False,5000.0
1,1386,1,p1g9_041,screen,957,9,creative_screen,delete_bilin,"[""p1g7_052""]",cb8ed6c04e9d5665,ok,True,partial,0.3823,62.63842503307471,78.91070838845786,68.7405312913434,62.63842503307471,False,False,4|grow|mobile|liquid|s2|g2|structured,structured,,delete_bilin,False,10000.0
1,1387,1,p1g9_042,screen,957,9,creative_screen,delete_bilin,"[""p1g2_025""]",2aa0708294418d2b,ok,True,partial,0.529,62.097012491010645,68.2283541516844,64.39626561376329,62.097012491010645,True,True,3|grow|rotor|flicker|s1|g2|structured,structured,,delete_bilin,False,20000.0
1,1388,1,p1g9_046,screen,957,9,creative_screen,add_chan,"[""p1g6_027""]",2d0f8a6de70a5420,ok,True,partial,0.4183,53.626767208860414,61.491278681434025,56.57595901107551,53.626767208860414,False,False,2|switch|mobile|liquid|s1|g1|structured,structured,,add_chan,False,2500.0
1,1389,1,p1g9_049,screen,957,9,creative_screen,add_chan,"[""p1g4_050""]",7cad7ec2d0cdd653,ok,True,partial,0.0,32.17973227687955,53.63288712813259,40.22466534609944,32.17973227687955,False,False,3|switch|mobile|liquid|s1|g2|mixed,mixed,,add_chan,False,2500.0
1,1390,1,p1g9_051,screen,957,9,creative_screen,add_chan,"[""p1g6_052""]",c0123eb3a0af9a2c,ok,True,partial,0.0,28.366398276788736,47.27733046131456,35.45799784598592,28.366398276788736,False,False,3|constant|rotor|liquid|s1|g2|mixed,mixed,,add_chan,False,2500.0
1,1391,1,p1g9_052,screen,957,9,creative_screen,merge_spatial_ic,"[""p1g1_052"",""p1g8_045""]",fa86cb8089d048d0,ok,True,partial,0.4642,60.60689406868569,70.06482344780949,64.15361758585712,60.60689406868569,True,True,4|switch|rotor|liquid|s1|g2|structured,structured,,merge_spatial_ic,True,2500.0
1,1392,1,p1g9_053,screen,957,9,creative_screen,merge_spatial_ic,"[""p1g1_052"",""p1g8_055""]",fa86cb8089d048d0,ok,True,partial,0.4258,65.19537440419487,80.27229067365812,70.84921800524359,65.19537440419487,True,True,3|grow|rotor|liquid|s2|g2|structured,structured,,merge_spatial_ic,True,20000.0
1,1393,1,p1g9_062,screen,957,9,creative_screen,merge_slow_tanh,"[""p0g0_ds2g11_009"",""blk_engine_10748""]",11eda4c569e4f100,ok,True,partial,0.608,52.3441973088368,46.706995514728,50.230246636046004,52.3441973088368,False,False,4|oscillator|rotor|liquid|s1|g2|structured,structured,,merge_slow_tanh,False,2500.0
1,1394,1,p1g9_065,screen,957,9,creative_screen,merge_cross_edge,"[""p4g4_018"",""ref_M0""]",0394c21db258be37,ok,True,partial,0.0,39.373195562470805,65.621992604118,49.2164944530885,39.373195562470805,False,False,4|switch|drift|liquid|s1|g2|mixed,mixed,,merge_cross_edge,False,5000.0
1,1395,1,p1g9_002,screen,957,9,creative_screen,mutate,"[""p1g5_028""]",45537b9f4e966afb,ok,True,partial,0.3169,42.64041084734979,49.940684745582985,45.37801355918724,42.64041084734979,False,False,3|switch|mobile|liquid|s1|g0|structured,structured,,mutate,False,2500.0
1,1396,1,p1g9_004,screen,957,9,creative_screen,mutate,"[""p1g6_018""]",d6208dbbaeec303f,ok,True,partial,0.5791,58.71695612803673,59.25492688006122,58.918695160045914,58.71695612803673,False,False,3|switch|mobile|liquid|s1|g2|structured,structured,,mutate,False,2500.0
1,1397,1,p1g9_006,screen,957,9,creative_screen,mutate,"[""p1g4_050""]",cfaa69297946795a,ok,True,partial,0.0,3.110489478739905,5.184149131233175,3.8881118484248813,3.110489478739905,False,False,2|constant|still|frozen|s1|g0|mixed,mixed,,mutate,False,2500.0
1,1398,1,p1g9_007,screen,957,9,creative_screen,mutate,"[""p6g8_033""]",b09aec5252694231,ok,True,partial,0.0,19.985754451885803,33.309590753143006,24.982193064857256,19.985754451885803,False,False,2|switch|still|frozen|s1|g2|structured,structured,,mutate,False,2500.0
1,1399,1,p1g9_009,screen,957,9,creative_screen,mutate,"[""p1g5_028""]",30055aededeedd4e,ok,True,partial,0.5769,60.75478722558962,62.79797870931603,61.52098403198702,60.75478722558962,True,True,4|switch|mobile|liquid|s1|g1|structured,structured,,mutate,False,2500.0
1,1400,1,p1g9_011,screen,957,9,creative_screen,mutate,"[""p1g8_062""]",32e455bdf74ebb2b,ok,True,partial,0.0,21.631489454578283,36.05248242429714,27.039361818222854,21.631489454578283,False,False,4|constant|mobile|liquid|s1|g2|mixed,mixed,,mutate,False,2500.0
1,1401,1,p1g9_013,screen,957,9,creative_screen,mutate,"[""p1g2_014""]",32e73d69fe198380,ok,True,partial,0.7436,75.50492988051496,76.26821646752495,75.79116235064372,75.50492988051496,True,True,3|switch|mobile|liquid|s1|g2|structured,structured,,mutate,False,10000.0
1,1402,1,p1g9_018,screen,957,9,creative_screen,mutate,"[""p1g4_050""]",8ebac0354e1a2485,ok,True,partial,0.5537,65.69075503070651,72.57125838451086,68.27094378838314,65.69075503070651,True,True,4|grow|mobile|liquid|s2|g2|structured,structured,,mutate,False,2500.0
1,1403,1,p1g9_030,screen,957,9,creative_screen,mint_bilin,"[""p1g4_015""]",ab6977299920c8bc,ok,True,partial,0.1423,30.25250384437259,40.93417307395432,34.258129805465735,30.25250384437259,False,False,2|switch|drift|liquid|s1|g2|structured,structured,,mint_bilin,False,2500.0
1,1404,1,p1g9_054,screen,957,9,creative_screen,merge_cross_edge,"[""p1g8_066"",""blk_p1g7_056""]",71a96bdc674b6d7d,ok,True,partial,0.1469,39.12003612126592,55.40672686877654,45.227545151582405,39.12003612126592,False,False,3|switch|rotor|liquid|s1|g2|structured,structured,,merge_cross_edge,False,10000.0
1,1405,1,p1g9_060,screen,957,9,creative_screen,merge_cross_edge,"[""p1g3_027"",""ref_M4_tau5.7""]",2ffc7895438ddfca,ok,True,partial,0.1755,44.15081534364677,61.88469223941129,50.801019179558466,44.15081534364677,False,False,4|switch|rotor|liquid|s1|g2|structured,structured,,merge_cross_edge,False,5000.0
1,1406,1,p1g9_061,screen,957,9,creative_screen,merge_cross_edge,"[""p1g7_056"",""blk_p1g2_008""]",eb1584b1b4e7958d,ok,True,partial,0.4766,57.28067069499856,63.69445115833094,59.68583836874821,57.28067069499856,False,False,3|switch|mobile|liquid|s1|g2|structured,structured,,merge_cross_edge,False,2500.0
1,1407,1,p1g9_063,screen,957,9,creative_screen,merge_cross_edge,"[""p6g1_043"",""blk_p10g0_ds6_000""]",d4070e2edc86f11a,ok,True,partial,0.5766,61.55313318993207,64.14855531655346,62.52641648741509,61.55313318993207,True,True,3|switch|rotor|liquid|s1|g2|structured,structured,,merge_cross_edge,False,2500.0
1,1408,1,p1g9_066,screen,957,9,creative_screen,merge_cross_edge,"[""p2g4_062"",""blk_p2g4_053""]",35550dd27ab39597,ok,True,partial,0.6473,67.11523293534376,68.70538822557292,67.7115411691797,67.11523293534376,True,True,4|grow|mobile|liquid|s1|g2|structured,structured,,merge_cross_edge,False,5000.0
1,1409,1,p1g9_003,screen,957,9,creative_screen,mutate,"[""p1g3_064""]",541b193552a7745c,ok,True,partial,0.0,36.699916331086634,61.166527218477725,45.8748954138583,36.699916331086634,False,False,3|switch|mobile|liquid|s1|g2|mixed,mixed,,mutate,False,2500.0
1,1410,1,p1g9_026,screen,957,9,creative_screen,mint_bilin,"[""p1g6_052""]",14a2a484559433fe,ok,True,partial,0.5936,67.66354621873069,73.19924369788447,69.73943277341336,67.66354621873069,True,True,4|grow|mobile|liquid|s2|g2|structured,structured,,mint_bilin,False,2500.0
1,1411,1,p1g9_027,screen,957,9,creative_screen,mint_bilin,"[""p5g3_040""]",6248c417881e7bb0,ok,True,partial,0.0,42.440039444220595,70.733399073701,53.05004930527575,42.440039444220595,False,False,4|switch|rotor|liquid|s1|g2|structured,structured,,mint_bilin,False,2500.0
1,1412,1,p1g9_028,screen,957,9,creative_screen,mint_bilin,"[""p1g6_027""]",b25e222180d7451d,ok,True,partial,0.4585,57.52002641215455,65.30004402025759,60.43753301519319,57.52002641215455,True,False,3|switch|mobile|liquid|s1|g1|structured,structured,,mint_bilin,False,2500.0
1,1413,1,p1g9_034,screen,957,9,creative_screen,mint_bilin,"[""p1g4_050""]",d1c7e025d85aae1b,ok,True,partial,0.2824,57.51077658575777,77.02462764292962,64.82847073219722,57.51077658575777,False,False,4|grow|rotor|liquid|s2|g2|structured,structured,,mint_bilin,False,10000.0
1,1414,1,p1g9_035,screen,957,9,creative_screen,mint_bilin,"[""p1g6_052""]",c6a39b2227048c67,ok,True,partial,0.0,41.79198750766027,69.65331251276712,52.23998438457534,41.79198750766027,False,False,4|switch|mobile|liquid|s1|g2|structured,structured,,mint_bilin,False,2500.0
1,1415,1,p1g9_039,screen,957,9,creative_screen,mint_bilin,"[""p1g4_050""]",0cf92f4a6bd6780a,ok,True,partial,0.39,60.54671831116691,74.91119718527818,65.93339788895864,60.54671831116691,False,False,4|grow|mobile|liquid|s1|g2|structured,structured,,mint_bilin,False,5000.0
1,1416,1,p1g9_043,screen,957,9,creative_screen,delete_bilin,"[""p6g8_068""]",0d93cf1801640fc5,ok,True,partial,0.3156,52.64220191730432,66.6970031955072,57.912752396630395,52.64220191730432,False,False,4|switch|rotor|flicker|s1|g2|structured,structured,,delete_bilin,False,2500.0
1,1417,1,p1g9_056,screen,957,9,creative_screen,merge_cross_edge,"[""p3g6_061"",""ref_BFIELD_g0.05""]",e0fc412185bc07de,ok,True,partial,0.0,41.343722051976115,68.90620341996019,51.67965256497014,41.343722051976115,False,False,3|grow|rotor|liquid|s1|g2|mixed,mixed,,merge_cross_edge,False,20000.0
1,1418,1,p1g9_058,screen,957,9,creative_screen,merge_cross_edge,"[""p1g8_000"",""ref_BFIELD_g0.05""]",6d285ab4c4b978e6,ok,True,partial,0.0,34.46187381973679,57.436456366227986,43.07734227467099,34.46187381973679,False,False,4|switch|mobile|liquid|s1|g2|mixed,mixed,,merge_cross_edge,False,2500.0
1,1419,1,p1g9_001,screen,957,9,creative_screen,mutate,"[""p2g2_038""]",9b2ba2e3d2bfc508,ok,True,partial,0.0,23.228111860050507,38.71351976675085,29.035139825063137,23.228111860050507,False,False,2|oscillator|drift|liquid|s1|g2|mixed,mixed,,mutate,False,2500.0
1,1420,1,p1g9_008,screen,957,9,creative_screen,mutate,"[""p1g1_003""]",95c2d4b639ad9c92,ok,True,partial,0.0,0.0,0.0,0.0,0.0,False,False,1|constant|still|gas|s1|g0|mixed,mixed,,mutate,False,2500.0
1,1421,1,p1g9_014,screen,957,9,creative_screen,mutate,"[""p4g3_022""]",98e316c743e05287,ok,True,partial,0.5121,51.69748435327596,52.0224739221266,51.81935544159495,51.69748435327596,False,False,3|switch|mobile|liquid|s1|g0|structured,structured,,mutate,False,2500.0
1,1422,1,p1g9_025,screen,957,9,creative_screen,mint_bilin,"[""p1g6_071""]",008576bc85ca9f86,ok,True,partial,0.0,22.852410564194837,38.08735094032473,28.565513205243548,22.852410564194837,False,False,4|constant|still|flicker|s1|g2|mixed,mixed,,mint_bilin,False,2500.0
1,1423,1,p1g9_036,screen,957,9,creative_screen,mint_bilin,"[""p2g6_001""]",efd22b5c4bbb51ac,ok,True,partial,0.0967,40.714378674402944,61.41063112400491,48.47547334300368,40.714378674402944,False,False,4|grow|drift|frozen|s1|g2|mixed,mixed,,mint_bilin,False,10000.0
1,1424,1,p1g9_037,screen,957,9,creative_screen,mint_bilin,"[""p1g5_035""]",ce21f484ed2b2a01,ok,True,partial,0.1046,36.90020601433954,54.52701002389924,43.51025751792443,36.90020601433954,False,False,2|switch|still|liquid|s1|g2|mixed,mixed,,mint_bilin,False,2500.0
1,1425,1,p1g9_050,screen,957,9,creative_screen,add_chan,"[""p5g8_007""]",6e20ebe36a668fdf,ok,True,partial,0.0,20.291764564624078,33.8196076077068,25.3647057057801,20.291764564624078,False,False,2|switch|still|frozen|s1|g2|mixed,mixed,,add_chan,False,5000.0
1,1426,1,p1g9_059,screen,957,9,creative_screen,merge_cross_edge,"[""p1g7_002"",""ref_M4_tau5.7""]",47c370993df9f652,ok,True,partial,0.0,20.132716139947245,33.55452689991208,25.165895174934057,20.132716139947245,False,False,4|oscillator|drift|liquid|s1|g1|mixed,mixed,,merge_cross_edge,False,2500.0
1,1427,1,p1g9_055,screen,957,9,creative_screen,merge_cross_edge,"[""p1g4_084"",""p1g7_056""]",8d704c6175fecffe,ok,True,partial,0.0808,21.696789579608904,30.774649299348173,25.10098697451113,21.696789579608904,False,False,3|switch|drift|frozen|s1|g2|structured,structured,,merge_cross_edge,False,2500.0
1,1428,1,p1g8_003_s2,seed2,958,8,selected_confirmation,seed2,"[""p1g8_003""]",660216f2522b8a89,ok,True,partial,0.0,4.678009560557198,7.796682600928665,5.847511950696498,4.678009560557198,False,False,2|constant|still|frozen|s1|g0|mixed,mixed,True,mutate,False,2500.0
1,1429,1,p1g8_007_s2,seed2,958,8,selected_confirmation,seed2,"[""p1g8_007""]",2720b5e6d04e364d,ok,True,partial,0.0,25.34547244862213,42.24245408103688,31.681840560777662,25.34547244862213,False,False,2|switch|still|liquid|s1|g2|mixed,mixed,True,mutate,False,2500.0
1,1430,1,p1g8_040_s2,seed2,958,8,selected_confirmation,seed2,"[""p1g8_040""]",3e8ae7d6fcb04428,ok,True,partial,0.0,17.282817202613412,28.80469533768902,21.603521503266762,17.282817202613412,False,False,3|constant|still|liquid|s1|g2|mixed,mixed,True,add_chan,False,2500.0
1,1431,1,p1g8_047_s2,seed2,958,8,selected_confirmation,seed2,"[""p1g8_047""]",fa86cb8089d048d0,ok,True,partial,0.4447,66.25837989149613,80.78396648582688,71.70547486437016,66.25837989149613,True,True,4|grow|rotor|liquid|s2|g2|structured,structured,True,merge_spatial_ic,False,10000.0
1,1432,1,p1g8_002_s2,seed2,958,8,selected_confirmation,seed2,"[""p1g8_002""]",eb940a7e88702d14,ok,True,partial,0.3909,52.54509975676073,61.51516626126787,55.90887469595091,52.54509975676073,False,False,4|switch|drift|liquid|s1|g2|structured,structured,True,mutate,False,2500.0
1,1433,1,p1g8_014_s2,seed2,958,8,selected_confirmation,seed2,"[""p1g8_014""]",30cd3f4cfc591808,ok,True,partial,0.1361,29.158669631965825,39.52444938660971,33.04583703995728,29.158669631965825,False,False,3|oscillator|drift|liquid|s1|g1|structured,structured,True,mutate,False,2500.0
1,1434,1,p1g8_045_s2,seed2,958,8,selected_confirmation,seed2,"[""p1g8_045""]",520c5cfdb13c97f1,ok,True,partial,0.1331,22.96694729876883,29.404912164614714,25.381184123461036,22.96694729876883,False,False,1|switch|still|frozen|s1|g2|structured,structured,True,merge_spatial_ic,False,2500.0
1,1435,1,p1g8_055_s2,seed2,958,8,selected_confirmation,seed2,"[""p1g8_055""]",8bd523c265dd37b3,ok,True,partial,0.0,14.480915055931249,24.134858426552082,18.10114381991406,14.480915055931249,False,False,2|constant|still|liquid|s1|g0|mixed,mixed,True,merge_spatial_ic,False,2500.0
1,1436,1,p1g8_062_s2,seed2,958,8,selected_confirmation,seed2,"[""p1g8_062""]",00b1d737ee707e06,ok,True,partial,0.0,17.961563886792597,29.935939811320996,22.451954858490748,17.961563886792597,False,False,3|constant|still|liquid|s1|g2|mixed,mixed,True,merge_spatial_ic,False,2500.0
1,1437,1,p1g8_063_s2,seed2,958,8,selected_confirmation,seed2,"[""p1g8_063""]",8682b73f9a4cfc74,ok,True,partial,0.0139,11.500023800747579,18.240039667912633,14.027529750934475,11.500023800747579,False,False,3|constant|still|frozen|s1|g1|mixed,mixed,True,merge_spatial_ic,False,2500.0
1,1438,1,p1g8_039_s2,seed2,958,8,selected_confirmation,seed2,"[""p1g8_039""]",060c77f9a2c1858d,ok,True,partial,0.0,36.89071407811951,61.48452346353251,46.11339259764938,36.89071407811951,False,False,4|grow|rotor|liquid|s1|g1|mixed,mixed,True,add_chan,False,2500.0
1,1439,1,p1g8_052_s2,seed2,958,8,selected_confirmation,seed2,"[""p1g8_052""]",8e4299986c7764fd,ok,True,partial,0.0,37.563388403547826,62.60564733924638,46.954235504434784,37.563388403547826,False,False,3|switch|still|flicker|s1|g2|mixed,mixed,True,merge_spatial_ic,False,5000.0
1,1440,1,p1g9_067,screen,957,9,creative_screen,immigrate,,4b5ced3ece56efc9,no_blobs,True,missing,,0.0,,,,False,False,,,,immigrate,False,
1,1441,1,p1g9_068,screen,957,9,creative_screen,immigrate,,27efd14240a547f4,no_blobs,True,missing,,0.0,,,,False,False,,,,immigrate,False,
1,1442,1,p1g8_048_s2,seed2,958,8,selected_confirmation,seed2,"[""p1g8_048""]",04a0f0e5eb95cb51,ok,True,partial,0.0879,45.38690812360016,69.78484687266693,54.536135154500194,45.38690812360016,False,False,4|grow|drift|frozen|s2|g2|mixed,mixed,True,merge_spatial_ic,False,10000.0
1,1443,1,p1g9_069,screen,957,9,creative_screen,immigrate,,172eefc2dde29219,ok,True,partial,0.0,0.0,0.0,0.0,0.0,False,False,1|constant|still|gas|s1|g0|mixed,mixed,,immigrate,False,2500.0
1,1444,1,p1g9_070,screen,957,9,creative_screen,immigrate,,5630698e0aff679f,no_blobs,True,missing,,0.0,,,,False,False,,,,immigrate,False,
1,1445,1,p1g9_071,screen,957,9,creative_screen,immigrate,,64295ce99e55f29b,no_blobs,True,missing,,0.0,,,,False,False,,,,immigrate,False,
1,1446,1,p1g8_066_s2,seed2,958,8,selected_confirmation,seed2,"[""p1g8_066""]",f9693712b31d3167,ok,True,partial,0.0908,26.62266018685125,38.317766978085416,31.00832523356406,26.62266018685125,False,False,1|constant|still|liquid|s1|g2|mixed,mixed,True,merge_cross_edge,False,5000.0
1,1447,1,p1g9_015,screen,957,9,creative_screen,mutate,"[""p1g6_041""]",6539ca6966ea0547,ok,True,partial,0.0,8.485199999999999,14.142,10.6065,8.485199999999999,False,False,2|constant|still|gas|s1|g0|mixed,mixed,,mutate,False,2500.0
1,1448,1,p1g10_002,screen,957,10,creative_screen,mutate,"[""p1g1_052""]",450f1f1f8179ac1a,fail_g0a,True,missing,,,,,,False,False,,,,mutate,False,
1,1449,1,p1g10_003,screen,957,10,creative_screen,mutate,"[""p1g2_079""]",3d76769ebd6464bf,fail_g0a,True,missing,,,,,,False,False,,,,mutate,False,
1,1450,1,p1g10_011,screen,957,10,creative_screen,mutate,"[""p2g7_010""]",e6c101023721c919,fail_g0a,True,missing,,,,,,False,False,,,,mutate,False,
1,1451,1,p1g8_024_s3,seed3,959,8,selected_confirmation,seed3,"[""p1g8_024""]",d44e729353eb2ba9,ok,True,partial,0.0,45.198258147529344,75.33043024588224,56.49782268441168,45.198258147529344,False,False,3|grow|mobile|liquid|s2|g1|mixed,mixed,True,mint_bilin,False,20000.0
1,1452,1,p1g8_071_s3,seed3,959,8,selected_confirmation,seed3,"[""p1g8_071""]",b8383c59e0829be9,ok,True,partial,0.3375,58.350314822986924,74.7505247049782,64.50039352873365,58.350314822986924,False,False,3|switch|rotor|liquid|s2|g0|structured,structured,True,merge_cross_edge,False,20000.0
1,1453,1,p1g10_031,screen,957,10,creative_screen,mint_bilin,"[""p0g0_ds2g11_009""]",57d68df04cb4b16e,ok,True,partial,0.1596,39.742593343628855,55.597655572714764,45.68824167953608,39.742593343628855,False,False,2|grow|drift|liquid|s1|g2|structured,structured,,mint_bilin,False,5000.0
1,1454,1,p1g10_024,screen,957,10,creative_screen,mint_bilin,"[""p1g8_041""]",59e4ad0110c91a18,ok,True,partial,0.0652,24.843104461380868,37.05850743563478,29.423880576726084,24.843104461380868,False,False,2|switch|drift|frozen|s1|g2|structured,structured,,mint_bilin,False,2500.0
1,1455,1,p1g9_057_s2,seed2,958,9,selected_confirmation,seed2,"[""p1g9_057""]",0874c764ff8070bf,ok,True,partial,0.0,20.179959643148077,33.63326607191346,25.224949553935097,20.179959643148077,False,False,2|constant|drift|liquid|s1|g0|mixed,mixed,True,merge_cross_edge,False,2500.0
1,1456,1,p1g9_064_s2,seed2,958,9,selected_confirmation,seed2,"[""p1g9_064""]",a32b3b27b31b075d,ok,True,partial,0.0,14.903906249999999,24.83984375,18.6298828125,14.903906249999999,False,False,3|constant|still|flicker|s1|g2|mixed,mixed,True,merge_slow_tanh,False,2500.0
1,1457,1,p1g8_000_s3,seed3,959,8,selected_confirmation,seed3,"[""p1g8_000""]",f435770ddd03344c,ok,True,partial,0.0,18.904570797464768,31.507617995774613,23.63071349683096,18.904570797464768,False,False,2|switch|drift|liquid|s1|g0|mixed,mixed,True,mutate,False,2500.0
1,1458,1,p1g8_041_s3,seed3,959,8,selected_confirmation,seed3,"[""p1g8_041""]",69466a706d743be1,ok,True,partial,0.0877,31.909485874853743,47.33580979142291,37.694357343567184,31.909485874853743,False,False,2|switch|mobile|liquid|s1|g2|structured,structured,True,add_chan,False,2500.0
1,1459,1,p1g8_059_s3,seed3,959,8,selected_confirmation,seed3,"[""p1g8_059""]",0849acc60943ebb4,ok,True,partial,0.0,16.298977310479412,27.164962184132357,20.37372163809927,16.298977310479412,False,False,1|grow|still|gas|s1|g2|mixed,mixed,True,merge_spatial_ic,False,20000.0
1,1460,1,p1g9_023_s2,seed2,958,9,selected_confirmation,seed2,"[""p1g9_023""]",0e2a80eead09f677,ok,True,partial,0.5593,73.00615633980834,84.39026056634724,77.27519542476043,73.00615633980834,True,True,4|grow|rotor|flicker|s2|g2|structured,structured,True,mint_bilin,False,20000.0
1,1461,1,p1g9_024_s2,seed2,958,9,selected_confirmation,seed2,"[""p1g9_024""]",986518e2fcff4f95,ok,True,partial,0.5234,70.06868391649488,81.88780652749146,74.50085489561859,70.06868391649488,True,True,4|switch|rotor|liquid|s2|g2|structured,structured,True,mint_bilin,False,20000.0
1,1462,1,p1g9_042_s2,seed2,958,9,selected_confirmation,seed2,"[""p1g9_042""]",2aa0708294418d2b,ok,True,partial,0.5313,68.05067032554072,77.9977838759012,71.78083790692591,68.05067032554072,True,True,4|grow|rotor|flicker|s1|g2|structured,structured,True,delete_bilin,False,20000.0
1,1463,1,p1g8_021_s3,seed3,959,8,selected_confirmation,seed3,"[""p1g8_021""]",278b9aacc4e2f51a,ok,True,partial,0.5321,69.75431827854723,80.78386379757873,73.89039784818405,69.75431827854723,True,True,4|grow|mobile|liquid|s1|g2|structured,structured,True,mint_bilin,False,20000.0
1,1464,1,p1g8_029_s3,seed3,959,8,selected_confirmation,seed3,"[""p1g8_029""]",fc118f66693383c7,ok,True,partial,0.3028,61.47276483902351,82.26794139837251,69.2709560487794,61.47276483902351,False,False,4|switch|rotor|liquid|s2|g2|structured,structured,True,mint_bilin,False,20000.0
1,1465,1,p1g8_010_s3,seed3,959,8,selected_confirmation,seed3,"[""p1g8_010""]",4f9f6aba1e7a1f0a,ok,True,partial,0.4997,53.24567124475126,55.42945207458543,54.064589055939074,53.24567124475126,False,False,4|switch|mobile|flicker|s1|g0|structured,structured,True,mutate,False,20000.0
1,1466,1,p1g9_022_s2,seed2,958,9,selected_confirmation,seed2,"[""p1g9_022""]",3713c73bc9dd141a,ok,True,partial,0.3155,60.300327275486026,79.46721212581004,67.48790909435753,60.300327275486026,False,False,4|grow|rotor|liquid|s1|g2|structured,structured,True,mint_bilin,False,20000.0
1,1467,1,p1g9_031_s2,seed2,958,9,selected_confirmation,seed2,"[""p1g9_031""]",4459dd9f1a75dbe1,ok,True,partial,0.6057,73.90734487860442,82.79890813100737,77.24168109825553,73.90734487860442,True,True,4|grow|mobile|liquid|s2|g2|structured,structured,True,mint_bilin,False,10000.0
1,1468,1,p1g9_013_s2,seed2,958,9,selected_confirmation,seed2,"[""p1g9_013""]",32e73d69fe198380,ok,True,partial,0.6415,71.07664699260039,75.69441165433399,72.80830874075049,71.07664699260039,True,True,2|switch|mobile|liquid|s2|g2|structured,structured,True,mutate,False,10000.0
1,1469,1,p1g9_036_s2,seed2,958,9,selected_confirmation,seed2,"[""p1g9_036""]",efd22b5c4bbb51ac,ok,True,partial,0.0828,29.164303903173952,43.087173171956586,34.38537987896744,29.164303903173952,False,False,4|oscillator|rotor|frozen|s1|g2|structured,structured,True,mint_bilin,False,10000.0
1,1470,1,p1g8_067_s3,seed3,959,8,selected_confirmation,seed3,"[""p1g8_067""]",afb0e68864178de4,ok,True,partial,0.0,18.772341612915504,31.28723602152584,23.46542701614438,18.772341612915504,False,False,2|switch|still|frozen|s1|g2|mixed,mixed,True,merge_cross_edge,False,10000.0
1,1471,1,p1g8_025_s3,seed3,959,8,selected_confirmation,seed3,"[""p1g8_025""]",b2503eb744361953,ok,True,partial,0.0,40.23699360417185,67.06165600695309,50.296242005214815,40.23699360417185,False,False,4|switch|mobile|liquid|s1|g2|mixed,mixed,True,mint_bilin,False,20000.0
1,1472,1,p1g8_047_s3,seed3,959,8,selected_confirmation,seed3,"[""p1g8_047""]",fa86cb8089d048d0,ok,True,partial,0.6347,78.56017573472647,88.6202928912108,82.3327196684081,78.56017573472647,True,True,4|grow|mobile|liquid|s3|g2|structured,structured,True,merge_spatial_ic,False,20000.0
1,1473,1,p1g8_033_s3,seed3,959,8,selected_confirmation,seed3,"[""p1g8_033""]",7608d053dd375c1c,ok,True,partial,0.4821,61.095772924202684,69.68628820700448,64.31721615525336,61.095772924202684,True,True,3|grow|mobile|liquid|s3|g0|structured,structured,True,delete_bilin,False,10000.0
1,1474,1,p1g8_048_s3,seed3,959,8,selected_confirmation,seed3,"[""p1g8_048""]",04a0f0e5eb95cb51,ok,True,partial,0.0754,48.214037414145174,75.33006235690863,58.38254676768147,48.214037414145174,False,False,4|grow|rotor|frozen|s2|g2|mixed,mixed,True,merge_spatial_ic,False,20000.0
1,1475,1,p1g8_068_s3,seed3,959,8,selected_confirmation,seed3,"[""p1g8_068""]",7ec501919a2bd06d,ok,True,partial,0.6134,59.13233512123399,57.66055853539,58.5804189015425,59.13233512123399,False,False,4|constant|rotor|liquid|s1|g2|structured,structured,True,merge_cross_edge,False,5000.0
1,1476,1,p1g8_037_s3,seed3,959,8,selected_confirmation,seed3,"[""p1g8_037""]",59aa40b9c413dc2c,ok,True,partial,0.1012,37.53287793546489,55.808129892441485,44.386097419331115,37.53287793546489,False,False,2|grow|drift|liquid|s1|g2|structured,structured,True,add_chan,False,10000.0
1,1477,1,p1g8_052_s3,seed3,959,8,selected_confirmation,seed3,"[""p1g8_052""]",8e4299986c7764fd,ok,True,partial,0.1033,44.69432242703968,67.60387071173281,53.28540303379961,44.69432242703968,False,False,3|switch|drift|liquid|s1|g2|mixed,mixed,True,merge_spatial_ic,False,5000.0
1,1478,1,p1g10_007,screen,957,10,creative_screen,mutate,"[""p1g2_049""]",0bb8dd5aeb56da75,ok,True,partial,0.2983,44.506142908052745,54.29023818008791,48.17517863506594,44.506142908052745,False,False,3|grow|rotor|liquid|s1|g2|structured,structured,,mutate,False,2500.0
1,1479,1,p1g10_008,screen,957,10,creative_screen,mutate,"[""p1g9_031""]",74240b5b4e461d30,ok,True,partial,0.1108,30.873826617002372,44.06971102833729,35.82228327125297,30.873826617002372,False,False,3|switch|drift|liquid|s1|g2|structured,structured,,mutate,False,5000.0
1,1480,1,p1g10_009,screen,957,10,creative_screen,mutate,"[""p2g2_070""]",1481736d25ed39d6,ok,True,partial,0.2169,45.38086716112251,61.17477860187085,51.303583951403134,45.38086716112251,False,False,3|switch|mobile|flicker|s1|g2|mixed,mixed,,mutate,False,2500.0
1,1481,1,p1g10_010,screen,957,10,creative_screen,mutate,"[""p1g2_049""]",e3adebca6e9383bd,ok,True,partial,0.203,35.58441575270507,45.77402625450844,39.405519690881334,35.58441575270507,False,False,3|switch|rotor|liquid|s1|g2|structured,structured,,mutate,False,2500.0
1,1482,1,p1g10_015,screen,957,10,creative_screen,mutate,"[""p1g1_052""]",bd00bf00eb8d056f,ok,True,partial,0.5101,57.709673568857525,62.176122614762534,59.3845919610719,57.709673568857525,False,False,3|switch|mobile|liquid|s1|g2|structured,structured,,mutate,False,5000.0
1,1483,1,p1g10_016,screen,957,10,creative_screen,mutate,"[""p1g1_052""]",7c8ea3095f7b0b0b,ok,True,partial,0.2813,42.35502071416907,51.838367856948466,45.911275892711345,42.35502071416907,False,False,3|switch|mobile|liquid|s1|g0|structured,structured,,mutate,False,2500.0
1,1484,1,p1g10_017,screen,957,10,creative_screen,mutate,"[""p1g2_025""]",8cfb7e77fd8ffb11,ok,True,partial,0.0,4.210412688193037,7.017354480321727,5.263015860241295,4.210412688193037,False,False,2|constant|still|frozen|s1|g0|mixed,mixed,,mutate,False,2500.0
1,1485,1,p1g10_022,screen,957,10,creative_screen,mint_bilin,"[""p1g2_025""]",4aa290f5c5576d0b,ok,True,partial,0.4968,64.65457903427412,74.6376317237902,68.39822379284264,64.65457903427412,True,True,2|grow|rotor|liquid|s2|g2|structured,structured,,mint_bilin,False,20000.0
1,1486,1,p1g10_023,screen,957,10,creative_screen,mint_bilin,"[""p1g1_052""]",8fbaee4efea9f57c,ok,True,partial,0.4544,64.38014545857637,77.00690909762727,69.11518182322045,64.38014545857637,True,True,4|grow|rotor|liquid|s2|g2|structured,structured,,mint_bilin,False,5000.0
1,1487,1,p1g10_025,screen,957,10,creative_screen,mint_bilin,"[""p2g4_020""]",367e043199abceb1,ok,True,partial,0.4136,56.02591699835135,65.80319499725225,59.692396247939186,56.02591699835135,False,False,3|grow|mobile|liquid|s2|g2|structured,structured,,mint_bilin,False,5000.0
1,1488,1,p1g10_028,screen,957,10,creative_screen,mint_bilin,"[""p1g7_052""]",5405fd2b9b010105,ok,True,partial,0.4784,62.446688379315844,72.18448063219309,66.09836047414481,62.446688379315844,True,True,4|grow|rotor|liquid|s1|g2|structured,structured,,mint_bilin,False,2500.0
1,1489,1,p1g10_032,screen,957,10,creative_screen,mint_bilin,"[""p1g8_003""]",1935b0d2ef94c950,ok,True,partial,0.0,4.66834922703866,7.780582045064433,5.835436533798324,4.66834922703866,False,False,2|constant|still|frozen|s1|g0|mixed,mixed,,mint_bilin,False,2500.0
1,1490,1,p1g10_036,screen,957,10,creative_screen,mint_bilin,"[""p1g2_004""]",96b78d635d669dff,ok,True,partial,0.0362,24.820676232193236,38.95446038698873,30.120845290241547,24.820676232193236,False,False,3|switch|still|frozen|s1|g2|structured,structured,,mint_bilin,False,5000.0
1,1491,1,p1g10_040,screen,957,10,creative_screen,delete_bilin,"[""p1g1_052""]",a7a35a3c26075296,ok,True,partial,0.441,65.45741184723364,79.69568641205608,70.79676480904206,65.45741184723364,True,True,4|grow|rotor|liquid|s2|g1|structured,structured,,delete_bilin,False,10000.0
1,1492,1,p1g10_041,screen,957,10,creative_screen,delete_bilin,"[""p1g7_052""]",8b6c65374d3dbb50,ok,True,partial,0.3866,58.65711039840855,71.98851733068092,63.65638799801069,58.65711039840855,False,False,4|grow|rotor|liquid|s1|g2|structured,structured,,delete_bilin,False,5000.0
1,1493,1,p1g10_042,screen,957,10,creative_screen,delete_bilin,"[""p1g9_062""]",649650071954f42d,ok,True,partial,0.211,50.127607735783165,69.47934622630528,57.38450966972896,50.127607735783165,False,False,4|grow|drift|liquid|s1|g2|structured,structured,,delete_bilin,False,10000.0
1,1494,1,p1g10_046,screen,957,10,creative_screen,add_chan,"[""p1g5_007""]",19ecd1ea99fe9efe,ok,True,partial,0.0171,13.993206475972427,22.18201079328738,17.064008094965534,13.993206475972427,False,False,3|constant|still|frozen|s1|g2|mixed,mixed,,add_chan,False,2500.0
1,1495,1,p1g10_049,screen,957,10,creative_screen,add_chan,"[""p1g9_013""]",5533b0810599267e,ok,True,partial,0.3301,41.672906872235046,47.44817812039174,43.8386335902938,41.672906872235046,False,False,2|grow|drift|liquid|s1|g2|structured,structured,,add_chan,False,2500.0
1,1496,1,p1g10_050,screen,957,10,creative_screen,add_chan,"[""p1g4_050""]",6ba2c834d59cb36a,ok,True,partial,0.4641,54.933039406585614,60.61506567764269,57.06379925823202,54.933039406585614,False,False,3|grow|mobile|liquid|s2|g2|structured,structured,,add_chan,False,2500.0
1,1497,1,p1g10_051,screen,957,10,creative_screen,add_chan,"[""p1g8_045""]",79befca7969b918e,ok,True,partial,0.0753,19.509367160851742,27.4956119347529,22.504208951064676,19.509367160851742,False,False,1|switch|still|frozen|s1|g2|structured,structured,,add_chan,False,2500.0
1,1498,1,p1g10_054,screen,957,10,creative_screen,merge_cross_edge,"[""p1g2_003"",""ref_M0""]",e56307efe134821a,ok,True,partial,0.1622,45.81998647187057,65.55331078645095,53.219983089838216,45.81998647187057,False,False,4|switch|mobile|liquid|s1|g2|mixed,mixed,,merge_cross_edge,False,10000.0
1,1499,1,p1g10_056,screen,957,10,creative_screen,merge_cross_edge,"[""p1g2_012"",""p1g4_089""]",4c655165195c5e81,ok,True,partial,0.0253,24.498735475137376,39.14455912522896,29.990919343921718,24.498735475137376,False,False,3|switch|still|frozen|s1|g2|mixed,mixed,,merge_cross_edge,False,5000.0
1,1500,1,p1g10_000,screen,957,10,creative_screen,mutate,"[""p1g4_050""]",2825b68637d248dd,ok,True,partial,0.5152,37.13081526422468,27.53802544037447,33.533519080280854,37.13081526422468,False,False,3|constant|mobile|liquid|s1|g0|structured,structured,,mutate,False,5000.0
1,1501,1,p1g10_001,screen,957,10,creative_screen,mutate,"[""p1g4_050""]",5ed1b960bfec38e6,ok,True,partial,0.4381,55.438655088567394,63.19109181427899,58.345818860709244,55.438655088567394,False,False,3|switch|mobile|liquid|s1|g2|structured,structured,,mutate,False,2500.0
1,1502,1,p1g10_005,screen,957,10,creative_screen,mutate,"[""p4g1_037""]",256c369a73761118,ok,True,partial,0.1895,26.884723126142212,32.17453854357036,28.86840390767777,26.884723126142212,False,False,3|switch|still|liquid|s1|g0|structured,structured,,mutate,False,2500.0
1,1503,1,p1g10_013,screen,957,10,creative_screen,mutate,"[""p1g9_013""]",83e0c1b22c93cf2e,ok,True,partial,0.0,10.219119171665783,17.03186528610964,12.77389896458223,10.219119171665783,False,False,1|constant|still|frozen|s1|g2|mixed,mixed,,mutate,False,2500.0
1,1504,1,p1g10_018,screen,957,10,creative_screen,mutate,"[""p1g9_013""]",0b08e74588a93b52,ok,True,partial,0.0,21.174169253216654,35.290282088694426,26.46771156652082,21.174169253216654,False,False,1|constant|rotor|flicker|s1|g2|structured,structured,,mutate,False,2500.0
1,1505,1,p1g10_019,screen,957,10,creative_screen,mutate,"[""p1g1_050""]",7bae484bd7edc32c,ok,True,partial,0.2523,54.074236489051465,73.30372748175245,61.28529561131434,54.074236489051465,False,False,3|grow|rotor|liquid|s1|g2|mixed,mixed,,mutate,False,20000.0
1,1506,1,p1g10_020,screen,957,10,creative_screen,mutate,"[""p1g9_013""]",7e1f4bd8dc0677ff,ok,True,partial,0.5371,60.45424658381951,64.95041097303252,62.14030822977439,60.45424658381951,True,True,3|oscillator|mobile|liquid|s1|g2|structured,structured,,mutate,False,10000.0
1,1507,1,p1g10_021,screen,957,10,creative_screen,mutate,"[""p1g8_014""]",e544854c7b9b1747,ok,True,partial,0.0,16.896488064567368,28.160813440945613,21.12061008070921,16.896488064567368,False,False,3|constant|mobile|liquid|s1|g1|mixed,mixed,,mutate,False,2500.0
1,1508,1,p1g10_026,screen,957,10,creative_screen,mint_bilin,"[""p1g5_001""]",ec8cc398fb7ab853,ok,True,partial,0.1594,18.090229511996625,19.52371585332771,18.627786889995782,18.090229511996625,False,False,3|constant|still|liquid|s1|g0|structured,structured,,mint_bilin,False,2500.0
1,1509,1,p1g10_029,screen,957,10,creative_screen,mint_bilin,"[""p1g4_053""]",eae06e5ef655b755,ok,True,partial,0.3848,61.13479175498158,76.23798625830264,66.79848969372698,61.13479175498158,False,False,3|switch|rotor|liquid|s2|g2|structured,structured,,mint_bilin,False,20000.0
1,1510,1,p1g10_033,screen,957,10,creative_screen,mint_bilin,"[""p1g4_050""]",15be3ed2b78ba69e,ok,True,partial,0.6404,67.52803033335897,69.85338388893162,68.40003791669872,67.52803033335897,True,True,4|grow|mobile|liquid|s1|g2|structured,structured,,mint_bilin,False,5000.0
1,1511,1,p1g10_035,screen,957,10,creative_screen,mint_bilin,"[""p1g7_066""]",0883fa11fd893c82,ok,True,partial,0.0,13.446039575264026,22.410065958773377,16.807549469080033,13.446039575264026,False,False,2|constant|drift|flicker|s1|g0|mixed,mixed,,mint_bilin,False,2500.0
1,1512,1,p1g10_037,screen,957,10,creative_screen,mint_bilin,"[""p1g6_026""]",cf1fd3beb74e5e51,ok,True,partial,0.5169,64.52858943897178,73.08764906495296,67.73823679871472,64.52858943897178,True,True,3|switch|rotor|liquid|s2|g2|structured,structured,,mint_bilin,False,20000.0
1,1513,1,p1g10_053,screen,957,10,creative_screen,merge_spatial_ic,"[""p1g8_055"",""p1g8_055""]",8bd523c265dd37b3,ok,True,partial,0.0,12.154673735036189,20.25778955839365,15.193342168795237,12.154673735036189,False,False,2|oscillator|still|flicker|s1|g0|mixed,mixed,,merge_spatial_ic,True,2500.0
1,1514,1,p1g10_058,screen,957,10,creative_screen,merge_cross_edge,"[""p4g5_070"",""ref_iso_d0.65""]",71a3e78fc96363f8,ok,True,partial,0.5086,44.40175662837301,40.09626104728835,42.78719578546627,44.40175662837301,False,False,2|constant|mobile|liquid|s1|g2|structured,structured,,merge_cross_edge,False,2500.0
1,1515,1,p1g10_060,screen,957,10,creative_screen,merge_cross_edge,"[""p1g6_033"",""ref_iso_d0.75""]",b98c57da30bb7951,ok,True,partial,0.0,23.787355471709393,39.64559245284899,29.73419433963674,23.787355471709393,False,False,2|oscillator|drift|flicker|s1|g2|mixed,mixed,,merge_cross_edge,False,10000.0
1,1516,1,p1g10_063,screen,957,10,creative_screen,merge_slow_tanh,"[""p1g8_009"",""ref_iso_d0.75""]",a623f57eb9e65f1d,ok,True,partial,0.0,29.089789058480367,48.482981764133946,36.36223632310046,29.089789058480367,False,False,3|constant|drift|liquid|s1|g2|mixed,mixed,,merge_slow_tanh,False,2500.0
1,1517,1,p1g10_044,screen,957,10,creative_screen,add_chan,"[""p1g3_008""]",a25a06b56397fc3f,ok,True,partial,0.4512,62.71439237785846,74.44398729643076,67.11299047232308,62.71439237785846,True,True,3|grow|mobile|liquid|s1|g2|structured,structured,,add_chan,False,20000.0
1,1518,1,p1g10_045,screen,957,10,creative_screen,add_chan,"[""p1g5_028""]",5f26c793f0e67118,ok,True,partial,0.52,69.43598490551824,81.05997484253041,73.7949811318978,69.43598490551824,True,True,4|grow|mobile|liquid|s2|g1|structured,structured,,add_chan,False,20000.0
1,1519,1,p1g10_052,screen,957,10,creative_screen,merge_spatial_ic,"[""p1g1_052"",""p1g8_062""]",fa86cb8089d048d0,ok,True,partial,0.4222,67.68086573051168,84.65477621751948,74.0460821631396,67.68086573051168,True,True,4|grow|rotor|liquid|s2|g2|structured,structured,,merge_spatial_ic,True,20000.0
1,1520,1,p1g10_030,screen,957,10,creative_screen,mint_bilin,"[""p1g4_050""]",9ceb6c1c86b67ef0,ok,True,partial,0.4937,68.98291469838436,82.05819116397393,73.88614337298046,68.98291469838436,True,True,4|grow|mobile|liquid|s2|g2|structured,structured,,mint_bilin,False,20000.0
1,1521,1,p1g10_039,screen,957,10,creative_screen,mint_bilin,"[""p2g4_002""]",7e247502a46cdc0c,ok,True,partial,0.3836,59.43858285830527,73.49097143050878,64.70822857288158,59.43858285830527,False,False,3|switch|mobile|liquid|s1|g2|structured,structured,,mint_bilin,False,20000.0
1,1522,1,p1g10_048,screen,957,10,creative_screen,add_chan,"[""p6g4_021""]",433c3d0184147edf,ok,True,partial,0.736,78.58009001646884,81.90015002744808,79.82511252058606,78.58009001646884,True,True,4|grow|rotor|liquid|s2|g2|structured,structured,,add_chan,False,20000.0
1,1523,1,p1g10_006,screen,957,10,creative_screen,mutate,"[""p4g1_018""]",d534469953be10b4,ok,True,partial,0.0,41.0873987458964,68.47899790982734,51.35924843237051,41.0873987458964,False,False,3|switch|mobile|flicker|s1|g2|mixed,mixed,,mutate,False,5000.0
1,1524,1,p1g10_027,screen,957,10,creative_screen,mint_bilin,"[""p1g1_003""]",d850d8ca6fbad311,ok,True,partial,0.0,33.6105328973639,56.01755482893984,42.013166121704884,33.6105328973639,False,False,2|constant|rotor|liquid|s1|g2|mixed,mixed,,mint_bilin,False,5000.0
1,1525,1,p1g10_038,screen,957,10,creative_screen,mint_bilin,"[""p1g7_023""]",0b6b177288d9da87,ok,True,partial,0.5041,57.214647597857095,61.75107932976183,58.91580949732137,57.214647597857095,False,False,4|switch|mobile|liquid|s1|g0|structured,structured,,mint_bilin,False,5000.0
1,1526,1,p1g10_061,screen,957,10,creative_screen,merge_slow_tanh,"[""p1g8_066"",""ref_BFIELD_g0.05""]",570735ea05016ef3,ok,True,partial,0.2787,40.26646557651229,48.53077596085381,43.365581970640356,40.26646557651229,False,False,2|constant|rotor|liquid|s1|g2|structured,structured,,merge_slow_tanh,False,10000.0
1,1527,1,p1g10_043,screen,957,10,creative_screen,delete_bilin,"[""p1g2_003""]",956c2d6650dc1bdb,ok,True,partial,0.0,40.38783619017358,67.31306031695597,50.48479523771698,40.38783619017358,False,False,3|switch|drift|liquid|s1|g2|mixed,mixed,,delete_bilin,False,5000.0
1,1528,1,p1g10_047,screen,957,10,creative_screen,add_chan,"[""p1g4_016""]",4d132b54679d5d47,ok,True,partial,0.0,30.7680906203383,51.28015103389717,38.46011327542288,30.7680906203383,False,False,4|switch|rotor|flicker|s1|g2|mixed,mixed,,add_chan,False,2500.0
1,1529,1,p1g10_059,screen,957,10,creative_screen,merge_cross_edge,"[""p1g9_057"",""ref_iso_d0.65""]",5d345680d0552f0a,ok,True,partial,0.0,23.67236963098998,39.453949384983304,29.590462038737478,23.67236963098998,False,False,3|switch|still|liquid|s1|g0|mixed,mixed,,merge_cross_edge,False,2500.0
1,1530,1,p1g9_010_s2,seed2,958,9,selected_confirmation,seed2,"[""p1g9_010""]",40bc52dfc3586521,ok,True,partial,0.3904,48.270389187399644,54.423981978999414,50.57798648424956,48.270389187399644,False,False,3|switch|mobile|liquid|s1|g0|structured,structured,True,mutate,False,2500.0
1,1531,1,p1g9_016_s2,seed2,958,9,selected_confirmation,seed2,"[""p1g9_016""]",f4a0b44d6fde4407,ok,True,partial,0.0,11.543163234350837,19.23860539058473,14.428954042938548,11.543163234350837,False,False,2|switch|drift|gas|s1|g0|mixed,mixed,True,mutate,False,2500.0
1,1532,1,p1g9_051_s2,seed2,958,9,selected_confirmation,seed2,"[""p1g9_051""]",c0123eb3a0af9a2c,ok,True,partial,0.0,24.469290559879255,40.782150933132094,30.58661319984907,24.469290559879255,False,False,3|constant|drift|liquid|s1|g2|mixed,mixed,True,add_chan,False,2500.0
1,1533,1,p1g9_011_s2,seed2,958,9,selected_confirmation,seed2,"[""p1g9_011""]",32e455bdf74ebb2b,ok,True,partial,0.0,31.001028386601998,51.668380644336665,38.7512854832525,31.001028386601998,False,False,4|constant|mobile|liquid|s1|g2|mixed,mixed,True,mutate,False,2500.0
1,1534,1,p1g9_025_s2,seed2,958,9,selected_confirmation,seed2,"[""p1g9_025""]",008576bc85ca9f86,ok,True,partial,0.0,24.383171672304716,40.638619453841194,30.478964590380897,24.383171672304716,False,False,4|constant|still|liquid|s1|g2|mixed,mixed,True,mint_bilin,False,2500.0
1,1535,1,p1g9_059_s2,seed2,958,9,selected_confirmation,seed2,"[""p1g9_059""]",47c370993df9f652,ok,True,partial,0.0,22.520688086142496,37.534480143570825,28.15086010767812,22.520688086142496,False,False,4|oscillator|rotor|frozen|s1|g1|mixed,mixed,True,merge_cross_edge,False,2500.0
1,1536,1,p1g8_003_s3,seed3,959,8,selected_confirmation,seed3,"[""p1g8_003""]",660216f2522b8a89,ok,True,partial,0.0,4.650699827167687,7.751166378612812,5.813374783959609,4.650699827167687,False,False,2|constant|still|frozen|s1|g0|mixed,mixed,True,mutate,False,2500.0
1,1537,1,p1g8_007_s3,seed3,959,8,selected_confirmation,seed3,"[""p1g8_007""]",2720b5e6d04e364d,ok,True,partial,0.0,25.378658308738444,42.29776384789741,31.723322885923054,25.378658308738444,False,False,2|switch|still|liquid|s1|g2|mixed,mixed,True,mutate,False,2500.0
1,1538,1,p1g8_040_s3,seed3,959,8,selected_confirmation,seed3,"[""p1g8_040""]",3e8ae7d6fcb04428,ok,True,partial,0.0,17.055994941199952,28.426658235333253,21.31999367649994,17.055994941199952,False,False,3|oscillator|still|liquid|s1|g2|mixed,mixed,True,add_chan,False,2500.0
1,1539,1,p1g8_055_s3,seed3,959,8,selected_confirmation,seed3,"[""p1g8_055""]",8bd523c265dd37b3,ok,True,partial,0.0,12.950059871964692,21.583433119941155,16.187574839955865,12.950059871964692,False,False,3|oscillator|still|liquid|s1|g0|mixed,mixed,True,merge_spatial_ic,False,2500.0
1,1540,1,p1g10_012,screen,957,10,creative_screen,mutate,"[""p2g6_031""]",4fdbc8d4f33a44bd,ok,True,partial,0.4426,60.62158179612782,71.52930299354637,64.71197724515977,60.62158179612782,True,True,3|switch|rotor|flicker|s2|g2|mixed,mixed,,mutate,False,10000.0
1,1541,1,p1g10_014,screen,957,10,creative_screen,mutate,"[""p6g9_022""]",461b4f12d95a682c,ok,True,partial,0.0713,18.920918154198564,26.78153025699761,21.868647692748205,18.920918154198564,False,False,3|switch|drift|liquid|s1|g0|mixed,mixed,,mutate,False,2500.0
1,1542,1,p1g10_034,screen,957,10,creative_screen,mint_bilin,"[""p1g8_048""]",712b88769548ac9b,ok,True,partial,0.1055,45.08690043740068,68.11150072900114,53.721125546750855,45.08690043740068,False,False,4|grow|drift|frozen|s2|g2|structured,structured,,mint_bilin,False,10000.0
1,1543,1,p1g10_057,screen,957,10,creative_screen,merge_cross_edge,"[""p1g5_085"",""blk_p2g4_053""]",37fdb1abfbd0d55a,ok,True,partial,0.0,39.04156753329523,65.06927922215871,48.801959416619034,39.04156753329523,False,False,3|switch|mobile|liquid|s1|g2|mixed,mixed,,merge_cross_edge,False,2500.0
1,1544,1,p1g10_062,screen,957,10,creative_screen,merge_slow_tanh,"[""p10g0_ds6_000"",""ref_M0""]",03e4235790f0afcc,ok,True,partial,0.5511,61.85149873417683,66.34583122362805,63.53687341772104,61.85149873417683,True,True,3|switch|mobile|flicker|s1|g2|structured,structured,,merge_slow_tanh,False,2500.0
1,1545,1,p1g10_004,screen,957,10,creative_screen,mutate,"[""p5g3_062""]",32e8882a7f165294,ok,True,partial,0.0,20.46175416259343,34.102923604322385,25.57719270324179,20.46175416259343,False,False,4|constant|still|liquid|s1|g0|mixed,mixed,,mutate,False,2500.0
1,1546,1,p1g9_032_s2,seed2,958,9,selected_confirmation,seed2,"[""p1g9_032""]",f0690f7c81e100e2,ok,True,partial,0.5531,66.8953660510655,74.61894341844248,69.79170756383186,66.8953660510655,True,True,4|grow|rotor|flicker|s2|g2|structured,structured,True,mint_bilin,False,5000.0
1,1547,1,p1g9_046_s2,seed2,958,9,selected_confirmation,seed2,"[""p1g9_046""]",2d0f8a6de70a5420,ok,True,partial,0.4474,53.35605390920597,59.10008984867662,55.510067386507465,53.35605390920597,False,False,2|switch|mobile|liquid|s1|g1|structured,structured,True,add_chan,False,2500.0
1,1548,1,p1g9_062_s2,seed2,958,9,selected_confirmation,seed2,"[""p1g9_062""]",11eda4c569e4f100,ok,True,partial,0.1778,50.88675097666307,72.95791829443846,59.16343872082884,50.88675097666307,False,False,4|grow|rotor|liquid|s1|g2|structured,structured,True,merge_slow_tanh,False,10000.0
1,1549,1,p1g9_007_s2,seed2,958,9,selected_confirmation,seed2,"[""p1g9_007""]",b09aec5252694231,ok,True,partial,0.0147,18.41735954048996,29.715599234149938,22.654199425612454,18.41735954048996,False,False,2|oscillator|still|frozen|s1|g2|mixed,mixed,True,mutate,False,2500.0
1,1550,1,p1g9_001_s2,seed2,958,9,selected_confirmation,seed2,"[""p1g9_001""]",9b2ba2e3d2bfc508,ok,True,partial,0.0,25.799397682731456,42.99899613788576,32.24924710341432,25.799397682731456,False,False,2|switch|drift|liquid|s1|g2|mixed,mixed,True,mutate,False,2500.0
1,1551,1,p1g9_055_s2,seed2,958,9,selected_confirmation,seed2,"[""p1g9_055""]",8d704c6175fecffe,ok,True,partial,0.0247,21.203987645280243,33.69331274213374,25.887484556600306,21.203987645280243,False,False,3|oscillator|drift|frozen|s1|g2|structured,structured,True,merge_cross_edge,False,2500.0
1,1552,1,p1g8_002_s3,seed3,959,8,selected_confirmation,seed3,"[""p1g8_002""]",eb940a7e88702d14,ok,True,partial,0.3168,48.672420062344074,60.00070010390678,52.92052507793009,48.672420062344074,False,False,4|switch|drift|liquid|s1|g2|mixed,mixed,True,mutate,False,2500.0
1,1553,1,p1g8_014_s3,seed3,959,8,selected_confirmation,seed3,"[""p1g8_014""]",30cd3f4cfc591808,ok,True,partial,0.1417,27.612874158830802,36.574790264718004,30.973592698538503,27.612874158830802,False,False,3|constant|drift|liquid|s1|g1|structured,structured,True,mutate,False,2500.0
1,1554,1,p1g8_045_s3,seed3,959,8,selected_confirmation,seed3,"[""p1g8_045""]",520c5cfdb13c97f1,ok,True,partial,0.148,23.499636361794934,29.299393936324897,25.674545452243674,23.499636361794934,False,False,1|switch|drift|liquid|s1|g2|structured,structured,True,merge_spatial_ic,False,2500.0
1,1555,1,p1g8_062_s3,seed3,959,8,selected_confirmation,seed3,"[""p1g8_062""]",00b1d737ee707e06,ok,True,partial,0.0,19.56979117978513,32.61631863297522,24.462238974731417,19.56979117978513,False,False,3|constant|still|liquid|s1|g2|mixed,mixed,True,merge_spatial_ic,False,2500.0
1,1556,1,p1g8_063_s3,seed3,959,8,selected_confirmation,seed3,"[""p1g8_063""]",8682b73f9a4cfc74,ok,True,partial,0.0213,11.69245424424961,18.067423740416018,14.083067805312014,11.69245424424961,False,False,3|constant|still|frozen|s1|g1|mixed,mixed,True,merge_spatial_ic,False,2500.0
1,1557,1,p1g8_039_s3,seed3,959,8,selected_confirmation,seed3,"[""p1g8_039""]",060c77f9a2c1858d,ok,True,partial,0.0,37.09834775940866,61.830579599014435,46.372934699260824,37.09834775940866,False,False,4|grow|mobile|liquid|s1|g1|mixed,mixed,True,add_chan,False,2500.0
1,1558,1,p1g10_066,screen,957,10,creative_screen,immigrate,,8cdc425a3ffc1ee5,no_blobs,True,missing,,0.0,,,,False,False,,,,immigrate,False,
1,1559,1,p1g10_065,screen,957,10,creative_screen,immigrate,,f0f4d62ac1559254,no_blobs,True,missing,,0.0,,,,False,False,,,,immigrate,False,
1,1560,1,p1g10_068,screen,957,10,creative_screen,immigrate,,cf9d5596f3289f0f,no_blobs,True,missing,,0.0,,,,False,False,,,,immigrate,False,
1,1561,1,p1g10_064,screen,957,10,creative_screen,immigrate,,b3e148c303dcd2ce,ok,True,partial,0.0,0.0,0.0,0.0,0.0,False,False,1|constant|still|gas|s1|g0|mixed,mixed,,immigrate,False,2500.0
1,1562,1,p1g10_067,screen,957,10,creative_screen,immigrate,,44beaffe3d4225be,ok,True,partial,0.0,0.0,0.0,0.0,0.0,False,False,1|constant|still|gas|s1|g0|mixed,mixed,,immigrate,False,2500.0
1,1563,1,p1g8_066_s3,seed3,959,8,selected_confirmation,seed3,"[""p1g8_066""]",f9693712b31d3167,ok,True,partial,0.2709,32.78753664618497,36.585894410308285,34.21192080773121,32.78753664618497,False,False,1|constant|still|liquid|s1|g2|mixed,mixed,True,merge_cross_edge,False,10000.0
1,1564,1,p1g10_055,screen,957,10,creative_screen,merge_cross_edge,"[""p1g4_089"",""blk_engine_10748""]",fff2b9f18b62dee6,ok,True,partial,0.5752,51.907039842005126,48.165066403341875,50.50379980250641,51.907039842005126,False,False,2|constant|mobile|liquid|s1|g0|structured,structured,,merge_cross_edge,False,2500.0
1,1565,1,p1g11_011,screen,957,11,creative_screen,mutate,"[""p1g7_068""]",f6355104ec7d8a20,fail_g0a,True,missing,,,,,,False,False,,,,mutate,False,
1,1566,1,p1g10_031_s2,seed2,958,10,selected_confirmation,seed2,"[""p1g10_031""]",57d68df04cb4b16e,ok,True,partial,0.134,37.539555355465616,53.632592259109366,43.574444194332024,37.539555355465616,False,False,2|grow|drift|liquid|s1|g2|structured,structured,True,mint_bilin,False,5000.0
1,1567,1,p1g11_024,screen,957,11,creative_screen,mint_bilin,"[""p1g4_016""]",82ed959f89554d00,ok,True,partial,0.0,35.625937547882415,59.37656257980402,44.53242193485302,35.625937547882415,False,False,4|switch|rotor|liquid|s1|g1|mixed,mixed,,mint_bilin,False,2500.0
1,1568,1,p1g11_031,screen,957,11,creative_screen,mint_bilin,"[""p1g6_033""]",5677743811c7ed27,ok,True,partial,0.0,20.506356964096955,34.17726160682826,25.632946205121193,20.506356964096955,False,False,2|constant|mobile|flicker|s1|g2|mixed,mixed,,mint_bilin,False,2500.0
1,1569,1,p1g11_044,screen,957,11,creative_screen,add_chan,"[""p3g6_061""]",47b524f0004df9f0,ok,True,partial,0.0,18.546990307472583,30.911650512454308,23.18373788434073,18.546990307472583,False,False,1|switch|rotor|flicker|s1|g0|mixed,mixed,,add_chan,False,2500.0
1,1570,1,p1g11_045,screen,957,11,creative_screen,add_chan,"[""p3g6_061""]",f335e3171a6179b6,ok,True,partial,0.0,40.778707934932726,67.96451322488788,50.973384918665914,40.778707934932726,False,False,2|grow|mobile|liquid|s1|g2|mixed,mixed,,add_chan,False,20000.0
1,1571,1,p1g11_057,screen,957,11,creative_screen,merge_cross_edge,"[""p1g2_023"",""ref_M0""]",28bd4396bf195935,ok,True,partial,0.5349,59.74461700353695,63.91436167256158,61.308271254421186,59.74461700353695,True,False,3|grow|mobile|liquid|s1|g2|structured,structured,,merge_cross_edge,False,2500.0
1,1572,1,p1g11_059,screen,957,11,creative_screen,merge_cross_edge,"[""p1g2_008"",""blk_engine_10748""]",725c25d14fecdf11,ok,True,partial,0.5174,60.13975828214796,65.73959713691328,62.239697852684955,60.13975828214796,True,True,3|switch|mobile|liquid|s1|g2|structured,structured,,merge_cross_edge,False,2500.0
1,1573,1,p1g11_060,screen,957,11,creative_screen,merge_cross_edge,"[""p6g1_043"",""ref_iso_d0.75""]",841a75290e950632,ok,True,partial,0.38,45.88384871437604,51.13974785729341,47.85481089297006,45.88384871437604,False,False,3|switch|rotor|liquid|s1|g0|structured,structured,,merge_cross_edge,False,2500.0
1,1574,1,p1g11_061,screen,957,11,creative_screen,merge_cross_edge,"[""p1g4_089"",""blk_p1g6_041""]",a75cd7e8952500b1,ok,True,partial,0.0,24.217347161888675,40.36224526981446,30.271683952360846,24.217347161888675,False,False,4|constant|still|flicker|s1|g0|mixed,mixed,,merge_cross_edge,False,2500.0
1,1575,1,p1g11_052,screen,957,11,creative_screen,merge_spatial_ic,"[""p1g9_057"",""p1g9_001""]",0874c764ff8070bf,ok,True,partial,0.0,17.651974112747762,29.419956854579603,22.064967640934704,17.651974112747762,False,False,2|constant|still|liquid|s1|g0|mixed,mixed,,merge_spatial_ic,True,2500.0
1,1576,1,p1g9_057_s3,seed3,959,9,selected_confirmation,seed3,"[""p1g9_057""]",0874c764ff8070bf,ok,True,partial,0.0,20.037785125959417,33.3963085432657,25.047231407449274,20.037785125959417,False,False,2|constant|drift|liquid|s1|g0|mixed,mixed,True,merge_cross_edge,False,2500.0
1,1577,1,p1g9_064_s3,seed3,959,9,selected_confirmation,seed3,"[""p1g9_064""]",a32b3b27b31b075d,ok,True,partial,0.0,17.43002625,29.05004375,21.7875328125,17.43002625,False,False,3|constant|still|flicker|s1|g2|mixed,mixed,True,merge_slow_tanh,False,2500.0
1,1578,1,p1g10_019_s2,seed2,958,10,selected_confirmation,seed2,"[""p1g10_019""]",7bae484bd7edc32c,ok,True,partial,0.2691,56.531283372751474,76.27880562125246,63.93660421593935,56.531283372751474,False,False,3|switch|rotor|liquid|s1|g2|mixed,mixed,True,mutate,False,20000.0
1,1579,1,p1g10_042_s2,seed2,958,10,selected_confirmation,seed2,"[""p1g10_042""]",649650071954f42d,ok,True,partial,0.5271,43.193630264561776,36.849383774269626,40.81453783070222,43.193630264561776,False,False,4|constant|mobile|liquid|s1|g2|structured,structured,True,delete_bilin,False,10000.0
1,1580,1,p1g10_022_s2,seed2,958,10,selected_confirmation,seed2,"[""p1g10_022""]",4aa290f5c5576d0b,ok,True,partial,0.5805,72.77884747002824,82.59807911671373,76.4610593375353,72.77884747002824,True,True,3|grow|rotor|flicker|s3|g2|structured,structured,True,mint_bilin,False,20000.0
1,1581,1,p1g10_048_s2,seed2,958,10,selected_confirmation,seed2,"[""p1g10_048""]",433c3d0184147edf,ok,True,partial,0.5525,69.56319775987699,79.10532959979497,73.14149719984623,69.56319775987699,True,True,4|grow|rotor|liquid|s1|g2|structured,structured,True,add_chan,False,20000.0
1,1582,1,p1g9_023_s3,seed3,959,9,selected_confirmation,seed3,"[""p1g9_023""]",0e2a80eead09f677,ok,True,partial,0.5515,69.79810809088359,79.563513484806,73.4601351136045,69.79810809088359,True,True,4|grow|rotor|flicker|s1|g2|structured,structured,True,mint_bilin,False,20000.0
1,1583,1,p1g9_024_s3,seed3,959,9,selected_confirmation,seed3,"[""p1g9_024""]",986518e2fcff4f95,ok,True,partial,0.6534,77.03626705164123,84.83377841940207,79.96033381455155,77.03626705164123,True,True,4|switch|rotor|liquid|s3|g2|structured,structured,True,mint_bilin,False,20000.0
1,1584,1,p1g9_042_s3,seed3,959,9,selected_confirmation,seed3,"[""p1g9_042""]",2aa0708294418d2b,ok,True,partial,0.5764,69.64351193402068,77.64585322336781,72.64438991752586,69.64351193402068,True,True,3|grow|rotor|flicker|s2|g2|structured,structured,True,delete_bilin,False,20000.0
1,1585,1,p1g9_022_s3,seed3,959,9,selected_confirmation,seed3,"[""p1g9_022""]",3713c73bc9dd141a,ok,True,partial,0.5467,72.40314819407153,84.22524699011922,76.83643524258942,72.40314819407153,True,True,4|grow|rotor|liquid|s2|g2|structured,structured,True,mint_bilin,False,20000.0
1,1586,1,p1g10_040_s2,seed2,958,10,selected_confirmation,seed2,"[""p1g10_040""]",a7a35a3c26075296,ok,True,partial,0.4092,65.4161133566495,81.74685559441583,71.54014169581188,65.4161133566495,True,True,4|grow|rotor|liquid|s2|g1|structured,structured,True,delete_bilin,False,20000.0
1,1587,1,p1g10_020_s2,seed2,958,10,selected_confirmation,seed2,"[""p1g10_020""]",7e1f4bd8dc0677ff,ok,True,partial,0.3503,55.157268230074756,68.5754470501246,60.18908528759345,55.157268230074756,False,False,3|oscillator|mobile|liquid|s1|g2|structured,structured,True,mutate,False,10000.0
1,1588,1,p1g10_060_s2,seed2,958,10,selected_confirmation,seed2,"[""p1g10_060""]",b98c57da30bb7951,ok,True,partial,0.0,28.118249157196367,46.86374859532728,35.14781144649546,28.118249157196367,False,False,2|constant|mobile|flicker|s1|g2|mixed,mixed,True,merge_cross_edge,False,10000.0
1,1589,1,p1g10_012_s2,seed2,958,10,selected_confirmation,seed2,"[""p1g10_012""]",4fdbc8d4f33a44bd,ok,True,partial,0.4289,59.57422559435,70.69704265725,63.74528199293749,59.57422559435,True,False,3|switch|mobile|flicker|s2|g2|mixed,mixed,True,mutate,False,10000.0
1,1590,1,p1g10_034_s2,seed2,958,10,selected_confirmation,seed2,"[""p1g10_034""]",712b88769548ac9b,ok,True,partial,0.1179,45.266481597871994,67.58413599645333,53.63560199734,45.266481597871994,False,False,4|grow|drift|frozen|s2|g2|structured,structured,True,mint_bilin,False,10000.0
1,1591,1,p1g9_031_s3,seed3,959,9,selected_confirmation,seed3,"[""p1g9_031""]",4459dd9f1a75dbe1,ok,True,partial,0.6134,74.27175770135007,82.89292950225011,77.50469712668757,74.27175770135007,True,True,4|grow|mobile|liquid|s2|g2|structured,structured,True,mint_bilin,False,10000.0
1,1592,1,p1g9_062_s3,seed3,959,9,selected_confirmation,seed3,"[""p1g9_062""]",11eda4c569e4f100,ok,True,partial,0.171,47.71244987641732,68.12074979402885,55.36556234552164,47.71244987641732,False,False,4|grow|rotor|liquid|s1|g2|structured,structured,True,merge_slow_tanh,False,10000.0
1,1593,1,p1g9_013_s3,seed3,959,9,selected_confirmation,seed3,"[""p1g9_013""]",32e73d69fe198380,ok,True,partial,0.7086,76.7840965481866,80.73349424697767,78.26512068523326,76.7840965481866,True,True,3|switch|rotor|liquid|s2|g2|structured,structured,True,mutate,False,10000.0
1,1594,1,p1g9_036_s3,seed3,959,9,selected_confirmation,seed3,"[""p1g9_036""]",efd22b5c4bbb51ac,ok,True,partial,0.0837,40.80672425562141,62.43120709270236,48.91590531952677,40.80672425562141,False,False,4|grow|rotor|frozen|s1|g2|mixed,mixed,True,mint_bilin,False,10000.0
1,1595,1,p1g10_056_s2,seed2,958,10,selected_confirmation,seed2,"[""p1g10_056""]",4c655165195c5e81,ok,True,partial,0.031,25.478543870759598,40.397573117932666,31.073179838449498,25.478543870759598,False,False,3|switch|still|frozen|s1|g2|mixed,mixed,True,merge_cross_edge,False,5000.0
1,1596,1,p1g10_038_s2,seed2,958,10,selected_confirmation,seed2,"[""p1g10_038""]",0b6b177288d9da87,ok,True,partial,0.6781,63.852170410361666,61.213617350602775,62.862713012952085,63.852170410361666,True,True,4|switch|mobile|liquid|s1|g0|structured,structured,True,mint_bilin,False,5000.0
1,1597,1,p1g9_032_s3,seed3,959,9,selected_confirmation,seed3,"[""p1g9_032""]",f0690f7c81e100e2,ok,True,partial,0.5324,65.97454707960776,74.4642451326796,69.1581838495097,65.97454707960776,True,True,4|grow|mobile|flicker|s2|g2|structured,structured,True,mint_bilin,False,5000.0
1,1598,1,p1g11_000,screen,957,11,creative_screen,mutate,"[""p1g7_052""]",12afa15cbea8a945,ok,True,partial,0.6121,73.04661688113798,80.93769480189663,76.00577110142247,73.04661688113798,True,True,4|grow|mobile|liquid|s2|g2|structured,structured,,mutate,False,10000.0
1,1599,1,p1g11_003,screen,957,11,creative_screen,mutate,"[""p1g2_049""]",7865e810893ea91c,ok,True,partial,0.365,55.84797729935151,68.74662883225253,60.684971624189394,55.84797729935151,False,False,3|switch|mobile|liquid|s1|g2|structured,structured,,mutate,False,5000.0
1,1600,1,p1g11_007,screen,957,11,creative_screen,mutate,"[""p1g1_052""]",b259aced1fad5d39,ok,True,partial,0.5826,64.00816798635782,67.84027997726302,65.44520998294726,64.00816798635782,True,True,4|switch|mobile|liquid|s1|g2|structured,structured,,mutate,False,2500.0
1,1601,1,p1g11_009,screen,957,11,creative_screen,mutate,"[""p1g1_052""]",4ec485177b6dfa12,ok,True,partial,0.3646,50.82454049055947,60.40090081759912,54.41567561319935,50.82454049055947,False,False,3|grow|mobile|liquid|s1|g2|structured,structured,,mutate,False,2500.0
1,1602,1,p1g11_013,screen,957,11,creative_screen,mutate,"[""p1g7_052""]",b17dff77f20eb54a,ok,True,partial,0.0,3.1106715418843724,5.184452569807288,3.888339427355466,3.1106715418843724,False,False,2|constant|still|frozen|s1|g0|mixed,mixed,,mutate,False,2500.0
1,1603,1,p1g11_015,screen,957,11,creative_screen,mutate,"[""p1g1_052""]",27c1cf911908e5d1,ok,True,partial,0.5204,46.257829415513754,42.403049025856255,44.81228676939219,46.257829415513754,False,False,2|grow|mobile|liquid|s1|g0|structured,structured,,mutate,False,2500.0
1,1604,1,p1g11_018,screen,957,11,creative_screen,mutate,"[""p1g5_067""]",9d8d05ca40ad6d42,ok,True,partial,0.0949,25.185483023867658,35.64913837311276,29.10935377983457,25.185483023867658,False,False,3|oscillator|drift|liquid|s1|g2|structured,structured,,mutate,False,2500.0
1,1605,1,p1g11_019,screen,957,11,creative_screen,mutate,"[""p2g4_041""]",9f08842d7cf9bec7,ok,True,partial,0.3003,51.879778851193755,66.44629808532292,57.34222356399219,51.879778851193755,False,False,4|switch|drift|liquid|s1|g2|structured,structured,,mutate,False,10000.0
1,1606,1,p1g11_020,screen,957,11,creative_screen,mutate,"[""p1g2_049""]",81641001f2d9e94b,ok,True,partial,0.3764,49.55324853617692,57.49541422696155,52.53156067022117,49.55324853617692,False,False,4|switch|mobile|liquid|s1|g2|structured,structured,,mutate,False,2500.0
1,1607,1,p1g11_025,screen,957,11,creative_screen,mint_bilin,"[""p1g9_022""]",cdf870268ddf1604,ok,True,partial,0.2734,49.39126773170794,64.0921128861799,54.90408466463493,49.39126773170794,False,False,3|grow|mobile|liquid|s1|g2|structured,structured,,mint_bilin,False,5000.0
1,1608,1,p1g11_032,screen,957,11,creative_screen,mint_bilin,"[""p2g7_039""]",c3c6022fdbd4edf9,ok,True,partial,0.5587,73.66207072462572,85.52345120770953,78.11008840578215,73.66207072462572,True,True,4|grow|rotor|liquid|s3|g2|structured,structured,,mint_bilin,False,20000.0
1,1609,1,p1g11_034,screen,957,11,creative_screen,mint_bilin,"[""p5g7_040""]",f7e8f346fac24e7d,ok,True,partial,0.4519,65.64987548414685,79.28979247357807,70.76484435518356,65.64987548414685,True,True,4|grow|rotor|liquid|s2|g2|structured,structured,,mint_bilin,False,20000.0
1,1610,1,p1g11_037,screen,957,11,creative_screen,mint_bilin,"[""p1g10_022""]",dc91ecddb26ab78a,ok,True,partial,0.4609,65.62426336737477,78.64710561229128,70.50782920921846,65.62426336737477,True,True,2|grow|rotor|liquid|s3|g2|structured,structured,,mint_bilin,False,20000.0
1,1611,1,p1g11_038,screen,957,11,creative_screen,mint_bilin,"[""p1g7_052""]",f10d7d7acdbdeec0,ok,True,partial,0.3507,62.23283695794441,80.34139492990735,69.02354619743052,62.23283695794441,False,False,4|grow|rotor|liquid|s2|g2|structured,structured,,mint_bilin,False,10000.0
1,1612,1,p1g11_049,screen,957,11,creative_screen,add_chan,"[""p1g10_048""]",fa0db340a7dfbc17,ok,True,partial,0.4035,54.3654926179339,63.70915436322318,57.86936577241738,54.3654926179339,False,False,3|switch|mobile|liquid|s1|g2|structured,structured,,add_chan,False,2500.0
1,1613,1,p1g11_051,screen,957,11,creative_screen,add_chan,"[""p1g9_013""]",acef47d96865032f,ok,True,partial,0.5204,59.065041933970875,63.7484032232848,60.82130241746359,59.065041933970875,True,False,2|switch|mobile|liquid|s1|g2|structured,structured,,add_chan,False,10000.0
1,1614,1,p1g11_063,screen,957,11,creative_screen,merge_cross_edge,"[""p1g3_027"",""ref_iso_d0.75""]",19aa1c201562d777,ok,True,partial,0.5309,64.09900170338858,71.4383361723143,66.85125212923572,64.09900170338858,True,True,4|switch|rotor|liquid|s1|g2|structured,structured,,merge_cross_edge,False,2500.0
1,1615,1,p1g11_064,screen,957,11,creative_screen,merge_slow_tanh,"[""p4g5_070"",""ref_M4_tau5.7""]",1217e77c5ae79591,ok,True,partial,0.4208,41.738625254309575,41.51104209051596,41.653281567886964,41.738625254309575,False,False,2|switch|mobile|liquid|s1|g2|structured,structured,,merge_slow_tanh,False,2500.0
1,1616,1,p1g11_002,screen,957,11,creative_screen,mutate,"[""p6g9_038""]",9b906260964aaf16,ok,True,partial,0.0,9.945034271718686,16.575057119531145,12.431292839648359,9.945034271718686,False,False,1|constant|still|frozen|s1|g2|mixed,mixed,,mutate,False,2500.0
1,1617,1,p1g11_005,screen,957,11,creative_screen,mutate,"[""p6g6_032""]",71b15e52fc3fe4bf,ok,True,partial,0.4274,54.752105702539325,62.76017617089889,57.75513212817417,54.752105702539325,False,False,3|switch|mobile|liquid|s1|g2|structured,structured,,mutate,False,2500.0
1,1618,1,p1g11_006,screen,957,11,creative_screen,mutate,"[""p1g4_025""]",7291f614d509a9c1,ok,True,partial,0.3117,49.82825990527148,62.267099842119144,54.49282488158936,49.82825990527148,False,False,3|switch|mobile|liquid|s1|g2|structured,structured,,mutate,False,5000.0
1,1619,1,p1g11_014,screen,957,11,creative_screen,mutate,"[""p1g4_050""]",4d61bfc3537b29e3,ok,True,partial,0.3665,53.31087787839934,64.41812979733224,57.47609734799918,53.31087787839934,False,False,3|grow|mobile|liquid|s1|g2|structured,structured,,mutate,False,5000.0
1,1620,1,p1g11_016,screen,957,11,creative_screen,mutate,"[""p1g4_050""]",8398cbd700d8eb18,ok,True,partial,0.0,3.1132902175213037,5.188817029202173,3.89161277190163,3.1132902175213037,False,False,2|constant|still|frozen|s1|g0|mixed,mixed,,mutate,False,2500.0
1,1621,1,p1g11_021,screen,957,11,creative_screen,mutate,"[""p1g1_050""]",5d60b1dcae1e90b6,ok,True,partial,0.346,56.25933550466546,70.69889250777577,61.67416938083182,56.25933550466546,False,False,3|switch|mobile|liquid|s1|g2|structured,structured,,mutate,False,2500.0
1,1622,1,p1g11_023,screen,957,11,creative_screen,mint_bilin,"[""p1g4_050""]",11e30203660016d7,ok,True,partial,0.3194,30.278819192028564,29.171365320047606,29.863523990035702,30.278819192028564,False,False,4|constant|drift|liquid|s1|g2|structured,structured,,mint_bilin,False,2500.0
1,1623,1,p1g11_036,screen,957,11,creative_screen,mint_bilin,"[""p1g7_052""]",a866632f7e79ce3f,ok,True,partial,0.4312,67.70188558621916,84.08980931036528,73.84735698277396,67.70188558621916,True,True,4|grow|rotor|liquid|s2|g2|structured,structured,,mint_bilin,False,20000.0
1,1624,1,p1g11_047,screen,957,11,creative_screen,add_chan,"[""p1g10_048""]",b0c8b1ac637ea355,ok,True,partial,0.4405,66.92668644673118,82.17781074455198,72.64585805841398,66.92668644673118,True,True,4|grow|rotor|liquid|s2|g2|structured,structured,,add_chan,False,20000.0
1,1625,1,p1g11_048,screen,957,11,creative_screen,add_chan,"[""p1g3_050""]",c6a0e9c1716c1715,ok,True,partial,0.1316,45.399570781228576,66.89261796871429,53.45946347653572,45.399570781228576,False,False,4|grow|rotor|flicker|s1|g2|mixed,mixed,,add_chan,False,10000.0
1,1626,1,p1g11_055,screen,957,11,creative_screen,merge_spatial_ic,"[""p1g1_052"",""p1g3_010""]",fa86cb8089d048d0,ok,True,partial,0.6282,76.55238145944875,85.70730243241458,79.98547682431094,76.55238145944875,True,True,4|grow|mobile|liquid|s3|g2|structured,structured,,merge_spatial_ic,True,20000.0
1,1627,1,p1g11_058,screen,957,11,creative_screen,merge_cross_edge,"[""p2g4_062"",""blk_p1g2_008""]",7d81cca80f4b565b,ok,True,partial,0.5799,62.35041920232313,65.25736533720523,63.44052400290393,62.35041920232313,True,True,4|grow|mobile|liquid|s1|g2|structured,structured,,merge_cross_edge,False,5000.0
1,1628,1,p1g11_004,screen,957,11,creative_screen,mutate,"[""p1g5_028""]",0c26eab9d7fe2fe1,ok,True,partial,0.5622,61.211215470917075,64.53869245152846,62.45901933864635,61.211215470917075,True,True,3|grow|mobile|liquid|s1|g1|structured,structured,,mutate,False,10000.0
1,1629,1,p1g11_022,screen,957,11,creative_screen,mint_bilin,"[""p1g4_050""]",22044b186cef108c,ok,True,partial,0.5046,68.41544282353561,80.38573803922601,72.90430352941951,68.41544282353561,True,True,4|grow|mobile|liquid|s2|g2|structured,structured,,mint_bilin,False,20000.0
1,1630,1,p1g11_027,screen,957,11,creative_screen,mint_bilin,"[""p1g10_048""]",d7dd4da3653006fa,ok,True,partial,0.481,61.57114234088456,70.55190390147428,64.9389279261057,61.57114234088456,True,True,4|switch|mobile|liquid|s1|g2|structured,structured,,mint_bilin,False,2500.0
1,1631,1,p1g11_030,screen,957,11,creative_screen,mint_bilin,"[""p1g5_028""]",c77d30d26dc7ec2a,ok,True,partial,0.6188,73.80370017533171,81.75283362555285,76.78462521916464,73.80370017533171,True,True,4|grow|mobile|liquid|s2|g1|structured,structured,,mint_bilin,False,20000.0
1,1632,1,p1g11_033,screen,957,11,creative_screen,mint_bilin,"[""p3g6_036""]",66b67495c557dfbd,ok,True,partial,0.4385,59.20890618022954,69.44817696704924,63.04863272528693,59.20890618022954,True,False,4|switch|rotor|flicker|s1|g1|structured,structured,,mint_bilin,False,2500.0
1,1633,1,p1g11_035,screen,957,11,creative_screen,mint_bilin,"[""p1g2_075""]",d9cd08b82407fc58,ok,True,partial,0.0,24.77810975547278,41.296849592454635,30.972637194340976,24.77810975547278,False,False,3|constant|mobile|flicker|s1|g2|mixed,mixed,,mint_bilin,False,2500.0
1,1634,1,p1g11_040,screen,957,11,creative_screen,delete_bilin,"[""p1g10_048""]",6c8bfe6ffd6b37ea,ok,True,partial,0.6888,73.52415285218399,76.62025475363997,74.68519106522997,73.52415285218399,True,True,4|grow|rotor|flicker|s1|g2|structured,structured,,delete_bilin,False,20000.0
1,1635,1,p1g11_043,screen,957,11,creative_screen,delete_bilin,"[""p1g10_048""]",14b3f7c08d2701ed,ok,True,partial,0.8185,74.5464560559511,69.6774267599185,72.72057006993887,74.5464560559511,True,True,4|switch|rotor|flicker|s1|g2|structured,structured,,delete_bilin,False,2500.0
1,1636,1,p1g11_050,screen,957,11,creative_screen,add_chan,"[""p1g9_036""]",a23109d0ecf8321c,ok,True,partial,0.4211,47.197929772560336,50.58988295426723,48.46991221570042,47.197929772560336,False,False,3|constant|rotor|liquid|s1|g2|structured,structured,,add_chan,False,2500.0
1,1637,1,p1g11_054,screen,957,11,creative_screen,merge_spatial_ic,"[""p1g8_062"",""p1g1_049""]",00b1d737ee707e06,ok,True,partial,0.0,19.455662496574934,32.426104160958225,24.319578120718667,19.455662496574934,False,False,3|switch|drift|liquid|s1|g2|mixed,mixed,,merge_spatial_ic,True,2500.0
1,1638,1,p1g11_001,screen,957,11,creative_screen,mutate,"[""p1g9_025""]",e1fd7549f34a4404,ok,True,partial,0.0,37.66592655456703,62.77654425761172,47.08240819320879,37.66592655456703,False,False,4|switch|mobile|liquid|s1|g2|mixed,mixed,,mutate,False,2500.0
1,1639,1,p1g11_008,screen,957,11,creative_screen,mutate,"[""p1g6_050""]",cb034e45d10df5b3,ok,True,partial,0.5486,49.58087668529336,46.06146114215561,48.261095856616706,49.58087668529336,False,False,3|switch|mobile|liquid|s1|g0|structured,structured,,mutate,False,2500.0
1,1640,1,p1g11_010,screen,957,11,creative_screen,mutate,"[""p1g9_001""]",7ee02387dea7064d,ok,True,partial,0.0,31.424229682095635,52.37371613682606,39.280287102619546,31.424229682095635,False,False,2|switch|drift|liquid|s1|g2|mixed,mixed,,mutate,False,5000.0
1,1641,1,p1g11_017,screen,957,11,creative_screen,mutate,"[""p1g1_035""]",eec17dd0c735bd9b,ok,True,partial,0.2788,43.73767075362874,54.3094512560479,47.70208844203592,43.73767075362874,False,False,2|grow|rotor|liquid|s1|g2|structured,structured,,mutate,False,2500.0
1,1642,1,p1g11_039,screen,957,11,creative_screen,mint_bilin,"[""p1g9_059""]",5f511b5a0cbc36c8,ok,True,partial,0.0,20.19948929807254,33.665815496787566,25.249361622590676,20.19948929807254,False,False,4|oscillator|drift|liquid|s1|g1|mixed,mixed,,mint_bilin,False,2500.0
1,1643,1,p1g11_041,screen,957,11,creative_screen,delete_bilin,"[""p6g7_028""]",dea7994c8dfda98f,ok,True,partial,0.3286,55.64812503298752,70.84020838831255,61.34515629123442,55.64812503298752,False,False,3|switch|mobile|liquid|s1|g2|structured,structured,,delete_bilin,False,20000.0
1,1644,1,p1g11_042,screen,957,11,creative_screen,delete_bilin,"[""p6g9_024""]",c12ecee8c627b141,ok,True,partial,0.4244,53.8370439250701,61.43507320845016,56.686304906337625,53.8370439250701,False,False,4|switch|mobile|liquid|s1|g0|structured,structured,,delete_bilin,False,2500.0
1,1645,1,p1g11_046,screen,957,11,creative_screen,add_chan,"[""p1g2_003""]",3f62c429242e2ab5,ok,True,partial,0.0548,43.75294163352381,69.26823605587302,53.32117704190476,43.75294163352381,False,False,3|switch|mobile|liquid|s1|g2|mixed,mixed,,add_chan,False,10000.0
1,1646,1,p1g11_053,screen,957,11,creative_screen,merge_spatial_ic,"[""p6g8_061"",""p1g10_056""]",0849acc60943ebb4,ok,True,partial,0.5881,61.70951388662618,63.64252314437698,62.434392358282736,61.70951388662618,True,True,2|grow|mobile|liquid|s1|g2|structured,structured,,merge_spatial_ic,True,10000.0
1,1647,1,p1g11_056,screen,957,11,creative_screen,merge_spatial_ic,"[""p1g3_024"",""p1g5_007""]",b25e612be02566b2,ok,True,partial,0.1137,21.170125667940148,27.703542779900243,23.620157084925182,21.170125667940148,False,False,4|constant|drift|liquid|s1|g2|structured,structured,,merge_spatial_ic,True,2500.0
1,1648,1,p1g11_012,screen,957,11,creative_screen,mutate,"[""p1g9_055""]",328c565b0d018581,ok,True,partial,0.0271,21.869706563183524,34.64284427197254,26.659633203979407,21.869706563183524,False,False,3|oscillator|drift|frozen|s1|g2|mixed,mixed,,mutate,False,5000.0
1,1649,1,p1g11_026,screen,957,11,creative_screen,mint_bilin,"[""p1g8_039""]",4c925f5e83d67e59,ok,True,partial,0.0,37.72039835081898,62.86733058469831,47.15049793852373,37.72039835081898,False,False,4|grow|mobile|liquid|s1|g1|mixed,mixed,,mint_bilin,False,5000.0
1,1650,1,p1g11_028,screen,957,11,creative_screen,mint_bilin,"[""p1g3_041""]",ab6ccbfe8f8ec1bc,ok,True,partial,0.0,25.981461417126273,43.302435695210455,32.47682677140784,25.981461417126273,False,False,3|constant|mobile|frozen|s1|g2|mixed,mixed,,mint_bilin,False,2500.0
1,1651,1,p1g10_032_s2,seed2,958,10,selected_confirmation,seed2,"[""p1g10_032""]",1935b0d2ef94c950,ok,True,partial,0.0,4.677956172785181,7.796593621308634,5.847445215981476,4.677956172785181,False,False,2|constant|still|frozen|s1|g0|mixed,mixed,True,mint_bilin,False,2500.0
1,1652,1,p1g10_046_s2,seed2,958,10,selected_confirmation,seed2,"[""p1g10_046""]",19ecd1ea99fe9efe,ok,True,partial,0.0,11.866530628944433,19.777551048240724,14.833163286180543,11.866530628944433,False,False,3|constant|still|frozen|s1|g2|structured,structured,True,add_chan,False,2500.0
1,1653,1,p1g10_049_s2,seed2,958,10,selected_confirmation,seed2,"[""p1g10_049""]",5533b0810599267e,ok,True,partial,0.6646,69.59808291739344,71.69013819565575,70.38260364674181,69.59808291739344,True,True,2|grow|mobile|liquid|s2|g2|structured,structured,True,add_chan,False,5000.0
1,1654,1,p1g10_005_s2,seed2,958,10,selected_confirmation,seed2,"[""p1g10_005""]",256c369a73761118,ok,True,partial,0.1759,26.396496689525293,32.26749448254216,28.598120861906622,26.396496689525293,False,False,3|switch|still|liquid|s1|g0|structured,structured,True,mutate,False,2500.0
1,1655,1,p1g10_013_s2,seed2,958,10,selected_confirmation,seed2,"[""p1g10_013""]",83e0c1b22c93cf2e,ok,True,partial,0.0,10.186353523103186,16.977255871838643,12.732941903878983,10.186353523103186,False,False,1|constant|still|frozen|s1|g2|mixed,mixed,True,mutate,False,2500.0
1,1656,1,p1g10_021_s2,seed2,958,10,selected_confirmation,seed2,"[""p1g10_021""]",e544854c7b9b1747,ok,True,partial,0.0,16.827171457711906,28.04528576285318,21.033964322139884,16.827171457711906,False,False,3|constant|mobile|liquid|s1|g1|mixed,mixed,True,mutate,False,2500.0
1,1657,1,p1g10_063_s2,seed2,958,10,selected_confirmation,seed2,"[""p1g10_063""]",a623f57eb9e65f1d,ok,True,partial,0.0,18.858994840516193,31.43165806752699,23.57374355064524,18.858994840516193,False,False,4|constant|drift|frozen|s1|g2|mixed,mixed,True,merge_slow_tanh,False,2500.0
1,1658,1,p1g10_014_s2,seed2,958,10,selected_confirmation,seed2,"[""p1g10_014""]",461b4f12d95a682c,ok,True,partial,0.0699,18.87635914571207,26.800598576186786,21.84794893214009,18.87635914571207,False,False,3|switch|drift|liquid|s1|g0|mixed,mixed,True,mutate,False,2500.0
1,1659,1,p1g10_062_s2,seed2,958,10,selected_confirmation,seed2,"[""p1g10_062""]",03e4235790f0afcc,ok,True,partial,0.5508,61.81404867035469,66.30341445059115,63.497560837943354,61.81404867035469,True,True,3|switch|mobile|flicker|s1|g2|structured,structured,True,merge_slow_tanh,False,2500.0
1,1660,1,p1g10_059_s2,seed2,958,10,selected_confirmation,seed2,"[""p1g10_059""]",5d345680d0552f0a,ok,True,partial,0.0,19.745079750211374,32.90846625035229,24.681349687764218,19.745079750211374,False,False,3|constant|drift|liquid|s1|g0|mixed,mixed,True,merge_cross_edge,False,2500.0
1,1661,1,p1g10_004_s2,seed2,958,10,selected_confirmation,seed2,"[""p1g10_004""]",32e8882a7f165294,ok,True,partial,0.0,20.782203762554495,34.63700627092416,25.97775470319312,20.782203762554495,False,False,4|constant|still|liquid|s1|g0|mixed,mixed,True,mutate,False,2500.0
1,1662,1,p1g9_010_s3,seed3,959,9,selected_confirmation,seed3,"[""p1g9_010""]",40bc52dfc3586521,ok,True,partial,0.3332,46.683062255027835,55.591770425046384,50.02382781878479,46.683062255027835,False,False,3|switch|mobile|liquid|s1|g0|structured,structured,True,mutate,False,2500.0
1,1663,1,p1g9_051_s3,seed3,959,9,selected_confirmation,seed3,"[""p1g9_051""]",c0123eb3a0af9a2c,ok,True,partial,0.0,26.51177103113924,44.186285051898736,33.139713788924055,26.51177103113924,False,False,3|constant|drift|liquid|s1|g2|mixed,mixed,True,add_chan,False,2500.0
1,1664,1,p1g9_046_s3,seed3,959,9,selected_confirmation,seed3,"[""p1g9_046""]",2d0f8a6de70a5420,ok,True,partial,0.3672,54.701197357385404,66.68866226230901,59.19649669673176,54.701197357385404,False,False,3|switch|mobile|liquid|s1|g1|structured,structured,True,add_chan,False,2500.0
1,1665,1,p1g9_011_s3,seed3,959,9,selected_confirmation,seed3,"[""p1g9_011""]",32e455bdf74ebb2b,ok,True,partial,0.0,23.752048904569644,39.58674817428274,29.690061130712053,23.752048904569644,False,False,4|constant|mobile|liquid|s1|g2|mixed,mixed,True,mutate,False,2500.0
1,1666,1,p1g9_007_s3,seed3,959,9,selected_confirmation,seed3,"[""p1g9_007""]",b09aec5252694231,ok,True,partial,0.0517,19.458172350621084,28.983620584368474,23.030215438276354,19.458172350621084,False,False,1|switch|still|frozen|s1|g2|structured,structured,True,mutate,False,5000.0
1,1667,1,p1g9_025_s3,seed3,959,9,selected_confirmation,seed3,"[""p1g9_025""]",008576bc85ca9f86,ok,True,partial,0.0,21.964766713260968,36.60794452210161,27.45595839157621,21.964766713260968,False,False,4|constant|still|flicker|s1|g2|mixed,mixed,True,mint_bilin,False,2500.0
1,1668,1,p1g9_059_s3,seed3,959,9,selected_confirmation,seed3,"[""p1g9_059""]",47c370993df9f652,ok,True,partial,0.0,21.541005677254667,35.90167612875778,26.926257096568335,21.541005677254667,False,False,4|oscillator|rotor|frozen|s1|g1|mixed,mixed,True,merge_cross_edge,False,2500.0
1,1669,1,p1g9_001_s3,seed3,959,9,selected_confirmation,seed3,"[""p1g9_001""]",9b2ba2e3d2bfc508,ok,True,partial,0.0,21.59672782889941,35.99454638149902,26.995909786124265,21.59672782889941,False,False,2|oscillator|still|frozen|s1|g2|mixed,mixed,True,mutate,False,2500.0
1,1670,1,p1g9_055_s3,seed3,959,9,selected_confirmation,seed3,"[""p1g9_055""]",8d704c6175fecffe,ok,True,partial,0.0626,23.717743579628504,35.35623929938084,28.082179474535632,23.717743579628504,False,False,3|switch|mobile|frozen|s1|g2|structured,structured,True,merge_cross_edge,False,2500.0
1,1671,1,p1g11_068,screen,957,11,creative_screen,immigrate,,2819d00a70b25274,no_blobs,True,missing,,0.0,,,,False,False,,,,immigrate,False,
1,1672,1,p1g11_065,screen,957,11,creative_screen,immigrate,,a3ba121bc65f89e7,ok,True,partial,0.0,0.0,0.0,0.0,0.0,False,False,1|constant|still|gas|s1|g0|mixed,mixed,,immigrate,False,2500.0
1,1673,1,p1g11_066,screen,957,11,creative_screen,immigrate,,6988adae60ef0abe,no_blobs,True,missing,,0.0,,,,False,False,,,,immigrate,False,
1,1674,1,p1g11_062,screen,957,11,creative_screen,merge_slow_tanh,"[""p1g4_081"",""blk_p2g4_053""]",7c6028a442600738,ok,True,partial,0.0,41.46895688541495,69.11492814235825,51.83619610676869,41.46895688541495,False,False,4|grow|mobile|liquid|s1|g2|mixed,mixed,,merge_slow_tanh,False,20000.0
1,1675,1,p1g11_029,screen,957,11,creative_screen,mint_bilin,"[""p1g6_066""]",bcebd89fbe054f23,ok,True,partial,0.0,22.737663952095804,37.89610658682634,28.422079940119758,22.737663952095804,False,False,3|constant|drift|flicker|s1|g0|mixed,mixed,,mint_bilin,False,2500.0
1,1676,1,p1g11_067,screen,957,11,creative_screen,immigrate,,71dad9c845079a26,ok,True,partial,0.0,0.0,0.0,0.0,0.0,False,False,1|constant|still|gas|s1|g0|mixed,mixed,,immigrate,False,2500.0
1,1677,1,p1g11_069,screen,957,11,creative_screen,immigrate,,03054da9b9dbef70,ok,True,partial,0.0,0.0,0.0,0.0,0.0,False,False,1|constant|still|gas|s1|g0|mixed,mixed,,immigrate,False,2500.0
1,1678,1,p1g10_055_s2,seed2,958,10,selected_confirmation,seed2,"[""p1g10_055""]",fff2b9f18b62dee6,ok,True,partial,0.4439,48.82065490749923,51.77442484583206,49.92831863437404,48.82065490749923,False,False,2|constant|mobile|liquid|s1|g0|structured,structured,True,merge_cross_edge,False,2500.0
1,1679,1,p1g12_000,screen,957,12,creative_screen,mutate,"[""p4g1_018""]",06394edced30b2e8,fail_g0a,True,missing,,,,,,False,False,,,,mutate,False,
1,1680,1,p1g12_010,screen,957,12,creative_screen,mutate,"[""p2g6_020""]",c263e0e422dadf43,fail_g0a,True,missing,,,,,,False,False,,,,mutate,False,
1,1681,1,p1g11_045_s2,seed2,958,11,selected_confirmation,seed2,"[""p1g11_045""]",f335e3171a6179b6,ok,True,partial,0.0,41.34809069816751,68.91348449694586,51.685113372709395,41.34809069816751,False,False,2|grow|mobile|liquid|s1|g2|mixed,mixed,True,add_chan,False,20000.0
1,1682,1,p1g12_025,screen,957,12,creative_screen,mint_bilin,"[""p4g5_070""]",a77bc08aee9fb387,ok,True,partial,0.0,39.95953368675528,66.5992228112588,49.949417108444095,39.95953368675528,False,False,2|switch|mobile|liquid|s1|g2|structured,structured,,mint_bilin,False,20000.0
1,1683,1,p1g12_045,screen,957,12,creative_screen,add_chan,"[""p1g3_009""]",bdfea8e36f92c526,ok,True,partial,0.0,22.213854603511038,37.02309100585173,27.767318254388798,22.213854603511038,False,False,2|switch|rotor|flicker|s1|g0|mixed,mixed,,add_chan,False,2500.0
1,1684,1,p1g12_058,screen,957,12,creative_screen,merge_cross_edge,"[""p1g4_089"",""blk_p2g4_053""]",c5b0f3b70416818f,ok,True,partial,0.1909,47.686365662371884,66.75060943728649,54.83545707796487,47.686365662371884,False,False,3|switch|mobile|liquid|s1|g2|structured,structured,,merge_cross_edge,False,2500.0
1,1685,1,p1g12_059,screen,957,12,creative_screen,merge_cross_edge,"[""p1g4_084"",""p1g6_041""]",ddec632e1ed20fae,ok,True,partial,0.0,34.03135620738833,56.71892701231388,42.539195259235406,34.03135620738833,False,False,4|switch|mobile|liquid|s1|g2|mixed,mixed,,merge_cross_edge,False,2500.0
1,1686,1,p1g12_002,screen,957,12,creative_screen,mutate,"[""p1g8_024""]",961c06a5505f2d5d,ok,True,partial,0.0,36.61927644507434,61.032127408457235,45.77409555634293,36.61927644507434,False,False,3|switch|mobile|liquid|s1|g1|mixed,mixed,,mutate,False,2500.0
1,1687,1,p1g12_051,screen,957,12,creative_screen,add_chan,"[""p1g7_056""]",383a6415ea2c9938,ok,True,partial,0.1194,26.328740511452725,35.92123418575454,29.925925639315906,26.328740511452725,False,False,1|switch|mobile|liquid|s1|g2|structured,structured,,add_chan,False,2500.0
1,1688,1,p1g11_024_s2,seed2,958,11,selected_confirmation,seed2,"[""p1g11_024""]",82ed959f89554d00,ok,True,partial,0.0,37.107675415287986,61.84612569214665,46.38459426910999,37.107675415287986,False,False,4|grow|mobile|liquid|s1|g1|mixed,mixed,True,mint_bilin,False,2500.0
1,1689,1,p1g11_044_s2,seed2,958,11,selected_confirmation,seed2,"[""p1g11_044""]",47b524f0004df9f0,ok,True,partial,0.0,8.900513565695688,14.834189276159481,11.125641957119612,8.900513565695688,False,False,1|oscillator|still|flicker|s1|g0|mixed,mixed,True,add_chan,False,2500.0
1,1690,1,p1g11_060_s2,seed2,958,11,selected_confirmation,seed2,"[""p1g11_060""]",841a75290e950632,ok,True,partial,0.4659,40.0121579249233,35.62692987487217,38.36769740615413,40.0121579249233,False,False,3|switch|mobile|liquid|s1|g0|structured,structured,True,merge_cross_edge,False,2500.0
1,1691,1,p1g11_061_s2,seed2,958,11,selected_confirmation,seed2,"[""p1g11_061""]",a75cd7e8952500b1,ok,True,partial,0.0,19.75507445697429,32.925124094957155,24.693843071217866,19.75507445697429,False,False,4|constant|drift|flicker|s1|g0|mixed,mixed,True,merge_cross_edge,False,2500.0
1,1692,1,p1g11_052_s2,seed2,958,11,selected_confirmation,seed2,"[""p1g11_052""]",0874c764ff8070bf,ok,True,partial,0.0,20.179959643148077,33.63326607191346,25.224949553935097,20.179959643148077,False,False,2|constant|drift|liquid|s1|g0|mixed,mixed,True,merge_spatial_ic,False,2500.0
1,1693,1,p1g10_019_s3,seed3,959,10,selected_confirmation,seed3,"[""p1g10_019""]",7bae484bd7edc32c,ok,True,partial,0.3273,55.91424880924492,71.37041468207487,61.71031101155615,55.91424880924492,False,False,3|grow|rotor|liquid|s2|g2|structured,structured,True,mutate,False,20000.0
1,1694,1,p1g11_053_s2,seed2,958,11,selected_confirmation,seed2,"[""p1g11_053""]",0849acc60943ebb4,ok,True,partial,0.0,15.605268423829527,26.008780706382545,19.50658552978691,15.605268423829527,False,False,1|grow|still|gas|s1|g2|mixed,mixed,True,merge_spatial_ic,False,20000.0
1,1695,1,p1g10_042_s3,seed3,959,10,selected_confirmation,seed3,"[""p1g10_042""]",649650071954f42d,ok,True,partial,0.5788,45.99635053215006,38.073917553583435,43.02543816518757,45.99635053215006,False,False,4|constant|mobile|liquid|s1|g2|structured,structured,True,delete_bilin,False,10000.0
1,1696,1,p1g11_037_s2,seed2,958,11,selected_confirmation,seed2,"[""p1g11_037""]",dc91ecddb26ab78a,ok,True,partial,0.4625,61.67534906919054,71.95891511531757,65.53168633648818,61.67534906919054,True,True,2|grow|rotor|liquid|s2|g2|structured,structured,True,mint_bilin,False,20000.0
1,1697,1,p1g10_022_s3,seed3,959,10,selected_confirmation,seed3,"[""p1g10_022""]",4aa290f5c5576d0b,ok,True,partial,0.6526,73.55318520408025,79.08197534013375,75.62648150510032,73.55318520408025,True,True,3|grow|rotor|flicker|s2|g2|structured,structured,True,mint_bilin,False,20000.0
1,1698,1,p1g10_040_s3,seed3,959,10,selected_confirmation,seed3,"[""p1g10_040""]",a7a35a3c26075296,ok,True,partial,0.6118,72.4825747001632,80.01762450027199,75.30821837520399,72.4825747001632,True,True,4|grow|mobile|liquid|s2|g1|structured,structured,True,delete_bilin,False,20000.0
1,1699,1,p1g10_048_s3,seed3,959,10,selected_confirmation,seed3,"[""p1g10_048""]",433c3d0184147edf,ok,True,partial,0.5289,67.2804056010774,76.87400933512902,70.87800700134676,67.2804056010774,True,True,4|grow|rotor|flicker|s1|g2|structured,structured,True,add_chan,False,20000.0
1,1700,1,p1g11_000_s2,seed2,958,11,selected_confirmation,seed2,"[""p1g11_000""]",12afa15cbea8a945,ok,True,partial,0.506,71.16621708733875,84.87702847889791,76.30777135917344,71.16621708733875,True,True,4|grow|mobile|liquid|s2|g2|structured,structured,True,mutate,False,20000.0
1,1701,1,p1g11_019_s2,seed2,958,11,selected_confirmation,seed2,"[""p1g11_019""]",9f08842d7cf9bec7,ok,True,partial,0.1913,42.94986484263719,58.82977473772865,48.90483105329648,42.94986484263719,False,False,3|switch|drift|liquid|s1|g2|structured,structured,True,mutate,False,10000.0
1,1702,1,p1g11_048_s2,seed2,958,11,selected_confirmation,seed2,"[""p1g11_048""]",c6a0e9c1716c1715,ok,True,partial,0.1225,45.767204241345325,68.11200706890888,54.14650530168166,45.767204241345325,False,False,4|grow|mobile|flicker|s1|g2|mixed,mixed,True,add_chan,False,10000.0
1,1703,1,p1g10_020_s3,seed3,959,10,selected_confirmation,seed3,"[""p1g10_020""]",7e1f4bd8dc0677ff,ok,True,partial,0.353,51.32008093567669,62.0001348927945,55.32510116959587,51.32008093567669,False,False,3|oscillator|mobile|liquid|s1|g2|structured,structured,True,mutate,False,10000.0
1,1704,1,p1g10_060_s3,seed3,959,10,selected_confirmation,seed3,"[""p1g10_060""]",b98c57da30bb7951,ok,True,partial,0.0,33.35651553900364,55.59419256500606,41.695644423754544,33.35651553900364,False,False,2|constant|rotor|flicker|s1|g2|mixed,mixed,True,merge_cross_edge,False,10000.0
1,1705,1,p1g10_012_s3,seed3,959,10,selected_confirmation,seed3,"[""p1g10_012""]",4fdbc8d4f33a44bd,ok,True,partial,0.4186,59.26683769493963,70.87139615823273,63.61854711867454,59.26683769493963,True,False,3|switch|mobile|flicker|s2|g2|mixed,mixed,True,mutate,False,10000.0
1,1706,1,p1g10_034_s3,seed3,959,10,selected_confirmation,seed3,"[""p1g10_034""]",712b88769548ac9b,ok,True,partial,0.0868,45.37856527060443,69.84427545100739,54.55320658825555,45.37856527060443,False,False,4|grow|still|frozen|s2|g2|structured,structured,True,mint_bilin,False,20000.0
1,1707,1,p1g11_012_s2,seed2,958,11,selected_confirmation,seed2,"[""p1g11_012""]",328c565b0d018581,ok,True,partial,0.0,24.558525770941916,40.93087628490319,30.698157213677394,24.558525770941916,False,False,3|switch|drift|frozen|s1|g2|mixed,mixed,True,mutate,False,5000.0
1,1708,1,p1g10_056_s3,seed3,959,10,selected_confirmation,seed3,"[""p1g10_056""]",4c655165195c5e81,ok,True,partial,0.0,25.97904489736678,43.298408162277966,32.47380612170848,25.97904489736678,False,False,3|switch|still|frozen|s1|g2|mixed,mixed,True,merge_cross_edge,False,5000.0
1,1709,1,p1g10_049_s3,seed3,959,10,selected_confirmation,seed3,"[""p1g10_049""]",5533b0810599267e,ok,True,partial,0.4545,61.24982590406973,71.78304317344956,65.19978238008717,61.24982590406973,True,True,2|switch|rotor|liquid|s1|g2|structured,structured,True,add_chan,False,10000.0
1,1710,1,p1g10_038_s3,seed3,959,10,selected_confirmation,seed3,"[""p1g10_038""]",0b6b177288d9da87,ok,True,partial,0.4755,54.245588380191776,58.7093139669863,55.919485475239725,54.245588380191776,False,False,4|switch|mobile|liquid|s1|g0|structured,structured,True,mint_bilin,False,5000.0
1,1711,1,p1g12_003,screen,957,12,creative_screen,mutate,"[""p1g7_052""]",d8d142b6f9aab82e,ok,True,partial,0.2399,38.507793537265655,48.18632256210943,42.137241921582074,38.507793537265655,False,False,3|switch|mobile|liquid|s1|g0|structured,structured,,mutate,False,2500.0
1,1712,1,p1g12_006,screen,957,12,creative_screen,mutate,"[""p1g2_049""]",3bf9426c34d24e06,ok,True,partial,0.5652,69.1317663989449,77.53961066490817,72.28470799868113,69.1317663989449,True,True,4|switch|mobile|liquid|s2|g2|structured,structured,,mutate,False,2500.0
1,1713,1,p1g12_018,screen,957,12,creative_screen,mutate,"[""p1g1_052""]",c2ae12e2f96ad1d4,ok,True,partial,0.4329,61.20259260743239,73.14432101238734,65.6807407592905,61.20259260743239,True,True,3|switch|rotor|liquid|s1|g2|structured,structured,,mutate,False,20000.0
1,1714,1,p1g12_019,screen,957,12,creative_screen,mutate,"[""p1g1_052""]",8dac32f77209612c,ok,True,partial,0.0,15.918105051822936,26.53017508637156,19.89763131477867,15.918105051822936,False,False,3|constant|drift|frozen|s1|g2|mixed,mixed,,mutate,False,2500.0
1,1715,1,p1g12_026,screen,957,12,creative_screen,mint_bilin,"[""p2g1_040""]",32dcd8147bef983c,ok,True,partial,0.3348,51.493025266794746,63.50170877799124,55.99628158349343,51.493025266794746,False,False,3|grow|mobile|liquid|s2|g2|structured,structured,,mint_bilin,False,5000.0
1,1716,1,p1g12_027,screen,957,12,creative_screen,mint_bilin,"[""p1g5_041""]",62a671aa42a0b92e,ok,True,partial,0.0,23.288563643855667,38.814272739759446,29.110704554819584,23.288563643855667,False,False,2|oscillator|still|liquid|s1|g2|mixed,mixed,,mint_bilin,False,2500.0
1,1717,1,p1g12_028,screen,957,12,creative_screen,mint_bilin,"[""p1g8_067""]",f05e65d1715830d6,ok,True,partial,0.0,21.79623550937019,36.327059182283655,27.245294386712743,21.79623550937019,False,False,2|switch|drift|frozen|s1|g2|mixed,mixed,,mint_bilin,False,5000.0
1,1718,1,p1g12_030,screen,957,12,creative_screen,mint_bilin,"[""p1g2_049""]",912eb065bf661acb,ok,True,partial,0.4427,63.653170269251554,76.57528378208593,68.49896283656444,63.653170269251554,True,True,4|grow|rotor|liquid|s1|g2|structured,structured,,mint_bilin,False,20000.0
1,1719,1,p1g12_031,screen,957,12,creative_screen,mint_bilin,"[""p1g1_052""]",7cd2fd9d095e5982,ok,True,partial,0.6838,74.9306325704789,79.29772095079818,76.56829071309863,74.9306325704789,True,True,4|grow|mobile|flicker|s1|g2|structured,structured,,mint_bilin,False,20000.0
1,1720,1,p1g12_035,screen,957,12,creative_screen,mint_bilin,"[""p1g4_037""]",3908fd0ca851d301,ok,True,partial,0.2574,49.5903325030167,65.4905541716945,55.552915628770876,49.5903325030167,False,False,3|switch|drift|liquid|s1|g2|structured,structured,,mint_bilin,False,20000.0
1,1721,1,p1g12_038,screen,957,12,creative_screen,mint_bilin,"[""p1g5_029""]",6a0acbdb7b839eab,ok,True,partial,0.6269,65.66104459715372,67.6417409952562,66.40380574644215,65.66104459715372,True,True,4|constant|rotor|liquid|s1|g2|structured,structured,,mint_bilin,False,2500.0
1,1722,1,p1g12_040,screen,957,12,creative_screen,delete_bilin,"[""p1g6_012""]",e28ac7e2ad94c3be,ok,True,partial,0.1149,36.79469867753413,53.66449779589022,43.12087334691767,36.79469867753413,False,False,3|switch|still|liquid|s1|g2|structured,structured,,delete_bilin,False,10000.0
1,1723,1,p1g12_043,screen,957,12,creative_screen,delete_bilin,"[""p1g1_052""]",a7a35a3c26075296,ok,True,partial,0.441,65.45741184723363,79.69568641205606,70.79676480904205,65.45741184723363,True,True,4|grow|rotor|liquid|s2|g1|structured,structured,,delete_bilin,False,10000.0
1,1724,1,p1g12_044,screen,957,12,creative_screen,add_chan,"[""p1g5_007""]",4b54efbee873f2d2,ok,True,partial,0.0,29.04220673366185,48.403677889436416,36.302758417077314,29.04220673366185,False,False,2|switch|mobile|liquid|s1|g1|mixed,mixed,,add_chan,False,2500.0
1,1725,1,p1g12_046,screen,957,12,creative_screen,add_chan,"[""p1g5_028""]",c2352f5ec6549219,ok,True,partial,0.3586,53.10154095198223,64.59590158663705,57.41192618997779,53.10154095198223,False,False,3|grow|mobile|liquid|s1|g1|structured,structured,,add_chan,False,5000.0
1,1726,1,p1g12_048,screen,957,12,creative_screen,add_chan,"[""p1g5_077""]",9a0a8b9bc1eae150,ok,True,partial,0.0,19.01632309805084,31.693871830084735,23.770403872563552,19.01632309805084,False,False,3|switch|drift|flicker|s1|g2|mixed,mixed,,add_chan,False,2500.0
1,1727,1,p1g12_049,screen,957,12,creative_screen,add_chan,"[""p1g11_043""]",ade485a3c34506e6,ok,True,partial,0.6737,75.37794386374819,80.71657310624698,77.37992982968524,75.37794386374819,True,True,4|grow|rotor|flicker|s2|g2|structured,structured,,add_chan,False,10000.0
1,1728,1,p1g12_050,screen,957,12,creative_screen,add_chan,"[""p1g5_001""]",7d824211e5bb91da,ok,True,partial,0.1785,18.767377199082276,19.378961998470462,18.996721498852846,18.767377199082276,False,False,3|constant|still|liquid|s1|g0|structured,structured,,add_chan,False,2500.0
1,1729,1,p1g12_052,screen,957,12,creative_screen,merge_spatial_ic,"[""p1g1_052"",""p1g8_045""]",fa86cb8089d048d0,ok,True,partial,0.4588,61.55035123817248,71.9972520636208,65.4679390477156,61.55035123817248,True,True,4|switch|rotor|liquid|s1|g2|structured,structured,,merge_spatial_ic,True,2500.0
1,1730,1,p1g12_055,screen,957,12,creative_screen,merge_cross_edge,"[""p5g8_007"",""ref_iso_d0.75""]",e07bde4b884bd618,ok,True,partial,0.0,39.36583897300017,65.60973162166695,49.207298716250214,39.36583897300017,False,False,4|switch|drift|liquid|s1|g2|mixed,mixed,,merge_cross_edge,False,5000.0
1,1731,1,p1g12_060,screen,957,12,creative_screen,merge_cross_edge,"[""p1g6_015"",""ref_M0""]",c3c5573d595aa656,ok,True,partial,0.0,22.757491377304657,37.92915229550776,28.446864221630822,22.757491377304657,False,False,3|constant|still|liquid|s1|g2|mixed,mixed,,merge_cross_edge,False,2500.0
1,1732,1,p1g12_001,screen,957,12,creative_screen,mutate,"[""p1g4_050""]",ddbb302981eb730b,ok,True,partial,0.5783,63.418372664810235,67.14395444135039,64.81546583101279,63.418372664810235,True,True,4|switch|mobile|liquid|s1|g2|structured,structured,,mutate,False,2500.0
1,1733,1,p1g12_004,screen,957,12,creative_screen,mutate,"[""p1g4_050""]",84a4430456318925,ok,True,partial,0.3638,37.26819728260767,37.860328804346125,37.49024660325959,37.26819728260767,False,False,4|constant|drift|liquid|s1|g2|structured,structured,,mutate,False,2500.0
1,1734,1,p1g12_005,screen,957,12,creative_screen,mutate,"[""p1g4_050""]",bbb2894eb343125c,ok,True,partial,0.5064,51.88946653756901,52.722444229281685,52.20183317196126,51.88946653756901,False,False,4|switch|mobile|liquid|s1|g2|structured,structured,,mutate,False,5000.0
1,1735,1,p1g12_008,screen,957,12,creative_screen,mutate,"[""p1g7_025""]",b8ac31326ebd67c5,ok,True,partial,0.2758,42.98290794626342,53.251513243772365,46.83363493282927,42.98290794626342,False,False,2|switch|mobile|liquid|s1|g1|structured,structured,,mutate,False,2500.0
1,1736,1,p1g12_009,screen,957,12,creative_screen,mutate,"[""p1g9_013""]",bb3800e0e4e063fb,ok,True,partial,0.5211,57.42291867012487,60.964864450208125,58.75114833765609,57.42291867012487,False,False,2|switch|mobile|liquid|s1|g2|structured,structured,,mutate,False,2500.0
1,1737,1,p1g12_012,screen,957,12,creative_screen,mutate,"[""p1g4_050""]",dfdf9d814c1720dc,ok,True,partial,0.128,24.01035670106833,31.483927835113878,26.81294587633541,24.01035670106833,False,False,2|switch|drift|liquid|s1|g0|mixed,mixed,,mutate,False,2500.0
1,1738,1,p1g12_013,screen,957,12,creative_screen,mutate,"[""p1g11_043""]",b9ad6803191a828b,ok,True,partial,0.0945,24.933440463751204,35.25573410625201,28.804300579689006,24.933440463751204,False,False,2|constant|drift|liquid|s1|g2|mixed,mixed,,mutate,False,5000.0
1,1739,1,p1g12_015,screen,957,12,creative_screen,mutate,"[""p4g1_037""]",c0cda954627e1b40,ok,True,partial,0.0845,16.410915040908215,21.718191734847025,18.40114380113527,16.410915040908215,False,False,2|switch|still|frozen|s1|g0|structured,structured,,mutate,False,2500.0
1,1740,1,p1g12_021,screen,957,12,creative_screen,mutate,"[""p3g8_042""]",3af4d7d612fe0f9e,ok,True,partial,0.1768,45.40911587278972,63.8951931213162,52.34139484098715,45.40911587278972,False,False,3|switch|mobile|liquid|s1|g2|structured,structured,,mutate,False,2500.0
1,1741,1,p1g12_029,screen,957,12,creative_screen,mint_bilin,"[""p1g5_028""]",05a74214fb37df5f,ok,True,partial,0.3772,53.37655470760407,63.81425784600678,57.29069338450508,53.37655470760407,False,False,4|grow|mobile|liquid|s1|g1|structured,structured,,mint_bilin,False,2500.0
1,1742,1,p1g12_034,screen,957,12,creative_screen,mint_bilin,"[""p1g5_028""]",6d55e68ce313cc49,ok,True,partial,0.5916,63.75576478140453,66.81960796900755,64.90470597675566,63.75576478140453,True,True,4|grow|mobile|liquid|s1|g1|structured,structured,,mint_bilin,False,2500.0
1,1743,1,p1g12_036,screen,957,12,creative_screen,mint_bilin,"[""p1g5_028""]",b681ecd7f2801714,ok,True,partial,0.3375,54.22278588242892,67.87130980404821,59.34098235303615,54.22278588242892,False,False,4|grow|mobile|liquid|s1|g1|structured,structured,,mint_bilin,False,5000.0
1,1744,1,p1g12_039,screen,957,12,creative_screen,mint_bilin,"[""p1g4_050""]",d1498f4aad189996,ok,True,partial,0.3421,59.56963851711086,76.47606419518478,65.90954814638857,59.56963851711086,False,False,4|grow|rotor|liquid|s1|g2|structured,structured,,mint_bilin,False,10000.0
1,1745,1,p1g12_041,screen,957,12,creative_screen,delete_bilin,"[""p1g6_001""]",ea45f16e329176e8,ok,True,partial,0.1619,27.97510066051615,35.83183443419359,30.921375825645192,27.97510066051615,False,False,1|grow|drift|liquid|s1|g2|structured,structured,,delete_bilin,False,2500.0
1,1746,1,p1g12_042,screen,957,12,creative_screen,delete_bilin,"[""p1g4_050""]",aeee09d4cce63b36,ok,True,partial,0.376,63.040447873739055,80.00074645623177,69.40055984217383,63.040447873739055,False,False,4|grow|rotor|liquid|s2|g2|structured,structured,,delete_bilin,False,10000.0
1,1747,1,p1g12_047,screen,957,12,creative_screen,add_chan,"[""p1g1_036""]",0a97762fff106566,ok,True,partial,0.2099,45.155582895644535,61.26597149274089,51.196978619555665,45.155582895644535,False,False,2|switch|rotor|liquid|s1|g2|structured,structured,,add_chan,False,2500.0
1,1748,1,p1g12_053,screen,957,12,creative_screen,merge_spatial_ic,"[""p1g4_001"",""p1g8_062""]",00b1d737ee707e06,ok,True,partial,0.0,23.686480973483835,39.47746828913973,29.6081012168548,23.686480973483835,False,False,3|constant|drift|flicker|s1|g2|mixed,mixed,,merge_spatial_ic,True,2500.0
1,1749,1,p1g12_063,screen,957,12,creative_screen,merge_slow_tanh,"[""p1g11_060"",""blk_engine_10748""]",d84abcc169046ffd,ok,True,partial,0.659,52.61963218868658,43.76605364781097,49.29954023585823,52.61963218868658,False,False,4|switch|mobile|liquid|s1|g2|structured,structured,,merge_slow_tanh,False,2500.0
1,1750,1,p1g12_064,screen,957,12,creative_screen,merge_slow_tanh,"[""p1g11_060"",""ref_M4_tau5.7""]",24231a8aee7d4144,ok,True,partial,0.5964,58.73188999793881,58.126483329898015,58.50486249742352,58.73188999793881,False,False,4|switch|rotor|liquid|s1|g2|structured,structured,,merge_slow_tanh,False,2500.0
1,1751,1,p1g12_065,screen,957,12,creative_screen,merge_slow_tanh,"[""p1g4_038"",""ref_M4_tau5.7""]",0457059f18441141,ok,True,partial,0.5798,59.1619530916961,59.949921819493504,59.457441364620124,59.1619530916961,False,False,3|switch|mobile|liquid|s1|g2|structured,structured,,merge_slow_tanh,False,2500.0
1,1752,1,p1g12_014,screen,957,12,creative_screen,mutate,"[""p3g7_015""]",de784825e3c7a087,ok,True,partial,0.5575,59.54118614190624,62.06864356984373,60.48898267738279,59.54118614190624,True,False,3|switch|mobile|liquid|s1|g1|structured,structured,,mutate,False,2500.0
1,1753,1,p1g12_007,screen,957,12,creative_screen,mutate,"[""p1g11_043""]",f76814c5c3c3bbe2,ok,True,partial,0.7916,78.6137524063647,78.24958734394116,78.47719050795587,78.6137524063647,True,True,3|switch|rotor|flicker|s1|g2|structured,structured,,mutate,False,20000.0
1,1754,1,p1g12_020,screen,957,12,creative_screen,mutate,"[""p1g11_043""]",32cb9813056f4f3b,ok,True,partial,0.4727,67.3245271168675,80.69421186144582,72.33815889608437,67.3245271168675,True,True,4|switch|mobile|liquid|s1|g2|structured,structured,,mutate,False,20000.0
1,1755,1,p1g12_037,screen,957,12,creative_screen,mint_bilin,"[""p1g10_048""]",f28ff34704c181dd,ok,True,partial,0.5299,69.00803290900228,79.68672151500381,73.01254113625286,69.00803290900228,True,True,4|grow|rotor|liquid|s1|g2|structured,structured,,mint_bilin,False,20000.0
1,1756,1,p1g12_011,screen,957,12,creative_screen,mutate,"[""p6g9_024""]",2ba7e28670eb08e0,ok,True,partial,0.249,49.627188690655046,66.11198115109174,55.8089858633188,49.627188690655046,False,False,4|switch|mobile|liquid|s1|g0|mixed,mixed,,mutate,False,10000.0
1,1757,1,p1g12_023,screen,957,12,creative_screen,mint_bilin,"[""p2g2_023""]",3e156ac64c27510d,ok,True,partial,0.6682,59.61584550004859,54.813075833414324,57.81480687506074,59.61584550004859,False,False,3|switch|rotor|flicker|s1|g0|structured,structured,,mint_bilin,False,2500.0
1,1758,1,p1g12_024,screen,957,12,creative_screen,mint_bilin,"[""p1g3_034""]",082b91f8e4b67949,ok,True,partial,0.0,29.308781942560955,48.84796990426826,36.635977428201194,29.308781942560955,False,False,2|constant|mobile|liquid|s1|g2|structured,structured,,mint_bilin,False,2500.0
1,1759,1,p1g12_032,screen,957,12,creative_screen,mint_bilin,"[""p1g1_003""]",2197fdd05166a19d,ok,True,partial,0.0,29.357501879260695,48.92916979876783,36.696877349075876,29.357501879260695,False,False,2|constant|drift|liquid|s1|g2|mixed,mixed,,mint_bilin,False,5000.0
1,1760,1,p1g12_033,screen,957,12,creative_screen,mint_bilin,"[""p1g11_053""]",ad1d0195a18521f6,ok,True,partial,0.0,18.16746231676434,30.2791038612739,22.709327895955425,18.16746231676434,False,False,1|grow|still|flicker|s1|g2|mixed,mixed,,mint_bilin,False,10000.0
1,1761,1,p1g12_054,screen,957,12,creative_screen,merge_spatial_ic,"[""p1g1_012"",""p1g4_089""]",c0cd8328b83c234c,ok,True,partial,0.0223,13.482768497380876,20.98461416230146,16.295960621726095,13.482768497380876,False,False,4|constant|still|frozen|s1|g2|mixed,mixed,,merge_spatial_ic,True,2500.0
1,1762,1,p1g12_062,screen,957,12,creative_screen,merge_slow_tanh,"[""p1g5_071"",""ref_iso_d0.65""]",8766cf1d60d73884,ok,True,partial,0.0,18.036822642181303,30.061371070302172,22.54602830272663,18.036822642181303,False,False,3|constant|still|flicker|s1|g2|mixed,mixed,,merge_slow_tanh,False,2500.0
1,1763,1,p1g12_066,screen,957,12,creative_screen,merge_slow_tanh,"[""p2g4_053"",""ref_M0""]",e1705085d6ecb169,ok,True,partial,0.5672,62.88218085414616,66.99030142357694,64.4227260676827,62.88218085414616,True,True,3|switch|mobile|liquid|s1|g2|structured,structured,,merge_slow_tanh,False,20000.0
1,1764,1,p1g11_015_s2,seed2,958,11,selected_confirmation,seed2,"[""p1g11_015""]",27c1cf911908e5d1,ok,True,partial,0.4959,48.61850716752676,47.970845279211275,48.375633959408454,48.61850716752676,False,False,2|grow|rotor|liquid|s1|g0|structured,structured,True,mutate,False,5000.0
1,1765,1,p1g11_050_s2,seed2,958,11,selected_confirmation,seed2,"[""p1g11_050""]",a23109d0ecf8321c,ok,True,partial,0.4626,42.812623057759026,40.51437176293172,41.950778822198785,42.812623057759026,False,False,3|constant|mobile|liquid|s1|g2|structured,structured,True,add_chan,False,2500.0
1,1766,1,p1g11_039_s2,seed2,958,11,selected_confirmation,seed2,"[""p1g11_039""]",5f511b5a0cbc36c8,ok,True,partial,0.0,23.72980288055759,39.549671467595985,29.66225360069699,23.72980288055759,False,False,4|oscillator|rotor|liquid|s1|g1|mixed,mixed,True,mint_bilin,False,2500.0
1,1767,1,p1g10_032_s3,seed3,959,10,selected_confirmation,seed3,"[""p1g10_032""]",1935b0d2ef94c950,ok,True,partial,0.0,4.6506841458323445,7.751140243053907,5.81335518229043,4.6506841458323445,False,False,2|constant|still|frozen|s1|g0|mixed,mixed,True,mint_bilin,False,2500.0
1,1768,1,p1g12_068,screen,957,12,creative_screen,immigrate,,1cd0ae918e5c5b06,no_blobs,True,missing,,0.0,,,,False,False,,,,immigrate,False,
1,1769,1,p1g12_070,screen,957,12,creative_screen,immigrate,,308205b67c1c8056,no_blobs,True,missing,,0.0,,,,False,False,,,,immigrate,False,
1,1770,1,p1g12_067,screen,957,12,creative_screen,immigrate,,1cbf0cda45f6ba50,no_blobs,True,missing,,0.0,,,,False,False,,,,immigrate,False,
1,1771,1,p1g12_069,screen,957,12,creative_screen,immigrate,,efe95512608a54d0,no_blobs,True,missing,,0.0,,,,False,False,,,,immigrate,False,
1,1772,1,p1g12_016,screen,957,12,creative_screen,mutate,"[""p1g8_010""]",63ac6f27c05769a1,ok,True,partial,0.5806,51.37231041919783,46.91385069866305,49.700388023997284,51.37231041919783,False,False,2|switch|rotor|liquid|s1|g0|structured,structured,,mutate,False,2500.0
1,1773,1,p1g12_022,screen,957,12,creative_screen,mint_bilin,"[""p1g2_036""]",9493a91f77bfd30c,ok,True,partial,0.1282,40.13319338890601,58.34198898151002,46.961491736132515,40.13319338890601,False,False,2|switch|drift|liquid|s1|g2|mixed,mixed,,mint_bilin,False,5000.0
1,1774,1,p1g12_057,screen,957,12,creative_screen,merge_cross_edge,"[""p1g1_023"",""ref_iso_d0.65""]",ca1360fdf1e46f57,ok,True,partial,0.0,41.064607549964016,68.44101258327336,51.33075943745502,41.064607549964016,False,False,4|grow|mobile|liquid|s1|g1|mixed,mixed,,merge_cross_edge,False,10000.0
1,1775,1,p1g12_061,screen,957,12,creative_screen,merge_cross_edge,"[""p10g0_ds6_000"",""ref_BFIELD_g0.05""]",16dec4f0551cd9c8,ok,True,partial,0.5615,61.665273047370306,65.34212174561718,63.04409130921288,61.665273047370306,True,True,3|switch|mobile|flicker|s1|g2|structured,structured,,merge_cross_edge,False,2500.0
1,1776,1,p1g12_056,screen,957,12,creative_screen,merge_cross_edge,"[""p1g4_089"",""blk_p10g0_ds6_000""]",eca0770b62210dd5,ok,True,partial,0.501,59.3503259420196,65.51720990336601,61.66290742752451,59.3503259420196,True,False,3|switch|mobile|flicker|s1|g2|structured,structured,,merge_cross_edge,False,2500.0
1,1777,1,p1g11_017_s2,seed2,958,11,selected_confirmation,seed2,"[""p1g11_017""]",eec17dd0c735bd9b,ok,True,partial,0.2257,42.590740522246506,55.93790087041084,47.595925652808134,42.590740522246506,False,False,2|grow|rotor|liquid|s1|g2|structured,structured,True,mutate,False,5000.0
1,1778,1,p1g10_046_s3,seed3,959,10,selected_confirmation,seed3,"[""p1g10_046""]",19ecd1ea99fe9efe,ok,True,partial,0.018,11.977730694757616,18.762884491262692,14.522163368447018,11.977730694757616,False,False,3|oscillator|still|frozen|s1|g2|mixed,mixed,True,add_chan,False,2500.0
1,1779,1,p1g10_005_s3,seed3,959,10,selected_confirmation,seed3,"[""p1g10_005""]",256c369a73761118,ok,True,partial,0.1625,25.772725584103444,32.12120930683908,28.153406980129308,25.772725584103444,False,False,3|switch|still|liquid|s1|g0|structured,structured,True,mutate,False,2500.0
1,1780,1,p1g10_013_s3,seed3,959,10,selected_confirmation,seed3,"[""p1g10_013""]",83e0c1b22c93cf2e,ok,True,partial,0.0,9.556098828393367,15.926831380655612,11.945123535491708,9.556098828393367,False,False,1|constant|still|frozen|s1|g2|mixed,mixed,True,mutate,False,2500.0
1,1781,1,p1g10_021_s3,seed3,959,10,selected_confirmation,seed3,"[""p1g10_021""]",e544854c7b9b1747,ok,True,partial,0.0,16.6855046154483,27.809174359080497,20.856880769310372,16.6855046154483,False,False,3|constant|mobile|liquid|s1|g1|mixed,mixed,True,mutate,False,2500.0
1,1782,1,p1g10_063_s3,seed3,959,10,selected_confirmation,seed3,"[""p1g10_063""]",a623f57eb9e65f1d,ok,True,partial,0.0,19.312935065832427,32.18822510972071,24.141168832290532,19.312935065832427,False,False,4|oscillator|drift|liquid|s1|g2|mixed,mixed,True,merge_slow_tanh,False,2500.0
1,1783,1,p1g10_014_s3,seed3,959,10,selected_confirmation,seed3,"[""p1g10_014""]",461b4f12d95a682c,ok,True,partial,0.0753,18.551044484474037,25.898407474123395,21.30630560559255,18.551044484474037,False,False,3|switch|drift|liquid|s1|g0|mixed,mixed,True,mutate,False,2500.0
1,1784,1,p1g10_062_s3,seed3,959,10,selected_confirmation,seed3,"[""p1g10_062""]",03e4235790f0afcc,ok,True,partial,0.5505,62.08344914343722,66.77241523906203,63.84181142929653,62.08344914343722,True,True,3|switch|mobile|flicker|s1|g2|structured,structured,True,merge_slow_tanh,False,2500.0
1,1785,1,p1g10_059_s3,seed3,959,10,selected_confirmation,seed3,"[""p1g10_059""]",5d345680d0552f0a,ok,True,partial,0.0,19.56723269639409,32.61205449399015,24.459040870492615,19.56723269639409,False,False,3|constant|still|liquid|s1|g0|mixed,mixed,True,merge_cross_edge,False,2500.0
1,1786,1,p1g10_004_s3,seed3,959,10,selected_confirmation,seed3,"[""p1g10_004""]",32e8882a7f165294,ok,True,partial,0.0,20.613785286472336,34.356308810787226,25.76723160809042,20.613785286472336,False,False,4|constant|still|liquid|s1|g0|mixed,mixed,True,mutate,False,2500.0
1,1787,1,p1g11_033_s2,seed2,958,11,selected_confirmation,seed2,"[""p1g11_033""]",66b67495c557dfbd,ok,True,partial,0.3329,60.68486748326066,78.94811247210112,67.53358435407584,60.68486748326066,False,False,4|switch|rotor|liquid|s1|g1|mixed,mixed,True,mint_bilin,False,20000.0
1,1788,1,p1g12_071,screen,957,12,creative_screen,immigrate,,a95bb7d960f17765,ok,True,partial,0.0,0.0,0.0,0.0,0.0,False,False,1|constant|still|gas|s1|g0|mixed,mixed,,immigrate,False,2500.0
1,1789,1,p1g10_055_s3,seed3,959,10,selected_confirmation,seed3,"[""p1g10_055""]",fff2b9f18b62dee6,ok,True,partial,0.5392,51.783431861550056,50.35905310258343,51.24928982693757,51.783431861550056,False,False,2|constant|mobile|liquid|s1|g0|structured,structured,True,merge_cross_edge,False,2500.0
1,1790,1,p1g11_043_s2,seed2,958,11,selected_confirmation,seed2,"[""p1g11_043""]",14b3f7c08d2701ed,ok,True,partial,0.0,50.53061271352412,84.21768785587354,63.163265891905155,50.53061271352412,False,False,4|grow|rotor|liquid|s2|g2|structured,structured,True,delete_bilin,False,20000.0
1,1791,1,p1g12_017,screen,957,12,creative_screen,mutate,"[""p1g5_064""]",ac0a21d217228ed8,ok,True,partial,0.0399,19.935119306975604,30.56519884495934,23.921399133719504,19.935119306975604,False,False,1|switch|drift|frozen|s1|g2|mixed,mixed,,mutate,False,2500.0
1,1792,1,p1g11_045_s3,seed3,959,11,selected_confirmation,seed3,"[""p1g11_045""]",f335e3171a6179b6,ok,True,partial,0.0,41.11479620497304,68.52466034162174,51.393495256216305,41.11479620497304,False,False,2|grow|mobile|liquid|s1|g2|mixed,mixed,True,add_chan,False,20000.0
1,1793,1,p1g11_024_s3,seed3,959,11,selected_confirmation,seed3,"[""p1g11_024""]",82ed959f89554d00,ok,True,partial,0.0,36.62108943965585,61.035149066093076,45.776361799569806,36.62108943965585,False,False,4|grow|mobile|liquid|s1|g1|mixed,mixed,True,mint_bilin,False,2500.0
1,1794,1,p1g11_060_s3,seed3,959,11,selected_confirmation,seed3,"[""p1g11_060""]",841a75290e950632,ok,True,partial,0.3835,36.25249312965777,34.85415521609629,35.72811641207222,36.25249312965777,False,False,3|relaxation|mobile|liquid|s1|g0|structured,structured,True,merge_cross_edge,False,5000.0
1,1795,1,p1g11_061_s3,seed3,959,11,selected_confirmation,seed3,"[""p1g11_061""]",a75cd7e8952500b1,ok,True,partial,0.0,21.795810361099676,36.32635060183279,27.244762951374597,21.795810361099676,False,False,4|switch|still|flicker|s1|g0|mixed,mixed,True,merge_cross_edge,False,2500.0
1,1796,1,p1g11_052_s3,seed3,959,11,selected_confirmation,seed3,"[""p1g11_052""]",0874c764ff8070bf,ok,True,partial,0.0,20.037785125959417,33.3963085432657,25.047231407449274,20.037785125959417,False,False,2|constant|drift|liquid|s1|g0|mixed,mixed,True,merge_spatial_ic,False,2500.0
1,1797,1,p1g12_045_s2,seed2,958,12,selected_confirmation,seed2,"[""p1g12_045""]",bdfea8e36f92c526,ok,True,partial,0.0,15.5619919237849,25.93665320630817,19.452489904731127,15.5619919237849,False,False,2|switch|still|liquid|s1|g0|mixed,mixed,True,add_chan,False,2500.0
1,1798,1,p1g12_002_s2,seed2,958,12,selected_confirmation,seed2,"[""p1g12_002""]",961c06a5505f2d5d,ok,True,partial,0.0,35.93002856514048,59.88338094190081,44.91253570642561,35.93002856514048,False,False,3|switch|mobile|liquid|s1|g1|mixed,mixed,True,mutate,False,2500.0
1,1799,1,p1g12_051_s2,seed2,958,12,selected_confirmation,seed2,"[""p1g12_051""]",383a6415ea2c9938,ok,True,partial,0.1574,27.67036305225377,35.62393842042295,30.65295381531722,27.67036305225377,False,False,1|switch|mobile|liquid|s1|g2|structured,structured,True,add_chan,False,2500.0
1,1800,1,p1g11_037_s3,seed3,959,11,selected_confirmation,seed3,"[""p1g11_037""]",dc91ecddb26ab78a,ok,True,partial,0.4645,61.68913508005579,71.84855846675966,65.49891885006974,61.68913508005579,True,True,2|grow|rotor|liquid|s2|g2|structured,structured,True,mint_bilin,False,20000.0
1,1801,1,p1g11_000_s3,seed3,959,11,selected_confirmation,seed3,"[""p1g11_000""]",12afa15cbea8a945,ok,True,partial,0.5331,72.31952664320833,84.99254440534723,77.07190830401042,72.31952664320833,True,True,4|grow|rotor|liquid|s2|g2|structured,structured,True,mutate,False,20000.0
1,1802,1,p1g11_033_s3,seed3,959,11,selected_confirmation,seed3,"[""p1g11_033""]",66b67495c557dfbd,ok,True,partial,0.3864,60.05408830549021,74.33014717581702,65.40761038186277,60.05408830549021,False,False,4|switch|mobile|liquid|s1|g1|structured,structured,True,mint_bilin,False,20000.0
1,1803,1,p1g11_043_s3,seed3,959,11,selected_confirmation,seed3,"[""p1g11_043""]",14b3f7c08d2701ed,ok,True,partial,0.0,48.41350248070177,80.68917080116962,60.51687810087722,48.41350248070177,False,False,4|grow|rotor|liquid|s1|g2|structured,structured,True,delete_bilin,False,20000.0
1,1804,1,p1g12_031_s2,seed2,958,12,selected_confirmation,seed2,"[""p1g12_031""]",7cd2fd9d095e5982,ok,True,partial,0.5919,73.05833317470474,82.30388862450792,76.52541646838094,73.05833317470474,True,True,4|grow|rotor|flicker|s2|g2|structured,structured,True,mint_bilin,False,20000.0
1,1805,1,p1g12_007_s2,seed2,958,12,selected_confirmation,seed2,"[""p1g12_007""]",f76814c5c3c3bbe2,ok,True,partial,0.5677,65.77130527106834,71.77217545178057,68.02163158883542,65.77130527106834,True,True,3|grow|rotor|flicker|s1|g2|structured,structured,True,mutate,False,20000.0
1,1806,1,p1g12_037_s2,seed2,958,12,selected_confirmation,seed2,"[""p1g12_037""]",f28ff34704c181dd,ok,True,partial,0.8195,81.00909559985232,80.38182599975386,80.77386949981539,81.00909559985232,True,True,4|grow|rotor|liquid|s1|g2|structured,structured,True,mint_bilin,False,20000.0
1,1807,1,p1g11_019_s3,seed3,959,11,selected_confirmation,seed3,"[""p1g11_019""]",9f08842d7cf9bec7,ok,True,partial,0.2596,51.33131357862235,68.24552263103725,57.67414197327793,51.33131357862235,False,False,4|switch|drift|liquid|s1|g2|structured,structured,True,mutate,False,10000.0
1,1808,1,p1g11_048_s3,seed3,959,11,selected_confirmation,seed3,"[""p1g11_048""]",c6a0e9c1716c1715,ok,True,partial,0.1103,45.18313381473193,67.95188969121989,53.72141726841492,45.18313381473193,False,False,4|grow|mobile|flicker|s1|g2|mixed,mixed,True,add_chan,False,10000.0
1,1809,1,p1g12_049_s2,seed2,958,12,selected_confirmation,seed2,"[""p1g12_049""]",ade485a3c34506e6,ok,True,partial,0.8854,84.24539192398363,81.38231987330606,83.17173990497955,84.24539192398363,True,True,4|grow|rotor|liquid|s1|g2|structured,structured,True,add_chan,False,20000.0
1,1810,1,p1g12_033_s2,seed2,958,12,selected_confirmation,seed2,"[""p1g12_033""]",ad1d0195a18521f6,ok,True,partial,0.0,15.605268432795627,26.008780721326048,19.506585540994536,15.605268432795627,False,False,1|grow|still|gas|s1|g2|mixed,mixed,True,mint_bilin,False,20000.0
1,1811,1,p1g12_057_s2,seed2,958,12,selected_confirmation,seed2,"[""p1g12_057""]",ca1360fdf1e46f57,ok,True,partial,0.0,41.03276405953177,68.38794009921962,51.29095507441471,41.03276405953177,False,False,4|grow|rotor|liquid|s1|g1|mixed,mixed,True,merge_cross_edge,False,10000.0
1,1812,1,p1g11_015_s3,seed3,959,11,selected_confirmation,seed3,"[""p1g11_015""]",27c1cf911908e5d1,ok,True,partial,0.382,47.29035937513487,53.350598958558116,49.56294921891859,47.29035937513487,False,False,2|grow|mobile|liquid|s1|g0|structured,structured,True,mutate,False,20000.0
1,1813,1,p1g11_017_s3,seed3,959,11,selected_confirmation,seed3,"[""p1g11_017""]",eec17dd0c735bd9b,ok,True,partial,0.2,41.75343235551934,56.255720592532235,47.191790444399174,41.75343235551934,False,False,2|grow|rotor|liquid|s1|g2|structured,structured,True,mutate,False,10000.0
1,1814,1,p1g11_012_s3,seed3,959,11,selected_confirmation,seed3,"[""p1g11_012""]",328c565b0d018581,ok,True,partial,0.0,22.97557643482717,38.292627391378616,28.719470543533962,22.97557643482717,False,False,3|oscillator|drift|frozen|s1|g2|mixed,mixed,True,mutate,False,5000.0
1,1815,1,p1g12_028_s2,seed2,958,12,selected_confirmation,seed2,"[""p1g12_028""]",f05e65d1715830d6,ok,True,partial,0.0,23.005884286961916,38.34314047826986,28.757355358702394,23.005884286961916,False,False,2|switch|still|frozen|s1|g2|mixed,mixed,True,mint_bilin,False,5000.0
1,1816,1,p1g11_050_s3,seed3,959,11,selected_confirmation,seed3,"[""p1g11_050""]",a23109d0ecf8321c,ok,True,partial,0.3996,49.65851424217752,56.12419040362919,52.083142802721895,49.65851424217752,False,False,3|oscillator|rotor|liquid|s1|g2|structured,structured,True,add_chan,False,5000.0
1,1817,1,p1g11_039_s3,seed3,959,11,selected_confirmation,seed3,"[""p1g11_039""]",5f511b5a0cbc36c8,ok,True,partial,0.0,21.892414473073472,36.487357455122456,27.36551809134184,21.892414473073472,False,False,4|oscillator|rotor|frozen|s1|g1|mixed,mixed,True,mint_bilin,False,2500.0
1,1818,1,p1g12_044_s2,seed2,958,12,selected_confirmation,seed2,"[""p1g12_044""]",4b54efbee873f2d2,ok,True,partial,0.0,30.119415009072107,50.19902501512018,37.64926876134013,30.119415009072107,False,False,2|switch|mobile|liquid|s1|g1|mixed,mixed,True,add_chan,False,2500.0
1,1819,1,p1g12_048_s2,seed2,958,12,selected_confirmation,seed2,"[""p1g12_048""]",9a0a8b9bc1eae150,ok,True,partial,0.0,22.718405871816397,37.86400978636066,28.398007339770494,22.718405871816397,False,False,3|switch|rotor|flicker|s1|g2|mixed,mixed,True,add_chan,False,2500.0
1,1820,1,p1g12_060_s2,seed2,958,12,selected_confirmation,seed2,"[""p1g12_060""]",c3c5573d595aa656,ok,True,partial,0.0,22.72692635155468,37.87821058592447,28.40865793944335,22.72692635155468,False,False,3|constant|still|liquid|s1|g2|mixed,mixed,True,merge_cross_edge,False,2500.0
1,1821,1,p1g12_012_s2,seed2,958,12,selected_confirmation,seed2,"[""p1g12_012""]",dfdf9d814c1720dc,ok,True,partial,0.1143,17.862636128312783,22.151060213854638,19.470795160390978,17.862636128312783,False,False,2|constant|mobile|liquid|s1|g0|mixed,mixed,True,mutate,False,2500.0
1,1822,1,p1g12_015_s2,seed2,958,12,selected_confirmation,seed2,"[""p1g12_015""]",c0cda954627e1b40,ok,True,partial,0.0601,15.013819055138216,21.016365091897026,17.26477381892277,15.013819055138216,False,False,2|switch|still|frozen|s1|g0|structured,structured,True,mutate,False,2500.0
1,1823,1,p1g12_053_s2,seed2,958,12,selected_confirmation,seed2,"[""p1g12_053""]",00b1d737ee707e06,ok,True,partial,0.0,17.961563886792586,29.935939811320978,22.451954858490733,17.961563886792586,False,False,3|constant|still|liquid|s1|g2|mixed,mixed,True,merge_spatial_ic,False,2500.0
1,1824,1,p1g12_014_s2,seed2,958,12,selected_confirmation,seed2,"[""p1g12_014""]",de784825e3c7a087,ok,True,partial,0.5116,57.40890628148473,61.574843802474554,58.97113285185591,57.40890628148473,False,False,3|grow|mobile|liquid|s1|g1|structured,structured,True,mutate,False,5000.0
1,1825,1,p1g12_023_s2,seed2,958,12,selected_confirmation,seed2,"[""p1g12_023""]",3e156ac64c27510d,ok,True,partial,0.5995,61.59110725853195,62.68517876421993,62.00138407316494,61.59110725853195,True,True,3|switch|rotor|flicker|s2|g0|structured,structured,True,mint_bilin,False,5000.0
1,1826,1,p1g12_062_s2,seed2,958,12,selected_confirmation,seed2,"[""p1g12_062""]",8766cf1d60d73884,ok,True,partial,0.0,19.8752266680124,33.12537778002066,24.844033335015496,19.8752266680124,False,False,3|constant|still|liquid|s1|g2|mixed,mixed,True,merge_slow_tanh,False,2500.0
1,1827,1,p1g12_016_s2,seed2,958,12,selected_confirmation,seed2,"[""p1g12_016""]",63ac6f27c05769a1,ok,True,partial,0.5444,51.3362723478344,49.26712057972401,50.560340434793005,51.3362723478344,False,False,2|switch|mobile|liquid|s1|g0|structured,structured,True,mutate,False,2500.0
1,1828,1,p1g12_017_s2,seed2,958,12,selected_confirmation,seed2,"[""p1g12_017""]",ac0a21d217228ed8,ok,True,partial,0.0477,20.159580988095986,30.41930164682664,24.00697623511998,20.159580988095986,False,False,1|switch|drift|frozen|s1|g2|mixed,mixed,True,mutate,False,2500.0
1,1829,1,p1g12_045_s3,seed3,959,12,selected_confirmation,seed3,"[""p1g12_045""]",bdfea8e36f92c526,ok,True,partial,0.0,9.493806895723557,15.823011492872595,11.867258619654447,9.493806895723557,False,False,2|constant|mobile|flicker|s1|g0|mixed,mixed,True,add_chan,False,2500.0
1,1830,1,p1g12_002_s3,seed3,959,12,selected_confirmation,seed3,"[""p1g12_002""]",961c06a5505f2d5d,ok,True,partial,0.0,35.773640677278266,59.622734462130445,44.717050846597836,35.773640677278266,False,False,3|switch|mobile|liquid|s1|g1|mixed,mixed,True,mutate,False,2500.0
1,1831,1,p1g12_051_s3,seed3,959,12,selected_confirmation,seed3,"[""p1g12_051""]",383a6415ea2c9938,ok,True,partial,0.1957,29.063032181300613,35.39172030216769,31.436290226625765,29.063032181300613,False,False,1|switch|mobile|liquid|s1|g2|structured,structured,True,add_chan,False,2500.0
1,1832,1,p1g12_033_s3,seed3,959,12,selected_confirmation,seed3,"[""p1g12_033""]",ad1d0195a18521f6,ok,True,partial,0.0,16.298977310479412,27.164962184132357,20.37372163809927,16.298977310479412,False,False,1|grow|still|gas|s1|g2|mixed,mixed,True,mint_bilin,False,20000.0
1,1833,1,p1g12_028_s3,seed3,959,12,selected_confirmation,seed3,"[""p1g12_028""]",f05e65d1715830d6,ok,True,partial,0.0,20.92525741529818,34.87542902549697,26.156571769122728,20.92525741529818,False,False,2|switch|still|frozen|s1|g2|mixed,mixed,True,mint_bilin,False,5000.0
1,1834,1,p1g12_031_s3,seed3,959,12,selected_confirmation,seed3,"[""p1g12_031""]",7cd2fd9d095e5982,ok,True,partial,0.6771,77.22228645718562,83.56381076197603,79.60035807148202,77.22228645718562,True,True,4|grow|rotor|flicker|s2|g2|structured,structured,True,mint_bilin,False,20000.0
1,1835,1,p1g12_044_s3,seed3,959,12,selected_confirmation,seed3,"[""p1g12_044""]",4b54efbee873f2d2,ok,True,partial,0.0,28.22616803335148,47.043613388919134,35.28271004168935,28.22616803335148,False,False,2|switch|mobile|liquid|s1|g1|mixed,mixed,True,add_chan,False,2500.0
1,1836,1,p1g12_048_s3,seed3,959,12,selected_confirmation,seed3,"[""p1g12_048""]",9a0a8b9bc1eae150,ok,True,partial,0.0,17.207816853694617,28.679694756157698,21.509771067118272,17.207816853694617,False,False,3|switch|mobile|flicker|s1|g2|mixed,mixed,True,add_chan,False,2500.0
1,1837,1,p1g12_060_s3,seed3,959,12,selected_confirmation,seed3,"[""p1g12_060""]",c3c5573d595aa656,ok,True,partial,0.0,24.707187057264203,41.17864509544034,30.88398382158025,24.707187057264203,False,False,3|constant|still|liquid|s1|g2|mixed,mixed,True,merge_cross_edge,False,2500.0
1,1838,1,p1g12_012_s3,seed3,959,12,selected_confirmation,seed3,"[""p1g12_012""]",dfdf9d814c1720dc,ok,True,partial,0.161,22.900248613317668,27.43374768886278,24.600310766647084,22.900248613317668,False,False,2|switch|mobile|gas|s1|g0|mixed,mixed,True,mutate,False,2500.0
1,1839,1,p1g12_015_s3,seed3,959,12,selected_confirmation,seed3,"[""p1g12_015""]",c0cda954627e1b40,ok,True,partial,0.0919,16.982634803823988,22.17772467303998,18.930793504779984,16.982634803823988,False,False,2|switch|still|frozen|s1|g0|structured,structured,True,mutate,False,2500.0
1,1840,1,p1g12_053_s3,seed3,959,12,selected_confirmation,seed3,"[""p1g12_053""]",00b1d737ee707e06,ok,True,partial,0.0,19.569791179785128,32.616318632975215,24.462238974731413,19.569791179785128,False,False,3|constant|still|liquid|s1|g2|mixed,mixed,True,merge_spatial_ic,False,2500.0
1,1841,1,p1g12_062_s3,seed3,959,12,selected_confirmation,seed3,"[""p1g12_062""]",8766cf1d60d73884,ok,True,partial,0.0,18.47945158742898,30.7990859790483,23.099314484286225,18.47945158742898,False,False,3|constant|still|flicker|s1|g2|mixed,mixed,True,merge_slow_tanh,False,2500.0
1,1842,1,p1g12_016_s3,seed3,959,12,selected_confirmation,seed3,"[""p1g12_016""]",63ac6f27c05769a1,ok,True,partial,0.5978,52.39815816634983,47.47693027724972,50.55269770793729,52.39815816634983,False,False,2|switch|rotor|liquid|s1|g0|structured,structured,True,mutate,False,2500.0
1,1843,1,p1g12_017_s3,seed3,959,12,selected_confirmation,seed3,"[""p1g12_017""]",ac0a21d217228ed8,ok,True,partial,0.0538,20.62344943284764,30.785749054746063,24.434311791059546,20.62344943284764,False,False,1|switch|drift|liquid|s1|g2|structured,structured,True,mutate,False,2500.0
1,1844,1,p1g12_049_s3,seed3,959,12,selected_confirmation,seed3,"[""p1g12_049""]",ade485a3c34506e6,ok,True,partial,0.8895,82.6504598758784,78.45076645979732,81.07557484484799,82.6504598758784,True,True,4|grow|rotor|liquid|s1|g2|structured,structured,True,add_chan,False,20000.0
1,1845,1,p1g12_007_s3,seed3,959,12,selected_confirmation,seed3,"[""p1g12_007""]",f76814c5c3c3bbe2,ok,True,partial,0.8867,79.71012062938584,73.73686771564307,77.4701507867323,79.71012062938584,True,True,3|switch|rotor|flicker|s1|g2|structured,structured,True,mutate,False,20000.0
1,1846,1,p1g12_037_s3,seed3,959,12,selected_confirmation,seed3,"[""p1g12_037""]",f28ff34704c181dd,ok,True,partial,0.4901,67.4201732917217,79.6936221528695,72.02271661465213,67.4201732917217,True,True,4|grow|rotor|liquid|s1|g2|structured,structured,True,mint_bilin,False,20000.0
1,1847,1,p1g12_057_s3,seed3,959,12,selected_confirmation,seed3,"[""p1g12_057""]",ca1360fdf1e46f57,ok,True,partial,0.0,42.79839992903309,71.33066654838848,53.49799991129136,42.79839992903309,False,False,4|grow|mobile|liquid|s1|g1|mixed,mixed,True,merge_cross_edge,False,20000.0
1,1848,1,p1g12_014_s3,seed3,959,12,selected_confirmation,seed3,"[""p1g12_014""]",de784825e3c7a087,ok,True,partial,0.4959,57.71191923776374,63.12653206293957,59.74239904720468,57.71191923776374,False,False,3|grow|mobile|liquid|s1|g1|structured,structured,True,mutate,False,5000.0
1,1849,1,p1g12_023_s3,seed3,959,12,selected_confirmation,seed3,"[""p1g12_023""]",3e156ac64c27510d,ok,True,partial,0.4473,56.25319523154381,63.93532538590636,59.133994039429766,56.25319523154381,False,False,3|grow|mobile|liquid|s2|g0|structured,structured,True,mint_bilin,False,10000.0
2,0,2,atlas_cargo_cell,screen,964,0,atlas_gen0_import,immigrate_atlas,[],7d0fda2662bbfe77,ok,True,full,0.2742,36.832,39.96900549024197,36.83175411768148,34.949403294145185,False,False,2|switch|mobile|liquid|s1|g0|economy,economy,,immigrate_atlas,True,2500.0
2,1,2,atlas_m5_trains,screen,964,0,atlas_gen0_import,immigrate_atlas,[],3b97cde5bfc7b705,ok,True,full,0.237,25.992,26.756053655631305,25.99204024172348,25.533632193378782,False,False,1|constant|mobile|liquid|s1|g0|economy,economy,,immigrate_atlas,True,2500.0
2,2,2,atlas_m2_dimer,screen,964,0,atlas_gen0_import,immigrate_atlas,[],c94bae6f17a572c2,ok,True,full,0.2521,31.898,34.12776898566979,31.89832673925234,30.560661391401872,False,False,1|grow|drift|liquid|s1|g0|economy,economy,,immigrate_atlas,True,5000.0
2,3,2,p2g1_042,screen,964,1,creative_screen,dup_act,"[""p4g1_018""]",ae33d8920bc047a9,fail_g0a,True,missing,,,,,,False,False,,,,dup_act,False,
2,4,2,p2g1_046,screen,964,1,creative_screen,dup_act,"[""p6g7_028""]",18c112c81b71d363,fail_g0a,True,missing,,,,,,False,False,,,,dup_act,False,
2,5,2,p2g1_076,screen,964,1,creative_screen,merge_share_chan,"[""p0g0_ds2g11_009"",""ref_BFIELD_g0.05""]",c18f563fc88fc64c,fail_g0a,True,missing,,,,,,False,False,,,,merge_share_chan,False,
2,6,2,p2g1_077,screen,964,1,creative_screen,merge_share_chan,"[""p2g6_020"",""ref_M4_tau5.7""]",8847f3194a7975f4,fail_g0a,True,missing,,,,,,False,False,,,,merge_share_chan,False,
2,7,2,p2g1_004,screen,964,1,creative_screen,mutate,"[""p6g5_026""]",9afc6c55a52155dd,fail_g0a,True,missing,,,,,,False,False,,,,mutate,False,
2,8,2,p2g1_040,screen,964,1,creative_screen,dup_act,"[""p2g6_020""]",13784f68981fe067,fail_g0a,True,missing,,,,,,False,False,,,,dup_act,False,
2,9,2,p2g1_044,screen,964,1,creative_screen,dup_act,"[""p3g9_021""]",97cb29634ff33d3d,fail_g0a,True,missing,,,,,,False,False,,,,dup_act,False,
2,10,2,p2g1_059,screen,964,1,creative_screen,merge_cross_edge,"[""p6g1_043"",""ref_M0""]",3f49f37f9c9de350,fail_g0a,True,missing,,,,,,False,False,,,,merge_cross_edge,False,
2,11,2,p2g1_054,screen,964,1,creative_screen,merge_spatial_ic,"[""p2g1_040"",""p3g6_036""]",eef1806b5f1e0089,ok,True,full,0.4112,63.728,71.26463792269367,63.72847844202025,59.206782753616196,True,False,4|switch|mobile|liquid|s1|g2|economy,economy,,merge_spatial_ic,True,5000.0
2,12,2,p2g1_048,screen,964,1,creative_screen,merge_spatial_ic,"[""p6g9_021"",""p5g3_040""]",b310fbfc5cac334e,ok,True,full,0.3958,56.163,61.69062523433355,56.162968925750164,52.84637514060013,False,False,3|switch|mobile|liquid|s1|g2|economy,economy,,merge_spatial_ic,True,2500.0
2,13,2,p2g1_051,screen,964,1,creative_screen,merge_spatial_ic,"[""p6g8_033"",""p1g2_008""]",27a2960d05f47297,ok,True,full,0.2772,60.748,71.75757499870106,60.7481812490258,54.14254499922063,False,False,3|switch|mobile|liquid|s1|g2|economy,economy,,merge_spatial_ic,True,20000.0
2,14,2,p2g1_053,screen,964,1,creative_screen,merge_spatial_ic,"[""p6g3_033"",""p1g2_008""]",45d84b9a9c2d5329,ok,True,full,0.5586,62.923,65.27786846156035,62.923401346170266,61.51072107693621,True,True,4|switch|mobile|liquid|s1|g1|economy,economy,,merge_spatial_ic,True,2500.0
2,15,2,p2g1_055,screen,964,1,creative_screen,merge_spatial_ic,"[""p6g8_033"",""p4g1_037""]",27a2960d05f47297,ok,True,full,0.3959,70.207,80.41317890220077,70.20738417665058,64.08390734132047,False,False,3|switch|mobile|liquid|s2|g2|economy,economy,,merge_spatial_ic,True,20000.0
2,16,2,p2g1_052,screen,964,1,creative_screen,merge_spatial_ic,"[""p6g2_022"",""p6g5_019""]",4822df84bbe8edf6,ok,True,full,0.5673,53.533,52.467975769911476,53.533481827433604,54.17278546194689,False,False,3|switch|mobile|liquid|s1|g0|economy,economy,,merge_spatial_ic,True,2500.0
2,17,2,p2g1_049,screen,964,1,creative_screen,merge_spatial_ic,"[""p5g3_062"",""p2g4_053""]",6588fedcc859d014,ok,True,full,0.347,57.878,65.60445577050523,57.87834182787891,53.24267346230313,False,False,4|switch|rotor|liquid|s1|g0|structured,structured,,merge_spatial_ic,True,2500.0
2,18,2,p2g1_050,screen,964,1,creative_screen,merge_spatial_ic,"[""p3g6_070"",""p6g9_040""]",0754aa976555d950,ok,True,full,0.4143,59.996,66.18403599078533,59.995526993089,56.2824215944712,False,False,3|switch|mobile|liquid|s2|g2|economy,economy,,merge_spatial_ic,True,10000.0
2,19,2,p2g1_002,screen,964,1,creative_screen,mutate,"[""p4g5_070""]",d9ed7061a56002ec,ok,True,partial,0.4684,48.822081539438436,49.48277538591792,48.822081539438436,48.42566523155075,False,False,1|grow|mobile|liquid|s1|g2|structured,structured,,mutate,False,5000.0
2,20,2,p2g1_060,screen,964,1,creative_screen,merge_cross_edge,"[""p1g2_008"",""blk_engine_10748""]",d9f0c4ecd66facf6,ok,True,partial,0.4728,65.1980222014522,71.17069626860292,65.1980222014522,61.614417761161754,True,True,3|switch|rotor|liquid|s1|g2|structured,structured,,merge_cross_edge,False,10000.0
2,21,2,p2g1_078,screen,964,1,creative_screen,merge_share_chan,"[""p1g2_008"",""ref_iso_d0.65""]",9fb172b36e41b539,ok,True,partial,0.4283,57.51354476011966,62.40805968015955,57.51354476011966,54.57683580809574,False,False,3|switch|mobile|liquid|s1|g2|mixed,mixed,,merge_share_chan,False,2500.0
2,22,2,p2g1_005,screen,964,1,creative_screen,mutate,"[""p2g7_039""]",73784bc096c6af9e,ok,True,partial,0.4311,57.89692353901252,62.82589805201669,57.89692353901252,54.939538831210015,False,False,3|switch|mobile|liquid|s2|g2|structured,structured,,mutate,False,2500.0
2,23,2,p2g1_006,screen,964,1,creative_screen,mutate,"[""p5g7_040""]",1df18c697ace6321,ok,True,partial,0.5104,60.76750530192378,64.0100070692317,60.76750530192378,58.82200424153902,True,False,4|switch|mobile|liquid|s2|g2|structured,structured,,mutate,False,5000.0
2,24,2,p2g1_008,screen,964,1,creative_screen,mutate,"[""p2g7_039""]",0d24c2f81f35c74b,ok,True,partial,0.4139,62.25318749118851,69.20758332158469,62.25318749118851,58.08054999295082,True,False,3|switch|rotor|liquid|s1|g2|structured,structured,,mutate,False,5000.0
2,25,2,p2g1_010,screen,964,1,creative_screen,mutate,"[""p2g7_039""]",10dcec8fde768a05,ok,True,partial,0.5204,65.27536828333969,69.68715771111958,65.27536828333969,62.628294626671746,True,True,4|grow|mobile|liquid|s1|g2|structured,structured,,mutate,False,2500.0
2,26,2,p2g1_012,screen,964,1,creative_screen,mutate,"[""p2g7_039""]",d938fd3c7bed9cd1,ok,True,partial,0.4744,59.0693549299038,62.94580657320507,59.0693549299038,56.74348394392304,False,False,3|switch|mobile|liquid|s1|g2|structured,structured,,mutate,False,2500.0
2,27,2,p2g1_014,screen,964,1,creative_screen,mutate,"[""p4g5_040""]",25ba4c839e86a51e,ok,True,partial,0.2705,43.67231293181164,49.21308390908218,43.67231293181164,40.3478503454493,False,False,2|switch|mobile|liquid|s1|g1|structured,structured,,mutate,False,2500.0
2,28,2,p2g1_017,screen,964,1,creative_screen,mint_bilin,"[""p5g7_040""]",bf9d2724ed64b209,ok,True,partial,0.5181,73.71569785533013,81.01759714044017,73.71569785533013,69.3345582842641,True,True,4|grow|mobile|liquid|s1|g2|structured,structured,,mint_bilin,False,20000.0
2,29,2,p2g1_022,screen,964,1,creative_screen,mint_bilin,"[""p2g4_041""]",584b63dd04238c30,ok,True,partial,0.3608,60.73846702420535,68.9579560322738,60.73846702420535,55.80677361936428,False,False,3|grow|mobile|liquid|s1|g2|structured,structured,,mint_bilin,False,2500.0
2,30,2,p2g1_026,screen,964,1,creative_screen,mint_bilin,"[""p2g7_039""]",01a17419ed0932c4,ok,True,partial,0.4708,53.419900655771386,55.533200874361846,53.419900655771386,52.151920524617104,False,False,4|grow|mobile|liquid|s1|g2|structured,structured,,mint_bilin,False,2500.0
2,31,2,p2g1_029,screen,964,1,creative_screen,delete_bilin,"[""p2g7_039""]",8b6c65374d3dbb50,ok,True,partial,0.5023,64.26346820227221,68.94129093636295,64.26346820227221,61.45677456181777,True,True,4|grow|mobile|liquid|s1|g2|structured,structured,,delete_bilin,False,2500.0
2,32,2,p2g1_032,screen,964,1,creative_screen,add_chan,"[""p6g8_033""]",45f5b439a6f9cee8,ok,True,partial,0.3077,62.79695645993674,73.472608613249,62.79695645993674,56.391565167949395,False,False,3|switch|rotor|liquid|s1|g2|structured,structured,,add_chan,False,20000.0
2,33,2,p2g1_034,screen,964,1,creative_screen,add_chan,"[""p3g6_032""]",36e53c11d42a1a40,ok,True,partial,0.3559,32.36678821913009,31.29238429217346,32.36678821913009,33.011430575304075,False,False,3|switch|drift|liquid|s1|g0|structured,structured,,add_chan,False,2500.0
2,34,2,p2g1_035,screen,964,1,creative_screen,add_chan,"[""p3g9_022""]",d172b0ae30b4adf9,ok,True,partial,0.3559,32.36678821913009,31.29238429217346,32.36678821913009,33.011430575304075,False,False,3|switch|drift|liquid|s1|g0|structured,structured,,add_chan,False,2500.0
2,35,2,p2g1_041,screen,964,1,creative_screen,dup_act,"[""p4g4_018""]",78ccae7b22823d5b,ok,True,partial,0.0,48.67036574394335,64.89382099192447,48.67036574394335,38.93629259515468,False,False,4|switch|drift|liquid|s1|g2|mixed,mixed,,dup_act,False,5000.0
2,36,2,p2g1_047,screen,964,1,creative_screen,dup_act,"[""p6g8_033""]",0d2edece61b7493e,ok,True,partial,0.0,26.87284940310861,35.83046587081148,26.87284940310861,21.498279522486886,False,False,3|constant|still|frozen|s1|g2|mixed,mixed,,dup_act,False,2500.0
2,37,2,p2g1_056,screen,964,1,creative_screen,merge_cross_edge,"[""p5g8_007"",""blk_engine_10748""]",815d82c89c6b56a6,ok,True,partial,0.0,58.67530635437622,78.23374180583495,58.67530635437622,46.94024508350097,False,False,4|switch|rotor|liquid|s1|g2|mixed,mixed,,merge_cross_edge,False,5000.0
2,38,2,p2g1_058,screen,964,1,creative_screen,merge_cross_edge,"[""p2g6_020"",""ref_iso_d0.75""]",1bdf372c0be1c70d,ok,True,partial,0.4434,71.96443436960362,81.1725791594715,71.96443436960362,66.4395474956829,True,True,4|grow|rotor|liquid|s2|g2|structured,structured,,merge_cross_edge,False,10000.0
2,39,2,p2g1_061,screen,964,1,creative_screen,merge_cross_edge,"[""p6g5_025"",""blk_engine_10748""]",c8d53a1cfde0c859,ok,True,partial,0.3838,49.025222370329814,52.573629827106416,49.025222370329814,46.89617789626384,False,False,3|grow|mobile|liquid|s1|g2|structured,structured,,merge_cross_edge,False,2500.0
2,40,2,p2g1_063,screen,964,1,creative_screen,merge_cross_edge,"[""p6g5_025"",""ref_iso_d0.65""]",d450711a8614982c,ok,True,partial,0.3351,52.434584537707124,58.7427793836095,52.434584537707124,48.649667630165695,False,False,2|grow|mobile|liquid|s1|g2|structured,structured,,merge_cross_edge,False,2500.0
2,41,2,p2g1_064,screen,964,1,creative_screen,merge_cross_edge,"[""p6g5_025"",""ref_iso_d0.65""]",c837e7036b2649e8,ok,True,partial,0.2626,55.27488128370284,64.94650837827045,55.27488128370284,49.47190502696227,False,False,4|switch|mobile|liquid|s1|g2|structured,structured,,merge_cross_edge,False,2500.0
2,42,2,p2g1_066,screen,964,1,creative_screen,merge_cross_edge,"[""p2g6_020"",""blk_engine_10748""]",a883c14e2162f124,ok,True,partial,0.5379,72.22384107966982,78.36845477289309,72.22384107966982,68.53707286373586,True,True,4|switch|rotor|liquid|s2|g2|structured,structured,,merge_cross_edge,False,10000.0
2,43,2,p2g1_067,screen,964,1,creative_screen,merge_cross_edge,"[""p2g6_020"",""blk_engine_10748""]",b0b5c22cd90792e9,ok,True,partial,0.6498,77.67241321957417,81.9032176260989,77.67241321957417,75.13393057565933,True,True,4|grow|rotor|liquid|s3|g2|structured,structured,,merge_cross_edge,False,10000.0
2,44,2,p2g1_068,screen,964,1,creative_screen,merge_cross_edge,"[""p5g8_007"",""blk_engine_10748""]",e74f103ca33c4c22,ok,True,partial,0.0,58.67530635437622,78.23374180583495,58.67530635437622,46.94024508350097,False,False,4|switch|rotor|liquid|s1|g2|mixed,mixed,,merge_cross_edge,False,5000.0
2,45,2,p2g1_069,screen,964,1,creative_screen,merge_slow_tanh,"[""p3g5_061"",""ref_BFIELD_g0.05""]",d180217b39c4da02,ok,True,partial,0.0,36.774994490742635,49.033325987656845,36.774994490742635,29.419995592594105,False,False,4|constant|mobile|liquid|s1|g2|mixed,mixed,,merge_slow_tanh,False,5000.0
2,46,2,p2g1_070,screen,964,1,creative_screen,merge_cross_edge,"[""p4g4_018"",""ref_M0""]",238b93e584c49631,ok,True,partial,0.0814,50.97441437388865,65.2525524985182,50.97441437388865,42.40753149911092,False,False,4|switch|drift|liquid|s1|g2|mixed,mixed,,merge_cross_edge,False,5000.0
2,47,2,p2g1_071,screen,964,1,creative_screen,merge_cross_edge,"[""p2g6_020"",""ref_M0""]",4a67738b092c14e3,ok,True,partial,0.3269,69.81250069490468,82.18666759320624,69.81250069490468,62.38800055592374,False,False,4|grow|mobile|liquid|s2|g2|structured,structured,,merge_cross_edge,False,20000.0
2,48,2,p2g1_072,screen,964,1,creative_screen,merge_cross_edge,"[""p1g6_065"",""ref_M0""]",26d0e37a72033beb,ok,True,partial,0.3343,41.805460664900664,44.59728088653422,41.805460664900664,40.13036853192053,False,False,4|constant|drift|liquid|s1|g2|structured,structured,,merge_cross_edge,False,5000.0
2,49,2,p2g1_073,screen,964,1,creative_screen,merge_cross_edge,"[""p4g4_018"",""ref_iso_d0.75""]",48cc33961cb18ab5,ok,True,partial,0.0884,50.972545743943364,65.01672765859115,50.972545743943364,42.54603659515469,False,False,4|switch|drift|liquid|s1|g2|mixed,mixed,,merge_cross_edge,False,5000.0
2,50,2,p2g1_074,screen,964,1,creative_screen,merge_cross_edge,"[""p2g6_020"",""blk_engine_10748""]",cf978f6cd658a548,ok,True,partial,0.0,28.140550192823,37.520733590430666,28.140550192823,22.5124401542584,False,False,4|switch|drift|frozen|s1|g2|mixed,mixed,,merge_cross_edge,False,2500.0
2,51,2,p2g1_075,screen,964,1,creative_screen,merge_cross_edge,"[""p1g6_065"",""ref_M0""]",e67e943201c983af,ok,True,partial,0.3893,46.83118817872586,49.46491757163448,46.83118817872586,45.25095054298069,False,False,4|switch|drift|liquid|s1|g2|structured,structured,,merge_cross_edge,False,5000.0
2,52,2,p2g1_001,screen,964,1,creative_screen,mutate,"[""p2g2_041""]",1363809be9c9c0c3,ok,True,partial,0.0,37.623996829109295,50.16532910547906,37.623996829109295,30.099197463287435,False,False,3|grow|mobile|liquid|s1|g2|mixed,mixed,,mutate,False,2500.0
2,53,2,p2g1_009,screen,964,1,creative_screen,mutate,"[""p3g9_022""]",c87dae7197d7ca1b,ok,True,partial,0.5772,42.67832018856189,37.66442691808252,42.67832018856189,45.686656150849515,False,False,3|constant|mobile|liquid|s1|g2|structured,structured,,mutate,False,2500.0
2,54,2,p2g1_011,screen,964,1,creative_screen,mutate,"[""p6g9_021""]",9de01c91384e7539,ok,True,partial,0.5078,75.79762386410493,84.13683181880658,75.79762386410493,70.79409909128395,True,True,3|grow|mobile|liquid|s2|g2|structured,structured,,mutate,False,20000.0
2,55,2,p2g1_013,screen,964,1,creative_screen,mutate,"[""p6g8_033""]",495df91b3251fa11,ok,True,partial,0.4282,52.58797154975514,55.84396206634019,52.58797154975514,50.63437723980411,False,False,2|switch|mobile|flicker|s1|g2|mixed,mixed,,mutate,False,2500.0
2,56,2,p2g1_019,screen,964,1,creative_screen,mint_bilin,"[""p3g6_036""]",22370673b4d2c63c,ok,True,partial,0.3799,62.76704825591241,71.02606434121654,62.76704825591241,57.81163860472992,False,False,3|switch|mobile|liquid|s1|g1|structured,structured,,mint_bilin,False,5000.0
2,57,2,p2g1_020,screen,964,1,creative_screen,mint_bilin,"[""p2g2_041""]",c3f261e54c163527,ok,True,partial,0.2535,36.014973244537245,39.56996432604966,36.014973244537245,33.88197859562979,False,False,4|constant|drift|liquid|s1|g2|structured,structured,,mint_bilin,False,2500.0
2,58,2,p2g1_021,screen,964,1,creative_screen,mint_bilin,"[""p6g8_033""]",37a17f25d12bbe2d,ok,True,partial,0.2981,62.81673389125408,73.81897852167211,62.81673389125408,56.21538711300326,False,False,3|grow|rotor|liquid|s1|g2|structured,structured,,mint_bilin,False,10000.0
2,59,2,p2g1_024,screen,964,1,creative_screen,mint_bilin,"[""p3g6_032""]",b3e14a306a3b29ca,ok,True,partial,0.0,45.46933126125061,60.62577501500081,45.46933126125061,36.375465009000486,False,False,3|switch|rotor|flicker|s1|g1|mixed,mixed,,mint_bilin,False,2500.0
2,60,2,p2g1_028,screen,964,1,creative_screen,delete_bilin,"[""p2g4_069""]",c968f42c900825af,ok,True,partial,0.0545,46.429022471284625,60.0886966283795,46.429022471284625,38.2332179770277,False,False,3|grow|still|frozen|s3|g2|mixed,mixed,,delete_bilin,False,20000.0
2,61,2,p2g1_031,screen,964,1,creative_screen,delete_bilin,"[""p6g8_033""]",54fe617cf706055f,ok,True,partial,0.301,59.542349082844055,69.35646544379208,59.542349082844055,53.65387926627524,False,False,3|grow|rotor|liquid|s1|g2|structured,structured,,delete_bilin,False,20000.0
2,62,2,p2g1_033,screen,964,1,creative_screen,add_chan,"[""p4g3_022""]",0e4c2afa711b0d24,ok,True,partial,0.4307,52.659205030053364,55.855606706737824,52.659205030053364,50.741364024042696,False,False,3|switch|mobile|liquid|s1|g0|structured,structured,,add_chan,False,2500.0
2,63,2,p2g1_036,screen,964,1,creative_screen,add_chan,"[""p6g5_026""]",2937ade6b1a91c5d,ok,True,partial,0.264,61.95272836018706,73.80363781358274,61.95272836018706,54.84218268814964,False,False,3|grow|mobile|liquid|s1|g2|structured,structured,,add_chan,False,20000.0
2,64,2,p2g1_037,screen,964,1,creative_screen,add_chan,"[""p1g7_023""]",3690c9f2501aa004,ok,True,partial,0.4526,52.725593972317384,55.21412529642318,52.725593972317384,51.23247517785391,False,False,2|switch|mobile|liquid|s1|g0|structured,structured,,add_chan,False,5000.0
2,65,2,p2g1_038,screen,964,1,creative_screen,add_chan,"[""p6g7_028""]",d7c8debf0a1bb592,ok,True,partial,0.3744,66.62134105719375,76.348454742925,66.62134105719375,60.785072845754996,False,False,3|switch|mobile|liquid|s2|g2|structured,structured,,add_chan,False,5000.0
2,66,2,p2g1_043,screen,964,1,creative_screen,dup_act,"[""p6g7_028""]",c18ebbe9a26d9db6,ok,True,partial,0.0,22.00844362456444,29.344591499419252,22.00844362456444,17.606754899651552,False,False,2|constant|still|frozen|s1|g2|mixed,mixed,,dup_act,False,2500.0
2,67,2,p2g1_045,screen,964,1,creative_screen,dup_act,"[""p5g8_007""]",0c1fc022331e2949,ok,True,partial,0.0,33.693027703860004,44.92403693848001,33.693027703860004,26.954422163088005,False,False,3|switch|still|frozen|s1|g2|mixed,mixed,,dup_act,False,5000.0
2,68,2,p2g1_057,screen,964,1,creative_screen,merge_cross_edge,"[""p3g6_061"",""ref_BFIELD_g0.05""]",eeeea0dff8936f5d,ok,True,partial,0.0,35.93339828867682,47.91119771823576,35.93339828867682,28.746718630941455,False,False,2|oscillator|mobile|flicker|s1|g2|mixed,mixed,,merge_cross_edge,False,2500.0
2,69,2,p2g1_062,screen,964,1,creative_screen,merge_cross_edge,"[""p6g7_013"",""ref_M4_tau5.7""]",5b4ad6640be17b4b,ok,True,partial,0.2846,68.93072257922546,82.42096343896729,68.93072257922546,60.83657806338037,False,False,4|switch|rotor|liquid|s1|g2|mixed,mixed,,merge_cross_edge,False,10000.0
2,70,2,p2g1_079,screen,964,1,creative_screen,merge_share_chan,"[""p3g6_070"",""ref_iso_d0.65""]",035df3a7b903a464,ok,True,partial,0.0,51.0509006150143,68.06786748668573,51.0509006150143,40.840720492011435,False,False,4|grow|mobile|liquid|s1|g2|mixed,mixed,,merge_share_chan,False,10000.0
2,71,2,p2g1_000,screen,964,1,creative_screen,mutate,"[""p3g7_015""]",8374a12be60874cc,ok,True,partial,0.5144,68.45014180868388,74.12018907824518,68.45014180868388,65.0481134469471,True,True,4|switch|rotor|flicker|s1|g1|structured,structured,,mutate,False,2500.0
2,72,2,p2g1_003,screen,964,1,creative_screen,mutate,"[""p5g4_065""]",f891cbf384200ef8,ok,True,partial,0.0,19.966709050111042,26.62227873348139,19.966709050111042,15.973367240088834,False,False,2|switch|drift|flicker|s1|g2|mixed,mixed,,mutate,False,2500.0
2,73,2,p2g1_015,screen,964,1,creative_screen,mutate,"[""p6g5_026""]",942ef4a4cd6b8a1b,ok,True,partial,0.4165,61.43117680525941,68.02490240701255,61.43117680525941,57.47494144420753,True,False,3|oscillator|mobile|liquid|s1|g2|structured,structured,,mutate,False,2500.0
2,74,2,p2g1_018,screen,964,1,creative_screen,mint_bilin,"[""p1g7_023""]",924ba5a10dc24335,ok,True,partial,0.4621,64.8295351426385,71.03604685685134,64.8295351426385,61.10562811411081,True,True,4|grow|mobile|liquid|s2|g0|structured,structured,,mint_bilin,False,20000.0
2,75,2,p2g1_023,screen,964,1,creative_screen,mint_bilin,"[""p6g7_028""]",14d77591986afc56,ok,True,partial,0.5746,65.15573924167154,67.72098565556206,65.15573924167154,63.61659139333724,True,True,3|switch|mobile|liquid|s1|g2|structured,structured,,mint_bilin,False,20000.0
2,76,2,p2g1_025,screen,964,1,creative_screen,mint_bilin,"[""p1g3_035""]",b775106c35d12be9,ok,True,partial,0.6581,71.52799736509368,73.43399648679157,71.52799736509368,70.38439789207494,True,True,4|grow|mobile|liquid|s1|g1|structured,structured,,mint_bilin,False,20000.0
2,77,2,p2g1_027,screen,964,1,creative_screen,mint_bilin,"[""p1g3_035""]",2fe61fe3de1b9ff5,ok,True,partial,0.3953,64.5932254575709,72.94763394342785,64.5932254575709,59.5805803660567,False,False,4|grow|rotor|liquid|s2|g1|structured,structured,,mint_bilin,False,2500.0
2,78,2,p2g1_030,screen,964,1,creative_screen,delete_bilin,"[""p1g5_022""]",4e4cd0ea7942ce19,ok,True,partial,0.098,49.048238136417524,62.13098418189003,49.048238136417524,41.198590509134014,False,False,4|grow|rotor|frozen|s1|g2|structured,structured,,delete_bilin,False,20000.0
2,79,2,p2g1_065,screen,964,1,creative_screen,merge_cross_edge,"[""p3g5_061"",""ref_iso_d0.65""]",a318103d190665fb,ok,True,partial,0.0,37.08292992985312,49.4439065731375,37.08292992985312,29.666343943882495,False,False,4|constant|drift|liquid|s1|g2|mixed,mixed,,merge_cross_edge,False,5000.0
2,80,2,p2g1_016,screen,964,1,creative_screen,mint_bilin,"[""p2g6_020""]",72aafa6862339280,ok,True,partial,0.2002,41.76455999221147,49.012746656281955,41.76455999221147,37.41564799376917,False,False,3|switch|mobile|liquid|s1|g2|mixed,mixed,,mint_bilin,False,5000.0
2,81,2,p2g1_080,screen,964,1,creative_screen,immigrate,,47f1730cec82769b,no_blobs,True,missing,,0.0,,,,False,False,,,,immigrate,False,
2,82,2,p2g1_081,screen,964,1,creative_screen,immigrate,,1df4d0b68cfb7b70,no_blobs,True,missing,,0.0,,,,False,False,,,,immigrate,False,
2,83,2,p2g1_083,screen,964,1,creative_screen,immigrate,,4ad7c66fbc50f01b,no_blobs,True,missing,,0.0,,,,False,False,,,,immigrate,False,
2,84,2,p2g1_085,screen,964,1,creative_screen,immigrate,,cc3a01905f33f7fa,no_blobs,True,missing,,0.0,,,,False,False,,,,immigrate,False,
2,85,2,p2g1_094,screen,964,1,creative_screen,immigrate,,e79323550c95e545,no_blobs,True,missing,,0.0,,,,False,False,,,,immigrate,False,
2,86,2,p2g1_095,screen,964,1,creative_screen,immigrate,,f647782dda61ae01,no_blobs,True,missing,,0.0,,,,False,False,,,,immigrate,False,
2,87,2,p2g1_096,screen,964,1,creative_screen,immigrate,,f03eeea1a73f1e21,no_blobs,True,missing,,0.0,,,,False,False,,,,immigrate,False,
2,88,2,p2g1_097,screen,964,1,creative_screen,immigrate,,9ca91f5837dcb2be,no_blobs,True,missing,,0.0,,,,False,False,,,,immigrate,False,
2,89,2,p2g1_098,screen,964,1,creative_screen,immigrate,,114ff23ee23fde5c,no_blobs,True,missing,,0.0,,,,False,False,,,,immigrate,False,
2,90,2,p2g1_084,screen,964,1,creative_screen,immigrate,,ee971d4cc1be9396,no_blobs,True,missing,,0.0,,,,False,False,,,,immigrate,False,
2,91,2,p2g1_089,screen,964,1,creative_screen,immigrate,,f9d8c9d3e16039eb,no_blobs,True,missing,,0.0,,,,False,False,,,,immigrate,False,
2,92,2,p2g1_090,screen,964,1,creative_screen,immigrate,,b6c79f4124636f3d,no_blobs,True,missing,,0.0,,,,False,False,,,,immigrate,False,
2,93,2,p2g1_091,screen,964,1,creative_screen,immigrate,,ebe586f3c46d786e,no_blobs,True,missing,,0.0,,,,False,False,,,,immigrate,False,
2,94,2,p2g1_099,screen,964,1,creative_screen,immigrate,,0fefc5f3d643e5ce,no_blobs,True,missing,,0.0,,,,False,False,,,,immigrate,False,
2,95,2,p2g1_039,screen,964,1,creative_screen,add_chan,"[""p2g6_020""]",c245b852050beef9,ok,True,partial,0.39,69.74382746918795,79.99176995891726,69.74382746918795,63.595061975350355,False,False,3|switch|rotor|liquid|s2|g2|structured,structured,,add_chan,False,20000.0
2,96,2,p2g1_007,screen,964,1,creative_screen,mutate,"[""p2g6_020""]",8e12e46756768553,ok,True,partial,0.5208,67.0085185816285,71.98469144217133,67.0085185816285,64.02281486530279,True,True,3|switch|mobile|liquid|s1|g2|structured,structured,,mutate,False,20000.0
2,97,2,p2g1_082,screen,964,1,creative_screen,immigrate,,1672840b0b201e70,ok,True,partial,0.0,0.0,0.0,0.0,0.0,False,False,1|constant|still|gas|s1|g0|mixed,mixed,,immigrate,False,2500.0
2,98,2,p2g1_087,screen,964,1,creative_screen,immigrate,,915c36cff0bbb212,ok,True,partial,0.0,0.0,0.0,0.0,0.0,False,False,1|constant|still|gas|s1|g0|mixed,mixed,,immigrate,False,2500.0
2,99,2,p2g1_093,screen,964,1,creative_screen,immigrate,,8c72f9f30926d05c,ok,True,partial,0.0,0.0,0.0,0.0,0.0,False,False,1|constant|still|gas|s1|g0|mixed,mixed,,immigrate,False,2500.0
2,100,2,p2g1_088,screen,964,1,creative_screen,immigrate,,a8ebdc9bdd5629c4,no_blobs,True,missing,,0.0,,,,False,False,,,,immigrate,False,
2,101,2,p2g1_086,screen,964,1,creative_screen,immigrate,,26427bf2891d0a69,ok,True,partial,0.0,15.337500000000002,20.450000000000003,15.337500000000002,12.270000000000001,False,False,2|constant|still|gas|s1|g0|mixed,mixed,,immigrate,False,2500.0
2,102,2,p2g1_092,screen,964,1,creative_screen,immigrate,,4532ffe10914220d,ok,True,partial,0.0,22.987499999999997,30.65,22.987499999999997,18.389999999999997,False,False,2|constant|still|gas|s1|g2|mixed,mixed,,immigrate,False,2500.0
2,103,2,p2g2_045,screen,964,2,creative_screen,dup_act,"[""p6g8_033""]",6c610572aaddf7a2,fail_g0a,True,missing,,,,,,False,False,,,,dup_act,False,
2,104,2,p2g2_065,screen,964,2,creative_screen,merge_cross_edge,"[""p2g4_053"",""blk_p2g4_053""]",bb982e8560b2eab7,fail_g0a,True,missing,,,,,,False,False,,,,merge_cross_edge,False,
2,105,2,p2g2_002,screen,964,2,creative_screen,mutate,"[""p2g1_079""]",b217a16632af5112,fail_g0a,True,missing,,,,,,False,False,,,,mutate,False,
2,106,2,p2g2_040,screen,964,2,creative_screen,dup_act,"[""p6g7_028""]",9d20510112e4dd22,fail_g0a,True,missing,,,,,,False,False,,,,dup_act,False,
2,107,2,p2g2_076,screen,964,2,creative_screen,merge_share_chan,"[""p2g6_020"",""blk_engine_10748""]",26b035f68bee13c5,fail_g0a,True,missing,,,,,,False,False,,,,merge_share_chan,False,
2,108,2,p2g2_046,screen,964,2,creative_screen,dup_act,"[""p1g6_065""]",04b0b077dbcfedf7,fail_g0a,True,missing,,,,,,False,False,,,,dup_act,False,
2,109,2,p2g2_077,screen,964,2,creative_screen,merge_share_chan,"[""p2g1_002"",""ref_M4_tau5.7""]",135b9c374b095b07,fail_g0a,True,missing,,,,,,False,False,,,,merge_share_chan,False,
2,110,2,p2g2_075,screen,964,2,creative_screen,merge_share_chan,"[""p10g0_ds6_000"",""blk_engine_10748""]",68c1d37f5fc14557,fail_g0a,True,missing,,,,,,False,False,,,,merge_share_chan,False,
2,111,2,p2g1_002_s2,seed2,965,1,selected_confirmation,seed2,"[""p2g1_002""]",d9ed7061a56002ec,no_blobs,True,missing,,0.0,,,,False,False,,,True,mutate,False,
2,112,2,p2g1_060_s2,seed2,965,1,selected_confirmation,seed2,"[""p2g1_060""]",d9f0c4ecd66facf6,ok,True,partial,0.4808,62.36969169678551,67.13292226238067,62.36969169678551,59.511753357428404,True,False,3|switch|mobile|liquid|s1|g2|structured,structured,True,merge_cross_edge,False,10000.0
2,113,2,p2g2_064,screen,964,2,creative_screen,merge_cross_edge,"[""p2g4_062"",""blk_engine_10748""]",c1f9928b940fc209,ok,True,partial,0.4053,65.61446569293699,73.97595425724933,65.61446569293699,60.5975725543496,True,True,3|grow|mobile|liquid|s1|g2|structured,structured,,merge_cross_edge,False,20000.0
2,114,2,p2g2_013,screen,964,2,creative_screen,mutate,"[""p3g5_061""]",f05addd37969cb37,ok,True,partial,0.0,10.5875,14.116666666666667,10.5875,8.47,False,False,2|constant|still|gas|s1|g0|mixed,mixed,,mutate,False,2500.0
2,115,2,p2g1_078_s2,seed2,965,1,selected_confirmation,seed2,"[""p2g1_078""]",9fb172b36e41b539,ok,True,partial,0.4303,60.427311925822444,66.22641590109659,60.427311925822444,56.947849540657955,True,False,3|switch|rotor|liquid|s1|g2|structured,structured,True,merge_share_chan,False,5000.0
2,116,2,p2g1_017_s2,seed2,965,1,selected_confirmation,seed2,"[""p2g1_017""]",bf9d2724ed64b209,ok,True,partial,0.6435,75.97974711686268,79.85632948915024,75.97974711686268,73.65379769349015,True,True,4|grow|mobile|liquid|s1|g2|structured,structured,True,mint_bilin,False,20000.0
2,117,2,p2g1_071_s2,seed2,965,1,selected_confirmation,seed2,"[""p2g1_071""]",4a67738b092c14e3,ok,True,partial,0.4086,74.83561393638269,86.16081858184357,74.83561393638269,68.04049114910615,True,True,4|grow|rotor|liquid|s3|g2|structured,structured,True,merge_cross_edge,False,20000.0
2,118,2,p2g1_051_s2,seed2,965,1,selected_confirmation,seed2,"[""p2g1_051""]",27a2960d05f47297,ok,True,partial,0.3381,71.75258520963418,84.40011361284557,71.75258520963418,64.16406816770734,False,False,3|switch|rotor|liquid|s1|g2|structured,structured,True,merge_spatial_ic,False,20000.0
2,119,2,p2g1_055_s2,seed2,965,1,selected_confirmation,seed2,"[""p2g1_055""]",27a2960d05f47297,ok,True,partial,0.3381,71.75258520963418,84.40011361284557,71.75258520963418,64.16406816770734,False,False,3|switch|rotor|liquid|s1|g2|structured,structured,True,merge_spatial_ic,False,20000.0
2,120,2,p2g1_011_s2,seed2,965,1,selected_confirmation,seed2,"[""p2g1_011""]",9de01c91384e7539,ok,True,partial,0.3732,71.45639998742594,82.83519998323459,71.45639998742594,64.62911998994075,False,False,3|grow|mobile|liquid|s2|g2|structured,structured,True,mutate,False,20000.0
2,121,2,p2g1_028_s2,seed2,965,1,selected_confirmation,seed2,"[""p2g1_028""]",c968f42c900825af,ok,True,partial,0.0372,37.34750231586021,48.55666975448028,37.34750231586021,30.622001852688168,False,False,3|grow|still|frozen|s1|g2|mixed,mixed,True,delete_bilin,False,20000.0
2,122,2,p2g1_036_s2,seed2,965,1,selected_confirmation,seed2,"[""p2g1_036""]",2937ade6b1a91c5d,ok,True,partial,0.2616,64.57457346234165,77.37943128312219,64.57457346234165,56.89165876987331,False,False,3|grow|mobile|liquid|s1|g2|structured,structured,True,add_chan,False,20000.0
2,123,2,p2g1_018_s2,seed2,965,1,selected_confirmation,seed2,"[""p2g1_018""]",924ba5a10dc24335,ok,True,partial,0.4781,65.3281259843641,71.16750131248548,65.3281259843641,61.82450078749129,True,True,4|grow|mobile|liquid|s2|g0|structured,structured,True,mint_bilin,False,20000.0
2,124,2,p2g1_023_s2,seed2,965,1,selected_confirmation,seed2,"[""p2g1_023""]",14d77591986afc56,ok,True,partial,0.3678,72.66548878220748,84.62731837627663,72.66548878220748,65.48839102576598,False,False,3|switch|rotor|liquid|s2|g2|structured,structured,True,mint_bilin,False,20000.0
2,125,2,p2g1_025_s2,seed2,965,1,selected_confirmation,seed2,"[""p2g1_025""]",b775106c35d12be9,ok,True,partial,0.6845,75.9169995489554,78.40599939860721,75.9169995489554,74.42359963916432,True,True,4|grow|mobile|liquid|s2|g1|structured,structured,True,mint_bilin,False,20000.0
2,126,2,p2g1_030_s2,seed2,965,1,selected_confirmation,seed2,"[""p2g1_030""]",4e4cd0ea7942ce19,ok,True,partial,0.0632,48.2105991574938,62.17413220999174,48.2105991574938,39.83247932599504,False,False,4|grow|still|frozen|s1|g2|structured,structured,True,delete_bilin,False,20000.0
2,127,2,p2g1_039_s2,seed2,965,1,selected_confirmation,seed2,"[""p2g1_039""]",c245b852050beef9,ok,True,partial,0.5146,66.0923373452402,70.96978312698693,66.0923373452402,63.16586987619215,True,True,3|switch|mobile|liquid|s1|g2|structured,structured,True,add_chan,False,20000.0
2,128,2,p2g1_007_s2,seed2,965,1,selected_confirmation,seed2,"[""p2g1_007""]",8e12e46756768553,ok,True,partial,0.5298,66.46799403401312,70.96399204535082,66.46799403401312,63.77039522721049,True,True,3|relaxation|mobile|liquid|s2|g2|structured,structured,True,mutate,False,20000.0
2,129,2,p2g1_058_s2,seed2,965,1,selected_confirmation,seed2,"[""p2g1_058""]",1bdf372c0be1c70d,ok,True,partial,0.0,52.96769513394031,70.62359351192042,52.96769513394031,42.37415610715225,False,False,3|switch|rotor|liquid|s2|g2|structured,structured,True,merge_cross_edge,False,10000.0
2,130,2,p2g1_066_s2,seed2,965,1,selected_confirmation,seed2,"[""p2g1_066""]",a883c14e2162f124,ok,True,partial,0.3892,69.21123753280355,79.30831671040472,69.21123753280355,63.15299002624283,False,False,3|switch|rotor|liquid|s3|g2|structured,structured,True,merge_cross_edge,False,20000.0
2,131,2,p2g1_067_s2,seed2,965,1,selected_confirmation,seed2,"[""p2g1_067""]",b0b5c22cd90792e9,ok,True,partial,0.2232,62.79873047686109,76.29164063581479,62.79873047686109,54.702984381488875,False,False,3|grow|mobile|liquid|s2|g2|structured,structured,True,merge_cross_edge,False,20000.0
2,132,2,p2g1_021_s2,seed2,965,1,selected_confirmation,seed2,"[""p2g1_021""]",37a17f25d12bbe2d,ok,True,partial,0.3078,65.45788156741108,77.01717542321477,65.45788156741108,58.52230525392886,False,False,3|grow|rotor|liquid|s1|g2|structured,structured,True,mint_bilin,False,10000.0
2,133,2,p2g1_062_s2,seed2,965,1,selected_confirmation,seed2,"[""p2g1_062""]",5b4ad6640be17b4b,ok,True,partial,0.3069,63.12296719302665,73.93395625736888,63.12296719302665,56.63637375442133,False,False,4|grow|drift|liquid|s1|g2|mixed,mixed,True,merge_cross_edge,False,10000.0
2,134,2,p2g1_079_s2,seed2,965,1,selected_confirmation,seed2,"[""p2g1_079""]",035df3a7b903a464,ok,True,partial,0.0,53.654893625025665,71.53985816670088,53.654893625025665,42.92391490002053,False,False,4|grow|rotor|liquid|s1|g2|mixed,mixed,True,merge_share_chan,False,20000.0
2,135,2,p2g1_054_s2,seed2,965,1,selected_confirmation,seed2,"[""p2g1_054""]",eef1806b5f1e0089,ok,True,partial,0.3162,60.83594784560613,70.57459712747483,60.83594784560613,54.99275827648489,False,False,4|grow|mobile|liquid|s1|g2|structured,structured,True,merge_spatial_ic,False,5000.0
2,136,2,p2g1_006_s2,seed2,965,1,selected_confirmation,seed2,"[""p2g1_006""]",1df18c697ace6321,ok,True,partial,0.4319,54.12187777283532,57.76583703044709,54.12187777283532,51.935502218268255,False,False,4|switch|mobile|liquid|s1|g2|structured,structured,True,mutate,False,5000.0
2,137,2,p2g1_041_s2,seed2,965,1,selected_confirmation,seed2,"[""p2g1_041""]",78ccae7b22823d5b,ok,True,partial,0.0,49.511176109020745,66.01490147869433,49.511176109020745,39.6089408872166,False,False,4|switch|still|liquid|s1|g2|mixed,mixed,True,dup_act,False,10000.0
2,138,2,p2g1_056_s2,seed2,965,1,selected_confirmation,seed2,"[""p2g1_056""]",815d82c89c6b56a6,ok,True,partial,0.0,58.64294421696012,78.19059228928016,58.64294421696012,46.91435537356809,False,False,4|switch|rotor|liquid|s1|g2|mixed,mixed,True,merge_cross_edge,False,5000.0
2,139,2,p2g1_069_s2,seed2,965,1,selected_confirmation,seed2,"[""p2g1_069""]",d180217b39c4da02,ok,True,partial,0.0,40.39755839844001,53.863411197920016,40.39755839844001,32.31804671875201,False,False,4|constant|mobile|liquid|s1|g2|mixed,mixed,True,merge_slow_tanh,False,5000.0
2,140,2,p2g1_070_s2,seed2,965,1,selected_confirmation,seed2,"[""p2g1_070""]",238b93e584c49631,ok,True,partial,0.2615,55.826880876143775,65.71917450152503,55.826880876143775,49.89150470091502,False,False,4|switch|still|liquid|s1|g2|mixed,mixed,True,merge_cross_edge,False,10000.0
2,141,2,p2g1_072_s2,seed2,965,1,selected_confirmation,seed2,"[""p2g1_072""]",26d0e37a72033beb,ok,True,partial,0.3895,50.30014517282734,54.08352689710313,50.30014517282734,48.030116138261874,False,False,4|constant|drift|liquid|s1|g2|structured,structured,True,merge_cross_edge,False,5000.0
2,142,2,p2g1_075_s2,seed2,965,1,selected_confirmation,seed2,"[""p2g1_075""]",e67e943201c983af,ok,True,partial,0.4018,48.657110325517145,51.48281376735619,48.657110325517145,46.96168826041371,False,False,4|constant|drift|liquid|s1|g2|structured,structured,True,merge_cross_edge,False,5000.0
2,143,2,p2g1_019_s2,seed2,965,1,selected_confirmation,seed2,"[""p2g1_019""]",22370673b4d2c63c,ok,True,partial,0.4539,64.39773984782956,70.73365313043941,64.39773984782956,60.59619187826364,True,True,3|switch|mobile|liquid|s1|g1|structured,structured,True,mint_bilin,False,5000.0
2,144,2,p2g1_037_s2,seed2,965,1,selected_confirmation,seed2,"[""p2g1_037""]",3690c9f2501aa004,ok,True,partial,0.3822,50.08584017167875,54.041120228905,50.08584017167875,47.712672137343006,False,False,2|switch|mobile|liquid|s1|g0|structured,structured,True,add_chan,False,5000.0
2,145,2,p2g1_038_s2,seed2,965,1,selected_confirmation,seed2,"[""p2g1_038""]",d7c8debf0a1bb592,ok,True,partial,0.5614,69.8125276005493,74.37003680073241,69.8125276005493,67.07802208043944,True,True,3|switch|mobile|liquid|s1|g2|structured,structured,True,add_chan,False,10000.0
2,146,2,p2g1_045_s2,seed2,965,1,selected_confirmation,seed2,"[""p2g1_045""]",0c1fc022331e2949,ok,True,partial,0.0,39.99558606272733,53.32744808363644,39.99558606272733,31.996468850181863,False,False,3|switch|still|liquid|s1|g2|mixed,mixed,True,dup_act,False,5000.0
2,147,2,p2g1_065_s2,seed2,965,1,selected_confirmation,seed2,"[""p2g1_065""]",a318103d190665fb,ok,True,partial,0.0,40.88569425962745,54.5142590128366,40.88569425962745,32.70855540770196,False,False,4|constant|drift|liquid|s1|g2|mixed,mixed,True,merge_cross_edge,False,5000.0
2,148,2,p2g2_015,screen,964,2,creative_screen,mutate,"[""p2g7_039""]",cd8380c18ee6bb4b,ok,True,partial,0.3694,50.977060241461864,55.656080321949155,50.977060241461864,48.16964819316949,False,False,3|grow|mobile|liquid|s1|g0|structured,structured,,mutate,False,2500.0
2,149,2,p2g2_027,screen,964,2,creative_screen,mint_bilin,"[""p2g1_070""]",72ae489b0abbca50,ok,True,partial,0.0846,50.876309931135474,65.01507990818062,50.876309931135474,42.393047944908375,False,False,4|switch|drift|liquid|s1|g2|mixed,mixed,,mint_bilin,False,5000.0
2,150,2,p2g2_029,screen,964,2,creative_screen,delete_bilin,"[""p2g1_069""]",bfa54c73d140756c,ok,True,partial,0.0,34.70802810846936,46.27737081129248,34.70802810846936,27.766422486775486,False,False,4|constant|drift|liquid|s1|g2|mixed,mixed,,delete_bilin,False,5000.0
2,151,2,p2g2_030,screen,964,2,creative_screen,delete_bilin,"[""p2g1_070""]",beaf5262003aedf1,ok,True,partial,0.1133,52.15951977678829,65.76935970238438,52.15951977678829,43.99361582143062,False,False,4|switch|drift|liquid|s1|g2|mixed,mixed,,delete_bilin,False,5000.0
2,152,2,p2g2_032,screen,964,2,creative_screen,add_chan,"[""p6g8_033""]",0421ca1c09d33bb6,ok,True,partial,0.3786,61.83417107414964,69.8255614321995,61.83417107414964,57.039336859319704,False,False,3|switch|mobile|liquid|s1|g2|structured,structured,,add_chan,False,5000.0
2,153,2,p2g2_041,screen,964,2,creative_screen,dup_act,"[""p6g8_033""]",2c35048f8d3575ac,ok,True,partial,0.0,38.950523587011396,51.93403144934853,38.950523587011396,31.160418869609117,False,False,3|constant|drift|liquid|s1|g2|mixed,mixed,,dup_act,False,2500.0
2,154,2,p2g2_056,screen,964,2,creative_screen,merge_cross_edge,"[""p2g6_020"",""ref_iso_d0.75""]",f642853f66ccd8c8,ok,True,partial,0.0,51.757033615524946,69.00937815403326,51.757033615524946,41.40562689241995,False,False,4|switch|mobile|liquid|s1|g2|mixed,mixed,,merge_cross_edge,False,2500.0
2,155,2,p2g2_000,screen,964,2,creative_screen,mutate,"[""p2g7_039""]",74c194cc0545ad46,ok,True,partial,0.5004,61.14007359871615,64.84009813162153,61.14007359871615,58.92005887897292,True,False,3|switch|mobile|liquid|s1|g2|structured,structured,,mutate,False,2500.0
2,156,2,p2g2_034,screen,964,2,creative_screen,add_chan,"[""p3g6_032""]",afe011c2a70b0605,ok,True,partial,0.5388,73.25711468865056,79.71615291820075,73.25711468865056,69.38169175092045,True,True,4|grow|mobile|liquid|s2|g1|structured,structured,,add_chan,False,20000.0
2,157,2,p2g2_039,screen,964,2,creative_screen,add_chan,"[""p6g8_033""]",736f16ae2b03baa9,ok,True,partial,0.3112,62.0038361962549,72.2984482616732,62.0038361962549,55.82706895700392,False,False,3|grow|mobile|liquid|s2|g2|structured,structured,,add_chan,False,20000.0
2,158,2,p2g2_043,screen,964,2,creative_screen,dup_act,"[""p2g6_020""]",3aa0812c719477bf,ok,True,partial,0.2772,65.04849412656895,77.49132550209194,65.04849412656895,57.58279530125516,False,False,4|switch|drift|liquid|s2|g2|structured,structured,,dup_act,False,20000.0
2,159,2,p2g2_050,screen,964,2,creative_screen,merge_spatial_ic,"[""p2g7_039"",""p2g1_049""]",fa86cb8089d048d0,ok,True,partial,0.5532,65.57415267752525,68.99220357003367,65.57415267752525,63.5233221420202,True,True,4|grow|mobile|liquid|s1|g2|structured,structured,,merge_spatial_ic,True,2500.0
2,160,2,p2g2_057,screen,964,2,creative_screen,merge_cross_edge,"[""p6g5_025"",""ref_iso_d0.65""]",7eefd3bf8f5d508a,ok,True,partial,0.3381,59.192016014642434,67.65268801952324,59.192016014642434,54.115612811713945,False,False,3|grow|rotor|liquid|s1|g2|structured,structured,,merge_cross_edge,False,10000.0
2,161,2,p2g2_058,screen,964,2,creative_screen,merge_cross_edge,"[""p2g6_020"",""ref_M0""]",e6ec7b37ad3ac417,ok,True,partial,0.4807,75.9304653478542,85.21728713047226,75.9304653478542,70.35837227828335,True,True,4|switch|rotor|liquid|s2|g2|structured,structured,,merge_cross_edge,False,20000.0
2,162,2,p2g2_059,screen,964,2,creative_screen,merge_cross_edge,"[""p2g6_020"",""ref_iso_d0.75""]",f5dc3c4ef4f01028,ok,True,partial,0.5432,74.4816809535988,81.20224127146507,74.4816809535988,70.44934476287904,True,True,4|switch|rotor|liquid|s2|g2|structured,structured,,merge_cross_edge,False,20000.0
2,163,2,p2g2_060,screen,964,2,creative_screen,merge_cross_edge,"[""p2g6_020"",""blk_engine_10748""]",87f090a8524d6f79,ok,True,partial,0.5509,71.60771869062128,77.11362492082839,71.60771869062128,68.30417495249702,True,True,3|grow|rotor|liquid|s2|g2|structured,structured,,merge_cross_edge,False,20000.0
2,164,2,p2g2_061,screen,964,2,creative_screen,merge_cross_edge,"[""p2g6_020"",""ref_M0""]",2858ea7e8fe8708e,ok,True,partial,0.3559,70.0183718397505,81.49449578633401,70.0183718397505,63.13269747180041,False,False,4|switch|rotor|liquid|s2|g2|structured,structured,,merge_cross_edge,False,20000.0
2,165,2,p2g2_062,screen,964,2,creative_screen,merge_cross_edge,"[""p2g1_007"",""ref_iso_d0.75""]",7628e5e23b517c98,ok,True,partial,0.3114,49.60733663583663,55.76311551444885,49.60733663583663,45.913869308669305,False,False,3|switch|still|liquid|s1|g2|structured,structured,,merge_cross_edge,False,5000.0
2,166,2,p2g2_067,screen,964,2,creative_screen,merge_cross_edge,"[""p2g6_020"",""ref_iso_d0.65""]",71d96c0d2e2adfc3,ok,True,partial,0.5486,53.41073200828289,52.92764267771053,53.41073200828289,53.70058560662632,False,False,3|oscillator|rotor|liquid|s1|g2|structured,structured,,merge_cross_edge,False,2500.0
2,167,2,p2g2_068,screen,964,2,creative_screen,merge_cross_edge,"[""p2g6_020"",""ref_M4_tau5.7""]",1ee7ce1b7838f956,ok,True,partial,0.4693,72.03701886326192,80.4060251510159,72.03701886326192,67.01561509060954,True,True,4|grow|rotor|liquid|s3|g2|structured,structured,,merge_cross_edge,False,10000.0
2,168,2,p2g2_069,screen,964,2,creative_screen,merge_cross_edge,"[""p4g4_018"",""blk_engine_10748""]",9a985419bb8a4390,ok,True,partial,0.2081,63.74462100476468,78.05616133968624,63.74462100476468,55.15769680381174,False,False,4|switch|rotor|liquid|s1|g2|mixed,mixed,,merge_cross_edge,False,5000.0
2,169,2,p2g2_070,screen,964,2,creative_screen,merge_cross_edge,"[""p2g6_020"",""ref_M0""]",2ccd2e15c8fa6fb9,ok,True,partial,0.5156,67.62419910247876,72.97893213663833,67.62419910247876,64.411359281983,True,True,4|switch|mobile|liquid|s1|g2|structured,structured,,merge_cross_edge,False,5000.0
2,170,2,p2g2_071,screen,964,2,creative_screen,merge_cross_edge,"[""p2g6_020"",""ref_iso_d0.75""]",db5ab524addbfa0d,ok,True,partial,0.4328,73.91554869382584,84.12739825843445,73.91554869382584,67.78843895506067,True,True,4|grow|rotor|liquid|s3|g2|structured,structured,,merge_cross_edge,False,10000.0
2,171,2,p2g2_001,screen,964,2,creative_screen,mutate,"[""p3g6_032""]",81432c314a05abfa,ok,True,partial,0.5394,41.40693097835819,37.22924130447758,41.40693097835819,43.91354478268655,False,False,3|constant|mobile|liquid|s1|g1|structured,structured,,mutate,False,2500.0
2,172,2,p2g2_004,screen,964,2,creative_screen,mutate,"[""p6g8_033""]",4367715aa0823f2a,ok,True,partial,0.2563,43.842051224082184,49.91273496544291,43.842051224082184,40.19964097926574,False,False,2|switch|mobile|liquid|s1|g2|structured,structured,,mutate,False,5000.0
2,173,2,p2g2_006,screen,964,2,creative_screen,mutate,"[""p6g9_021""]",24b09477e69160fc,ok,True,partial,0.3229,51.95584208156717,58.5111227754229,51.95584208156717,48.022673665253734,False,False,2|grow|mobile|liquid|s2|g2|structured,structured,,mutate,False,20000.0
2,174,2,p2g2_007,screen,964,2,creative_screen,mutate,"[""p3g6_032""]",25358d15ec16e629,ok,True,partial,0.251,45.18175063973011,51.87566751964015,45.18175063973011,41.165400511784085,False,False,3|switch|mobile|liquid|s1|g0|structured,structured,,mutate,False,2500.0
2,175,2,p2g2_008,screen,964,2,creative_screen,mutate,"[""p6g9_021""]",0cd0a755cd316c5a,ok,True,partial,0.3204,47.34395579591856,52.44527439455808,47.34395579591856,44.28316463673485,False,False,2|oscillator|mobile|liquid|s1|g2|structured,structured,,mutate,False,2500.0
2,176,2,p2g2_009,screen,964,2,creative_screen,mutate,"[""p3g9_022""]",496b14b66cf1bdde,ok,True,partial,0.5789,64.84256568186383,67.16008757581844,64.84256568186383,63.45205254549106,True,True,4|grow|mobile|liquid|s2|g2|structured,structured,,mutate,False,5000.0
2,177,2,p2g2_010,screen,964,2,creative_screen,mutate,"[""p3g6_032""]",d622c2d8cf881d56,ok,True,partial,0.5912,42.587057532553786,37.07607671007172,42.587057532553786,45.89364602604303,False,False,3|constant|mobile|liquid|s1|g1|structured,structured,,mutate,False,2500.0
2,178,2,p2g2_011,screen,964,2,creative_screen,mutate,"[""p2g1_053""]",d93c906158f78639,ok,True,partial,0.3578,56.15559535507187,62.94746047342915,56.15559535507187,52.0804762840575,False,False,4|switch|mobile|liquid|s1|g1|structured,structured,,mutate,False,2500.0
2,179,2,p2g2_014,screen,964,2,creative_screen,mutate,"[""p6g8_020""]",2a344074153e7f5d,ok,True,partial,0.5359,69.24521586052015,74.4636211473602,69.24521586052015,66.11417268841612,True,True,4|grow|rotor|liquid|s1|g2|structured,structured,,mutate,False,10000.0
2,180,2,p2g2_021,screen,964,2,creative_screen,mint_bilin,"[""p3g6_032""]",bf7e83194d770cac,ok,True,partial,0.6515,50.317404232591116,45.37320564345482,50.317404232591116,53.283923386072885,False,False,4|oscillator|mobile|liquid|s1|g1|structured,structured,,mint_bilin,False,2500.0
2,181,2,p2g2_024,screen,964,2,creative_screen,mint_bilin,"[""p3g6_032""]",00ad67098ca52841,ok,True,partial,0.3684,32.67928821913009,31.29238429217346,32.67928821913009,33.511430575304075,False,False,3|switch|drift|liquid|s1|g0|structured,structured,,mint_bilin,False,2500.0
2,182,2,p2g2_016,screen,964,2,creative_screen,mint_bilin,"[""p2g4_002""]",68792846f53adaa5,ok,True,partial,0.316,59.97947995586325,69.43930660781767,59.97947995586325,54.3035839646906,False,False,3|switch|mobile|liquid|s1|g2|structured,structured,,mint_bilin,False,10000.0
2,183,2,p2g2_018,screen,964,2,creative_screen,mint_bilin,"[""p6g9_040""]",0af6510266e625be,ok,True,partial,0.7576,48.77120516361141,39.774940218148544,48.77120516361141,54.16896413088912,False,False,3|switch|mobile|flicker|s1|g0|structured,structured,,mint_bilin,False,2500.0
2,184,2,p2g2_020,screen,964,2,creative_screen,mint_bilin,"[""p5g3_040""]",f9a23970e353ef6d,ok,True,partial,0.5614,71.42459630873384,76.51946174497846,71.42459630873384,68.36767704698707,True,True,4|grow|mobile|liquid|s1|g2|structured,structured,,mint_bilin,False,20000.0
2,185,2,p2g2_022,screen,964,2,creative_screen,mint_bilin,"[""p2g4_030""]",b4d5b1c1281d75e2,ok,True,partial,0.2612,62.65591758662842,74.83455678217122,62.65591758662842,55.34873406930273,False,False,4|grow|mobile|flicker|s2|g2|mixed,mixed,,mint_bilin,False,10000.0
2,186,2,p2g2_023,screen,964,2,creative_screen,mint_bilin,"[""p6g9_021""]",7fa13f78a42abf98,ok,True,partial,0.2108,53.748445188084744,64.63792691744632,53.748445188084744,47.21475615046779,False,False,2|grow|mobile|liquid|s2|g2|structured,structured,,mint_bilin,False,10000.0
2,187,2,p2g2_028,screen,964,2,creative_screen,delete_bilin,"[""p6g8_033""]",54fe617cf706055f,ok,True,partial,0.301,59.542349082844055,69.35646544379208,59.542349082844055,53.65387926627524,False,False,3|grow|rotor|liquid|s1|g2|structured,structured,,delete_bilin,False,20000.0
2,188,2,p2g2_031,screen,964,2,creative_screen,delete_bilin,"[""p3g6_032""]",f696871bd3d8ad9a,ok,True,partial,0.5084,65.37461158003394,70.21948210671194,65.37461158003394,62.46768926402716,True,True,4|grow|mobile|liquid|s1|g1|structured,structured,,delete_bilin,False,5000.0
2,189,2,p2g2_037,screen,964,2,creative_screen,add_chan,"[""p6g5_026""]",d2c92dfd3075f3b5,ok,True,partial,0.3002,67.40147179135403,79.86196238847204,67.40147179135403,59.92517743308322,False,False,3|switch|rotor|liquid|s2|g2|structured,structured,,add_chan,False,20000.0
2,190,2,p2g2_038,screen,964,2,creative_screen,add_chan,"[""p6g5_026""]",5c3b22eec22509f0,ok,True,partial,0.176,39.95405574549072,47.4054076606543,39.95405574549072,35.48324459639258,False,False,2|switch|still|liquid|s1|g2|structured,structured,,add_chan,False,2500.0
2,191,2,p2g2_042,screen,964,2,creative_screen,dup_act,"[""p6g7_028""]",ea28b70c8b93a743,ok,True,partial,0.3286,65.03090341596193,75.75453788794924,65.03090341596193,58.59672273276954,False,False,4|grow|rotor|liquid|s1|g2|mixed,mixed,,dup_act,False,20000.0
2,192,2,p2g2_044,screen,964,2,creative_screen,dup_act,"[""p6g5_026""]",0278a89bbec247c9,ok,True,partial,0.0,39.927799928595725,53.237066571460964,39.927799928595725,31.942239942876576,False,False,3|constant|mobile|liquid|s1|g2|mixed,mixed,,dup_act,False,2500.0
2,193,2,p2g2_047,screen,964,2,creative_screen,dup_act,"[""p6g7_028""]",e36d149d612e35ba,ok,True,partial,0.0,57.17622907397967,76.23497209863956,57.17622907397967,45.740983259183736,False,False,4|grow|rotor|liquid|s1|g2|mixed,mixed,,dup_act,False,20000.0
2,194,2,p2g2_048,screen,964,2,creative_screen,merge_spatial_ic,"[""p3g5_003"",""p6g7_035""]",a8588ddb13332b62,ok,True,partial,0.6146,68.58976278792657,70.96635038390211,68.58976278792657,67.16381023034127,True,True,4|switch|mobile|liquid|s1|g1|structured,structured,,merge_spatial_ic,True,2500.0
2,195,2,p2g2_049,screen,964,2,creative_screen,merge_spatial_ic,"[""p6g3_033"",""p2g1_054""]",45d84b9a9c2d5329,ok,True,partial,0.5609,69.37763783265525,73.80685044354034,69.37763783265525,66.72011026612421,True,True,4|switch|mobile|liquid|s1|g1|structured,structured,,merge_spatial_ic,True,5000.0
2,196,2,p2g2_051,screen,964,2,creative_screen,merge_spatial_ic,"[""p6g9_021"",""p3g5_061""]",b310fbfc5cac334e,ok,True,partial,0.2935,55.57721480958929,64.31961974611906,55.57721480958929,50.33177184767143,False,False,3|switch|mobile|liquid|s1|g2|structured,structured,,merge_spatial_ic,True,5000.0
2,197,2,p2g2_053,screen,964,2,creative_screen,merge_spatial_ic,"[""p2g1_043"",""p2g4_030""]",c18ebbe9a26d9db6,ok,True,partial,0.0,34.753742513085434,46.33832335078058,34.753742513085434,27.802994010468346,False,False,2|constant|drift|liquid|s1|g2|mixed,mixed,,merge_spatial_ic,True,20000.0
2,198,2,p2g2_055,screen,964,2,creative_screen,merge_spatial_ic,"[""p3g6_032"",""p4g4_007""]",3e9e387b61a8cb22,ok,True,partial,0.0326,11.300091430659096,13.980121907545461,11.300091430659096,9.692073144527276,False,False,2|constant|still|frozen|s1|g1|structured,structured,,merge_spatial_ic,True,2500.0
2,199,2,p2g2_066,screen,964,2,creative_screen,merge_cross_edge,"[""p6g1_043"",""blk_p2g4_053""]",d93a95db3f5c1951,ok,True,partial,0.4329,65.69876179951122,73.16834906601495,65.69876179951122,61.21700943960897,True,True,4|grow|mobile|liquid|s2|g2|structured,structured,,merge_cross_edge,False,5000.0
2,200,2,p2g2_073,screen,964,2,creative_screen,merge_slow_tanh,"[""p3g9_021"",""blk_engine_10748""]",9a1ee4288cbfa1ad,ok,True,partial,0.0,54.3137269480018,72.41830259733574,54.3137269480018,43.450981558401445,False,False,4|grow|mobile|liquid|s1|g2|mixed,mixed,,merge_slow_tanh,False,20000.0
2,201,2,p2g2_003,screen,964,2,creative_screen,mutate,"[""p6g7_028""]",91425fc736d65a66,ok,True,partial,0.0,37.21151850627725,49.61535800836967,37.21151850627725,29.7692148050218,False,False,3|oscillator|drift|frozen|s1|g2|mixed,mixed,,mutate,False,2500.0
2,202,2,p2g2_005,screen,964,2,creative_screen,mutate,"[""p6g5_026""]",4324b465f4de690a,ok,True,partial,0.068,33.959598008097466,43.01279734412995,33.959598008097466,28.527678406477968,False,False,2|switch|drift|liquid|s1|g2|mixed,mixed,,mutate,False,2500.0
2,203,2,p2g2_012,screen,964,2,creative_screen,mutate,"[""p2g4_015""]",dabdea6e2f08244c,ok,True,partial,0.1306,54.800122162329494,68.71349621643932,54.800122162329494,46.452097729863596,False,False,3|grow|rotor|frozen|s2|g2|structured,structured,,mutate,False,10000.0
2,204,2,p2g2_019,screen,964,2,creative_screen,mint_bilin,"[""p6g7_028""]",0d85b30990119b1c,ok,True,partial,0.2593,71.48029241884493,86.66372322512656,71.48029241884493,62.37023393507594,False,False,3|grow|rotor|liquid|s2|g2|structured,structured,,mint_bilin,False,20000.0
2,205,2,p2g2_025,screen,964,2,creative_screen,mint_bilin,"[""p6g5_026""]",94397f8f8a384c9d,ok,True,partial,0.2865,72.94953364751504,87.7160448633534,72.94953364751504,64.08962691801204,False,False,3|grow|rotor|liquid|s2|g2|structured,structured,,mint_bilin,False,20000.0
2,206,2,p2g2_026,screen,964,2,creative_screen,mint_bilin,"[""p2g1_025""]",7fd20ea086ecb059,ok,True,partial,0.0,49.366070572140266,65.82142742952036,49.366070572140266,39.492856457712215,False,False,4|switch|mobile|flicker|s1|g1|structured,structured,,mint_bilin,False,5000.0
2,207,2,p2g2_033,screen,964,2,creative_screen,add_chan,"[""p2g6_020""]",1633f44115f45bc1,ok,True,partial,0.2818,37.649071764795494,40.80542901972733,37.649071764795494,35.755257411836396,False,False,2|switch|drift|liquid|s1|g2|mixed,mixed,,add_chan,False,2500.0
2,208,2,p2g2_036,screen,964,2,creative_screen,add_chan,"[""p2g6_020""]",026bfb1c5e9e2400,ok,True,partial,0.2729,47.80761514829444,54.64682019772592,47.80761514829444,43.70409211863555,False,False,2|switch|rotor|liquid|s1|g2|structured,structured,,add_chan,False,5000.0
2,209,2,p2g2_052,screen,964,2,creative_screen,merge_spatial_ic,"[""p6g4_021"",""p2g2_041""]",f1d619e4608e8429,ok,True,partial,0.4936,65.1902069740648,70.46694263208639,65.1902069740648,62.02416557925183,True,True,4|switch|mobile|liquid|s1|g2|structured,structured,,merge_spatial_ic,True,2500.0
2,210,2,p2g2_054,screen,964,2,creative_screen,merge_spatial_ic,"[""p6g7_028"",""p5g3_062""]",99843d9cd96588d6,ok,True,partial,0.1828,53.83442845092198,65.68590460122931,53.83442845092198,46.72354276073758,False,False,3|switch|rotor|liquid|s2|g2|structured,structured,,merge_spatial_ic,True,10000.0
2,211,2,p2g2_072,screen,964,2,creative_screen,merge_slow_tanh,"[""p2g4_062"",""ref_BFIELD_g0.05""]",f2fb66a126aacca6,ok,True,partial,0.5561,64.14395943448832,66.98861257931776,64.14395943448832,62.437167547590654,True,True,3|switch|mobile|liquid|s1|g2|structured,structured,,merge_slow_tanh,False,2500.0
2,212,2,p2g2_017,screen,964,2,creative_screen,mint_bilin,"[""p2g6_020""]",04d7948e3f523272,ok,True,partial,0.0,18.286622540262492,24.382163387016657,18.286622540262492,14.629298032209993,False,False,2|constant|still|gas|s1|g2|mixed,mixed,,mint_bilin,False,2500.0
2,213,2,p2g2_074,screen,964,2,creative_screen,merge_slow_tanh,"[""p2g4_053"",""ref_iso_d0.75""]",b8f8146a49cbd2af,ok,True,partial,0.0546,22.910321918773576,28.727095891698102,22.910321918773576,19.420257535018862,False,False,2|oscillator|drift|liquid|s1|g2|structured,structured,,merge_slow_tanh,False,2500.0
2,214,2,p2g2_078,screen,964,2,creative_screen,merge_share_chan,"[""p3g5_061"",""ref_iso_d0.65""]",d1043afb7de72337,ok,True,partial,0.0,34.733060212690454,46.310746950253936,34.733060212690454,27.78644817015236,False,False,3|constant|mobile|flicker|s1|g2|mixed,mixed,,merge_share_chan,False,5000.0
2,215,2,p2g1_022_s2,seed2,965,1,selected_confirmation,seed2,"[""p2g1_022""]",584b63dd04238c30,ok,True,partial,0.177,34.52462738930644,40.132836519075255,34.52462738930644,31.159701911445154,False,False,2|constant|rotor|liquid|s1|g0|structured,structured,True,mint_bilin,False,2500.0
2,216,2,p2g1_034_s2,seed2,965,1,selected_confirmation,seed2,"[""p2g1_034""]",36e53c11d42a1a40,ok,True,partial,0.6002,35.689292432489594,27.5790565766528,35.689292432489594,40.55543394599168,False,False,3|constant|mobile|liquid|s1|g0|structured,structured,True,add_chan,False,2500.0
2,217,2,p2g1_047_s2,seed2,965,1,selected_confirmation,seed2,"[""p2g1_047""]",0d2edece61b7493e,ok,True,partial,0.0,39.93629570051975,53.248394267359664,39.93629570051975,31.9490365604158,False,False,3|constant|drift|liquid|s1|g2|mixed,mixed,True,dup_act,False,2500.0
2,218,2,p2g1_063_s2,seed2,965,1,selected_confirmation,seed2,"[""p2g1_063""]",d450711a8614982c,ok,True,partial,0.41,59.69508006610231,65.92677342146975,59.69508006610231,55.95606405288184,False,False,3|switch|mobile|liquid|s2|g2|structured,structured,True,merge_cross_edge,False,2500.0
2,219,2,p2g1_064_s2,seed2,965,1,selected_confirmation,seed2,"[""p2g1_064""]",c837e7036b2649e8,ok,True,partial,0.2907,53.00626340030766,60.98501786707688,53.00626340030766,48.219010720246125,False,False,4|switch|rotor|liquid|s1|g2|structured,structured,True,merge_cross_edge,False,5000.0
2,220,2,p2g1_048_s2,seed2,965,1,selected_confirmation,seed2,"[""p2g1_048""]",b310fbfc5cac334e,ok,True,partial,0.4777,62.48383372609107,67.38844496812142,62.48383372609107,59.541066980872856,True,False,3|switch|mobile|liquid|s1|g2|structured,structured,True,merge_spatial_ic,False,2500.0
2,221,2,p2g2_085,screen,964,2,creative_screen,immigrate,,e4db8f1dce0356e3,no_blobs,True,missing,,0.0,,,,False,False,,,,immigrate,False,
2,222,2,p2g2_088,screen,964,2,creative_screen,immigrate,,9463c51652ca4edc,no_blobs,True,missing,,0.0,,,,False,False,,,,immigrate,False,
2,223,2,p2g2_079,screen,964,2,creative_screen,immigrate,,d9daeea16d1fd24c,no_blobs,True,missing,,0.0,,,,False,False,,,,immigrate,False,
2,224,2,p2g2_083,screen,964,2,creative_screen,immigrate,,3dcad276f359fea1,no_blobs,True,missing,,0.0,,,,False,False,,,,immigrate,False,
2,225,2,p2g2_084,screen,964,2,creative_screen,immigrate,,b797ac8f8c0c5e39,no_blobs,True,missing,,0.0,,,,False,False,,,,immigrate,False,
2,226,2,p2g2_092,screen,964,2,creative_screen,immigrate,,449326d9a445333a,no_blobs,True,missing,,0.0,,,,False,False,,,,immigrate,False,
2,227,2,p2g2_095,screen,964,2,creative_screen,immigrate,,2d621c36cc92a0a2,no_blobs,True,missing,,0.0,,,,False,False,,,,immigrate,False,
2,228,2,p2g2_063,screen,964,2,creative_screen,merge_cross_edge,"[""p10g0_ds6_000"",""ref_M4_tau5.7""]",0b4d15bf1943f2a0,ok,True,partial,0.5446,61.49888324366185,63.84517765821581,61.49888324366185,60.091106594929485,True,True,3|switch|rotor|liquid|s1|g2|structured,structured,,merge_cross_edge,False,2500.0
2,229,2,p2g1_005_s2,seed2,965,1,selected_confirmation,seed2,"[""p2g1_005""]",73784bc096c6af9e,ok,True,partial,0.4595,51.35855823154931,53.16141097539907,51.35855823154931,50.27684658523944,False,False,3|switch|mobile|liquid|s1|g2|structured,structured,True,mutate,False,2500.0
2,230,2,p2g1_010_s2,seed2,965,1,selected_confirmation,seed2,"[""p2g1_010""]",10dcec8fde768a05,ok,True,partial,0.5697,66.45077445708657,69.61103260944876,66.45077445708657,64.55461956566926,True,True,4|grow|mobile|liquid|s1|g2|structured,structured,True,mutate,False,2500.0
2,231,2,p2g1_012_s2,seed2,965,1,selected_confirmation,seed2,"[""p2g1_012""]",d938fd3c7bed9cd1,ok,True,partial,0.4504,54.471797112110345,57.61572948281379,54.471797112110345,52.58543768968828,False,False,3|oscillator|mobile|liquid|s1|g2|structured,structured,True,mutate,False,2500.0
2,232,2,p2g1_014_s2,seed2,965,1,selected_confirmation,seed2,"[""p2g1_014""]",25ba4c839e86a51e,ok,True,partial,0.4504,49.36700098029952,50.80933464039936,49.36700098029952,48.50160078423961,False,False,2|switch|mobile|liquid|s1|g1|structured,structured,True,mutate,False,2500.0
2,233,2,p2g1_074_s2,seed2,965,1,selected_confirmation,seed2,"[""p2g1_074""]",cf978f6cd658a548,ok,True,partial,0.0,27.28390433315004,36.37853911086672,27.28390433315004,21.82712346652003,False,False,4|switch|drift|frozen|s1|g2|mixed,mixed,True,merge_cross_edge,False,2500.0
2,234,2,p2g1_001_s2,seed2,965,1,selected_confirmation,seed2,"[""p2g1_001""]",1363809be9c9c0c3,ok,True,partial,0.0,36.67605255259269,48.90140340345692,36.67605255259269,29.34084204207415,False,False,3|grow|mobile|liquid|s1|g2|mixed,mixed,True,mutate,False,2500.0
2,235,2,p2g1_009_s2,seed2,965,1,selected_confirmation,seed2,"[""p2g1_009""]",c87dae7197d7ca1b,ok,True,partial,0.574,42.668306484661656,37.757741979548875,42.668306484661656,45.61464518772932,False,False,3|constant|mobile|liquid|s1|g2|structured,structured,True,mutate,False,2500.0
2,236,2,p2g1_013_s2,seed2,965,1,selected_confirmation,seed2,"[""p2g1_013""]",495df91b3251fa11,ok,True,partial,0.0,32.54685281523436,43.395803753645815,32.54685281523436,26.037482252187488,False,False,2|oscillator|drift|gas|s1|g2|mixed,mixed,True,mutate,False,2500.0
2,237,2,p2g1_024_s2,seed2,965,1,selected_confirmation,seed2,"[""p2g1_024""]",b3e14a306a3b29ca,ok,True,partial,0.0,45.761458276876255,61.01527770250168,45.761458276876255,36.609166621501004,False,False,3|switch|mobile|liquid|s1|g1|mixed,mixed,True,mint_bilin,False,2500.0
2,238,2,p2g1_033_s2,seed2,965,1,selected_confirmation,seed2,"[""p2g1_033""]",0e4c2afa711b0d24,ok,True,partial,0.4686,55.30413216581569,58.11884288775424,55.30413216581569,53.615305732652544,False,False,3|switch|mobile|liquid|s1|g0|structured,structured,True,add_chan,False,2500.0
2,239,2,p2g1_043_s2,seed2,965,1,selected_confirmation,seed2,"[""p2g1_043""]",c18ebbe9a26d9db6,ok,True,partial,0.0,25.384229763506564,33.84563968467542,25.384229763506564,20.307383810805252,False,False,2|constant|still|frozen|s1|g2|mixed,mixed,True,dup_act,False,2500.0
2,240,2,p2g1_057_s2,seed2,965,1,selected_confirmation,seed2,"[""p2g1_057""]",eeeea0dff8936f5d,ok,True,partial,0.0,32.236955587603724,42.982607450138296,32.236955587603724,25.789564470082976,False,False,2|constant|mobile|flicker|s1|g2|mixed,mixed,True,merge_cross_edge,False,2500.0
2,241,2,p2g1_052_s2,seed2,965,1,selected_confirmation,seed2,"[""p2g1_052""]",4822df84bbe8edf6,ok,True,partial,0.519,59.91544328158486,62.58725770877981,59.91544328158486,58.312354625267886,False,False,4|switch|rotor|flicker|s1|g0|structured,structured,True,merge_spatial_ic,False,2500.0
2,242,2,p2g1_000_s2,seed2,965,1,selected_confirmation,seed2,"[""p2g1_000""]",8374a12be60874cc,ok,True,partial,0.5479,68.93352065087262,73.64802753449683,68.93352065087262,66.10481652069811,True,True,4|switch|rotor|flicker|s1|g1|structured,structured,True,mutate,False,2500.0
2,243,2,p2g1_003_s2,seed2,965,1,selected_confirmation,seed2,"[""p2g1_003""]",f891cbf384200ef8,ok,True,partial,0.0,18.51519710415328,24.686929472204373,18.51519710415328,14.812157683322623,False,False,2|switch|mobile|gas|s1|g2|mixed,mixed,True,mutate,False,2500.0
2,244,2,p2g1_015_s2,seed2,965,1,selected_confirmation,seed2,"[""p2g1_015""]",942ef4a4cd6b8a1b,ok,True,partial,0.6191,65.22424912980665,66.3289988397422,65.22424912980665,64.56139930384532,True,True,3|switch|mobile|liquid|s1|g2|structured,structured,True,mutate,False,2500.0
2,245,2,p2g1_027_s2,seed2,965,1,selected_confirmation,seed2,"[""p2g1_027""]",2fe61fe3de1b9ff5,ok,True,partial,0.5212,63.737257876679294,67.60967716890572,63.737257876679294,61.41380630134343,True,True,4|grow|mobile|liquid|s1|g1|structured,structured,True,mint_bilin,False,2500.0
2,246,2,p2g1_049_s2,seed2,965,1,selected_confirmation,seed2,"[""p2g1_049""]",6588fedcc859d014,ok,True,partial,0.0,47.23237397000261,62.97649862667015,47.23237397000261,37.78589917600209,False,False,4|switch|rotor|flicker|s1|g0|mixed,mixed,True,merge_spatial_ic,False,2500.0
2,247,2,p2g2_089,screen,964,2,creative_screen,immigrate,,088c2f9c2e24e779,ok,True,partial,0.0,0.0,0.0,0.0,0.0,False,False,1|constant|still|gas|s1|g0|mixed,mixed,,immigrate,False,2500.0
2,248,2,p2g2_093,screen,964,2,creative_screen,immigrate,,95e852b6d2cdbf5d,ok,True,partial,0.0,0.0,0.0,0.0,0.0,False,False,1|constant|still|gas|s1|g0|mixed,mixed,,immigrate,False,2500.0
2,249,2,p2g2_080,screen,964,2,creative_screen,immigrate,,81e422059083c916,ok,True,partial,0.0,0.0,0.0,0.0,0.0,False,False,1|constant|still|gas|s1|g0|mixed,mixed,,immigrate,False,2500.0
2,250,2,p2g2_086,screen,964,2,creative_screen,immigrate,,7788883bf3ddf677,ok,True,partial,0.0,0.0,0.0,0.0,0.0,False,False,1|constant|still|gas|s1|g0|mixed,mixed,,immigrate,False,2500.0
2,251,2,p2g2_090,screen,964,2,creative_screen,immigrate,,4d6c236b8eee57ae,ok,True,partial,0.0,0.0,0.0,0.0,0.0,False,False,1|constant|still|gas|s1|g0|mixed,mixed,,immigrate,False,2500.0
2,252,2,p2g2_097,screen,964,2,creative_screen,immigrate,,73925ba1909c46b0,ok,True,partial,0.0,0.0,0.0,0.0,0.0,False,False,1|constant|still|gas|s1|g0|mixed,mixed,,immigrate,False,2500.0
2,253,2,p2g2_081,screen,964,2,creative_screen,immigrate,,989bef851ce746c0,no_blobs,True,missing,,0.0,,,,False,False,,,,immigrate,False,
2,254,2,p2g2_094,screen,964,2,creative_screen,immigrate,,f09308d52b6030c6,no_blobs,True,missing,,0.0,,,,False,False,,,,immigrate,False,
2,255,2,p2g2_096,screen,964,2,creative_screen,immigrate,,71ba1d277405738d,no_blobs,True,missing,,0.0,,,,False,False,,,,immigrate,False,
2,256,2,p2g1_053_s2,seed2,965,1,selected_confirmation,seed2,"[""p2g1_053""]",45d84b9a9c2d5329,ok,True,partial,0.3785,64.24874302494892,73.04832403326523,64.24874302494892,58.96899441995914,False,False,4|switch|mobile|liquid|s1|g1|structured,structured,True,merge_spatial_ic,False,5000.0
2,257,2,p2g2_087,screen,964,2,creative_screen,immigrate,,fb250c82368168d8,ok,True,partial,0.0,0.0,0.0,0.0,0.0,False,False,1|constant|still|gas|s1|g0|mixed,mixed,,immigrate,False,2500.0
2,258,2,p2g2_091,screen,964,2,creative_screen,immigrate,,0eed7f84c7f456c7,ok,True,partial,0.0,0.0,0.0,0.0,0.0,False,False,1|constant|still|gas|s1|g0|mixed,mixed,,immigrate,False,2500.0
2,259,2,p2g2_098,screen,964,2,creative_screen,immigrate,,d99d4d913f8aaa38,ok,True,partial,0.0,8.212499999999999,10.95,8.212499999999999,6.569999999999999,False,False,1|constant|still|gas|s1|g0|mixed,mixed,,immigrate,False,2500.0
2,260,2,p2g1_086_s2,seed2,965,1,selected_confirmation,seed2,"[""p2g1_086""]",26427bf2891d0a69,ok,True,partial,0.0,15.337500000000002,20.450000000000003,15.337500000000002,12.270000000000001,False,False,2|constant|still|gas|s1|g0|mixed,mixed,True,immigrate,False,2500.0
2,261,2,p2g1_092_s2,seed2,965,1,selected_confirmation,seed2,"[""p2g1_092""]",4532ffe10914220d,ok,True,partial,0.0,22.987499999999997,30.65,22.987499999999997,18.389999999999997,False,False,2|constant|still|gas|s1|g2|mixed,mixed,True,immigrate,False,2500.0
2,262,2,p2g2_035,screen,964,2,creative_screen,add_chan,"[""p6g1_043""]",ebe3a0c4fbf55544,ok,True,partial,0.4198,66.30178403506389,74.40904538008519,66.30178403506389,61.437427228051114,True,True,2|grow|rotor|liquid|s2|g2|structured,structured,,add_chan,False,20000.0
2,263,2,p2g2_082,screen,964,2,creative_screen,immigrate,,67885b5c68ea89c3,ok,True,partial,0.0,0.0,0.0,0.0,0.0,False,False,1|constant|still|gas|s1|g2|mixed,mixed,,immigrate,False,2500.0
2,264,2,p2g3_033,screen,964,3,creative_screen,add_chan,"[""p6g9_021""]",43e7305f9dddab5e,fail_g0a,True,missing,,,,,,False,False,,,,add_chan,False,
2,265,2,p2g3_075,screen,964,3,creative_screen,merge_share_chan,"[""p2g6_020"",""blk_engine_10748""]",26b035f68bee13c5,fail_g0a,True,missing,,,,,,False,False,,,,merge_share_chan,False,
2,266,2,p2g3_044,screen,964,3,creative_screen,dup_act,"[""p3g6_070""]",5f5eafcc28949284,fail_g0a,True,missing,,,,,,False,False,,,,dup_act,False,
2,267,2,p2g3_042,screen,964,3,creative_screen,dup_act,"[""p4g5_070""]",49abcda0d4b843ff,fail_g0a,True,missing,,,,,,False,False,,,,dup_act,False,
2,268,2,p2g3_077,screen,964,3,creative_screen,merge_share_chan,"[""p2g4_062"",""ref_BFIELD_g0.05""]",f8cee188c730f3f4,fail_g0a,True,missing,,,,,,False,False,,,,merge_share_chan,False,
2,269,2,p2g2_064_s2,seed2,965,2,selected_confirmation,seed2,"[""p2g2_064""]",c1f9928b940fc209,ok,True,partial,0.4093,64.87806311046089,72.86075081394785,64.87806311046089,60.08845048836871,True,True,3|grow|mobile|liquid|s1|g2|structured,structured,True,merge_cross_edge,False,20000.0
2,270,2,p2g1_060_s3,seed3,966,1,selected_confirmation,seed3,"[""p2g1_060""]",d9f0c4ecd66facf6,ok,True,partial,0.4671,65.76206307705202,72.1127507694027,65.76206307705202,61.95165046164162,True,True,3|switch|rotor|liquid|s1|g2|structured,structured,True,merge_cross_edge,False,20000.0
2,271,2,p2g1_078_s3,seed3,966,1,selected_confirmation,seed3,"[""p2g1_078""]",9fb172b36e41b539,ok,True,partial,0.4301,58.355342400316346,63.470456533755126,58.355342400316346,55.28627392025307,False,False,3|switch|rotor|liquid|s1|g2|mixed,mixed,True,merge_share_chan,False,20000.0
2,272,2,p2g3_057,screen,964,3,creative_screen,merge_cross_edge,"[""p2g4_062"",""ref_M0""]",f2d3e5267967cb8e,ok,True,partial,0.6854,57.90562598285527,54.36083464380703,57.90562598285527,60.03250078628422,False,True,3|switch|rotor|liquid|s1|g2|structured,structured,,merge_cross_edge,False,2500.0
2,273,2,p2g3_074,screen,964,3,creative_screen,merge_slow_tanh,"[""p2g2_098"",""ref_M0""]",6634364b80c274e9,ok,True,partial,0.0,19.79175,26.389000000000003,19.79175,15.833400000000001,False,False,2|constant|still|flicker|s1|g2|mixed,mixed,,merge_slow_tanh,False,2500.0
2,274,2,p2g3_015,screen,964,3,creative_screen,mutate,"[""p10g0_ds6_000""]",f9dd6e59d30a116b,ok,True,partial,0.0391,19.414775965487706,24.583034620650274,19.414775965487706,16.313820772390166,False,False,1|oscillator|still|frozen|s1|g2|mixed,mixed,,mutate,False,2500.0
2,275,2,p2g3_039,screen,964,3,creative_screen,add_chan,"[""p1g2_008""]",0a3181d14eb6eb77,ok,True,partial,0.5347,56.35073656952836,57.31098209270448,56.35073656952836,55.774589255622686,False,False,2|switch|mobile|liquid|s1|g2|structured,structured,,add_chan,False,2500.0
2,276,2,p2g3_041,screen,964,3,creative_screen,dup_act,"[""p2g2_035""]",777147746d38b8ea,ok,True,partial,0.0,18.580247489679508,24.773663319572677,18.580247489679508,14.864197991743605,False,False,2|constant|still|gas|s1|g2|mixed,mixed,,dup_act,False,2500.0
2,277,2,p2g2_053_s2,seed2,965,2,selected_confirmation,seed2,"[""p2g2_053""]",c18ebbe9a26d9db6,ok,True,partial,0.0,28.130232172196887,37.50697622959585,28.130232172196887,22.50418573775751,False,False,2|constant|still|frozen|s1|g2|mixed,mixed,True,merge_spatial_ic,False,20000.0
2,278,2,p2g2_034_s2,seed2,965,2,selected_confirmation,seed2,"[""p2g2_034""]",afe011c2a70b0605,ok,True,partial,0.5593,74.11897876613416,80.18197168817889,74.11897876613416,70.48118301290734,True,True,4|grow|mobile|liquid|s2|g1|structured,structured,True,add_chan,False,20000.0
2,279,2,p2g2_043_s2,seed2,965,2,selected_confirmation,seed2,"[""p2g2_043""]",3aa0812c719477bf,ok,True,partial,0.244,63.85136662136029,77.00182216181372,63.85136662136029,55.961093297088226,False,False,4|switch|drift|liquid|s2|g2|mixed,mixed,True,dup_act,False,20000.0
2,280,2,p2g2_058_s2,seed2,965,2,selected_confirmation,seed2,"[""p2g2_058""]",e6ec7b37ad3ac417,ok,True,partial,0.4169,69.1323291510028,78.27977220133707,69.1323291510028,63.64386332080224,True,True,4|switch|rotor|liquid|s1|g2|structured,structured,True,merge_cross_edge,False,20000.0
2,281,2,p2g2_060_s2,seed2,965,2,selected_confirmation,seed2,"[""p2g2_060""]",87f090a8524d6f79,ok,True,partial,0.6662,74.34839552011894,76.92452736015859,74.34839552011894,72.80271641609515,True,True,4|switch|rotor|liquid|s2|g2|structured,structured,True,merge_cross_edge,False,20000.0
2,282,2,p2g2_006_s2,seed2,965,2,selected_confirmation,seed2,"[""p2g2_006""]",24b09477e69160fc,ok,True,partial,0.2899,57.789527465316695,67.38936995375559,57.789527465316695,52.02962197225335,False,False,2|grow|mobile|liquid|s2|g2|structured,structured,True,mutate,False,20000.0
2,283,2,p2g2_042_s2,seed2,965,2,selected_confirmation,seed2,"[""p2g2_042""]",ea28b70c8b93a743,ok,True,partial,0.2842,65.87215330893761,78.3562044119168,65.87215330893761,58.381722647150085,False,False,4|switch|rotor|liquid|s1|g2|mixed,mixed,True,dup_act,False,20000.0
2,284,2,p2g2_073_s2,seed2,965,2,selected_confirmation,seed2,"[""p2g2_073""]",9a1ee4288cbfa1ad,ok,True,partial,0.0,50.87413944415415,67.83218592553887,50.87413944415415,40.69931155532332,False,False,4|grow|mobile|liquid|s1|g2|mixed,mixed,True,merge_slow_tanh,False,20000.0
2,285,2,p2g2_025_s2,seed2,965,2,selected_confirmation,seed2,"[""p2g2_025""]",94397f8f8a384c9d,ok,True,partial,0.3504,74.30567314940954,87.3942308658794,74.30567314940954,66.45253851952764,False,False,3|switch|rotor|liquid|s2|g2|structured,structured,True,mint_bilin,False,20000.0
2,286,2,p2g1_017_s3,seed3,966,1,selected_confirmation,seed3,"[""p2g1_017""]",bf9d2724ed64b209,ok,True,partial,0.6592,79.28309980771103,83.73746641028137,79.28309980771103,76.61047984616883,True,True,4|grow|rotor|liquid|s1|g2|structured,structured,True,mint_bilin,False,20000.0
2,287,2,p2g1_071_s3,seed3,966,1,selected_confirmation,seed3,"[""p2g1_071""]",4a67738b092c14e3,ok,True,partial,0.5103,73.94839882995313,81.58786510660417,73.94839882995313,69.3647190639625,True,True,4|switch|rotor|liquid|s2|g2|structured,structured,True,merge_cross_edge,False,20000.0
2,288,2,p2g1_066_s3,seed3,966,1,selected_confirmation,seed3,"[""p2g1_066""]",a883c14e2162f124,ok,True,partial,0.3999,70.52628814786111,80.70505086381482,70.52628814786111,64.41903051828889,False,False,3|grow|rotor|liquid|s3|g2|structured,structured,True,merge_cross_edge,False,20000.0
2,289,2,p2g1_067_s3,seed3,966,1,selected_confirmation,seed3,"[""p2g1_067""]",b0b5c22cd90792e9,ok,True,partial,0.4833,71.70841567359125,79.50122089812167,71.70841567359125,67.032732538873,True,True,3|grow|mobile|liquid|s3|g2|structured,structured,True,merge_cross_edge,False,20000.0
2,290,2,p2g1_051_s3,seed3,966,1,selected_confirmation,seed3,"[""p2g1_051""]",27a2960d05f47297,ok,True,partial,0.3775,70.85962167519237,81.89616223358983,70.85962167519237,64.2376973401539,False,False,3|switch|rotor|liquid|s2|g2|structured,structured,True,merge_spatial_ic,False,20000.0
2,291,2,p2g1_055_s3,seed3,966,1,selected_confirmation,seed3,"[""p2g1_055""]",27a2960d05f47297,ok,True,partial,0.3775,70.85962167519237,81.89616223358983,70.85962167519237,64.2376973401539,False,False,3|switch|rotor|liquid|s2|g2|structured,structured,True,merge_spatial_ic,False,20000.0
2,292,2,p2g1_011_s3,seed3,966,1,selected_confirmation,seed3,"[""p2g1_011""]",9de01c91384e7539,ok,True,partial,0.3863,65.14903213528336,73.98870951371114,65.14903213528336,59.845225708226685,False,False,3|grow|mobile|liquid|s1|g2|structured,structured,True,mutate,False,20000.0
2,293,2,p2g1_028_s3,seed3,966,1,selected_confirmation,seed3,"[""p2g1_028""]",c968f42c900825af,ok,True,partial,0.0333,35.75027680862056,46.55703574482742,35.75027680862056,29.26622144689645,False,False,3|grow|still|frozen|s1|g2|mixed,mixed,True,delete_bilin,False,20000.0
2,294,2,p2g1_036_s3,seed3,966,1,selected_confirmation,seed3,"[""p2g1_036""]",2937ade6b1a91c5d,ok,True,partial,0.2775,62.46181793070113,74.03242390760151,62.46181793070113,55.519454344560906,False,False,3|switch|mobile|liquid|s1|g2|structured,structured,True,add_chan,False,20000.0
2,295,2,p2g1_079_s3,seed3,966,1,selected_confirmation,seed3,"[""p2g1_079""]",035df3a7b903a464,ok,True,partial,0.0,56.465343901077475,75.28712520143664,56.465343901077475,45.17227512086198,False,False,4|grow|rotor|liquid|s2|g2|mixed,mixed,True,merge_share_chan,False,20000.0
2,296,2,p2g1_018_s3,seed3,966,1,selected_confirmation,seed3,"[""p2g1_018""]",924ba5a10dc24335,ok,True,partial,0.4184,62.931350481436475,69.9618006419153,62.931350481436475,58.71308038514918,True,False,4|grow|mobile|liquid|s2|g0|structured,structured,True,mint_bilin,False,20000.0
2,297,2,p2g1_025_s3,seed3,966,1,selected_confirmation,seed3,"[""p2g1_025""]",b775106c35d12be9,ok,True,partial,0.5527,74.01626567944356,80.26502090592476,74.01626567944356,70.26701254355484,True,True,4|grow|mobile|liquid|s2|g1|structured,structured,True,mint_bilin,False,20000.0
2,298,2,p2g1_030_s3,seed3,966,1,selected_confirmation,seed3,"[""p2g1_030""]",4e4cd0ea7942ce19,ok,True,partial,0.0505,43.445406977228515,56.24387596963801,43.445406977228515,35.76632558178281,False,False,4|grow|still|frozen|s1|g2|structured,structured,True,delete_bilin,False,20000.0
2,299,2,p2g1_039_s3,seed3,966,1,selected_confirmation,seed3,"[""p2g1_039""]",c245b852050beef9,ok,True,partial,0.5104,70.35060177460377,76.78746903280503,70.35060177460377,66.48848141968301,True,True,3|switch|mobile|liquid|s2|g2|structured,structured,True,add_chan,False,20000.0
2,300,2,p2g1_007_s3,seed3,966,1,selected_confirmation,seed3,"[""p2g1_007""]",8e12e46756768553,ok,True,partial,0.5097,67.5763872072078,73.1118496096104,67.5763872072078,64.25510976576624,True,True,3|switch|mobile|liquid|s1|g2|structured,structured,True,mutate,False,20000.0
2,301,2,p2g2_014_s2,seed2,965,2,selected_confirmation,seed2,"[""p2g2_014""]",2a344074153e7f5d,ok,True,partial,0.5131,70.24639185915477,76.55852247887303,70.24639185915477,66.45911348732382,True,True,4|grow|rotor|liquid|s2|g2|structured,structured,True,mutate,False,20000.0
2,302,2,p2g2_022_s2,seed2,965,2,selected_confirmation,seed2,"[""p2g2_022""]",b4d5b1c1281d75e2,ok,True,partial,0.2183,67.35502004199006,82.53002672265342,67.35502004199006,58.25001603359205,False,False,4|grow|mobile|flicker|s3|g2|mixed,mixed,True,mint_bilin,False,20000.0
2,303,2,p2g2_023_s2,seed2,965,2,selected_confirmation,seed2,"[""p2g2_023""]",7fa13f78a42abf98,ok,True,partial,0.2103,60.59308669147416,73.78078225529889,60.59308669147416,52.68046935317933,False,False,2|switch|mobile|liquid|s2|g2|structured,structured,True,mint_bilin,False,20000.0
2,304,2,p2g2_012_s2,seed2,965,2,selected_confirmation,seed2,"[""p2g2_012""]",dabdea6e2f08244c,ok,True,partial,0.109,44.401226563656984,55.568302084875974,44.401226563656984,37.70098125092558,False,False,3|constant|rotor|liquid|s1|g2|structured,structured,True,mutate,False,10000.0
2,305,2,p2g1_058_s3,seed3,966,1,selected_confirmation,seed3,"[""p2g1_058""]",1bdf372c0be1c70d,ok,True,partial,0.5229,70.32191562582881,76.33255416777173,70.32191562582881,66.71553250066304,True,True,3|switch|rotor|liquid|s2|g2|structured,structured,True,merge_cross_edge,False,20000.0
2,306,2,p2g1_070_s3,seed3,966,1,selected_confirmation,seed3,"[""p2g1_070""]",238b93e584c49631,ok,True,partial,0.1925,55.379673511278455,67.42289801503794,55.379673511278455,48.15373880902277,False,False,4|switch|still|liquid|s1|g2|mixed,mixed,True,merge_cross_edge,False,10000.0
2,307,2,p2g1_021_s3,seed3,966,1,selected_confirmation,seed3,"[""p2g1_021""]",37a17f25d12bbe2d,ok,True,partial,0.3108,65.27994961923103,76.67993282564137,65.27994961923103,58.43995969538482,False,False,3|grow|rotor|liquid|s1|g2|structured,structured,True,mint_bilin,False,10000.0
2,308,2,p2g1_062_s3,seed3,966,1,selected_confirmation,seed3,"[""p2g1_062""]",5b4ad6640be17b4b,ok,True,partial,0.3053,61.84453740586316,72.28271654115088,61.84453740586316,55.58162992469052,False,False,4|grow|drift|liquid|s1|g2|mixed,mixed,True,merge_cross_edge,False,10000.0
2,309,2,p2g2_030_s2,seed2,965,2,selected_confirmation,seed2,"[""p2g2_030""]",beaf5262003aedf1,ok,True,partial,0.2627,56.98059478082317,67.21745970776422,56.98059478082317,50.83847582465853,False,False,4|switch|drift|liquid|s1|g2|mixed,mixed,True,delete_bilin,False,10000.0
2,310,2,p2g2_062_s2,seed2,965,2,selected_confirmation,seed2,"[""p2g2_062""]",7628e5e23b517c98,ok,True,partial,0.2609,49.25867295930933,56.98156394574577,49.25867295930933,44.62493836744746,False,False,3|switch|still|liquid|s1|g2|mixed,mixed,True,merge_cross_edge,False,5000.0
2,311,2,p2g2_070_s2,seed2,965,2,selected_confirmation,seed2,"[""p2g2_070""]",2ccd2e15c8fa6fb9,ok,True,partial,0.5843,69.77567388869726,73.55756518492967,69.77567388869726,67.5065391109578,True,True,4|switch|mobile|liquid|s1|g2|structured,structured,True,merge_cross_edge,False,5000.0
2,312,2,p2g2_004_s2,seed2,965,2,selected_confirmation,seed2,"[""p2g2_004""]",4367715aa0823f2a,ok,True,partial,0.1999,39.03663166765123,45.385508890201635,39.03663166765123,35.22730533412098,False,False,2|switch|mobile|liquid|s1|g2|structured,structured,True,mutate,False,5000.0
2,313,2,p2g2_036_s2,seed2,965,2,selected_confirmation,seed2,"[""p2g2_036""]",026bfb1c5e9e2400,ok,True,partial,0.4144,39.59781462880082,38.98375283840109,39.59781462880082,39.966251703040655,False,False,2|oscillator|drift|liquid|s1|g2|structured,structured,True,add_chan,False,5000.0
2,314,2,p2g2_078_s2,seed2,965,2,selected_confirmation,seed2,"[""p2g2_078""]",d1043afb7de72337,ok,True,partial,0.0,38.60613913683626,51.47485218244835,38.60613913683626,30.88491130946901,False,False,3|constant|mobile|liquid|s1|g2|mixed,mixed,True,merge_share_chan,False,5000.0
2,315,2,p2g1_069_s3,seed3,966,1,selected_confirmation,seed3,"[""p2g1_069""]",d180217b39c4da02,ok,True,partial,0.0,43.38355308364474,57.84473744485965,43.38355308364474,34.70684246691579,False,False,4|constant|mobile|flicker|s1|g2|mixed,mixed,True,merge_slow_tanh,False,5000.0
2,316,2,p2g1_072_s3,seed3,966,1,selected_confirmation,seed3,"[""p2g1_072""]",26d0e37a72033beb,ok,True,partial,0.3879,49.61475138480571,53.22300184640761,49.61475138480571,47.449801107844564,False,False,4|constant|drift|liquid|s1|g2|structured,structured,True,merge_cross_edge,False,5000.0
2,317,2,p2g1_075_s3,seed3,966,1,selected_confirmation,seed3,"[""p2g1_075""]",e67e943201c983af,ok,True,partial,0.3494,53.3288318824655,59.458442509954004,53.3288318824655,49.6510655059724,False,False,4|constant|rotor|liquid|s1|g2|structured,structured,True,merge_cross_edge,False,5000.0
2,318,2,p2g1_045_s3,seed3,966,1,selected_confirmation,seed3,"[""p2g1_045""]",0c1fc022331e2949,ok,True,partial,0.0,35.59838255581811,47.46451007442415,35.59838255581811,28.478706044654487,False,False,3|oscillator|still|liquid|s1|g2|mixed,mixed,True,dup_act,False,5000.0
2,319,2,p2g1_038_s3,seed3,966,1,selected_confirmation,seed3,"[""p2g1_038""]",d7c8debf0a1bb592,ok,True,partial,0.3442,67.55572719625096,78.60096959500127,67.55572719625096,60.928581757000764,False,False,3|switch|rotor|liquid|s2|g2|structured,structured,True,add_chan,False,10000.0
2,320,2,p2g2_049_s2,seed2,965,2,selected_confirmation,seed2,"[""p2g2_049""]",45d84b9a9c2d5329,ok,True,partial,0.4627,70.08692054178246,78.02589405570995,70.08692054178246,65.32353643342597,True,True,4|switch|mobile|liquid|s1|g1|structured,structured,True,merge_spatial_ic,False,10000.0
2,321,2,p2g2_026_s2,seed2,965,2,selected_confirmation,seed2,"[""p2g2_026""]",7fd20ea086ecb059,ok,True,partial,0.5663,63.811124833870764,66.20483311182768,63.811124833870764,62.37489986709661,True,True,4|switch|rotor|flicker|s1|g1|structured,structured,True,mint_bilin,False,5000.0
2,322,2,p2g1_054_s3,seed3,966,1,selected_confirmation,seed3,"[""p2g1_054""]",eef1806b5f1e0089,ok,True,partial,0.3374,56.19799667595626,63.68399556794168,56.19799667595626,51.70639734076501,False,False,3|grow|mobile|liquid|s1|g2|structured,structured,True,merge_spatial_ic,False,20000.0
2,323,2,p2g1_006_s3,seed3,966,1,selected_confirmation,seed3,"[""p2g1_006""]",1df18c697ace6321,ok,True,partial,0.5032,55.24395514523334,56.8852735269778,55.24395514523334,54.259164116186675,False,False,4|switch|rotor|liquid|s1|g2|structured,structured,True,mutate,False,5000.0
2,324,2,p2g1_064_s3,seed3,966,1,selected_confirmation,seed3,"[""p2g1_064""]",c837e7036b2649e8,ok,True,partial,0.2629,61.5379222626995,73.28722968359934,61.5379222626995,54.48833781015961,False,False,4|switch|rotor|liquid|s1|g2|mixed,mixed,True,merge_cross_edge,False,20000.0
2,325,2,p2g1_019_s3,seed3,966,1,selected_confirmation,seed3,"[""p2g1_019""]",22370673b4d2c63c,ok,True,partial,0.4755,64.86069410964363,70.63092547952485,64.86069410964363,61.39855528771491,True,True,3|switch|mobile|liquid|s1|g1|structured,structured,True,mint_bilin,False,5000.0
2,326,2,p2g1_037_s3,seed3,966,1,selected_confirmation,seed3,"[""p2g1_037""]",3690c9f2501aa004,ok,True,partial,0.4458,51.18004229994358,53.38005639992477,51.18004229994358,49.86003383995486,False,False,2|switch|mobile|flicker|s1|g0|structured,structured,True,add_chan,False,5000.0
2,327,2,p2g1_053_s3,seed3,966,1,selected_confirmation,seed3,"[""p2g1_053""]",45d84b9a9c2d5329,ok,True,partial,0.5313,69.42335647395456,74.85447529860608,69.42335647395456,66.16468517916364,True,True,4|switch|mobile|liquid|s1|g1|structured,structured,True,merge_spatial_ic,False,5000.0
2,328,2,p2g1_065_s3,seed3,966,1,selected_confirmation,seed3,"[""p2g1_065""]",a318103d190665fb,ok,True,partial,0.0,45.164296733172996,60.21906231089733,45.164296733172996,36.131437386538394,False,False,4|constant|mobile|flicker|s1|g2|mixed,mixed,True,merge_cross_edge,False,5000.0
2,329,2,p2g3_003,screen,964,3,creative_screen,mutate,"[""p2g2_062""]",1f0975d805bc89f2,ok,True,partial,0.1641,56.041047566151285,69.25139675486838,56.041047566151285,48.11483805292103,False,False,3|switch|rotor|liquid|s2|g2|mixed,mixed,,mutate,False,5000.0
2,330,2,p2g3_011,screen,964,3,creative_screen,mutate,"[""p2g7_039""]",b06becd833d54271,ok,True,partial,0.2953,45.48272563015239,50.800300840203185,45.48272563015239,42.292180504121916,False,False,3|switch|mobile|liquid|s1|g0|structured,structured,,mutate,False,2500.0
2,331,2,p2g3_019,screen,964,3,creative_screen,mint_bilin,"[""p2g1_075""]",9262761e57800ed7,ok,True,partial,0.3902,46.849955506059956,49.45994067474662,46.849955506059956,45.28396440484797,False,False,4|switch|drift|liquid|s1|g2|structured,structured,,mint_bilin,False,5000.0
2,332,2,p2g3_028,screen,964,3,creative_screen,delete_bilin,"[""p2g7_039""]",cb8ed6c04e9d5665,ok,True,partial,0.4201,69.09511687504612,78.12348916672816,69.09511687504612,63.678093500036894,True,True,3|grow|rotor|liquid|s2|g2|structured,structured,,delete_bilin,False,20000.0
2,333,2,p2g3_030,screen,964,3,creative_screen,delete_bilin,"[""p2g7_039""]",cb8ed6c04e9d5665,ok,True,partial,0.4201,69.09511687504612,78.12348916672816,69.09511687504612,63.678093500036894,True,True,3|grow|rotor|liquid|s2|g2|structured,structured,,delete_bilin,False,20000.0
2,334,2,p2g3_034,screen,964,3,creative_screen,add_chan,"[""p2g1_009""]",5428015770475b33,ok,True,partial,0.5765,46.337420182691815,42.56656024358909,46.337420182691815,48.59993614615345,False,False,3|constant|rotor|liquid|s1|g2|structured,structured,,add_chan,False,5000.0
2,335,2,p2g3_035,screen,964,3,creative_screen,add_chan,"[""p6g9_021""]",4d49e269e1d6da01,ok,True,partial,0.2654,56.924666644007914,67.05288885867722,56.924666644007914,50.847733315206334,False,False,2|switch|mobile|liquid|s2|g2|structured,structured,,add_chan,False,10000.0
2,336,2,p2g3_036,screen,964,3,creative_screen,add_chan,"[""p2g4_030""]",f9125bf6e89c7de9,ok,True,partial,0.1602,56.92218257215073,70.5562434295343,56.92218257215073,48.74174605772058,False,False,4|grow|mobile|flicker|s1|g2|mixed,mixed,,add_chan,False,20000.0
2,337,2,p2g3_037,screen,964,3,creative_screen,add_chan,"[""p6g9_021""]",32e6e6e63471240f,ok,True,partial,0.3219,66.06416468012834,77.35555290683779,66.06416468012834,59.28933174410267,False,False,3|grow|rotor|liquid|s1|g2|structured,structured,,add_chan,False,20000.0
2,338,2,p2g3_043,screen,964,3,creative_screen,dup_act,"[""p2g1_021""]",f32b0dd9e5fc9b61,ok,True,partial,0.4296,59.47855957595755,64.98474610127673,59.47855957595755,56.174847660766034,False,False,4|grow|mobile|liquid|s1|g2|structured,structured,,dup_act,False,2500.0
2,339,2,p2g3_045,screen,964,3,creative_screen,dup_act,"[""p6g9_021""]",eafbbd5e35ae84c9,ok,True,partial,0.0,28.189456370013612,37.58594182668482,28.189456370013612,22.55156509601089,False,False,2|oscillator|still|liquid|s1|g2|mixed,mixed,,dup_act,False,2500.0
2,340,2,p2g3_047,screen,964,3,creative_screen,dup_act,"[""p6g8_033""]",1b435d3f5c5bf120,ok,True,partial,0.0,33.482529085071434,44.64337211342858,33.482529085071434,26.78602326805715,False,False,3|constant|drift|gas|s1|g2|mixed,mixed,,dup_act,False,2500.0
2,341,2,p2g3_048,screen,964,3,creative_screen,merge_spatial_ic,"[""p2g7_039"",""p0g0_ds2g11_009""]",fa86cb8089d048d0,ok,True,partial,0.4124,63.15661506476136,70.46215341968181,63.15661506476136,58.77329205180908,True,False,4|grow|mobile|liquid|s1|g2|structured,structured,,merge_spatial_ic,True,2500.0
2,342,2,p2g3_055,screen,964,3,creative_screen,merge_spatial_ic,"[""p2g7_039"",""p3g9_020""]",fa86cb8089d048d0,ok,True,partial,0.4532,68.90499377660906,76.76665836881209,68.90499377660906,64.18799502128725,True,True,4|grow|mobile|liquid|s2|g2|structured,structured,,merge_spatial_ic,True,5000.0
2,343,2,p2g3_058,screen,964,3,creative_screen,merge_cross_edge,"[""p2g6_020"",""ref_M0""]",e11f21e54b40dc8a,ok,True,partial,0.456,71.3893555539647,79.98580740528627,71.3893555539647,66.23148444317175,True,True,4|switch|rotor|liquid|s2|g2|structured,structured,,merge_cross_edge,False,10000.0
2,344,2,p2g3_061,screen,964,3,creative_screen,merge_cross_edge,"[""p2g6_020"",""blk_engine_10748""]",06f526c4c39a2928,ok,True,partial,0.5189,73.2008603420444,80.3044804560592,73.2008603420444,68.9386882736355,True,True,3|grow|rotor|liquid|s3|g2|structured,structured,,merge_cross_edge,False,20000.0
2,345,2,p2g3_062,screen,964,3,creative_screen,merge_cross_edge,"[""p2g6_020"",""ref_M4_tau5.7""]",a08e7f63b3d52f09,ok,True,partial,0.2027,63.411095646403176,77.7914608618709,63.411095646403176,54.782876517122546,False,False,4|grow|rotor|liquid|s2|g2|mixed,mixed,,merge_cross_edge,False,5000.0
2,346,2,p2g3_063,screen,964,3,creative_screen,merge_cross_edge,"[""p2g6_020"",""blk_engine_10748""]",474725ef32256b2a,ok,True,partial,0.2967,55.37071325023922,63.93761766698562,55.37071325023922,50.23057060019138,False,False,4|switch|rotor|liquid|s2|g2|structured,structured,,merge_cross_edge,False,20000.0
2,347,2,p2g3_067,screen,964,3,creative_screen,merge_cross_edge,"[""p4g2_028"",""ref_iso_d0.75""]",1f610a2182f0479d,ok,True,partial,0.1491,51.07541847861207,63.13055797148276,51.07541847861207,43.84233478288965,False,False,4|grow|still|liquid|s1|g2|structured,structured,,merge_cross_edge,False,20000.0
2,348,2,p2g3_068,screen,964,3,creative_screen,merge_cross_edge,"[""p2g6_020"",""ref_iso_d0.75""]",fd26834ce8b09d94,ok,True,partial,0.363,71.598119841807,83.36415978907601,71.598119841807,64.53849587344561,False,False,4|grow|rotor|liquid|s3|g2|structured,structured,,merge_cross_edge,False,10000.0
2,349,2,p2g3_071,screen,964,3,creative_screen,merge_cross_edge,"[""p2g6_020"",""ref_M4_tau5.7""]",dda84bcbfe3a8189,ok,True,partial,0.0807,53.78124945170666,69.01833260227555,53.78124945170666,44.63899956136533,False,False,4|switch|drift|liquid|s1|g2|mixed,mixed,,merge_cross_edge,False,20000.0
2,350,2,p2g3_072,screen,964,3,creative_screen,merge_slow_tanh,"[""p2g1_002"",""ref_M4_tau5.7""]",59991b48b80a857d,ok,True,partial,0.3669,41.69661713188144,43.36548950917525,41.69661713188144,40.69529370550515,False,False,1|switch|mobile|liquid|s1|g2|structured,structured,,merge_slow_tanh,False,2500.0
2,351,2,p2g3_073,screen,964,3,creative_screen,merge_cross_edge,"[""p2g6_020"",""ref_iso_d0.65""]",97de45f90d6ebef4,ok,True,partial,0.437,64.59279195253237,71.55705593670983,64.59279195253237,60.4142335620259,True,True,4|switch|rotor|liquid|s1|g2|structured,structured,,merge_cross_edge,False,2500.0
2,352,2,p2g3_000,screen,964,3,creative_screen,mutate,"[""p3g6_032""]",40a12fd5f7b71f16,ok,True,partial,0.2543,42.01253433786337,47.54004578381783,42.01253433786337,38.6960274702907,False,False,3|switch|mobile|liquid|s1|g0|structured,structured,,mutate,False,2500.0
2,353,2,p2g3_001,screen,964,3,creative_screen,mutate,"[""p6g9_021""]",9a0d52b18c2eddc0,ok,True,partial,0.2402,63.12535116332293,76.1604682177639,63.12535116332293,55.30428093065834,False,False,3|grow|rotor|liquid|s2|g2|structured,structured,,mutate,False,20000.0
2,354,2,p2g3_002,screen,964,3,creative_screen,mutate,"[""p2g1_051""]",2be4f8dff8ef1a63,ok,True,partial,0.2298,60.14363568221196,72.53151424294929,60.14363568221196,52.71090854576957,False,False,3|grow|rotor|liquid|s1|g2|structured,structured,,mutate,False,20000.0
2,355,2,p2g3_005,screen,964,3,creative_screen,mutate,"[""p3g9_022""]",a7f40fe789ee4cd6,ok,True,partial,0.2963,60.56954861072603,70.88273148096805,60.56954861072603,54.381638888580824,False,False,4|switch|mobile|liquid|s1|g2|structured,structured,,mutate,False,2500.0
2,356,2,p2g3_007,screen,964,3,creative_screen,mutate,"[""p2g2_021""]",6ecd5718ab5c33ee,ok,True,partial,0.5396,62.85976422318815,65.82635229758421,62.85976422318815,61.07981137855052,True,True,4|switch|mobile|liquid|s1|g1|structured,structured,,mutate,False,2500.0
2,357,2,p2g3_016,screen,964,3,creative_screen,mint_bilin,"[""p2g2_073""]",b6df4cdd976e8aec,ok,True,partial,0.0,53.11609871039457,70.82146494719275,53.11609871039457,42.49287896831565,False,False,4|grow|mobile|liquid|s1|g2|mixed,mixed,,mint_bilin,False,20000.0
2,358,2,p2g3_018,screen,964,3,creative_screen,mint_bilin,"[""p2g2_018""]",bbf6d9ff26312f70,ok,True,partial,0.4361,47.93423599011672,49.375647986822294,47.93423599011672,47.06938879209338,False,False,3|switch|mobile|flicker|s1|g0|structured,structured,,mint_bilin,False,2500.0
2,359,2,p2g3_022,screen,964,3,creative_screen,mint_bilin,"[""p2g1_011""]",5861f05931fffd2e,ok,True,partial,0.2758,66.5917858188858,79.59571442518106,66.5917858188858,58.78942865510864,False,False,3|switch|mobile|liquid|s1|g2|structured,structured,,mint_bilin,False,10000.0
2,360,2,p2g3_024,screen,964,3,creative_screen,mint_bilin,"[""p3g9_022""]",7d8a041ea5576e80,ok,True,partial,0.4054,28.710390625000002,24.767187500000002,28.710390625000002,31.0763125,False,False,3|constant|mobile|liquid|s1|g0|structured,structured,,mint_bilin,False,2500.0
2,361,2,p2g3_025,screen,964,3,creative_screen,mint_bilin,"[""p2g1_055""]",99cf65bde72f6197,ok,True,partial,0.453,62.46818493251913,68.19091324335884,62.46818493251913,59.034547946015294,True,False,3|grow|mobile|liquid|s1|g2|structured,structured,,mint_bilin,False,10000.0
2,362,2,p2g3_026,screen,964,3,creative_screen,mint_bilin,"[""p6g9_021""]",f0aff80ed8620203,ok,True,partial,0.4021,70.74783749926053,80.92711666568071,70.74783749926053,64.64026999940843,True,True,3|switch|rotor|liquid|s1|g2|structured,structured,,mint_bilin,False,10000.0
2,363,2,p2g3_031,screen,964,3,creative_screen,delete_bilin,"[""p3g6_032""]",f696871bd3d8ad9a,ok,True,partial,0.7026,70.67672353635295,70.81563138180394,70.67672353635295,70.59337882908235,True,True,4|grow|rotor|liquid|s1|g1|structured,structured,,delete_bilin,False,5000.0
2,364,2,p2g3_038,screen,964,3,creative_screen,add_chan,"[""p2g1_027""]",444b8ab6b085eeb3,ok,True,partial,0.5815,64.49274425208338,66.60699233611118,64.49274425208338,63.224195401666705,True,True,3|grow|mobile|liquid|s2|g1|structured,structured,,add_chan,False,2500.0
2,365,2,p2g3_040,screen,964,3,creative_screen,dup_act,"[""p6g5_026""]",39678fa65a422cd5,ok,True,partial,0.0,26.712904180946254,35.617205574595005,26.712904180946254,21.370323344757,False,False,3|constant|still|frozen|s1|g2|mixed,mixed,,dup_act,False,2500.0
2,366,2,p2g3_046,screen,964,3,creative_screen,dup_act,"[""p6g5_026""]",85079c76e40d2547,ok,True,partial,0.3207,68.0138650445008,79.99515339266775,68.0138650445008,60.82509203560065,False,False,4|grow|rotor|liquid|s2|g2|structured,structured,,dup_act,False,20000.0
2,367,2,p2g3_050,screen,964,3,creative_screen,merge_spatial_ic,"[""p3g5_003"",""p6g9_021""]",a8588ddb13332b62,ok,True,partial,0.5042,64.81151473449674,69.60868631266231,64.81151473449674,61.933211787597386,True,True,4|switch|mobile|liquid|s1|g1|structured,structured,,merge_spatial_ic,True,2500.0
2,368,2,p2g3_051,screen,964,3,creative_screen,merge_spatial_ic,"[""p3g9_022"",""p6g1_023""]",9a815b4bb1db78ea,ok,True,partial,0.5329,66.45137760053767,70.83850346738355,66.45137760053767,63.81910208043013,True,True,4|grow|mobile|liquid|s2|g2|structured,structured,,merge_spatial_ic,True,2500.0
2,369,2,p2g3_052,screen,964,3,creative_screen,merge_spatial_ic,"[""p3g9_022"",""p6g2_022""]",9a815b4bb1db78ea,ok,True,partial,0.5658,65.5252745706704,68.50703276089388,65.5252745706704,63.73621965653632,True,True,4|grow|mobile|liquid|s1|g2|structured,structured,,merge_spatial_ic,True,2500.0
2,370,2,p2g3_056,screen,964,3,creative_screen,merge_cross_edge,"[""p2g1_002"",""ref_iso_d0.65""]",05fe15f426abcff5,ok,True,partial,0.0,2.7874999999999996,3.716666666666666,2.7874999999999996,2.2299999999999995,False,False,1|constant|still|gas|s1|g0|mixed,mixed,,merge_cross_edge,False,2500.0
2,371,2,p2g3_076,screen,964,3,creative_screen,merge_share_chan,"[""p2g6_020"",""ref_iso_d0.65""]",051b6bceea36ceaf,ok,True,partial,0.1965,47.393154130552496,56.64087217407,47.393154130552496,41.844523304442,False,False,4|switch|drift|liquid|s1|g2|mixed,mixed,,merge_share_chan,False,5000.0
2,372,2,p2g3_006,screen,964,3,creative_screen,mutate,"[""p6g7_028""]",600dafa29840a140,ok,True,partial,0.0972,41.44749743378474,52.02332991171299,41.44749743378474,35.10199794702779,False,False,3|switch|mobile|liquid|s1|g2|mixed,mixed,,mutate,False,2500.0
2,373,2,p2g3_008,screen,964,3,creative_screen,mutate,"[""p6g5_026""]",2d7f3885939399b0,ok,True,partial,0.2586,44.01767041820197,50.070227224269296,44.01767041820197,40.38613633456158,False,False,2|switch|drift|liquid|s1|g2|structured,structured,,mutate,False,2500.0
2,374,2,p2g3_010,screen,964,3,creative_screen,mutate,"[""p6g7_028""]",23573ba859c8d3ac,ok,True,partial,0.2327,43.47111934579747,50.204825794396626,43.47111934579747,39.43089547663797,False,False,2|switch|mobile|liquid|s1|g2|mixed,mixed,,mutate,False,2500.0
2,375,2,p2g3_013,screen,964,3,creative_screen,mutate,"[""p6g3_008""]",5cadc927c068d6e8,ok,True,partial,0.0,37.32657278127623,49.7687637083683,37.32657278127623,29.861258225020975,False,False,2|oscillator|mobile|liquid|s1|g2|structured,structured,,mutate,False,2500.0
2,376,2,p2g3_009,screen,964,3,creative_screen,mutate,"[""p4g3_022""]",005fd718d9102596,ok,True,partial,0.4104,50.058139613128354,53.06418615083781,50.058139613128354,48.25451169050268,False,False,4|switch|mobile|liquid|s1|g0|mixed,mixed,,mutate,False,2500.0
2,377,2,p2g3_012,screen,964,3,creative_screen,mutate,"[""p6g7_028""]",eed5c62ba9e2a329,ok,True,partial,0.4585,68.67314950040736,76.28086600054314,68.67314950040736,64.10851960032588,True,True,3|switch|rotor|liquid|s1|g2|structured,structured,,mutate,False,20000.0
2,378,2,p2g3_014,screen,964,3,creative_screen,mutate,"[""p6g5_026""]",522b011d7090cba6,ok,True,partial,0.448,67.24098163612405,74.72130884816539,67.24098163612405,62.752785308899234,True,True,3|switch|mobile|liquid|s2|g2|structured,structured,,mutate,False,10000.0
2,379,2,p2g3_020,screen,964,3,creative_screen,mint_bilin,"[""p3g7_014""]",57836ae2a6b2fd4f,ok,True,partial,0.3486,61.96935097009326,71.00580129345768,61.96935097009326,56.54748077607461,False,False,2|switch|rotor|liquid|s1|g2|structured,structured,,mint_bilin,False,20000.0
2,380,2,p2g3_021,screen,964,3,creative_screen,mint_bilin,"[""p2g2_023""]",028c392fd54da7d6,ok,True,partial,0.5099,60.52963557784753,63.70951410379671,60.52963557784753,58.62170846227802,True,False,3|grow|mobile|liquid|s2|g0|structured,structured,,mint_bilin,False,10000.0
2,381,2,p2g3_023,screen,964,3,creative_screen,mint_bilin,"[""p3g7_015""]",dfaeb416991befa6,ok,True,partial,0.4533,59.29852304646691,63.954697395289216,59.29852304646691,56.504818437173526,False,False,4|grow|rotor|liquid|s1|g1|structured,structured,,mint_bilin,False,5000.0
2,382,2,p2g3_029,screen,964,3,creative_screen,delete_bilin,"[""p6g7_028""]",04abf03262a9dbaf,ok,True,partial,0.3715,71.44535554152746,82.87714072203663,71.44535554152746,64.58628443322198,False,False,3|switch|mobile|liquid|s2|g2|structured,structured,,delete_bilin,False,10000.0
2,383,2,p2g3_053,screen,964,3,creative_screen,merge_spatial_ic,"[""p4g3_022"",""p3g5_003""]",c12ecee8c627b141,ok,True,partial,0.498,56.963415302881984,59.35122040384265,56.963415302881984,55.53073224230559,False,False,4|switch|mobile|liquid|s1|g0|structured,structured,,merge_spatial_ic,True,2500.0
2,384,2,p2g3_059,screen,964,3,creative_screen,merge_cross_edge,"[""p3g5_061"",""blk_engine_10748""]",6c11baa8f1c1623e,ok,True,partial,0.0,39.21893196372587,52.29190928496783,39.21893196372587,31.375145570980695,False,False,4|constant|rotor|liquid|s1|g2|mixed,mixed,,merge_cross_edge,False,5000.0
2,385,2,p2g3_065,screen,964,3,creative_screen,merge_cross_edge,"[""p3g5_061"",""ref_iso_d0.65""]",650b95118b7468b3,ok,True,partial,0.0,37.081341778337084,49.441789037782776,37.081341778337084,29.665073422669664,False,False,4|constant|drift|liquid|s1|g2|mixed,mixed,,merge_cross_edge,False,5000.0
2,386,2,p2g3_070,screen,964,3,creative_screen,merge_slow_tanh,"[""p5g8_014"",""ref_iso_d0.75""]",87c422a5cda377f4,ok,True,partial,0.5562,67.49006107025733,71.44674809367643,67.49006107025733,65.11604885620586,True,True,3|switch|rotor|flicker|s1|g2|structured,structured,,merge_slow_tanh,False,2500.0
2,387,2,p2g3_017,screen,964,3,creative_screen,mint_bilin,"[""p2g6_020""]",39fe1a1bc03c54c5,ok,True,partial,0.4655,70.20473964201727,78.08965285602302,70.20473964201727,65.4737917136138,True,True,3|grow|mobile|liquid|s2|g2|structured,structured,,mint_bilin,False,20000.0
2,388,2,p2g3_027,screen,964,3,creative_screen,mint_bilin,"[""p2g6_020""]",57c1bcc1d2ec62f8,ok,True,partial,0.5781,68.4439188511298,71.98855846817305,68.4439188511298,66.31713508090382,True,True,3|switch|rotor|liquid|s2|g2|structured,structured,,mint_bilin,False,10000.0
2,389,2,p2g3_032,screen,964,3,creative_screen,add_chan,"[""p6g7_013""]",61af2e6e52b6e381,ok,True,partial,0.5697,63.54292069880468,65.7338942650729,63.54292069880468,62.22833655904374,True,True,3|switch|mobile|flicker|s1|g2|structured,structured,,add_chan,False,2500.0
2,390,2,p2g3_049,screen,964,3,creative_screen,merge_spatial_ic,"[""p5g3_062"",""p2g1_086""]",6588fedcc859d014,ok,True,partial,0.0,39.405436936746405,52.54058258232854,39.405436936746405,31.524349549397122,False,False,4|constant|mobile|liquid|s1|g0|mixed,mixed,,merge_spatial_ic,True,2500.0
2,391,2,p2g3_054,screen,964,3,creative_screen,merge_spatial_ic,"[""p2g6_020"",""p6g7_028""]",489530b94bd868b0,ok,True,partial,0.528,73.12269440648782,79.8969258753171,73.12269440648782,69.05815552519026,True,True,3|grow|mobile|liquid|s2|g2|structured,structured,,merge_spatial_ic,True,20000.0
2,392,2,p2g3_060,screen,964,3,creative_screen,merge_cross_edge,"[""p10g0_ds6_000"",""ref_iso_d0.75""]",7c5b1eea374c2470,ok,True,partial,0.0549,27.305236114159502,34.57698148554601,27.305236114159502,22.942188891327604,False,False,3|switch|still|liquid|s1|g2|mixed,mixed,,merge_cross_edge,False,2500.0
2,393,2,p2g3_064,screen,964,3,creative_screen,merge_cross_edge,"[""p2g1_086"",""blk_p6g1_043""]",610dc295862d1ff0,ok,True,partial,0.0,46.96676771682428,62.6223569557657,46.96676771682428,37.57341417345942,False,False,4|grow|mobile|liquid|s1|g0|mixed,mixed,,merge_cross_edge,False,10000.0
2,394,2,p2g3_066,screen,964,3,creative_screen,merge_cross_edge,"[""p2g1_086"",""ref_XV_tau15.7""]",d1e9a8e3dad3b610,ok,True,partial,0.0,15.920320624650081,21.227094166200107,15.920320624650081,12.736256499720064,False,False,3|constant|still|flicker|s1|g0|mixed,mixed,,merge_cross_edge,False,2500.0
2,395,2,p2g3_069,screen,964,3,creative_screen,merge_slow_tanh,"[""p1g2_008"",""ref_M0""]",dc2814f90ba80216,ok,True,partial,0.4401,64.49657538609543,71.32543384812723,64.49657538609543,60.399260308876336,True,True,3|switch|rotor|liquid|s1|g2|structured,structured,,merge_slow_tanh,False,20000.0
2,396,2,p2g2_015_s2,seed2,965,2,selected_confirmation,seed2,"[""p2g2_015""]",cd8380c18ee6bb4b,ok,True,partial,0.4209,51.12633976664418,54.13845302219224,51.12633976664418,49.31907181331534,False,False,3|switch|mobile|liquid|s1|g0|structured,structured,True,mutate,False,2500.0
2,397,2,p2g2_041_s2,seed2,965,2,selected_confirmation,seed2,"[""p2g2_041""]",2c35048f8d3575ac,ok,True,partial,0.0,26.121610768023466,34.82881435736462,26.121610768023466,20.897288614418773,False,False,2|constant|still|frozen|s1|g2|mixed,mixed,True,dup_act,False,2500.0
2,398,2,p2g2_056_s2,seed2,965,2,selected_confirmation,seed2,"[""p2g2_056""]",f642853f66ccd8c8,ok,True,partial,0.0,54.196885382607164,72.26251384347621,54.196885382607164,43.35750830608573,False,False,4|switch|mobile|liquid|s1|g2|mixed,mixed,True,merge_cross_edge,False,5000.0
2,399,2,p2g2_067_s2,seed2,965,2,selected_confirmation,seed2,"[""p2g2_067""]",71d96c0d2e2adfc3,ok,True,partial,0.6137,56.364900365667076,54.696533820889435,56.364900365667076,57.36592029253366,False,False,3|constant|rotor|liquid|s1|g2|structured,structured,True,merge_cross_edge,False,2500.0
2,400,2,p2g2_001_s2,seed2,965,2,selected_confirmation,seed2,"[""p2g2_001""]",81432c314a05abfa,ok,True,partial,0.5824,42.47515107597583,37.22020143463444,42.47515107597583,45.62812086078066,False,False,3|constant|mobile|liquid|s1|g1|structured,structured,True,mutate,False,2500.0
2,401,2,p2g2_008_s2,seed2,965,2,selected_confirmation,seed2,"[""p2g2_008""]",0cd0a755cd316c5a,ok,True,partial,0.6379,59.853299383353935,58.541065844471916,59.853299383353935,60.640639506683144,False,True,2|switch|mobile|liquid|s1|g2|structured,structured,True,mutate,False,2500.0
2,402,2,p2g2_010_s2,seed2,965,2,selected_confirmation,seed2,"[""p2g2_010""]",d622c2d8cf881d56,ok,True,partial,0.5825,42.33424618054357,37.028994907391436,42.33424618054357,45.517396944434864,False,False,3|constant|mobile|liquid|s1|g1|structured,structured,True,mutate,False,2500.0
2,403,2,p2g2_011_s2,seed2,965,2,selected_confirmation,seed2,"[""p2g2_011""]",d93c906158f78639,ok,True,partial,0.5545,62.11886532879129,64.34182043838838,62.11886532879129,60.78509226303303,True,True,4|switch|mobile|liquid|s1|g1|structured,structured,True,mutate,False,2500.0
2,404,2,p2g2_021_s2,seed2,965,2,selected_confirmation,seed2,"[""p2g2_021""]",bf7e83194d770cac,ok,True,partial,0.4354,64.8981064443546,72.01747525913946,64.8981064443546,60.62648515548368,True,True,4|grow|mobile|liquid|s1|g1|structured,structured,True,mint_bilin,False,5000.0
2,405,2,p2g2_024_s2,seed2,965,2,selected_confirmation,seed2,"[""p2g2_024""]",00ad67098ca52841,ok,True,partial,0.6002,35.689292432489594,27.5790565766528,35.689292432489594,40.55543394599168,False,False,3|constant|mobile|liquid|s1|g0|structured,structured,True,mint_bilin,False,2500.0
2,406,2,p2g2_038_s2,seed2,965,2,selected_confirmation,seed2,"[""p2g2_038""]",5c3b22eec22509f0,ok,True,partial,0.1171,45.78291704405667,57.14055605874222,45.78291704405667,38.96833363524533,False,False,2|grow|still|liquid|s1|g2|structured,structured,True,add_chan,False,10000.0
2,407,2,p2g2_044_s2,seed2,965,2,selected_confirmation,seed2,"[""p2g2_044""]",0278a89bbec247c9,ok,True,partial,0.0,35.59418312080159,47.45891082773545,35.59418312080159,28.47534649664127,False,False,3|constant|drift|liquid|s1|g2|mixed,mixed,True,dup_act,False,2500.0
2,408,2,p2g2_003_s2,seed2,965,2,selected_confirmation,seed2,"[""p2g2_003""]",91425fc736d65a66,ok,True,partial,0.0,31.05211273185897,41.40281697581196,31.05211273185897,24.841690185487174,False,False,2|switch|still|frozen|s1|g2|mixed,mixed,True,mutate,False,2500.0
2,409,2,p2g2_005_s2,seed2,965,2,selected_confirmation,seed2,"[""p2g2_005""]",4324b465f4de690a,ok,True,partial,0.0744,32.22459683636123,40.48612911514831,32.22459683636123,27.267677469088984,False,False,2|switch|drift|liquid|s1|g2|mixed,mixed,True,mutate,False,2500.0
2,410,2,p2g2_033_s2,seed2,965,2,selected_confirmation,seed2,"[""p2g2_033""]",1633f44115f45bc1,ok,True,partial,0.2764,44.366257374409805,49.94167649921308,44.366257374409805,41.02100589952784,False,False,2|switch|drift|liquid|s1|g2|structured,structured,True,add_chan,False,2500.0
2,411,2,p2g2_074_s2,seed2,965,2,selected_confirmation,seed2,"[""p2g2_074""]",b8f8146a49cbd2af,ok,True,partial,0.0532,25.132043244685008,31.736057659580013,25.132043244685008,21.169634595748008,False,False,2|switch|drift|liquid|s1|g2|mixed,mixed,True,merge_slow_tanh,False,2500.0
2,412,2,p2g1_047_s3,seed3,966,1,selected_confirmation,seed3,"[""p2g1_047""]",0d2edece61b7493e,ok,True,partial,0.0,41.14206497943601,54.85608663924801,41.14206497943601,32.9136519835488,False,False,3|constant|drift|flicker|s1|g2|mixed,mixed,True,dup_act,False,2500.0
2,413,2,p2g1_063_s3,seed3,966,1,selected_confirmation,seed3,"[""p2g1_063""]",d450711a8614982c,ok,True,partial,0.391,52.5441336939345,57.02551159191267,52.5441336939345,49.8553069551476,False,False,2|switch|mobile|liquid|s1|g2|structured,structured,True,merge_cross_edge,False,5000.0
2,414,2,p2g1_009_s3,seed3,966,1,selected_confirmation,seed3,"[""p2g1_009""]",c87dae7197d7ca1b,ok,True,partial,0.5565,46.16121743411655,42.9982899121554,46.16121743411655,48.05897394729324,False,False,3|constant|rotor|liquid|s1|g2|structured,structured,True,mutate,False,2500.0
2,415,2,p2g1_013_s3,seed3,966,1,selected_confirmation,seed3,"[""p2g1_013""]",495df91b3251fa11,ok,True,partial,0.3517,49.09962282411992,53.74283043215989,49.09962282411992,46.31369825929593,False,False,2|grow|mobile|liquid|s1|g2|mixed,mixed,True,mutate,False,2500.0
2,416,2,p2g3_078,screen,964,3,creative_screen,immigrate,,733f607c9ccc43da,no_blobs,True,missing,,0.0,,,,False,False,,,,immigrate,False,
2,417,2,p2g3_084,screen,964,3,creative_screen,immigrate,,3ec2606a9c77490e,no_blobs,True,missing,,0.0,,,,False,False,,,,immigrate,False,
2,418,2,p2g3_097,screen,964,3,creative_screen,immigrate,,4dbfd8fff101a8a3,no_blobs,True,missing,,0.0,,,,False,False,,,,immigrate,False,
2,419,2,p2g3_081,screen,964,3,creative_screen,immigrate,,62d367f7f277c720,no_blobs,True,missing,,0.0,,,,False,False,,,,immigrate,False,
2,420,2,p2g3_083,screen,964,3,creative_screen,immigrate,,545e7277e6d1e03a,no_blobs,True,missing,,0.0,,,,False,False,,,,immigrate,False,
2,421,2,p2g3_095,screen,964,3,creative_screen,immigrate,,85366b4ea78db94c,no_blobs,True,missing,,0.0,,,,False,False,,,,immigrate,False,
2,422,2,p2g2_018_s2,seed2,965,2,selected_confirmation,seed2,"[""p2g2_018""]",0af6510266e625be,ok,True,partial,0.6591,55.55911702410574,52.10882269880766,55.55911702410574,57.629293619284596,False,False,3|switch|mobile|liquid|s1|g0|structured,structured,True,mint_bilin,False,2500.0
2,423,2,p2g1_034_s3,seed3,966,1,selected_confirmation,seed3,"[""p2g1_034""]",36e53c11d42a1a40,ok,True,partial,0.3552,51.46473428766696,56.77964571688927,51.46473428766696,48.27578743013356,False,False,3|grow|mobile|liquid|s1|g0|structured,structured,True,add_chan,False,20000.0
2,424,2,p2g1_014_s3,seed3,966,1,selected_confirmation,seed3,"[""p2g1_014""]",25ba4c839e86a51e,ok,True,partial,0.4578,49.93726027559192,51.32301370078922,49.93726027559192,49.10580822047353,False,False,2|switch|mobile|liquid|s1|g1|structured,structured,True,mutate,False,2500.0
2,425,2,p2g1_074_s3,seed3,966,1,selected_confirmation,seed3,"[""p2g1_074""]",cf978f6cd658a548,ok,True,partial,0.0,23.61045998494365,31.4806133132582,23.61045998494365,18.88836798795492,False,False,4|oscillator|drift|frozen|s1|g2|mixed,mixed,True,merge_cross_edge,False,2500.0
2,426,2,p2g1_001_s3,seed3,966,1,selected_confirmation,seed3,"[""p2g1_001""]",1363809be9c9c0c3,ok,True,partial,0.0,41.042211943971985,54.72294925862931,41.042211943971985,32.83376955517759,False,False,3|grow|rotor|liquid|s1|g2|mixed,mixed,True,mutate,False,5000.0
2,427,2,p2g1_033_s3,seed3,966,1,selected_confirmation,seed3,"[""p2g1_033""]",0e4c2afa711b0d24,ok,True,partial,0.3689,53.81102222515261,59.45136296687015,53.81102222515261,50.426817780122086,False,False,3|switch|mobile|liquid|s1|g0|structured,structured,True,add_chan,False,5000.0
2,428,2,p2g1_043_s3,seed3,966,1,selected_confirmation,seed3,"[""p2g1_043""]",c18ebbe9a26d9db6,ok,True,partial,0.0,27.11919698920368,36.15892931893824,27.11919698920368,21.695357591362946,False,False,2|constant|still|frozen|s1|g2|mixed,mixed,True,dup_act,False,2500.0
2,429,2,p2g1_057_s3,seed3,966,1,selected_confirmation,seed3,"[""p2g1_057""]",eeeea0dff8936f5d,ok,True,partial,0.0,38.99202957168354,51.98937276224472,38.99202957168354,31.19362365734683,False,False,2|constant|mobile|liquid|s1|g2|mixed,mixed,True,merge_cross_edge,False,2500.0
2,430,2,p2g1_052_s3,seed3,966,1,selected_confirmation,seed3,"[""p2g1_052""]",4822df84bbe8edf6,ok,True,partial,0.5881,57.16515488210084,56.616873176134455,57.16515488210084,57.49412390568067,False,False,3|grow|mobile|liquid|s1|g0|structured,structured,True,merge_spatial_ic,False,5000.0
2,431,2,p2g1_000_s3,seed3,966,1,selected_confirmation,seed3,"[""p2g1_000""]",8374a12be60874cc,ok,True,partial,0.5399,68.37659051596835,73.17212068795779,68.37659051596835,65.49927241277467,True,True,4|switch|rotor|flicker|s1|g1|structured,structured,True,mutate,False,2500.0
2,432,2,p2g1_003_s3,seed3,966,1,selected_confirmation,seed3,"[""p2g1_003""]",f891cbf384200ef8,ok,True,partial,0.0,28.141092838271803,37.52145711769574,28.141092838271803,22.51287427061744,False,False,2|switch|mobile|liquid|s1|g2|mixed,mixed,True,mutate,False,2500.0
2,433,2,p2g1_015_s3,seed3,966,1,selected_confirmation,seed3,"[""p2g1_015""]",942ef4a4cd6b8a1b,ok,True,partial,0.3902,56.514563840437646,62.34608512058354,56.514563840437646,53.015651072350124,False,False,3|oscillator|mobile|liquid|s1|g2|structured,structured,True,mutate,False,2500.0
2,434,2,p2g1_049_s3,seed3,966,1,selected_confirmation,seed3,"[""p2g1_049""]",6588fedcc859d014,ok,True,partial,0.0,47.35790979379884,63.14387972506512,47.35790979379884,37.88632783503907,False,False,4|grow|rotor|liquid|s1|g0|mixed,mixed,True,merge_spatial_ic,False,5000.0
2,435,2,p2g3_086,screen,964,3,creative_screen,immigrate,,7b34a4da50816745,ok,True,partial,0.0,0.0,0.0,0.0,0.0,False,False,1|constant|still|gas|s1|g0|mixed,mixed,,immigrate,False,2500.0
2,436,2,p2g3_087,screen,964,3,creative_screen,immigrate,,872ca27540673588,ok,True,partial,0.0,0.0,0.0,0.0,0.0,False,False,1|constant|still|gas|s1|g0|mixed,mixed,,immigrate,False,2500.0
2,437,2,p2g3_096,screen,964,3,creative_screen,immigrate,,e56e13cfdd41756c,ok,True,partial,0.0,0.0,0.0,0.0,0.0,False,False,1|constant|still|gas|s1|g0|mixed,mixed,,immigrate,False,2500.0
2,438,2,p2g3_082,screen,964,3,creative_screen,immigrate,,93c371b2446e4d89,ok,True,partial,0.0,0.0,0.0,0.0,0.0,False,False,1|constant|still|gas|s1|g0|mixed,mixed,,immigrate,False,2500.0
2,439,2,p2g3_093,screen,964,3,creative_screen,immigrate,,d1f58fcc289b2ff0,ok,True,partial,0.0,0.0,0.0,0.0,0.0,False,False,1|constant|still|gas|s1|g0|mixed,mixed,,immigrate,False,2500.0
2,440,2,p2g3_092,screen,964,3,creative_screen,immigrate,,d642d317f521ee28,no_blobs,True,missing,,0.0,,,,False,False,,,,immigrate,False,
2,441,2,p2g3_094,screen,964,3,creative_screen,immigrate,,94ff9e74d5e8ffc5,no_blobs,True,missing,,0.0,,,,False,False,,,,immigrate,False,
2,442,2,p2g2_048_s2,seed2,965,2,selected_confirmation,seed2,"[""p2g2_048""]",a8588ddb13332b62,ok,True,partial,0.5251,69.34038448310847,74.95051264414462,69.34038448310847,65.97430758648677,True,True,4|switch|mobile|liquid|s1|g1|structured,structured,True,merge_spatial_ic,False,10000.0
2,443,2,p2g2_055_s2,seed2,965,2,selected_confirmation,seed2,"[""p2g2_055""]",3e9e387b61a8cb22,ok,True,partial,0.5511,73.74063785581511,79.95085047442015,73.74063785581511,70.01451028465209,True,True,4|grow|mobile|liquid|s2|g1|structured,structured,True,merge_spatial_ic,False,20000.0
2,444,2,p2g1_024_s3,seed3,966,1,selected_confirmation,seed3,"[""p2g1_024""]",b3e14a306a3b29ca,ok,True,partial,0.0,53.673321326517645,71.56442843535686,53.673321326517645,42.938657061214116,False,False,3|switch|mobile|liquid|s1|g1|mixed,mixed,True,mint_bilin,False,20000.0
2,445,2,p2g1_027_s3,seed3,966,1,selected_confirmation,seed3,"[""p2g1_027""]",2fe61fe3de1b9ff5,ok,True,partial,0.5253,71.03204121943098,77.19938829257464,71.03204121943098,67.33163297554478,True,True,4|grow|mobile|liquid|s1|g1|structured,structured,True,mint_bilin,False,20000.0
2,446,2,p2g3_091,screen,964,3,creative_screen,immigrate,,2bf7bb91cb1a633b,ok,True,partial,0.0,0.0,0.0,0.0,0.0,False,False,1|constant|still|gas|s1|g0|mixed,mixed,,immigrate,False,2500.0
2,447,2,p2g3_079,screen,964,3,creative_screen,immigrate,,98f6f6095a1c70c0,ok,True,partial,0.0,0.0,0.0,0.0,0.0,False,False,1|constant|still|gas|s1|g0|mixed,mixed,,immigrate,False,2500.0
2,448,2,p2g3_080,screen,964,3,creative_screen,immigrate,,fdad77b77d0394f8,ok,True,partial,0.0,0.0,0.0,0.0,0.0,False,False,1|constant|still|gas|s1|g2|mixed,mixed,,immigrate,False,2500.0
2,449,2,p2g3_085,screen,964,3,creative_screen,immigrate,,2b3e63747aa265f4,ok,True,partial,0.0,0.0,0.0,0.0,0.0,False,False,1|constant|still|gas|s1|g0|mixed,mixed,,immigrate,False,2500.0
2,450,2,p2g3_088,screen,964,3,creative_screen,immigrate,,3bba9ed8a61640ee,ok,True,partial,0.0,0.0,0.0,0.0,0.0,False,False,1|constant|still|gas|s1|g0|mixed,mixed,,immigrate,False,2500.0
2,451,2,p2g3_089,screen,964,3,creative_screen,immigrate,,a6fc21d17ad0a2eb,ok,True,partial,0.0,15.337500000000002,20.450000000000003,15.337500000000002,12.270000000000001,False,False,2|constant|still|gas|s1|g0|mixed,mixed,,immigrate,False,2500.0
2,452,2,p2g2_098_s2,seed2,965,2,selected_confirmation,seed2,"[""p2g2_098""]",d99d4d913f8aaa38,ok,True,partial,0.0,8.212499999999999,10.95,8.212499999999999,6.569999999999999,False,False,1|constant|still|gas|s1|g0|mixed,mixed,True,immigrate,False,2500.0
2,453,2,p2g1_086_s3,seed3,966,1,selected_confirmation,seed3,"[""p2g1_086""]",26427bf2891d0a69,ok,True,partial,0.0,15.337500000000002,20.450000000000003,15.337500000000002,12.270000000000001,False,False,2|constant|still|gas|s1|g0|mixed,mixed,True,immigrate,False,2500.0
2,454,2,p2g1_092_s3,seed3,966,1,selected_confirmation,seed3,"[""p2g1_092""]",4532ffe10914220d,ok,True,partial,0.0,22.987499999999997,30.65,22.987499999999997,18.389999999999997,False,False,2|constant|still|gas|s1|g2|mixed,mixed,True,immigrate,False,2500.0
2,455,2,p2g2_035_s2,seed2,965,2,selected_confirmation,seed2,"[""p2g2_035""]",ebe3a0c4fbf55544,ok,True,partial,0.3227,52.23587398856378,58.89116531808504,52.23587398856378,48.24269919085102,False,False,2|grow|mobile|liquid|s1|g2|structured,structured,True,add_chan,False,20000.0
2,456,2,p2g3_004,screen,964,3,creative_screen,mutate,"[""p2g4_053""]",fcf8ba4554dfadfd,ok,True,partial,0.1447,23.764463075915252,26.86261743455367,23.764463075915252,21.9055704607322,False,False,1|grow|drift|liquid|s1|g0|mixed,mixed,,mutate,False,2500.0
2,457,2,p2g3_090,screen,964,3,creative_screen,immigrate,,d117f7232563dbb1,ok,True,partial,0.0,0.0,0.0,0.0,0.0,False,False,1|constant|still|gas|s1|g2|mixed,mixed,,immigrate,False,2500.0
2,458,2,p2g4_043,screen,964,4,creative_screen,dup_act,"[""p6g8_033""]",6cc35d468a8e7a7b,fail_g0a,True,missing,,,,,,False,False,,,,dup_act,False,
2,459,2,p2g4_006,screen,964,4,creative_screen,mutate,"[""p6g9_021""]",495203c7b6f3c4db,fail_g0a,True,missing,,,,,,False,False,,,,mutate,False,
2,460,2,p2g4_012,screen,964,4,creative_screen,mutate,"[""p6g9_021""]",9a2074fbfa192415,fail_g0a,True,missing,,,,,,False,False,,,,mutate,False,
2,461,2,p2g4_074,screen,964,4,creative_screen,merge_share_chan,"[""p2g6_020"",""ref_iso_d0.75""]",88c61963e04c73ce,fail_g0a,True,missing,,,,,,False,False,,,,merge_share_chan,False,
2,462,2,p2g4_076,screen,964,4,creative_screen,merge_share_chan,"[""p2g6_020"",""ref_iso_d0.65""]",59c84fb67bddc43a,fail_g0a,True,missing,,,,,,False,False,,,,merge_share_chan,False,
2,463,2,p2g4_008,screen,964,4,creative_screen,mutate,"[""p6g5_026""]",f86561fdc87b2a2d,fail_g0a,True,missing,,,,,,False,False,,,,mutate,False,
2,464,2,p2g4_042,screen,964,4,creative_screen,dup_act,"[""p1g6_065""]",09e4efa2d31036b8,fail_g0a,True,missing,,,,,,False,False,,,,dup_act,False,
2,465,2,p2g2_064_s3,seed3,966,2,selected_confirmation,seed3,"[""p2g2_064""]",c1f9928b940fc209,ok,True,partial,0.41,66.67321641622578,75.23095522163439,66.67321641622578,61.53857313298063,True,True,3|grow|rotor|liquid|s1|g2|structured,structured,True,merge_cross_edge,False,20000.0
2,466,2,p2g4_061,screen,964,4,creative_screen,merge_cross_edge,"[""p2g3_004"",""blk_engine_10748""]",50aeefe81593f8dd,ok,True,partial,0.3963,58.701193738805344,65.05825831840713,58.701193738805344,54.88695499104428,False,False,3|grow|mobile|flicker|s1|g2|structured,structured,,merge_cross_edge,False,20000.0
2,467,2,p2g3_074_s2,seed2,965,3,selected_confirmation,seed2,"[""p2g3_074""]",6634364b80c274e9,ok,True,partial,0.0,21.283970579078456,28.378627438771275,21.283970579078456,17.027176463262766,False,False,2|constant|still|flicker|s1|g2|mixed,mixed,True,merge_slow_tanh,False,2500.0
2,468,2,p2g3_015_s2,seed2,965,3,selected_confirmation,seed2,"[""p2g3_015""]",f9dd6e59d30a116b,ok,True,partial,0.0284,18.813344459434557,24.137792612579407,18.813344459434557,15.618675567547644,False,False,1|oscillator|still|frozen|s1|g2|mixed,mixed,True,mutate,False,2500.0
2,469,2,p2g3_039_s2,seed2,965,3,selected_confirmation,seed2,"[""p2g3_039""]",0a3181d14eb6eb77,ok,True,partial,0.5319,60.83228289871445,63.379710531619274,60.83228289871445,59.303826318971566,True,False,2|switch|mobile|liquid|s1|g2|structured,structured,True,add_chan,False,5000.0
2,470,2,p2g3_036_s2,seed2,965,3,selected_confirmation,seed2,"[""p2g3_036""]",f9125bf6e89c7de9,ok,True,partial,0.1335,55.300806717046235,69.28440895606165,55.300806717046235,46.910645373636996,False,False,4|grow|mobile|flicker|s1|g2|mixed,mixed,True,add_chan,False,20000.0
2,471,2,p2g3_037_s2,seed2,965,3,selected_confirmation,seed2,"[""p2g3_037""]",32e6e6e63471240f,ok,True,partial,0.3764,69.65176718079934,80.32235624106579,69.65176718079934,63.24941374463947,False,False,3|grow|rotor|liquid|s1|g2|structured,structured,True,add_chan,False,20000.0
2,472,2,p2g3_061_s2,seed2,965,3,selected_confirmation,seed2,"[""p2g3_061""]",06f526c4c39a2928,ok,True,partial,0.6411,70.767305145819,72.986406861092,70.767305145819,69.43584411665519,True,True,4|switch|rotor|liquid|s1|g2|structured,structured,True,merge_cross_edge,False,20000.0
2,473,2,p2g3_067_s2,seed2,965,3,selected_confirmation,seed2,"[""p2g3_067""]",1f610a2182f0479d,ok,True,partial,0.1301,49.196677155661185,61.25890287421492,49.196677155661185,41.95934172452895,False,False,4|grow|still|liquid|s1|g2|structured,structured,True,merge_cross_edge,False,20000.0
2,474,2,p2g3_071_s2,seed2,965,3,selected_confirmation,seed2,"[""p2g3_071""]",dda84bcbfe3a8189,ok,True,partial,0.0973,59.351762381599606,75.89234984213282,59.351762381599606,49.42740990527969,False,False,4|switch|drift|liquid|s2|g2|mixed,mixed,True,merge_cross_edge,False,20000.0
2,475,2,p2g3_020_s2,seed2,965,3,selected_confirmation,seed2,"[""p2g3_020""]",57836ae2a6b2fd4f,ok,True,partial,0.3816,66.3846410085746,75.79285467809947,66.3846410085746,60.739712806859686,False,False,2|switch|rotor|liquid|s2|g2|structured,structured,True,mint_bilin,False,20000.0
2,476,2,p2g2_034_s3,seed3,966,2,selected_confirmation,seed3,"[""p2g2_034""]",afe011c2a70b0605,ok,True,partial,0.5634,74.46422224071915,80.50562965429219,74.46422224071915,70.8393777925753,True,True,4|grow|mobile|liquid|s2|g1|structured,structured,True,add_chan,False,20000.0
2,477,2,p2g2_043_s3,seed3,966,2,selected_confirmation,seed3,"[""p2g2_043""]",3aa0812c719477bf,ok,True,partial,0.3162,68.56226192794638,80.87634923726183,68.56226192794638,61.173809542357105,False,False,4|switch|drift|liquid|s3|g2|structured,structured,True,dup_act,False,20000.0
2,478,2,p2g2_058_s3,seed3,966,2,selected_confirmation,seed3,"[""p2g2_058""]",e6ec7b37ad3ac417,ok,True,partial,0.2912,69.28110503535014,82.66814004713352,69.28110503535014,61.248884028280116,False,False,4|switch|rotor|liquid|s2|g2|structured,structured,True,merge_cross_edge,False,20000.0
2,479,2,p2g2_053_s3,seed3,966,2,selected_confirmation,seed3,"[""p2g2_053""]",c18ebbe9a26d9db6,ok,True,partial,0.0,26.729739948381898,35.6396532645092,26.729739948381898,21.38379195870552,False,False,2|constant|still|frozen|s1|g2|mixed,mixed,True,merge_spatial_ic,False,20000.0
2,480,2,p2g2_042_s3,seed3,966,2,selected_confirmation,seed3,"[""p2g2_042""]",ea28b70c8b93a743,ok,True,partial,0.4208,67.22227073154512,75.60302764206017,67.22227073154512,62.1938165852361,True,True,4|grow|rotor|liquid|s1|g2|structured,structured,True,dup_act,False,20000.0
2,481,2,p2g2_073_s3,seed3,966,2,selected_confirmation,seed3,"[""p2g2_073""]",9a1ee4288cbfa1ad,ok,True,partial,0.0,52.09985350021692,69.46647133362256,52.09985350021692,41.67988280017354,False,False,4|grow|mobile|liquid|s1|g2|mixed,mixed,True,merge_slow_tanh,False,20000.0
2,482,2,p2g2_014_s3,seed3,966,2,selected_confirmation,seed3,"[""p2g2_014""]",2a344074153e7f5d,ok,True,partial,0.3855,67.18546770069446,76.73062360092595,67.18546770069446,61.45837416055557,False,False,4|grow|rotor|liquid|s1|g2|structured,structured,True,mutate,False,20000.0
2,483,2,p2g2_022_s3,seed3,966,2,selected_confirmation,seed3,"[""p2g2_022""]",b4d5b1c1281d75e2,ok,True,partial,0.2793,61.009636195897954,72.0361815945306,61.009636195897954,54.393708956718356,False,False,4|grow|mobile|liquid|s1|g2|structured,structured,True,mint_bilin,False,20000.0
2,484,2,p2g2_055_s3,seed3,966,2,selected_confirmation,seed3,"[""p2g2_055""]",3e9e387b61a8cb22,ok,True,partial,0.6332,76.30137289189193,80.62849718918925,76.30137289189193,73.70509831351355,True,True,4|grow|mobile|liquid|s2|g1|structured,structured,True,merge_spatial_ic,False,20000.0
2,485,2,p2g2_025_s3,seed3,966,2,selected_confirmation,seed3,"[""p2g2_025""]",94397f8f8a384c9d,ok,True,partial,0.2522,68.8344436445112,83.37259152601494,68.8344436445112,60.11155491560896,False,False,3|grow|rotor|liquid|s2|g2|structured,structured,True,mint_bilin,False,20000.0
2,486,2,p2g2_023_s3,seed3,966,2,selected_confirmation,seed3,"[""p2g2_023""]",18fb4a511bd5fd41,ok,True,partial,0.4087,60.25048853004489,66.71065137339319,60.25048853004489,56.37439082403591,True,False,3|grow|mobile|liquid|s2|g0|structured,structured,False,mint_bilin,False,20000.0
2,487,2,p2g3_035_s2,seed2,965,3,selected_confirmation,seed2,"[""p2g3_035""]",4d49e269e1d6da01,ok,True,partial,0.1889,59.53594043865883,73.0845872515451,59.53594043865883,51.406752350927064,False,False,2|grow|mobile|liquid|s2|g2|structured,structured,True,add_chan,False,20000.0
2,488,2,p2g3_026_s2,seed2,965,3,selected_confirmation,seed2,"[""p2g3_026""]",f0aff80ed8620203,ok,True,partial,0.3123,73.33891051126749,87.3752140150233,73.33891051126749,64.91712840901398,False,False,3|grow|rotor|liquid|s2|g2|structured,structured,True,mint_bilin,False,20000.0
2,489,2,p2g3_014_s2,seed2,965,3,selected_confirmation,seed2,"[""p2g3_014""]",522b011d7090cba6,ok,True,partial,0.4293,67.11474852347797,75.17633136463729,67.11474852347797,62.27779881878237,True,True,3|switch|rotor|liquid|s1|g2|structured,structured,True,mutate,False,10000.0
2,490,2,p2g3_021_s2,seed2,965,3,selected_confirmation,seed2,"[""p2g3_021""]",028c392fd54da7d6,ok,True,partial,0.5043,55.67106371621546,57.41808495495394,55.67106371621546,54.62285097297236,False,False,3|grow|rotor|liquid|s1|g0|structured,structured,True,mint_bilin,False,10000.0
2,491,2,p2g3_029_s2,seed2,965,3,selected_confirmation,seed2,"[""p2g3_029""]",04abf03262a9dbaf,ok,True,partial,0.3252,73.57147575671203,87.25530100894939,73.57147575671203,65.36118060536963,False,False,3|switch|rotor|liquid|s2|g2|structured,structured,True,delete_bilin,False,20000.0
2,492,2,p2g3_064_s2,seed2,965,3,selected_confirmation,seed2,"[""p2g3_064""]",610dc295862d1ff0,ok,True,partial,0.0,47.6837907489934,63.578387665324534,47.6837907489934,38.147032599194716,False,False,4|grow|rotor|liquid|s1|g0|mixed,mixed,True,merge_cross_edge,False,10000.0
2,493,2,p2g2_030_s3,seed3,966,2,selected_confirmation,seed3,"[""p2g2_030""]",beaf5262003aedf1,ok,True,partial,0.1371,54.76183063634231,68.44577418178974,54.76183063634231,46.551464509073845,False,False,4|switch|drift|liquid|s1|g2|mixed,mixed,True,delete_bilin,False,10000.0
2,494,2,p2g2_049_s3,seed3,966,2,selected_confirmation,seed3,"[""p2g2_049""]",45d84b9a9c2d5329,ok,True,partial,0.4232,69.46242462940712,78.50989950587616,69.46242462940712,64.0339397035257,True,True,4|switch|mobile|liquid|s1|g1|structured,structured,True,merge_spatial_ic,False,10000.0
2,495,2,p2g2_012_s3,seed3,966,2,selected_confirmation,seed3,"[""p2g2_012""]",dabdea6e2f08244c,ok,True,partial,0.124,51.747300387704186,64.86306718360558,51.747300387704186,43.87784031016335,False,False,3|grow|drift|liquid|s2|g2|structured,structured,True,mutate,False,10000.0
2,496,2,p2g2_038_s3,seed3,966,2,selected_confirmation,seed3,"[""p2g2_038""]",ad835d9583d074b2,ok,True,partial,0.2611,62.18378093828494,74.20837458437991,62.18378093828494,54.96902475062794,False,False,2|grow|rotor|liquid|s2|g2|structured,structured,False,add_chan,False,20000.0
2,497,2,p2g3_003_s2,seed2,965,3,selected_confirmation,seed2,"[""p2g3_003""]",1f0975d805bc89f2,ok,True,partial,0.1725,55.70948736543748,68.52931648724997,55.70948736543748,48.01758989234998,False,False,3|switch|rotor|liquid|s2|g2|mixed,mixed,True,mutate,False,5000.0
2,498,2,p2g3_019_s2,seed2,965,3,selected_confirmation,seed2,"[""p2g3_019""]",9262761e57800ed7,ok,True,partial,0.4037,48.702062695254284,51.479416927005715,48.702062695254284,47.03565015620343,False,False,4|constant|drift|liquid|s1|g2|structured,structured,True,mint_bilin,False,5000.0
2,499,2,p2g3_034_s2,seed2,965,3,selected_confirmation,seed2,"[""p2g3_034""]",5428015770475b33,ok,True,partial,0.5109,42.2800264045219,39.34336853936253,42.2800264045219,44.042021123617516,False,False,3|constant|mobile|liquid|s1|g2|structured,structured,True,add_chan,False,5000.0
2,500,2,p2g3_062_s2,seed2,965,3,selected_confirmation,seed2,"[""p2g3_062""]",a08e7f63b3d52f09,ok,True,partial,0.2055,60.69171521252737,74.0722869500365,60.69171521252737,52.663372170021894,False,False,4|grow|rotor|liquid|s1|g2|mixed,mixed,True,merge_cross_edge,False,5000.0
2,501,2,p2g3_031_s2,seed2,965,3,selected_confirmation,seed2,"[""p2g3_031""]",f696871bd3d8ad9a,ok,True,partial,0.3997,68.13118586086313,77.51824781448417,68.13118586086313,62.4989486886905,False,False,4|grow|rotor|liquid|s2|g1|structured,structured,True,delete_bilin,False,10000.0
2,502,2,p2g3_059_s2,seed2,965,3,selected_confirmation,seed2,"[""p2g3_059""]",6c11baa8f1c1623e,ok,True,partial,0.0,41.87219234106436,55.82958978808582,41.87219234106436,33.49775387285149,False,False,4|constant|mobile|liquid|s1|g2|mixed,mixed,True,merge_cross_edge,False,5000.0
2,503,2,p2g2_062_s3,seed3,966,2,selected_confirmation,seed3,"[""p2g2_062""]",7628e5e23b517c98,ok,True,partial,0.3305,44.66883024717292,48.54177366289723,44.66883024717292,42.34506419773834,False,False,3|switch|still|liquid|s1|g2|structured,structured,True,merge_cross_edge,False,5000.0
2,504,2,p2g2_056_s3,seed3,966,2,selected_confirmation,seed3,"[""p2g2_056""]",f642853f66ccd8c8,ok,True,partial,0.0,55.46030672531575,73.94707563375434,55.46030672531575,44.3682453802526,False,False,4|switch|rotor|liquid|s1|g2|mixed,mixed,True,merge_cross_edge,False,10000.0
2,505,2,p2g2_004_s3,seed3,966,2,selected_confirmation,seed3,"[""p2g2_004""]",4367715aa0823f2a,ok,True,partial,0.2796,45.24007679026511,51.00010238702014,45.24007679026511,41.784061432212084,False,False,2|switch|mobile|liquid|s1|g2|structured,structured,True,mutate,False,5000.0
2,506,2,p2g2_036_s3,seed3,966,2,selected_confirmation,seed3,"[""p2g2_036""]",026bfb1c5e9e2400,ok,True,partial,0.4209,39.56497976534493,38.72330635379324,39.56497976534493,40.06998381227594,False,False,2|oscillator|drift|liquid|s1|g2|structured,structured,True,add_chan,False,5000.0
2,507,2,p2g2_078_s3,seed3,966,2,selected_confirmation,seed3,"[""p2g2_078""]",d1043afb7de72337,ok,True,partial,0.0,40.67655108478243,54.23540144637657,40.67655108478243,32.54124086782594,False,False,3|constant|mobile|flicker|s1|g2|mixed,mixed,True,merge_share_chan,False,5000.0
2,508,2,p2g4_000,screen,964,4,creative_screen,mutate,"[""p2g7_039""]",93f6d776a7ffe93f,ok,True,partial,0.2811,43.315252428924126,48.38366990523216,43.315252428924126,40.274201943139296,False,False,3|switch|mobile|liquid|s1|g2|structured,structured,,mutate,False,2500.0
2,509,2,p2g4_004,screen,964,4,creative_screen,mutate,"[""p2g7_039""]",6ec43ad34f64a3d7,ok,True,partial,0.3388,53.217929920477395,59.663906560636526,53.217929920477395,49.35034393638191,False,False,4|oscillator|mobile|liquid|s1|g2|structured,structured,,mutate,False,2500.0
2,510,2,p2g4_005,screen,964,4,creative_screen,mutate,"[""p2g7_039""]",8be8d7a46730b99b,ok,True,partial,0.0,3.883740441819991,5.178320589093321,3.883740441819991,3.1069923534559925,False,False,2|constant|still|frozen|s1|g0|mixed,mixed,,mutate,False,2500.0
2,511,2,p2g4_016,screen,964,4,creative_screen,mint_bilin,"[""p2g2_041""]",e0402abd13938314,ok,True,partial,0.0,21.950589884113352,29.267453178817803,21.950589884113352,17.56047190729068,False,False,2|constant|still|frozen|s1|g2|mixed,mixed,,mint_bilin,False,2500.0
2,512,2,p2g4_022,screen,964,4,creative_screen,mint_bilin,"[""p2g7_039""]",9233e08700a63703,ok,True,partial,0.5875,54.89042577017163,53.603901026895514,54.89042577017163,55.66234061613731,False,False,3|switch|rotor|liquid|s1|g2|structured,structured,,mint_bilin,False,2500.0
2,513,2,p2g4_033,screen,964,4,creative_screen,add_chan,"[""p3g6_032""]",849c3e3f2f62a527,ok,True,partial,0.5788,51.009671283615084,48.71956171148678,51.009671283615084,52.38373702689207,False,False,4|switch|rotor|liquid|s1|g1|structured,structured,,add_chan,False,2500.0
2,514,2,p2g4_034,screen,964,4,creative_screen,add_chan,"[""p3g9_022""]",b215f8de16791e15,ok,True,partial,0.3559,32.36678821913009,31.29238429217346,32.36678821913009,33.011430575304075,False,False,3|switch|drift|liquid|s1|g0|structured,structured,,add_chan,False,2500.0
2,515,2,p2g4_037,screen,964,4,creative_screen,add_chan,"[""p2g3_026""]",751b3b524dc36ff3,ok,True,partial,0.0,36.738936223225785,48.98524829763438,36.738936223225785,29.391148978580624,False,False,2|constant|drift|liquid|s1|g2|mixed,mixed,,add_chan,False,2500.0
2,516,2,p2g4_039,screen,964,4,creative_screen,add_chan,"[""p6g9_021""]",b1649950b44c0600,ok,True,partial,0.4595,58.49538890498745,62.67718520664993,58.49538890498745,55.98631112398996,False,False,3|switch|rotor|liquid|s1|g2|structured,structured,,add_chan,False,2500.0
2,517,2,p2g2_070_s3,seed3,966,2,selected_confirmation,seed3,"[""p2g2_070""]",3403b1a691db96ea,ok,True,partial,0.0,54.106342060483456,72.14178941397795,54.106342060483456,43.28507364838676,False,False,4|switch|mobile|flicker|s1|g2|mixed,mixed,False,merge_cross_edge,False,20000.0
2,518,2,p2g2_021_s3,seed3,966,2,selected_confirmation,seed3,"[""p2g2_021""]",bf7e83194d770cac,ok,True,partial,0.5663,70.48466486743747,75.10288648991663,70.48466486743747,67.71373189394998,True,True,4|grow|mobile|liquid|s1|g1|structured,structured,True,mint_bilin,False,20000.0
2,519,2,p2g2_026_s3,seed3,966,2,selected_confirmation,seed3,"[""p2g2_026""]",7fd20ea086ecb059,ok,True,partial,0.5192,60.690062754560785,63.61341700608105,60.690062754560785,58.93605020364863,True,False,4|switch|mobile|flicker|s1|g1|structured,structured,True,mint_bilin,False,5000.0
2,520,2,p2g4_002,screen,964,4,creative_screen,mutate,"[""p2g7_039""]",583c31fd9c9b98d6,ok,True,partial,0.5829,69.35766780793016,73.04689041057354,69.35766780793016,67.14413424634412,True,True,4|switch|mobile|liquid|s1|g2|structured,structured,,mutate,False,2500.0
2,521,2,p2g4_003,screen,964,4,creative_screen,mutate,"[""p2g7_039""]",50b3da4b74e1702e,ok,True,partial,0.619,71.74854000051566,75.03138666735421,71.74854000051566,69.77883200041252,True,True,3|grow|rotor|liquid|s1|g2|structured,structured,,mutate,False,20000.0
2,522,2,p2g4_031,screen,964,4,creative_screen,delete_bilin,"[""p2g7_039""]",cb8ed6c04e9d5665,ok,True,partial,0.4201,69.09511687504612,78.12348916672816,69.09511687504612,63.678093500036894,True,True,3|grow|rotor|liquid|s2|g2|structured,structured,,delete_bilin,False,20000.0
2,523,2,p2g4_032,screen,964,4,creative_screen,add_chan,"[""p3g8_042""]",38739b1cccded0a2,ok,True,partial,0.3329,60.8866400055257,70.0855200073676,60.8866400055257,55.367312004420555,False,False,3|grow|mobile|liquid|s1|g2|structured,structured,,add_chan,False,20000.0
2,524,2,p2g4_040,screen,964,4,creative_screen,dup_act,"[""p6g9_021""]",fee93479f1c8b227,ok,True,partial,0.0,59.58220066380618,79.44293421840824,59.58220066380618,47.665760531044945,False,False,4|grow|mobile|liquid|s2|g2|mixed,mixed,,dup_act,False,20000.0
2,525,2,p2g4_046,screen,964,4,creative_screen,dup_act,"[""p2g1_051""]",1c20519dbd37d41a,ok,True,partial,0.0,55.79151880294258,74.38869173725678,55.79151880294258,44.63321504235407,False,False,4|switch|mobile|liquid|s1|g2|mixed,mixed,,dup_act,False,10000.0
2,526,2,p2g4_053,screen,964,4,creative_screen,merge_spatial_ic,"[""p2g7_039"",""p5g4_065""]",fa86cb8089d048d0,ok,True,partial,0.4625,69.66296250923027,77.46728334564035,69.66296250923027,64.98037000738421,True,True,4|grow|rotor|liquid|s2|g2|structured,structured,,merge_spatial_ic,True,5000.0
2,527,2,p2g4_056,screen,964,4,creative_screen,merge_cross_edge,"[""p2g3_015"",""blk_p6g1_043""]",fef95ea54008a0c8,ok,True,partial,0.2276,52.9851085057493,63.060144674332406,52.9851085057493,46.94008680459944,False,False,4|switch|drift|liquid|s2|g2|structured,structured,,merge_cross_edge,False,20000.0
2,528,2,p2g4_057,screen,964,4,creative_screen,merge_cross_edge,"[""p2g6_020"",""ref_M4_tau5.7""]",e684bca3587c5991,ok,True,partial,0.0,21.871483683401593,29.161978244535458,21.871483683401593,17.497186946721275,False,False,3|constant|rotor|frozen|s1|g2|mixed,mixed,,merge_cross_edge,False,2500.0
2,529,2,p2g4_058,screen,964,4,creative_screen,merge_cross_edge,"[""p2g1_002"",""ref_BFIELD_g0.05""]",40c30b1ad54ccae4,ok,True,partial,0.0,27.535060797057866,36.713414396077155,27.535060797057866,22.028048637646293,False,False,1|constant|mobile|liquid|s1|g2|structured,structured,,merge_cross_edge,False,2500.0
2,530,2,p2g4_059,screen,964,4,creative_screen,merge_cross_edge,"[""p2g6_020"",""ref_M0""]",5105298ad49dd1ae,ok,True,partial,0.2632,67.14770491001423,80.75693988001896,67.14770491001423,58.982163928011374,False,False,4|grow|rotor|liquid|s2|g2|structured,structured,,merge_cross_edge,False,20000.0
2,531,2,p2g4_060,screen,964,4,creative_screen,merge_cross_edge,"[""p2g6_020"",""ref_iso_d0.75""]",ac286bf8e6bff6e9,ok,True,partial,0.4289,62.653339314878195,69.24111908650427,62.653339314878195,58.70067145190256,True,False,4|grow|mobile|liquid|s1|g2|structured,structured,,merge_cross_edge,False,2500.0
2,532,2,p2g4_063,screen,964,4,creative_screen,merge_cross_edge,"[""p2g6_020"",""blk_engine_10748""]",35bb76a104632fa5,ok,True,partial,0.4247,70.40036998159323,79.71049330879096,70.40036998159323,64.81429598527458,True,True,3|grow|rotor|liquid|s3|g2|structured,structured,,merge_cross_edge,False,20000.0
2,533,2,p2g4_065,screen,964,4,creative_screen,merge_cross_edge,"[""p2g6_020"",""ref_iso_d0.65""]",18318d7d0b4ca398,ok,True,partial,0.4989,72.18414461952425,79.61552615936567,72.18414461952425,67.7253156956194,True,True,4|switch|rotor|liquid|s2|g2|structured,structured,,merge_cross_edge,False,10000.0
2,534,2,p2g4_071,screen,964,4,creative_screen,merge_cross_edge,"[""p2g6_020"",""ref_iso_d0.65""]",d879f19aa5fb70c0,ok,True,partial,0.3264,48.889648322236425,54.3061977629819,48.889648322236425,45.639718657789146,False,False,2|switch|mobile|liquid|s1|g2|mixed,mixed,,merge_cross_edge,False,2500.0
2,535,2,p2g4_072,screen,964,4,creative_screen,merge_cross_edge,"[""p2g6_020"",""ref_iso_d0.65""]",4b22447a6de81328,ok,True,partial,0.0,52.746840295526084,70.32912039403477,52.746840295526084,42.197472236420865,False,False,4|switch|mobile|liquid|s1|g2|mixed,mixed,,merge_cross_edge,False,5000.0
2,536,2,p2g4_014,screen,964,4,creative_screen,mutate,"[""p3g6_032""]",662784109de88595,ok,True,partial,0.0,3.912458104883779,5.216610806511706,3.912458104883779,3.1299664839070234,False,False,2|constant|still|frozen|s1|g0|mixed,mixed,,mutate,False,2500.0
2,537,2,p2g4_018,screen,964,4,creative_screen,mint_bilin,"[""p2g2_008""]",4492b41f47c82c32,ok,True,partial,0.3945,52.314350949913845,56.602467933218456,52.314350949913845,49.74148075993107,False,False,2|switch|mobile|liquid|s1|g2|structured,structured,,mint_bilin,False,2500.0
2,538,2,p2g4_020,screen,964,4,creative_screen,mint_bilin,"[""p3g6_032""]",3868b359bed4a6eb,ok,True,partial,0.5963,52.66828762998688,50.3477168399825,52.66828762998688,54.0606301039895,False,False,4|switch|rotor|liquid|s1|g2|structured,structured,,mint_bilin,False,2500.0
2,539,2,p2g4_021,screen,964,4,creative_screen,mint_bilin,"[""p3g6_036""]",a660c9028d5bd4b3,ok,True,partial,0.6314,63.24809651338253,63.284128684510044,63.24809651338253,63.22647721070602,True,True,3|switch|mobile|liquid|s1|g1|structured,structured,,mint_bilin,False,2500.0
2,540,2,p2g4_023,screen,964,4,creative_screen,mint_bilin,"[""p2g1_045""]",9d4f75c6ca1d8181,ok,True,partial,0.0,33.68650110623891,44.91533480831854,33.68650110623891,26.949200884991125,False,False,3|switch|still|frozen|s1|g2|mixed,mixed,,mint_bilin,False,5000.0
2,541,2,p2g4_024,screen,964,4,creative_screen,mint_bilin,"[""p3g6_032""]",c3be9f46ce29eea5,ok,True,partial,0.5916,52.69585748138794,50.541143308517256,52.69585748138794,53.98868598511035,False,False,4|switch|rotor|liquid|s1|g2|structured,structured,,mint_bilin,False,2500.0
2,542,2,p2g4_038,screen,964,4,creative_screen,add_chan,"[""p6g5_026""]",4d307c2777752a38,ok,True,partial,0.3835,64.2708164780425,72.91108863739001,64.2708164780425,59.086653182434006,False,False,3|switch|mobile|liquid|s1|g2|structured,structured,,add_chan,False,2500.0
2,543,2,p2g4_041,screen,964,4,creative_screen,dup_act,"[""p6g5_026""]",61edc1e3803867c8,ok,True,partial,0.0,41.537727697426504,55.383636929902,41.537727697426504,33.2301821579412,False,False,3|constant|mobile|flicker|s1|g2|mixed,mixed,,dup_act,False,5000.0
2,544,2,p2g4_044,screen,964,4,creative_screen,dup_act,"[""p6g5_026""]",abdc74c9a111b0d0,ok,True,partial,0.0,22.11122293863825,29.481630584850997,22.11122293863825,17.6889783509106,False,False,2|constant|still|frozen|s1|g2|mixed,mixed,,dup_act,False,2500.0
2,545,2,p2g4_066,screen,964,4,creative_screen,merge_cross_edge,"[""p2g6_020"",""ref_M4_tau5.7""]",52bbb20fa1784785,ok,True,partial,0.3157,62.27147146644673,72.50529528859563,62.27147146644673,56.131177173157376,False,False,3|grow|rotor|liquid|s1|g2|structured,structured,,merge_cross_edge,False,20000.0
2,546,2,p2g4_067,screen,964,4,creative_screen,merge_cross_edge,"[""p2g6_020"",""ref_M4_tau5.7""]",aacc2cdc586b8b3e,ok,True,partial,0.4748,68.14954271491024,75.03939028654698,68.14954271491024,64.01563417192818,True,True,4|switch|rotor|liquid|s2|g2|structured,structured,,merge_cross_edge,False,10000.0
2,547,2,p2g4_069,screen,964,4,creative_screen,merge_cross_edge,"[""p1g2_008"",""blk_p2g4_053""]",929650f101dbb962,ok,True,partial,0.4744,59.9204426933199,64.08059025775987,59.9204426933199,57.424354154655916,False,False,4|switch|mobile|liquid|s1|g2|structured,structured,,merge_cross_edge,False,2500.0
2,548,2,p2g4_009,screen,964,4,creative_screen,mutate,"[""p4g7_062""]",db9299c24b869e88,ok,True,partial,0.0,50.440396115929964,67.25386148790662,50.440396115929964,40.35231689274397,False,False,4|switch|mobile|flicker|s1|g2|mixed,mixed,,mutate,False,5000.0
2,549,2,p2g4_017,screen,964,4,creative_screen,mint_bilin,"[""p2g3_073""]",b7507c4b7d772d90,ok,True,partial,0.1514,57.622354858457754,71.78313981127701,57.622354858457754,49.1258838867662,False,False,4|grow|mobile|flicker|s2|g2|mixed,mixed,,mint_bilin,False,10000.0
2,550,2,p2g4_030,screen,964,4,creative_screen,delete_bilin,"[""p2g3_038""]",2d9a00b0dec7e567,ok,True,partial,0.5505,59.15828632787694,60.52771510383591,59.15828632787694,58.33662906230154,False,False,3|grow|mobile|liquid|s1|g1|structured,structured,,delete_bilin,False,2500.0
2,551,2,p2g4_045,screen,964,4,creative_screen,dup_act,"[""p6g5_026""]",b472776e7ed4bd80,ok,True,partial,0.2678,63.58246971145878,75.84995961527837,63.58246971145878,56.22197576916702,False,False,4|grow|rotor|liquid|s1|g2|mixed,mixed,,dup_act,False,20000.0
2,552,2,p2g4_048,screen,964,4,creative_screen,merge_spatial_ic,"[""p6g10_024"",""p6g1_043""]",2a7ac9f64d6ef179,ok,True,partial,0.3376,68.91965595262786,80.63954127017048,68.91965595262786,61.887724762102295,False,False,3|grow|rotor|liquid|s2|g2|structured,structured,,merge_spatial_ic,True,20000.0
2,553,2,p2g4_051,screen,964,4,creative_screen,merge_spatial_ic,"[""p6g8_033"",""p3g3_038""]",27a2960d05f47297,ok,True,partial,0.2797,53.75988125769968,62.35650834359958,53.75988125769968,48.60190500615975,False,False,3|switch|mobile|liquid|s1|g2|structured,structured,,merge_spatial_ic,True,2500.0
2,554,2,p2g4_052,screen,964,4,creative_screen,merge_spatial_ic,"[""p6g8_033"",""p3g5_003""]",27a2960d05f47297,ok,True,partial,0.2581,43.310128147119606,49.143504196159476,43.310128147119606,39.81010251769568,False,False,3|switch|mobile|liquid|s1|g2|structured,structured,,merge_spatial_ic,True,2500.0
2,555,2,p2g4_055,screen,964,4,creative_screen,merge_spatial_ic,"[""p3g9_022"",""p2g1_040""]",9a815b4bb1db78ea,ok,True,partial,0.6148,65.01501720999877,66.19335627999835,65.01501720999877,64.308013767999,True,True,4|grow|mobile|liquid|s1|g2|structured,structured,,merge_spatial_ic,True,5000.0
2,556,2,p2g4_064,screen,964,4,creative_screen,merge_cross_edge,"[""p4g5_070"",""ref_iso_d0.65""]",66e74aa3c254fd76,ok,True,partial,0.5626,44.33724587893752,40.36299450525003,44.33724587893752,46.72179670315002,False,False,2|constant|mobile|liquid|s1|g2|structured,structured,,merge_cross_edge,False,2500.0
2,557,2,p2g4_073,screen,964,4,creative_screen,merge_share_chan,"[""p2g1_007"",""ref_iso_d0.75""]",19cf9220838e8612,ok,True,partial,0.0,30.413636580466797,40.551515440622396,30.413636580466797,24.330909264373435,False,False,4|switch|mobile|flicker|s1|g2|mixed,mixed,,merge_share_chan,False,2500.0
2,558,2,p2g4_075,screen,964,4,creative_screen,merge_share_chan,"[""p2g6_020"",""ref_iso_d0.75""]",0abf42840cbc5863,ok,True,partial,0.1143,47.02802533688894,58.894033782518584,47.02802533688894,39.908420269511154,False,False,4|switch|drift|liquid|s1|g2|mixed,mixed,,merge_share_chan,False,2500.0
2,559,2,p2g4_001,screen,964,4,creative_screen,mutate,"[""p2g3_009""]",5e7b9131c7a99034,ok,True,partial,0.3753,49.3306538480827,53.26420513077693,49.3306538480827,46.97052307846616,False,False,3|switch|mobile|liquid|s1|g0|structured,structured,,mutate,False,2500.0
2,560,2,p2g4_010,screen,964,4,creative_screen,mutate,"[""p6g7_028""]",37945120fc45ada4,ok,True,partial,0.5206,53.47017726170367,53.94023634893823,53.47017726170367,53.18814180936293,False,False,2|switch|mobile|liquid|s1|g2|structured,structured,,mutate,False,2500.0
2,561,2,p2g4_015,screen,964,4,creative_screen,mutate,"[""p6g5_026""]",a04fca4ed04a8fd9,ok,True,partial,0.3092,56.39009530664301,64.88012707552402,56.39009530664301,51.29607624531441,False,False,2|switch|mobile|liquid|s1|g2|structured,structured,,mutate,False,2500.0
2,562,2,p2g4_019,screen,964,4,creative_screen,mint_bilin,"[""p1g7_023""]",1461f218808624cf,ok,True,partial,0.4513,63.626190405014015,69.79158720668535,63.626190405014015,59.92695232401121,True,False,4|grow|mobile|liquid|s2|g0|structured,structured,,mint_bilin,False,10000.0
2,563,2,p2g4_025,screen,964,4,creative_screen,mint_bilin,"[""p6g7_028""]",11a65939b9c86322,ok,True,partial,0.4301,63.77885348718781,70.70180464958375,63.77885348718781,59.62508278975025,True,False,3|switch|rotor|liquid|s1|g2|structured,structured,,mint_bilin,False,2500.0
2,564,2,p2g4_027,screen,964,4,creative_screen,mint_bilin,"[""p6g9_024""]",7226ffbaa357381d,ok,True,partial,0.428,56.16247348870111,60.61663131826814,56.16247348870111,53.48997879096089,False,False,4|switch|mobile|liquid|s1|g0|structured,structured,,mint_bilin,False,2500.0
2,565,2,p2g4_028,screen,964,4,creative_screen,delete_bilin,"[""p6g7_028""]",f8ddd85f0b5b2a2e,ok,True,partial,0.4995,65.42776519479644,70.58702025972859,65.42776519479644,62.332212155837155,True,True,3|switch|mobile|liquid|s2|g2|structured,structured,,delete_bilin,False,5000.0
2,566,2,p2g4_035,screen,964,4,creative_screen,add_chan,"[""p2g6_020""]",cf893e45a899da74,ok,True,partial,0.6224,65.51508691811668,66.6067825574889,65.51508691811668,64.86006953449333,True,True,3|switch|mobile|liquid|s1|g2|structured,structured,,add_chan,False,2500.0
2,567,2,p2g4_036,screen,964,4,creative_screen,add_chan,"[""p2g2_074""]",3cf14e318059768b,ok,True,partial,0.0677,27.566348444125587,34.49846459216745,27.566348444125587,23.407078755300468,False,False,2|oscillator|drift|frozen|s1|g2|mixed,mixed,,add_chan,False,5000.0
2,568,2,p2g4_047,screen,964,4,creative_screen,dup_act,"[""p2g6_020""]",a86921933d763c56,ok,True,partial,0.0,30.410810462853778,40.54774728380504,30.410810462853778,24.328648370283023,False,False,3|constant|drift|gas|s1|g2|mixed,mixed,,dup_act,False,2500.0
2,569,2,p2g4_050,screen,964,4,creative_screen,merge_spatial_ic,"[""p6g7_054"",""p5g4_065""]",c3395cc4794da758,ok,True,partial,0.0,45.39706981983145,60.52942642644194,45.39706981983145,36.31765585586516,False,False,4|oscillator|drift|liquid|s1|g2|mixed,mixed,,merge_spatial_ic,True,2500.0
2,570,2,p2g4_011,screen,964,4,creative_screen,mutate,"[""p1g6_065""]",f232ffdf90044a20,ok,True,partial,0.0,2.7874999999999996,3.716666666666666,2.7874999999999996,2.2299999999999995,False,False,1|constant|still|gas|s1|g0|mixed,mixed,,mutate,False,2500.0
2,571,2,p2g4_013,screen,964,4,creative_screen,mutate,"[""p2g1_049""]",9263a14c312d9257,ok,True,partial,0.0,39.67506093515597,52.90008124687462,39.67506093515597,31.74004874812477,False,False,3|switch|mobile|liquid|s1|g0|mixed,mixed,,mutate,False,2500.0
2,572,2,p2g3_045_s2,seed2,965,3,selected_confirmation,seed2,"[""p2g3_045""]",eafbbd5e35ae84c9,ok,True,partial,0.0,29.61634850349499,39.48846467132665,29.61634850349499,23.69307880279599,False,False,2|constant|still|liquid|s1|g2|mixed,mixed,True,dup_act,False,2500.0
2,573,2,p2g3_047_s2,seed2,965,3,selected_confirmation,seed2,"[""p2g3_047""]",1b435d3f5c5bf120,ok,True,partial,0.0,31.167293443431376,41.5563912579085,31.167293443431376,24.9338347547451,False,False,2|oscillator|still|liquid|s1|g2|mixed,mixed,True,dup_act,False,2500.0
2,574,2,p2g4_049,screen,964,4,creative_screen,merge_spatial_ic,"[""p2g6_001"",""p3g9_021""]",b10ebb5bb2a75e70,ok,True,partial,0.0758,46.14480399319191,58.999738657589205,46.14480399319191,38.43184319455352,False,False,4|grow|drift|frozen|s1|g2|mixed,mixed,,merge_spatial_ic,True,10000.0
2,575,2,p2g4_054,screen,964,4,creative_screen,merge_spatial_ic,"[""p6g9_024"",""p2g1_043""]",13d71fd1241f9ebc,ok,True,partial,0.4335,55.913858116542876,60.101810822057175,55.913858116542876,53.4010864932343,False,False,4|switch|mobile|liquid|s1|g0|structured,structured,,merge_spatial_ic,True,2500.0
2,576,2,p2g4_070,screen,964,4,creative_screen,merge_slow_tanh,"[""p5g8_014"",""ref_iso_d0.65""]",945576ba9b0cf9da,ok,True,partial,0.5634,68.08855381659501,72.00473842212666,68.08855381659501,65.738843053276,True,True,3|switch|rotor|flicker|s1|g2|structured,structured,,merge_slow_tanh,False,2500.0
2,577,2,p2g4_026,screen,964,4,creative_screen,mint_bilin,"[""p2g6_020""]",7ee634342e17532b,ok,True,partial,0.1647,56.63317654768813,70.02090206358417,56.63317654768813,48.600541238150505,False,False,3|switch|rotor|liquid|s1|g2|structured,structured,,mint_bilin,False,5000.0
2,578,2,p2g4_029,screen,964,4,creative_screen,delete_bilin,"[""p2g6_020""]",0ca4df05e2dd82dc,ok,True,partial,0.3747,62.60081251545139,70.97775002060185,62.60081251545139,57.574650012361104,False,False,3|grow|rotor|liquid|s1|g2|structured,structured,,delete_bilin,False,10000.0
2,579,2,p2g4_062,screen,964,4,creative_screen,merge_cross_edge,"[""p2g3_039"",""blk_engine_10748""]",f78b00513c33a9a3,ok,True,partial,0.5238,64.53379767733584,68.58506356978113,64.53379767733584,62.10303814186868,True,True,3|switch|rotor|liquid|s1|g2|structured,structured,,merge_cross_edge,False,20000.0
2,580,2,p2g4_068,screen,964,4,creative_screen,merge_slow_tanh,"[""p2g4_053"",""ref_M0""]",dd2e6b7e5ff512a5,ok,True,partial,0.4676,63.424301231857484,68.97906830914332,63.424301231857484,60.09144098548599,True,True,3|grow|mobile|liquid|s1|g2|structured,structured,,merge_slow_tanh,False,2500.0
2,581,2,p2g3_072_s2,seed2,965,3,selected_confirmation,seed2,"[""p2g3_072""]",59991b48b80a857d,ok,True,partial,0.0,31.471769047023678,41.9623587293649,31.471769047023678,25.17741523761894,False,False,1|switch|mobile|liquid|s1|g2|structured,structured,True,merge_slow_tanh,False,2500.0
2,582,2,p2g3_073_s2,seed2,965,3,selected_confirmation,seed2,"[""p2g3_073""]",97de45f90d6ebef4,ok,True,partial,0.4562,72.4242894620836,81.35905261611148,72.4242894620836,67.06343156966689,True,True,4|grow|rotor|liquid|s1|g2|structured,structured,True,merge_cross_edge,False,20000.0
2,583,2,p2g3_024_s2,seed2,965,3,selected_confirmation,seed2,"[""p2g3_024""]",7d8a041ea5576e80,ok,True,partial,0.6057,42.35898126758271,36.28864169011028,42.35898126758271,46.001185014066166,False,False,3|switch|mobile|liquid|s1|g0|structured,structured,True,mint_bilin,False,2500.0
2,584,2,p2g3_038_s2,seed2,965,3,selected_confirmation,seed2,"[""p2g3_038""]",444b8ab6b085eeb3,ok,True,partial,0.5461,63.290240135817,66.18365351442267,63.290240135817,61.5541921086536,True,True,3|grow|mobile|liquid|s1|g1|structured,structured,True,add_chan,False,2500.0
2,585,2,p2g3_008_s2,seed2,965,3,selected_confirmation,seed2,"[""p2g3_008""]",2d7f3885939399b0,ok,True,partial,0.0,29.650824717625945,39.53443295683459,29.650824717625945,23.720659774100756,False,False,1|switch|drift|liquid|s1|g2|structured,structured,True,mutate,False,2500.0
2,586,2,p2g3_010_s2,seed2,965,3,selected_confirmation,seed2,"[""p2g3_010""]",23573ba859c8d3ac,ok,True,partial,0.1343,36.48404237396655,44.16872316528873,36.48404237396655,31.87323389917324,False,False,2|switch|mobile|liquid|s1|g2|mixed,mixed,True,mutate,False,2500.0
2,587,2,p2g3_009_s2,seed2,965,3,selected_confirmation,seed2,"[""p2g3_009""]",005fd718d9102596,ok,True,partial,0.4039,48.424336631956194,51.10244884260826,48.424336631956194,46.817469305564956,False,False,4|switch|mobile|liquid|s1|g0|mixed,mixed,True,mutate,False,2500.0
2,588,2,p2g3_053_s2,seed2,965,3,selected_confirmation,seed2,"[""p2g3_053""]",c12ecee8c627b141,ok,True,partial,0.4005,55.89995801605005,61.1832773547334,55.89995801605005,52.72996641284004,False,False,4|switch|mobile|liquid|s1|g0|structured,structured,True,merge_spatial_ic,False,2500.0
2,589,2,p2g3_070_s2,seed2,965,3,selected_confirmation,seed2,"[""p2g3_070""]",87c422a5cda377f4,ok,True,partial,0.5519,67.94689755807565,72.19919674410087,67.94689755807565,65.39551804646052,True,True,3|switch|rotor|flicker|s1|g2|structured,structured,True,merge_slow_tanh,False,2500.0
2,590,2,p2g3_032_s2,seed2,965,3,selected_confirmation,seed2,"[""p2g3_032""]",61af2e6e52b6e381,ok,True,partial,0.5889,63.65270592237046,65.24027456316061,63.65270592237046,62.700164737896365,True,True,3|switch|mobile|liquid|s1|g2|structured,structured,True,add_chan,False,2500.0
2,591,2,p2g3_049_s2,seed2,965,3,selected_confirmation,seed2,"[""p2g3_049""]",6588fedcc859d014,ok,True,partial,0.0,47.81025637941016,63.74700850588022,47.81025637941016,38.24820510352813,False,False,4|grow|rotor|flicker|s1|g0|mixed,mixed,True,merge_spatial_ic,False,2500.0
2,592,2,p2g3_060_s2,seed2,965,3,selected_confirmation,seed2,"[""p2g3_060""]",7c5b1eea374c2470,ok,True,partial,0.0374,20.9892331628775,26.738977550503336,20.9892331628775,17.539386530302,False,False,3|oscillator|still|frozen|s1|g2|mixed,mixed,True,merge_cross_edge,False,2500.0
2,593,2,p2g3_066_s2,seed2,965,3,selected_confirmation,seed2,"[""p2g3_066""]",d1e9a8e3dad3b610,ok,True,partial,0.0,13.125,17.5,13.125,10.5,False,False,3|constant|still|flicker|s1|g0|mixed,mixed,True,merge_cross_edge,False,2500.0
2,594,2,p2g2_015_s3,seed3,966,2,selected_confirmation,seed3,"[""p2g2_015""]",cd8380c18ee6bb4b,ok,True,partial,0.3928,47.5201812771973,50.26690836959641,47.5201812771973,45.872145021757845,False,False,3|switch|mobile|liquid|s1|g0|structured,structured,True,mutate,False,5000.0
2,595,2,p2g2_067_s3,seed3,966,2,selected_confirmation,seed3,"[""p2g2_067""]",71d96c0d2e2adfc3,ok,True,partial,0.6352,51.25031799563661,47.160423994182146,51.25031799563661,53.704254396509285,False,False,3|constant|drift|liquid|s1|g2|structured,structured,True,merge_cross_edge,False,2500.0
2,596,2,p2g2_008_s3,seed3,966,2,selected_confirmation,seed3,"[""p2g2_008""]",0cd0a755cd316c5a,ok,True,partial,0.2854,50.3867891734346,57.669052231246134,50.3867891734346,46.017431338747684,False,False,2|switch|mobile|liquid|s1|g2|structured,structured,True,mutate,False,2500.0
2,597,2,p2g2_010_s3,seed3,966,2,selected_confirmation,seed3,"[""p2g2_010""]",d622c2d8cf881d56,ok,True,partial,0.5886,41.545026094230366,35.773368125640495,41.545026094230366,45.0080208753843,False,False,3|constant|mobile|liquid|s1|g1|structured,structured,True,mutate,False,2500.0
2,598,2,p2g2_044_s3,seed3,966,2,selected_confirmation,seed3,"[""p2g2_044""]",0278a89bbec247c9,ok,True,partial,0.0,36.25002690866423,48.33336921155231,36.25002690866423,29.000021526931384,False,False,3|constant|mobile|gas|s1|g2|mixed,mixed,True,dup_act,False,2500.0
2,599,2,p2g2_003_s3,seed3,966,2,selected_confirmation,seed3,"[""p2g2_003""]",91425fc736d65a66,ok,True,partial,0.0,28.411798172327654,37.88239756310354,28.411798172327654,22.729438537862123,False,False,2|switch|still|frozen|s1|g2|mixed,mixed,True,mutate,False,2500.0
2,600,2,p2g2_033_s3,seed3,966,2,selected_confirmation,seed3,"[""p2g2_033""]",1633f44115f45bc1,ok,True,partial,0.2675,40.34342591751828,44.87456789002437,40.34342591751828,37.62474073401462,False,False,2|relaxation|drift|liquid|s1|g2|structured,structured,True,add_chan,False,5000.0
2,601,2,p2g2_074_s3,seed3,966,2,selected_confirmation,seed3,"[""p2g2_074""]",b8f8146a49cbd2af,ok,True,partial,0.0586,21.79262525750257,27.103500343336762,21.79262525750257,18.606100206002058,False,False,2|oscillator|drift|liquid|s1|g2|structured,structured,True,merge_slow_tanh,False,2500.0
2,602,2,p2g4_085,screen,964,4,creative_screen,immigrate,,8458a7d34962b97e,no_blobs,True,missing,,0.0,,,,False,False,,,,immigrate,False,
2,603,2,p2g4_087,screen,964,4,creative_screen,immigrate,,5a6f2e5c272d19c3,no_blobs,True,missing,,0.0,,,,False,False,,,,immigrate,False,
2,604,2,p2g4_089,screen,964,4,creative_screen,immigrate,,7de91b9de4de060b,no_blobs,True,missing,,0.0,,,,False,False,,,,immigrate,False,
2,605,2,p2g4_090,screen,964,4,creative_screen,immigrate,,2675a4ecc4c73d16,no_blobs,True,missing,,0.0,,,,False,False,,,,immigrate,False,
2,606,2,p2g4_094,screen,964,4,creative_screen,immigrate,,8ff49fe598e95ec5,no_blobs,True,missing,,0.0,,,,False,False,,,,immigrate,False,
2,607,2,p2g4_077,screen,964,4,creative_screen,immigrate,,9a2193f7e822c1ae,no_blobs,True,missing,,0.0,,,,False,False,,,,immigrate,False,
2,608,2,p2g4_086,screen,964,4,creative_screen,immigrate,,d7c730ea17b77b9e,no_blobs,True,missing,,0.0,,,,False,False,,,,immigrate,False,
2,609,2,p2g4_088,screen,964,4,creative_screen,immigrate,,14b291528f57f0d7,no_blobs,True,missing,,0.0,,,,False,False,,,,immigrate,False,
2,610,2,p2g4_092,screen,964,4,creative_screen,immigrate,,5f4bc95ac9c1647e,no_blobs,True,missing,,0.0,,,,False,False,,,,immigrate,False,
2,611,2,p2g2_024_s3,seed3,966,2,selected_confirmation,seed3,"[""p2g2_024""]",00ad67098ca52841,ok,True,partial,0.3552,51.46473428766696,56.77964571688927,51.46473428766696,48.27578743013356,False,False,3|grow|mobile|liquid|s1|g0|structured,structured,True,mint_bilin,False,20000.0
2,612,2,p2g2_018_s3,seed3,966,2,selected_confirmation,seed3,"[""p2g2_018""]",0af6510266e625be,ok,True,partial,0.3326,47.9249994225621,52.81333256341614,47.9249994225621,44.99199953804968,False,False,3|switch|mobile|flicker|s1|g0|structured,structured,True,mint_bilin,False,5000.0
2,613,2,p2g4_079,screen,964,4,creative_screen,immigrate,,1625b0210b89bbd9,ok,True,partial,0.0,0.0,0.0,0.0,0.0,False,False,1|constant|still|gas|s1|g0|mixed,mixed,,immigrate,False,2500.0
2,614,2,p2g4_080,screen,964,4,creative_screen,immigrate,,291046388665ec08,ok,True,partial,0.0,0.0,0.0,0.0,0.0,False,False,1|constant|still|gas|s1|g0|mixed,mixed,,immigrate,False,2500.0
2,615,2,p2g4_083,screen,964,4,creative_screen,immigrate,,279343cdb84a23cd,ok,True,partial,0.0,0.0,0.0,0.0,0.0,False,False,1|constant|still|gas|s1|g0|mixed,mixed,,immigrate,False,2500.0
2,616,2,p2g4_093,screen,964,4,creative_screen,immigrate,,1c5ec3813221df84,ok,True,partial,0.0,0.0,0.0,0.0,0.0,False,False,1|constant|still|gas|s1|g0|mixed,mixed,,immigrate,False,2500.0
2,617,2,p2g2_035_s3,seed3,966,2,selected_confirmation,seed3,"[""p2g2_035""]",ebe3a0c4fbf55544,ok,True,partial,0.3713,55.81689113663651,62.04585484884868,55.81689113663651,52.0795129093092,False,False,2|grow|mobile|liquid|s1|g2|structured,structured,True,add_chan,False,20000.0
2,618,2,p2g4_007,screen,964,4,creative_screen,mutate,"[""p6g1_043""]",a78a47464726099c,ok,True,partial,0.432,46.446446886504916,47.52859584867321,46.446446886504916,45.79715750920393,False,False,2|oscillator|mobile|liquid|s1|g2|structured,structured,,mutate,False,2500.0
2,619,2,p2g4_078,screen,964,4,creative_screen,immigrate,,4bc12359258d6d2a,ok,True,partial,0.0,0.0,0.0,0.0,0.0,False,False,1|constant|still|gas|s1|g0|mixed,mixed,,immigrate,False,2500.0
2,620,2,p2g4_084,screen,964,4,creative_screen,immigrate,,f73a225995075ccf,ok,True,partial,0.0,6.482070026016114,8.642760034688152,6.482070026016114,5.185656020812891,False,False,1|constant|still|gas|s1|g0|mixed,mixed,,immigrate,False,2500.0
2,621,2,p2g4_081,screen,964,4,creative_screen,immigrate,,02303df488df0e88,ok,True,partial,0.0,0.0,0.0,0.0,0.0,False,False,1|constant|still|gas|s1|g0|mixed,mixed,,immigrate,False,2500.0
2,622,2,p2g4_082,screen,964,4,creative_screen,immigrate,,0d09e6693876ad47,ok,True,partial,0.0,0.0,0.0,0.0,0.0,False,False,1|constant|still|gas|s1|g0|mixed,mixed,,immigrate,False,2500.0
2,623,2,p2g4_091,screen,964,4,creative_screen,immigrate,,11b6cb1324de9739,ok,True,partial,0.0,15.337500000000002,20.450000000000003,15.337500000000002,12.270000000000001,False,False,2|constant|still|gas|s1|g0|mixed,mixed,,immigrate,False,2500.0
2,624,2,p2g4_095,screen,964,4,creative_screen,immigrate,,d452400ed9d55963,ok,True,partial,0.0,0.0,0.0,0.0,0.0,False,False,1|constant|still|gas|s1|g0|mixed,mixed,,immigrate,False,2500.0
2,625,2,p2g4_096,screen,964,4,creative_screen,immigrate,,a129f4f7da2cac52,ok,True,partial,0.0,0.0,0.0,0.0,0.0,False,False,1|constant|mobile|gas|s1|g0|mixed,mixed,,immigrate,False,2500.0
2,626,2,p2g3_004_s2,seed2,965,3,selected_confirmation,seed2,"[""p2g3_004""]",fcf8ba4554dfadfd,ok,True,partial,0.1227,17.76123448552466,19.59164598069955,17.76123448552466,16.66298758841973,False,False,1|oscillator|drift|liquid|s1|g0|mixed,mixed,True,mutate,False,2500.0
2,627,2,p2g2_098_s3,seed3,966,2,selected_confirmation,seed3,"[""p2g2_098""]",d99d4d913f8aaa38,ok,True,partial,0.0,8.212499999999999,10.95,8.212499999999999,6.569999999999999,False,False,1|constant|still|gas|s1|g0|mixed,mixed,True,immigrate,False,2500.0
2,628,2,p2g5_060,screen,964,5,creative_screen,merge_cross_edge,"[""p5g8_014"",""ref_XV_tau15.7""]",a1dcbbedcbd7e3e9,fail_g0a,True,missing,,,,,,False,False,,,,merge_cross_edge,False,
2,629,2,p2g5_044,screen,964,5,creative_screen,dup_act,"[""p6g5_026""]",58fadc169d914e64,fail_g0a,True,missing,,,,,,False,False,,,,dup_act,False,
2,630,2,p2g5_045,screen,964,5,creative_screen,dup_act,"[""p6g5_026""]",821a3fd2458eacd7,fail_g0a,True,missing,,,,,,False,False,,,,dup_act,False,
2,631,2,p2g5_047,screen,964,5,creative_screen,dup_act,"[""p2g4_036""]",dbebd65621e32ff9,fail_g0a,True,missing,,,,,,False,False,,,,dup_act,False,
2,632,2,p2g5_072,screen,964,5,creative_screen,merge_share_chan,"[""p2g4_062"",""blk_p2g4_053""]",ad2cae4ea2f493f9,fail_g0a,True,missing,,,,,,False,False,,,,merge_share_chan,False,
2,633,2,p2g5_073,screen,964,5,creative_screen,merge_share_chan,"[""p5g8_014"",""ref_XV_tau15.7""]",c108c107d01aae5a,fail_g0a,True,missing,,,,,,False,False,,,,merge_share_chan,False,
2,634,2,p2g5_042,screen,964,5,creative_screen,dup_act,"[""p2g3_032""]",a7c71d297da1b11d,fail_g0a,True,missing,,,,,,False,False,,,,dup_act,False,
2,635,2,p2g5_041,screen,964,5,creative_screen,dup_act,"[""p2g4_061""]",89de29098e79a60a,fail_g0a,True,missing,,,,,,False,False,,,,dup_act,False,
2,636,2,p2g5_074,screen,964,5,creative_screen,merge_share_chan,"[""p2g3_015"",""ref_M4_tau5.7""]",0675827ca1d82960,fail_g0a,True,missing,,,,,,False,False,,,,merge_share_chan,False,
2,637,2,p2g4_061_s2,seed2,965,4,selected_confirmation,seed2,"[""p2g4_061""]",50aeefe81593f8dd,ok,True,partial,0.4144,61.66995127341213,68.41326836454951,61.66995127341213,57.6239610187297,True,False,3|grow|mobile|flicker|s2|g2|structured,structured,True,merge_cross_edge,False,20000.0
2,638,2,p2g3_039_s3,seed3,966,3,selected_confirmation,seed3,"[""p2g3_039""]",0a3181d14eb6eb77,ok,True,partial,0.5316,58.78670325669163,60.662271008922175,58.78670325669163,57.661362605353304,False,False,2|switch|mobile|liquid|s1|g2|structured,structured,True,add_chan,False,5000.0
2,639,2,p2g5_026,screen,964,5,creative_screen,mint_bilin,"[""p2g4_061""]",fff46f7d68af23e4,ok,True,partial,0.5421,67.44455009876039,71.85606679834719,67.44455009876039,64.79764007900832,True,True,3|grow|mobile|liquid|s2|g2|structured,structured,,mint_bilin,False,5000.0
2,640,2,p2g5_048,screen,964,5,creative_screen,merge_spatial_ic,"[""p6g7_013"",""p6g5_026""]",e65ef70dd49605a1,ok,True,partial,0.4027,54.98047635729957,59.88396847639943,54.98047635729957,52.03838108583966,False,False,3|switch|drift|liquid|s1|g2|structured,structured,,merge_spatial_ic,True,5000.0
2,641,2,p2g5_071,screen,964,5,creative_screen,merge_slow_tanh,"[""p2g1_086"",""ref_BFIELD_g0.05""]",e5038d349d4ff71d,ok,True,partial,0.0,37.94568838245371,50.59425117660494,37.94568838245371,30.356550705962963,False,False,3|constant|mobile|flicker|s1|g2|mixed,mixed,,merge_slow_tanh,False,2500.0
2,642,2,p2g5_019,screen,964,5,creative_screen,mint_bilin,"[""p2g3_074""]",6eca0e266b772123,ok,True,partial,0.0,24.337500000000002,32.45,24.337500000000002,19.470000000000002,False,False,3|constant|still|flicker|s1|g2|mixed,mixed,,mint_bilin,False,2500.0
2,643,2,p2g5_068,screen,964,5,creative_screen,merge_slow_tanh,"[""p2g2_098"",""ref_iso_d0.65""]",e5d41537a3e99687,ok,True,partial,0.0,19.74889321033688,26.33185761378251,19.74889321033688,15.799114568269506,False,False,2|constant|still|flicker|s1|g2|mixed,mixed,,merge_slow_tanh,False,2500.0
2,644,2,p2g3_074_s3,seed3,966,3,selected_confirmation,seed3,"[""p2g3_074""]",6634364b80c274e9,ok,True,partial,0.0,21.64051052868531,28.85401403824708,21.64051052868531,17.31240842294825,False,False,2|constant|still|flicker|s1|g2|mixed,mixed,True,merge_slow_tanh,False,2500.0
2,645,2,p2g3_015_s3,seed3,966,3,selected_confirmation,seed3,"[""p2g3_015""]",f9dd6e59d30a116b,ok,True,partial,0.0329,15.355803561392236,19.377738081856315,15.355803561392236,12.942642849113788,False,False,1|constant|still|frozen|s1|g2|mixed,mixed,True,mutate,False,2500.0
2,646,2,p2g4_003_s2,seed2,965,4,selected_confirmation,seed2,"[""p2g4_003""]",50b3da4b74e1702e,ok,True,partial,0.539,69.3148783464597,74.45317112861291,69.3148783464597,66.23190267716774,True,True,3|grow|rotor|liquid|s1|g2|structured,structured,True,mutate,False,20000.0
2,647,2,p2g4_040_s2,seed2,965,4,selected_confirmation,seed2,"[""p2g4_040""]",fee93479f1c8b227,ok,True,partial,0.0,58.335500196808795,77.7806669290784,58.335500196808795,46.66840015744703,False,False,4|grow|mobile|liquid|s1|g2|mixed,mixed,True,dup_act,False,20000.0
2,648,2,p2g3_036_s3,seed3,966,3,selected_confirmation,seed3,"[""p2g3_036""]",f9125bf6e89c7de9,ok,True,partial,0.1766,56.913166546486934,69.99755539531591,56.913166546486934,49.06253323718955,False,False,4|grow|rotor|flicker|s1|g2|mixed,mixed,True,add_chan,False,20000.0
2,649,2,p2g3_037_s3,seed3,966,3,selected_confirmation,seed3,"[""p2g3_037""]",32e6e6e63471240f,ok,True,partial,0.4904,63.68024980631831,68.56033307509108,63.68024980631831,60.75219984505465,True,True,3|switch|rotor|liquid|s1|g2|structured,structured,True,add_chan,False,20000.0
2,650,2,p2g3_061_s3,seed3,966,3,selected_confirmation,seed3,"[""p2g3_061""]",06f526c4c39a2928,ok,True,partial,0.5284,73.25664353844064,80.06219138458752,73.25664353844064,69.17331483075252,True,True,3|grow|rotor|liquid|s3|g2|structured,structured,True,merge_cross_edge,False,20000.0
2,651,2,p2g3_067_s3,seed3,966,3,selected_confirmation,seed3,"[""p2g3_067""]",1f610a2182f0479d,ok,True,partial,0.2541,53.21244349480596,62.47992465974128,53.21244349480596,47.651954795844766,False,False,4|grow|still|liquid|s1|g2|mixed,mixed,True,merge_cross_edge,False,20000.0
2,652,2,p2g3_071_s3,seed3,966,3,selected_confirmation,seed3,"[""p2g3_071""]",dda84bcbfe3a8189,ok,True,partial,0.1112,58.898090360533345,74.82412048071113,58.898090360533345,49.34247228842668,False,False,3|switch|drift|liquid|s3|g2|mixed,mixed,True,merge_cross_edge,False,20000.0
2,653,2,p2g3_035_s3,seed3,966,3,selected_confirmation,seed3,"[""p2g3_035""]",4d49e269e1d6da01,ok,True,partial,0.2024,59.67902106160906,72.82536141547875,59.67902106160906,51.79121684928725,False,False,2|switch|mobile|liquid|s2|g2|structured,structured,True,add_chan,False,20000.0
2,654,2,p2g3_026_s3,seed3,966,3,selected_confirmation,seed3,"[""p2g3_026""]",f0aff80ed8620203,ok,True,partial,0.3543,70.98919766096462,82.84226354795283,70.98919766096462,63.87735812877169,False,False,3|switch|rotor|liquid|s2|g2|structured,structured,True,mint_bilin,False,20000.0
2,655,2,p2g3_073_s3,seed3,966,3,selected_confirmation,seed3,"[""p2g3_073""]",6da2f3231522e927,ok,True,partial,0.2446,68.0741949164047,82.61225988853961,68.0741949164047,59.35135593312376,False,False,4|grow|mobile|flicker|s3|g2|mixed,mixed,False,merge_share_chan,False,20000.0
2,656,2,p2g3_020_s3,seed3,966,3,selected_confirmation,seed3,"[""p2g3_020""]",57836ae2a6b2fd4f,ok,True,partial,0.3906,62.31127378995341,70.06169838660455,62.31127378995341,57.66101903196273,False,False,2|switch|mobile|liquid|s1|g2|structured,structured,True,mint_bilin,False,20000.0
2,657,2,p2g3_029_s3,seed3,966,3,selected_confirmation,seed3,"[""p2g3_029""]",04abf03262a9dbaf,ok,True,partial,0.2062,63.41106175848477,77.67474901131303,63.41106175848477,54.85284940678781,False,False,3|switch|rotor|liquid|s2|g2|structured,structured,True,delete_bilin,False,20000.0
2,658,2,p2g4_046_s2,seed2,965,4,selected_confirmation,seed2,"[""p2g4_046""]",1c20519dbd37d41a,ok,True,partial,0.0,58.435198053897366,77.91359740519648,58.435198053897366,46.74815844311789,False,False,4|grow|rotor|liquid|s1|g2|mixed,mixed,True,dup_act,False,20000.0
2,659,2,p2g4_049_s2,seed2,965,4,selected_confirmation,seed2,"[""p2g4_049""]",b10ebb5bb2a75e70,ok,True,partial,0.0903,46.04852596064054,58.38803461418739,46.04852596064054,38.64482076851243,False,False,4|grow|drift|frozen|s1|g2|mixed,mixed,True,merge_spatial_ic,False,10000.0
2,660,2,p2g3_031_s3,seed3,966,3,selected_confirmation,seed3,"[""p2g3_031""]",f696871bd3d8ad9a,ok,True,partial,0.5712,70.89090196501164,75.48120262001552,70.89090196501164,68.13672157200932,True,True,4|grow|mobile|liquid|s1|g1|structured,structured,True,delete_bilin,False,20000.0
2,661,2,p2g3_021_s3,seed3,966,3,selected_confirmation,seed3,"[""p2g3_021""]",028c392fd54da7d6,ok,True,partial,0.4204,56.70479824974446,61.59306433299261,56.70479824974446,53.77183859979556,False,False,3|grow|rotor|liquid|s2|g0|structured,structured,True,mint_bilin,False,10000.0
2,662,2,p2g3_064_s3,seed3,966,3,selected_confirmation,seed3,"[""p2g3_064""]",610dc295862d1ff0,ok,True,partial,0.0,47.01616260240457,62.688216803206096,47.01616260240457,37.61293008192366,False,False,4|grow|mobile|liquid|s1|g0|mixed,mixed,True,merge_cross_edge,False,20000.0
2,663,2,p2g4_041_s2,seed2,965,4,selected_confirmation,seed2,"[""p2g4_041""]",61edc1e3803867c8,ok,True,partial,0.0,19.99243794026814,26.65658392035752,19.99243794026814,15.993950352214512,False,False,2|constant|still|frozen|s1|g2|mixed,mixed,True,dup_act,False,5000.0
2,664,2,p2g4_009_s2,seed2,965,4,selected_confirmation,seed2,"[""p2g4_009""]",db9299c24b869e88,ok,True,partial,0.0,52.944946675600264,70.59326223413369,52.944946675600264,42.35595734048021,False,False,4|switch|rotor|flicker|s1|g2|mixed,mixed,True,mutate,False,5000.0
2,665,2,p2g4_036_s2,seed2,965,4,selected_confirmation,seed2,"[""p2g4_036""]",3cf14e318059768b,ok,True,partial,0.0654,26.40833564687546,33.03111419583394,26.40833564687546,22.434668517500366,False,False,2|oscillator|still|frozen|s1|g2|structured,structured,True,add_chan,False,5000.0
2,666,2,p2g3_003_s3,seed3,966,3,selected_confirmation,seed3,"[""p2g3_003""]",1f0975d805bc89f2,ok,True,partial,0.1313,50.71360389901659,63.24147186535545,50.71360389901659,43.19688311921327,False,False,3|switch|drift|liquid|s2|g2|mixed,mixed,True,mutate,False,5000.0
2,667,2,p2g3_019_s3,seed3,966,3,selected_confirmation,seed3,"[""p2g3_019""]",9262761e57800ed7,ok,True,partial,0.3505,53.3218288197812,59.41243842637493,53.3218288197812,49.66746305582495,False,False,4|constant|rotor|liquid|s1|g2|structured,structured,True,mint_bilin,False,5000.0
2,668,2,p2g3_034_s3,seed3,966,3,selected_confirmation,seed3,"[""p2g3_034""]",5428015770475b33,ok,True,partial,0.5398,46.635751404453906,44.187668539271876,46.635751404453906,48.10460112356313,False,False,3|constant|rotor|liquid|s1|g2|structured,structured,True,add_chan,False,5000.0
2,669,2,p2g3_062_s3,seed3,966,3,selected_confirmation,seed3,"[""p2g3_062""]",a08e7f63b3d52f09,ok,True,partial,0.2086,61.6711846405679,75.27491285409053,61.6711846405679,53.508947712454315,False,False,4|switch|rotor|liquid|s2|g2|structured,structured,True,merge_cross_edge,False,5000.0
2,670,2,p2g3_059_s3,seed3,966,3,selected_confirmation,seed3,"[""p2g3_059""]",6c11baa8f1c1623e,ok,True,partial,0.0,45.76907512849279,61.025433504657045,45.76907512849279,36.615260102794224,False,False,4|constant|mobile|flicker|s1|g2|mixed,mixed,True,merge_cross_edge,False,5000.0
2,671,2,p2g5_001,screen,964,5,creative_screen,mutate,"[""p2g1_058""]",845d10fddc42e1c8,ok,True,partial,0.4425,71.79003168274053,80.97004224365405,71.79003168274053,66.28202534619243,True,True,4|grow|mobile|liquid|s1|g2|structured,structured,,mutate,False,10000.0
2,672,2,p2g5_007,screen,964,5,creative_screen,mutate,"[""p2g4_037""]",1b12ec79d853acdf,ok,True,partial,0.0,41.65328139470223,55.53770852626965,41.65328139470223,33.32262511576179,False,False,2|oscillator|mobile|gas|s1|g2|mixed,mixed,,mutate,False,2500.0
2,673,2,p2g5_011,screen,964,5,creative_screen,mutate,"[""p2g1_063""]",59e24fc50ad070af,ok,True,partial,0.0,11.258026390204126,15.010701853605502,11.258026390204126,9.0064211121633,False,False,1|constant|still|frozen|s1|g2|mixed,mixed,,mutate,False,2500.0
2,674,2,p2g5_013,screen,964,5,creative_screen,mutate,"[""p2g7_039""]",a37184dec5e84a7f,ok,True,partial,0.5372,63.97418541831062,67.39224722441416,63.97418541831062,61.923348334648495,True,True,4|switch|mobile|liquid|s1|g2|structured,structured,,mutate,False,2500.0
2,675,2,p2g5_022,screen,964,5,creative_screen,mint_bilin,"[""p2g7_039""]",96e24f8710f637cd,ok,True,partial,0.4247,73.81793425191171,84.2672456692156,73.81793425191171,67.54834740152936,True,True,4|grow|rotor|liquid|s2|g2|structured,structured,,mint_bilin,False,20000.0
2,676,2,p2g5_023,screen,964,5,creative_screen,mint_bilin,"[""p2g7_039""]",95a88a754c64494b,ok,True,partial,0.2703,54.90825983739417,64.20101311652556,54.90825983739417,49.33260786991533,False,False,3|grow|mobile|liquid|s1|g2|structured,structured,,mint_bilin,False,5000.0
2,677,2,p2g5_027,screen,964,5,creative_screen,mint_bilin,"[""p3g8_049""]",a28afd31660e28b1,ok,True,partial,0.0,43.870263612759246,58.49368481701232,43.870263612759246,35.096210890207395,False,False,4|switch|still|liquid|s1|g2|mixed,mixed,,mint_bilin,False,5000.0
2,678,2,p2g5_032,screen,964,5,creative_screen,add_chan,"[""p3g9_022""]",88661aef179f6393,ok,True,partial,0.2914,54.8155733668911,63.37409782252148,54.8155733668911,49.68045869351288,False,False,3|grow|rotor|liquid|s1|g2|structured,structured,,add_chan,False,5000.0
2,679,2,p2g5_035,screen,964,5,creative_screen,add_chan,"[""p3g6_032""]",a69997ef3bc08a04,ok,True,partial,0.3795,56.390752067683295,62.537669423577725,56.390752067683295,52.70260165414663,False,False,3|grow|mobile|liquid|s1|g1|structured,structured,,add_chan,False,5000.0
2,680,2,p2g5_053,screen,964,5,creative_screen,merge_spatial_ic,"[""p2g7_039"",""p3g5_061""]",fa86cb8089d048d0,ok,True,partial,0.2045,22.963889867702306,23.801853156936406,22.963889867702306,22.461111894161846,False,False,2|constant|still|liquid|s1|g2|mixed,mixed,,merge_spatial_ic,True,2500.0
2,681,2,p2g5_063,screen,964,5,creative_screen,merge_cross_edge,"[""p2g3_060"",""ref_iso_d0.75""]",a8164ab6431e4ee0,ok,True,partial,0.041,22.268884726456697,28.3251796352756,22.268884726456697,18.63510778116536,False,False,4|oscillator|still|frozen|s1|g2|mixed,mixed,,merge_cross_edge,False,2500.0
2,682,2,p2g5_034,screen,964,5,creative_screen,add_chan,"[""p6g8_033""]",ab8e5db7f17e8a34,ok,True,partial,0.4545,71.59557438588502,80.31076584784668,71.59557438588502,66.366459508708,True,True,3|grow|rotor|liquid|s1|g2|structured,structured,,add_chan,False,20000.0
2,683,2,p2g5_040,screen,964,5,creative_screen,dup_act,"[""p6g9_021""]",80838bc7574e89be,ok,True,partial,0.3658,65.56012244690204,75.22016326253606,65.56012244690204,59.76409795752164,False,False,4|grow|rotor|liquid|s1|g2|structured,structured,,dup_act,False,20000.0
2,684,2,p2g5_043,screen,964,5,creative_screen,dup_act,"[""p6g8_033""]",ebd1535bcee2bae9,ok,True,partial,0.0,55.65931473351201,74.21241964468268,55.65931473351201,44.52745178680961,False,False,4|grow|rotor|liquid|s1|g2|mixed,mixed,,dup_act,False,20000.0
2,685,2,p2g5_046,screen,964,5,creative_screen,dup_act,"[""p6g9_021""]",fb53db3f8d535b22,ok,True,partial,0.3243,71.40289266185871,84.39385688247829,71.40289266185871,63.60831412948697,False,False,4|grow|rotor|liquid|s3|g2|structured,structured,,dup_act,False,20000.0
2,686,2,p2g5_058,screen,964,5,creative_screen,merge_cross_edge,"[""p2g4_062"",""blk_p1g2_008""]",1504332c907a0128,ok,True,partial,0.4414,62.779581537012646,68.99277538268353,62.779581537012646,59.051665229610116,True,False,4|grow|mobile|flicker|s1|g2|structured,structured,,merge_cross_edge,False,20000.0
2,687,2,p2g5_059,screen,964,5,creative_screen,merge_cross_edge,"[""p2g6_020"",""ref_M4_tau5.7""]",a40cd129e294485d,ok,True,partial,0.1147,44.70570480817949,55.78427307757266,44.70570480817949,38.05856384654359,False,False,3|switch|drift|liquid|s1|g2|mixed,mixed,,merge_cross_edge,False,5000.0
2,688,2,p2g5_062,screen,964,5,creative_screen,merge_cross_edge,"[""p2g6_020"",""blk_engine_10748""]",3ae8ffb148c5aa09,ok,True,partial,0.374,69.77976343198274,80.57301790931032,69.77976343198274,63.30381074558619,False,False,3|grow|rotor|liquid|s3|g2|structured,structured,,merge_cross_edge,False,20000.0
2,689,2,p2g5_064,screen,964,5,creative_screen,merge_cross_edge,"[""p2g6_020"",""ref_iso_d0.75""]",345e0c8663a75248,ok,True,partial,0.4207,70.54070165173266,80.03093553564355,70.54070165173266,64.84656132138613,True,True,4|grow|rotor|liquid|s2|g2|structured,structured,,merge_cross_edge,False,10000.0
2,690,2,p2g5_065,screen,964,5,creative_screen,merge_cross_edge,"[""p4g2_028"",""blk_engine_10748""]",45426cb8a613dc63,ok,True,partial,0.3405,62.49590822306662,71.97787763075549,62.49590822306662,56.80672657845329,False,False,4|grow|drift|liquid|s1|g2|structured,structured,,merge_cross_edge,False,10000.0
2,691,2,p2g5_066,screen,964,5,creative_screen,merge_cross_edge,"[""p2g3_015"",""ref_XV_tau15.7""]",ac69d3155d80c08d,ok,True,partial,0.3966,65.79919607278177,74.51226143037569,65.79919607278177,60.571356858225414,False,False,4|grow|rotor|liquid|s2|g2|structured,structured,,merge_cross_edge,False,5000.0
2,692,2,p2g5_067,screen,964,5,creative_screen,merge_cross_edge,"[""p2g3_032"",""ref_iso_d0.75""]",a3daeedefa51805f,ok,True,partial,0.5534,64.20447058818942,67.15929411758589,64.20447058818942,62.43157647055153,True,True,4|switch|drift|liquid|s1|g2|structured,structured,,merge_cross_edge,False,2500.0
2,693,2,p2g5_069,screen,964,5,creative_screen,merge_cross_edge,"[""p2g6_020"",""blk_engine_10748""]",1473cab46e09e591,ok,True,partial,0.0,5.6625,7.55,5.6625,4.529999999999999,False,False,1|constant|still|frozen|s1|g0|mixed,mixed,,merge_cross_edge,False,2500.0
2,694,2,p2g5_070,screen,964,5,creative_screen,merge_cross_edge,"[""p6g5_025"",""ref_iso_d0.65""]",d7610a1a1fc717d3,ok,True,partial,0.4133,65.39688861699258,73.41918482265679,65.39688861699258,60.58351089359407,True,True,3|grow|rotor|liquid|s1|g2|structured,structured,,merge_cross_edge,False,20000.0
2,695,2,p2g5_003,screen,964,5,creative_screen,mutate,"[""p6g9_021""]",c63a1da37765a911,ok,True,partial,0.1761,39.39611758453826,46.65815677938435,39.39611758453826,35.03889406763061,False,False,2|switch|mobile|liquid|s1|g2|structured,structured,,mutate,False,2500.0
2,696,2,p2g5_005,screen,964,5,creative_screen,mutate,"[""p6g8_033""]",3ff0bea4b19ab900,ok,True,partial,0.6499,67.87841179051973,68.84121572069297,67.87841179051973,67.30072943241578,True,True,3|switch|mobile|liquid|s1|g2|structured,structured,,mutate,False,2500.0
2,697,2,p2g5_006,screen,964,5,creative_screen,mutate,"[""p3g6_032""]",39c30a9d16c2fef9,ok,True,partial,0.2623,42.51586397205034,47.94448529606712,42.51586397205034,39.25869117764027,False,False,3|switch|mobile|liquid|s1|g0|structured,structured,,mutate,False,2500.0
2,698,2,p2g5_010,screen,964,5,creative_screen,mutate,"[""p3g9_022""]",3a0c2f0d5d605f35,ok,True,partial,0.5982,65.56573524928054,67.48098033237405,65.56573524928054,64.41658819942442,True,True,4|switch|mobile|liquid|s1|g2|structured,structured,,mutate,False,2500.0
2,699,2,p2g5_015,screen,964,5,creative_screen,mutate,"[""p3g6_032""]",bb085e5eaf1f3704,ok,True,partial,0.5531,64.61059862536241,67.71079816714989,64.61059862536241,62.750478900289934,True,True,3|grow|mobile|liquid|s1|g1|structured,structured,,mutate,False,20000.0
2,700,2,p2g5_016,screen,964,5,creative_screen,mint_bilin,"[""p3g6_032""]",29d3742ac73a7ed0,ok,True,partial,0.6699,51.88403377099664,46.84871169466218,51.88403377099664,54.90522701679731,False,False,4|switch|mobile|liquid|s1|g2|structured,structured,,mint_bilin,False,2500.0
2,701,2,p2g5_020,screen,964,5,creative_screen,mint_bilin,"[""p2g2_021""]",4c89772ada03100f,ok,True,partial,0.5198,69.25828256786946,75.0177100904926,69.25828256786946,65.80262605429556,True,True,4|grow|mobile|liquid|s1|g1|structured,structured,,mint_bilin,False,10000.0
2,702,2,p2g5_025,screen,964,5,creative_screen,mint_bilin,"[""p6g6_032""]",5712d6cef781882d,ok,True,partial,0.4894,63.3360975967302,68.13479679564027,63.3360975967302,60.45687807738416,True,True,4|switch|mobile|liquid|s1|g2|structured,structured,,mint_bilin,False,2500.0
2,703,2,p2g5_028,screen,964,5,creative_screen,delete_bilin,"[""p3g6_032""]",e169f7c89e6864bc,ok,True,partial,0.5796,51.05242922572099,48.749905634294656,51.05242922572099,52.43394338057679,False,False,4|switch|rotor|liquid|s1|g1|structured,structured,,delete_bilin,False,2500.0
2,704,2,p2g5_029,screen,964,5,creative_screen,delete_bilin,"[""p3g6_032""]",e169f7c89e6864bc,ok,True,partial,0.5796,51.05242922572099,48.749905634294656,51.05242922572099,52.43394338057679,False,False,4|switch|rotor|liquid|s1|g1|structured,structured,,delete_bilin,False,2500.0
2,705,2,p2g5_030,screen,964,5,creative_screen,delete_bilin,"[""p6g8_033""]",54fe617cf706055f,ok,True,partial,0.386,60.33117744089966,67.57490325453288,60.33117744089966,55.98494195271974,False,False,3|grow|mobile|liquid|s1|g2|structured,structured,,delete_bilin,False,10000.0
2,706,2,p2g5_037,screen,964,5,creative_screen,add_chan,"[""p2g1_052""]",c431dcb565349a5b,ok,True,partial,0.5342,57.00363489685226,58.198179862469686,57.00363489685226,56.28690791748181,False,False,3|switch|mobile|flicker|s2|g0|structured,structured,,add_chan,False,5000.0
2,707,2,p2g5_039,screen,964,5,creative_screen,add_chan,"[""p6g5_026""]",b67b4c54722d7e96,ok,True,partial,0.1582,55.396964936743615,68.58928658232482,55.396964936743615,47.48157194939489,False,False,2|grow|mobile|liquid|s2|g2|structured,structured,,add_chan,False,20000.0
2,708,2,p2g5_051,screen,964,5,creative_screen,merge_spatial_ic,"[""p6g9_021"",""p10g0_ds6_000""]",b310fbfc5cac334e,ok,True,partial,0.2754,57.12190279873043,66.98253706497391,57.12190279873043,51.205522238984344,False,False,3|switch|mobile|liquid|s1|g2|structured,structured,,merge_spatial_ic,True,10000.0
2,709,2,p2g5_052,screen,964,5,creative_screen,merge_spatial_ic,"[""p3g9_022"",""p2g4_044""]",9a815b4bb1db78ea,ok,True,partial,0.2844,56.777603882393926,66.2234718431919,56.777603882393926,51.11008310591514,False,False,4|switch|mobile|liquid|s1|g2|structured,structured,,merge_spatial_ic,True,2500.0
2,710,2,p2g5_054,screen,964,5,creative_screen,merge_spatial_ic,"[""p6g8_033"",""p1g7_023""]",27a2960d05f47297,ok,True,partial,0.5666,72.5825096420108,77.89001285601441,72.5825096420108,69.39800771360865,True,True,3|switch|rotor|liquid|s1|g2|structured,structured,,merge_spatial_ic,True,10000.0
2,711,2,p2g5_056,screen,964,5,creative_screen,merge_cross_edge,"[""p4g5_070"",""ref_M4_tau5.7""]",cdf797cb742bc8c7,ok,True,partial,0.0,34.661580300783406,46.21544040104454,34.661580300783406,27.729264240626723,False,False,2|switch|rotor|liquid|s1|g2|structured,structured,,merge_cross_edge,False,5000.0
2,712,2,p2g5_002,screen,964,5,creative_screen,mutate,"[""p6g8_061""]",a60b58b1886c535e,ok,True,partial,0.0,41.79435067597551,55.72580090130068,41.79435067597551,33.435480540780404,False,False,2|switch|rotor|flicker|s1|g2|mixed,mixed,,mutate,False,2500.0
2,713,2,p2g5_009,screen,964,5,creative_screen,mutate,"[""p6g7_028""]",81b3ff033a1f2164,ok,True,partial,0.3213,50.86269077971068,57.10692103961424,50.86269077971068,47.11615262376854,False,False,2|switch|mobile|liquid|s1|g2|structured,structured,,mutate,False,5000.0
2,714,2,p2g5_021,screen,964,5,creative_screen,mint_bilin,"[""p6g7_028""]",e02b5bdda7dac917,ok,True,partial,0.3476,59.387524912585874,67.59669988344784,59.387524912585874,54.462019930068706,False,False,3|switch|mobile|liquid|s1|g2|structured,structured,,mint_bilin,False,20000.0
2,715,2,p2g5_033,screen,964,5,creative_screen,add_chan,"[""p2g6_020""]",c0e5ee29289750b3,ok,True,partial,0.3625,44.91058101617158,47.79744135489543,44.91058101617158,43.178464812937264,False,False,2|switch|drift|liquid|s1|g2|structured,structured,,add_chan,False,5000.0
2,716,2,p2g5_038,screen,964,5,creative_screen,add_chan,"[""p2g3_064""]",381f1a1319bcbc24,ok,True,partial,0.0,55.48155002138773,73.97540002851697,55.48155002138773,44.385240017110185,False,False,4|grow|mobile|liquid|s1|g2|mixed,mixed,,add_chan,False,10000.0
2,717,2,p2g5_057,screen,964,5,creative_screen,merge_cross_edge,"[""p3g9_021"",""ref_iso_d0.75""]",becf807451e6d745,ok,True,partial,0.0,34.91287470275488,46.55049960367317,34.91287470275488,27.930299762203898,False,False,3|constant|mobile|liquid|s1|g1|mixed,mixed,,merge_cross_edge,False,2500.0
2,718,2,p2g5_000,screen,964,5,creative_screen,mutate,"[""p6g5_025""]",4ed99e36467bd1bb,ok,True,partial,0.2202,38.918029372133674,44.550705829511564,38.918029372133674,35.53842349770694,False,False,2|switch|mobile|liquid|s1|g2|structured,structured,,mutate,False,2500.0
2,719,2,p2g5_061,screen,964,5,creative_screen,merge_cross_edge,"[""p2g4_053"",""blk_p6g1_043""]",44e801669c786c1b,ok,True,partial,0.4207,60.91320562320844,67.19427416427793,60.91320562320844,57.14456449856675,True,False,3|grow|mobile|flicker|s2|g2|structured,structured,,merge_cross_edge,False,20000.0
2,720,2,p2g5_004,screen,964,5,creative_screen,mutate,"[""p2g1_000""]",e6ffe6123e199389,ok,True,partial,0.3626,53.47127953498913,59.208372713318845,53.47127953498913,50.0290236279913,False,False,4|switch|rotor|liquid|s1|g1|structured,structured,,mutate,False,2500.0
2,721,2,p2g5_024,screen,964,5,creative_screen,mint_bilin,"[""p6g7_028""]",00d6bc738cbd22d4,ok,True,partial,0.2925,64.90544043254467,76.79058724339289,64.90544043254467,57.77435234603573,False,False,3|grow|rotor|liquid|s2|g2|structured,structured,,mint_bilin,False,20000.0
2,722,2,p2g5_036,screen,964,5,creative_screen,add_chan,"[""p2g6_020""]",55f28ac4cbf1b82c,ok,True,partial,0.524,71.69293756770023,78.12391675693362,71.69293756770023,67.83435005416018,True,True,3|grow|rotor|liquid|s2|g2|structured,structured,,add_chan,False,10000.0
2,723,2,p2g5_049,screen,964,5,creative_screen,merge_spatial_ic,"[""p6g8_061"",""p6g7_028""]",0849acc60943ebb4,ok,True,partial,0.0,50.593186771558166,67.45758236207756,50.593186771558166,40.474549417246536,False,False,2|grow|mobile|flicker|s1|g2|structured,structured,,merge_spatial_ic,True,20000.0
2,724,2,p2g5_050,screen,964,5,creative_screen,merge_spatial_ic,"[""p4g3_022"",""p6g3_008""]",c12ecee8c627b141,ok,True,partial,0.4706,56.4293205940616,59.5524274587488,56.4293205940616,54.55545647524929,False,False,4|switch|mobile|liquid|s1|g0|structured,structured,,merge_spatial_ic,True,2500.0
2,725,2,p2g5_008,screen,964,5,creative_screen,mutate,"[""p1g6_065""]",212784d7c1b3ab4d,ok,True,partial,0.2918,54.63844141426215,63.12458855234952,54.63844141426215,49.546753131409716,False,False,3|grow|mobile|liquid|s1|g2|structured,structured,,mutate,False,5000.0
2,726,2,p2g5_012,screen,964,5,creative_screen,mutate,"[""p2g6_020""]",1686ffafd532b221,ok,True,partial,0.0,55.29945063165866,73.73260084221154,55.29945063165866,44.23956050532692,False,False,3|switch|mobile|liquid|s2|g2|mixed,mixed,,mutate,False,5000.0
2,727,2,p2g5_014,screen,964,5,creative_screen,mutate,"[""p2g6_020""]",4bc572c30f13f6fe,ok,True,partial,0.0,60.35494764210394,80.47326352280525,60.35494764210394,48.28395811368315,False,False,3|grow|mobile|liquid|s3|g2|mixed,mixed,,mutate,False,10000.0
2,728,2,p2g5_017,screen,964,5,creative_screen,mint_bilin,"[""p2g6_020""]",e6a40a81e463363b,ok,True,partial,0.3305,59.68915451150963,68.56887268201284,59.68915451150963,54.3613236092077,False,False,3|grow|rotor|liquid|s1|g2|structured,structured,,mint_bilin,False,10000.0
2,729,2,p2g5_018,screen,964,5,creative_screen,mint_bilin,"[""p2g6_020""]",88883de1f420263b,ok,True,partial,0.3899,64.91742160997119,73.55989547996158,64.91742160997119,59.73193728797695,False,False,2|grow|rotor|liquid|s2|g2|structured,structured,,mint_bilin,False,20000.0
2,730,2,p2g5_031,screen,964,5,creative_screen,delete_bilin,"[""p2g6_020""]",efe73b5851901019,ok,True,partial,0.2764,67.81633556353897,81.20844741805196,67.81633556353897,59.78106845083117,False,False,3|grow|mobile|liquid|s2|g2|structured,structured,,delete_bilin,False,20000.0
2,731,2,p2g5_055,screen,964,5,creative_screen,merge_spatial_ic,"[""p2g6_020"",""p2g6_031""]",489530b94bd868b0,ok,True,partial,0.3876,69.26971897527721,79.43962530036963,69.26971897527721,63.167775180221774,False,False,3|switch|rotor|liquid|s2|g2|structured,structured,,merge_spatial_ic,True,20000.0
2,732,2,p2g4_004_s2,seed2,965,4,selected_confirmation,seed2,"[""p2g4_004""]",6ec43ad34f64a3d7,ok,True,partial,0.355,62.135083896095885,71.01344519479451,62.135083896095885,56.8080671168767,False,False,4|switch|mobile|liquid|s1|g2|structured,structured,True,mutate,False,2500.0
2,733,2,p2g4_005_s2,seed2,965,4,selected_confirmation,seed2,"[""p2g4_005""]",8be8d7a46730b99b,ok,True,partial,0.0,3.9016422396033565,5.202189652804475,3.9016422396033565,3.121313791682685,False,False,2|constant|still|frozen|s1|g0|mixed,mixed,True,mutate,False,2500.0
2,734,2,p2g4_033_s2,seed2,965,4,selected_confirmation,seed2,"[""p2g4_033""]",849c3e3f2f62a527,ok,True,partial,0.3488,61.03819368580548,69.75759158107398,61.03819368580548,55.80655494864438,False,False,4|grow|mobile|liquid|s1|g1|structured,structured,True,add_chan,False,5000.0
2,735,2,p2g4_037_s2,seed2,965,4,selected_confirmation,seed2,"[""p2g4_037""]",751b3b524dc36ff3,ok,True,partial,0.0,40.66280071608111,54.21706762144147,40.66280071608111,32.530240572864884,False,False,2|constant|drift|liquid|s1|g2|mixed,mixed,True,add_chan,False,2500.0
2,736,2,p2g4_002_s2,seed2,965,4,selected_confirmation,seed2,"[""p2g4_002""]",583c31fd9c9b98d6,ok,True,partial,0.6018,72.24958960061785,76.27278613415713,72.24958960061785,69.83567168049427,True,True,4|switch|mobile|liquid|s1|g2|structured,structured,True,mutate,False,2500.0
2,737,2,p2g4_057_s2,seed2,965,4,selected_confirmation,seed2,"[""p2g4_057""]",e684bca3587c5991,ok,True,partial,0.0,24.104226840986293,32.13896912131506,24.104226840986293,19.283381472789035,False,False,3|constant|rotor|frozen|s1|g2|mixed,mixed,True,merge_cross_edge,False,2500.0
2,738,2,p2g4_058_s2,seed2,965,4,selected_confirmation,seed2,"[""p2g4_058""]",40c30b1ad54ccae4,ok,True,partial,0.4166,55.82064220226065,60.540856269680866,55.82064220226065,52.98851376180852,False,False,2|switch|mobile|liquid|s1|g2|structured,structured,True,merge_cross_edge,False,5000.0
2,739,2,p2g4_071_s2,seed2,965,4,selected_confirmation,seed2,"[""p2g4_071""]",d879f19aa5fb70c0,ok,True,partial,0.2279,50.01398303706783,59.08864404942378,50.01398303706783,44.569186429654266,False,False,2|switch|mobile|liquid|s2|g2|mixed,mixed,True,merge_cross_edge,False,5000.0
2,740,2,p2g4_014_s2,seed2,965,4,selected_confirmation,seed2,"[""p2g4_014""]",662784109de88595,ok,True,partial,0.0,3.8881594916696987,5.184212655559598,3.8881594916696987,3.110527593335759,False,False,2|constant|still|frozen|s1|g0|mixed,mixed,True,mutate,False,2500.0
2,741,2,p2g4_021_s2,seed2,965,4,selected_confirmation,seed2,"[""p2g4_021""]",a660c9028d5bd4b3,ok,True,partial,0.5516,58.28150160832442,59.32200214443256,58.28150160832442,57.657201286659536,False,False,3|switch|mobile|liquid|s1|g1|structured,structured,True,mint_bilin,False,2500.0
2,742,2,p2g4_044_s2,seed2,965,4,selected_confirmation,seed2,"[""p2g4_044""]",abdc74c9a111b0d0,ok,True,partial,0.0,26.167063587117994,34.88941811615732,26.167063587117994,20.933650869694393,False,False,2|constant|still|frozen|s1|g2|mixed,mixed,True,dup_act,False,2500.0
2,743,2,p2g4_064_s2,seed2,965,4,selected_confirmation,seed2,"[""p2g4_064""]",66e74aa3c254fd76,ok,True,partial,0.5508,44.715436208958195,41.26058161194426,44.715436208958195,46.788348967166556,False,False,2|constant|mobile|liquid|s1|g2|structured,structured,True,merge_cross_edge,False,2500.0
2,744,2,p2g4_015_s2,seed2,965,4,selected_confirmation,seed2,"[""p2g4_015""]",a04fca4ed04a8fd9,ok,True,partial,0.4212,58.03796234125702,63.34394978834269,58.03796234125702,54.85436987300561,False,False,2|switch|mobile|liquid|s1|g2|structured,structured,True,mutate,False,2500.0
2,745,2,p2g4_050_s2,seed2,965,4,selected_confirmation,seed2,"[""p2g4_050""]",c3395cc4794da758,ok,True,partial,0.0,42.83241723343947,57.10988964458596,42.83241723343947,34.265933786751575,False,False,4|switch|drift|liquid|s1|g2|mixed,mixed,True,merge_spatial_ic,False,2500.0
2,746,2,p2g4_013_s2,seed2,965,4,selected_confirmation,seed2,"[""p2g4_013""]",9263a14c312d9257,ok,True,partial,0.0,39.9881021489362,53.31746953191493,39.9881021489362,31.990481719148956,False,False,3|switch|mobile|liquid|s1|g0|mixed,mixed,True,mutate,False,2500.0
2,747,2,p2g3_045_s3,seed3,966,3,selected_confirmation,seed3,"[""p2g3_045""]",eafbbd5e35ae84c9,ok,True,partial,0.0,42.291031614823154,56.38804215309754,42.291031614823154,33.83282529185852,False,False,3|constant|mobile|flicker|s1|g2|mixed,mixed,True,dup_act,False,2500.0
2,748,2,p2g3_047_s3,seed3,966,3,selected_confirmation,seed3,"[""p2g3_047""]",1b435d3f5c5bf120,ok,True,partial,0.0,40.43260553048761,53.91014070731682,40.43260553048761,32.34608442439009,False,False,3|constant|drift|liquid|s1|g2|mixed,mixed,True,dup_act,False,2500.0
2,749,2,p2g3_072_s3,seed3,966,3,selected_confirmation,seed3,"[""p2g3_072""]",59991b48b80a857d,ok,True,partial,0.0,30.692401347896553,40.923201797195404,30.692401347896553,24.55392107831724,False,False,1|switch|mobile|liquid|s1|g2|structured,structured,True,merge_slow_tanh,False,2500.0
2,750,2,p2g3_024_s3,seed3,966,3,selected_confirmation,seed3,"[""p2g3_024""]",7d8a041ea5576e80,ok,True,partial,0.6426,48.92768528335212,43.816913711136166,48.92768528335212,51.994148226681695,False,False,4|oscillator|mobile|liquid|s1|g2|structured,structured,True,mint_bilin,False,2500.0
2,751,2,p2g3_008_s3,seed3,966,3,selected_confirmation,seed3,"[""p2g3_008""]",2d7f3885939399b0,ok,True,partial,0.1727,44.16491840837595,53.12989121116792,44.16491840837595,38.78593472670075,False,False,2|switch|mobile|liquid|s1|g2|structured,structured,True,mutate,False,2500.0
2,752,2,p2g3_010_s3,seed3,966,3,selected_confirmation,seed3,"[""p2g3_010""]",23573ba859c8d3ac,ok,True,partial,0.2269,42.555145969403796,49.17686129253839,42.555145969403796,38.58211677552303,False,False,2|switch|mobile|liquid|s1|g2|structured,structured,True,mutate,False,2500.0
2,753,2,p2g5_081,screen,964,5,creative_screen,immigrate,,b1274dd2c9b1ffa9,no_blobs,True,missing,,0.0,,,,False,False,,,,immigrate,False,
2,754,2,p2g5_090,screen,964,5,creative_screen,immigrate,,aec7afb6a63f15da,no_blobs,True,missing,,0.0,,,,False,False,,,,immigrate,False,
2,755,2,p2g5_075,screen,964,5,creative_screen,immigrate,,4ee99905c30b17c6,no_blobs,True,missing,,0.0,,,,False,False,,,,immigrate,False,
2,756,2,p2g5_087,screen,964,5,creative_screen,immigrate,,4d6a9686c892cd3d,no_blobs,True,missing,,0.0,,,,False,False,,,,immigrate,False,
2,757,2,p2g5_089,screen,964,5,creative_screen,immigrate,,8f79155e41d9f4af,no_blobs,True,missing,,0.0,,,,False,False,,,,immigrate,False,
2,758,2,p2g5_092,screen,964,5,creative_screen,immigrate,,6057ca7d5156b19e,no_blobs,True,missing,,0.0,,,,False,False,,,,immigrate,False,
2,759,2,p2g4_030_s2,seed2,965,4,selected_confirmation,seed2,"[""p2g4_030""]",2d9a00b0dec7e567,ok,True,partial,0.5609,57.7439605090951,58.29528067879347,57.7439605090951,57.41316840727608,False,False,3|grow|mobile|liquid|s1|g1|structured,structured,True,delete_bilin,False,2500.0
2,760,2,p2g4_070_s2,seed2,965,4,selected_confirmation,seed2,"[""p2g4_070""]",945576ba9b0cf9da,ok,True,partial,0.5552,68.05898069597636,72.23864092796849,68.05898069597636,65.5511845567811,True,True,3|switch|rotor|flicker|s1|g2|structured,structured,True,merge_slow_tanh,False,2500.0
2,761,2,p2g3_038_s3,seed3,966,3,selected_confirmation,seed3,"[""p2g3_038""]",444b8ab6b085eeb3,ok,True,partial,0.3585,57.767424121297076,65.07323216172944,57.767424121297076,53.38393929703766,False,False,3|grow|mobile|liquid|s2|g1|structured,structured,True,add_chan,False,2500.0
2,762,2,p2g3_009_s3,seed3,966,3,selected_confirmation,seed3,"[""p2g3_009""]",005fd718d9102596,ok,True,partial,0.3827,48.212404589296895,51.52653945239586,48.212404589296895,46.22392367143752,False,False,4|switch|mobile|liquid|s1|g0|mixed,mixed,True,mutate,False,2500.0
2,763,2,p2g3_053_s3,seed3,966,3,selected_confirmation,seed3,"[""p2g3_053""]",c12ecee8c627b141,ok,True,partial,0.3579,56.56864144657562,63.49485526210083,56.56864144657562,52.41291315726049,False,False,4|switch|mobile|liquid|s1|g0|structured,structured,True,merge_spatial_ic,False,5000.0
2,764,2,p2g3_070_s3,seed3,966,3,selected_confirmation,seed3,"[""p2g3_070""]",87c422a5cda377f4,ok,True,partial,0.5608,68.74078482000189,72.96104642666918,68.74078482000189,66.20862785600151,True,True,3|switch|rotor|flicker|s1|g2|structured,structured,True,merge_slow_tanh,False,2500.0
2,765,2,p2g3_032_s3,seed3,966,3,selected_confirmation,seed3,"[""p2g3_032""]",61af2e6e52b6e381,ok,True,partial,0.5716,66.05626837000929,69.0216911600124,66.05626837000929,64.27701469600744,True,True,3|switch|drift|liquid|s1|g2|structured,structured,True,add_chan,False,10000.0
2,766,2,p2g3_049_s3,seed3,966,3,selected_confirmation,seed3,"[""p2g3_049""]",6588fedcc859d014,ok,True,partial,0.0,49.72119831599154,66.29493108798873,49.72119831599154,39.77695865279323,False,False,4|grow|mobile|liquid|s1|g0|mixed,mixed,True,merge_spatial_ic,False,20000.0
2,767,2,p2g3_060_s3,seed3,966,3,selected_confirmation,seed3,"[""p2g3_060""]",7c5b1eea374c2470,ok,True,partial,0.0449,23.846947400588054,30.299263200784072,23.846947400588054,19.975557920470443,False,False,3|switch|still|frozen|s1|g2|mixed,mixed,True,merge_cross_edge,False,2500.0
2,768,2,p2g3_066_s3,seed3,966,3,selected_confirmation,seed3,"[""p2g3_066""]",d1e9a8e3dad3b610,ok,True,partial,0.0,14.53373551581858,19.37831402109144,14.53373551581858,11.626988412654864,False,False,3|constant|still|flicker|s1|g0|mixed,mixed,True,merge_cross_edge,False,2500.0
2,769,2,p2g5_080,screen,964,5,creative_screen,immigrate,,de57161bb79cba94,ok,True,partial,0.0,0.0,0.0,0.0,0.0,False,False,1|constant|still|gas|s1|g0|mixed,mixed,,immigrate,False,2500.0
2,770,2,p2g5_082,screen,964,5,creative_screen,immigrate,,3f4796eb95b6b4e6,ok,True,partial,0.0,0.0,0.0,0.0,0.0,False,False,1|constant|still|gas|s1|g0|mixed,mixed,,immigrate,False,2500.0
2,771,2,p2g5_086,screen,964,5,creative_screen,immigrate,,72d206185d780025,ok,True,partial,0.0,0.0,0.0,0.0,0.0,False,False,1|constant|still|gas|s1|g0|mixed,mixed,,immigrate,False,2500.0
2,772,2,p2g5_088,screen,964,5,creative_screen,immigrate,,29f5522d4bf42d42,ok,True,partial,0.0,0.0,0.0,0.0,0.0,False,False,1|constant|still|gas|s1|g0|mixed,mixed,,immigrate,False,2500.0
2,773,2,p2g5_091,screen,964,5,creative_screen,immigrate,,82bb114cc99f42e0,ok,True,partial,0.0,0.0,0.0,0.0,0.0,False,False,1|constant|still|gas|s1|g0|mixed,mixed,,immigrate,False,2500.0
2,774,2,p2g5_093,screen,964,5,creative_screen,immigrate,,ee926edc8881deec,ok,True,partial,0.0,0.0,0.0,0.0,0.0,False,False,1|constant|still|gas|s1|g0|mixed,mixed,,immigrate,False,2500.0
2,775,2,p2g5_077,screen,964,5,creative_screen,immigrate,,04c06f044e80649a,ok,True,partial,0.0,0.0,0.0,0.0,0.0,False,False,1|constant|still|gas|s1|g0|mixed,mixed,,immigrate,False,2500.0
2,776,2,p2g5_085,screen,964,5,creative_screen,immigrate,,282ba0488dd102bb,ok,True,partial,0.0,0.0,0.0,0.0,0.0,False,False,1|constant|still|gas|s1|g0|mixed,mixed,,immigrate,False,2500.0
2,777,2,p2g5_094,screen,964,5,creative_screen,immigrate,,955564dd67300ddd,ok,True,partial,0.0,0.0,0.0,0.0,0.0,False,False,1|constant|still|gas|s1|g0|mixed,mixed,,immigrate,False,2500.0
2,778,2,p2g5_078,screen,964,5,creative_screen,immigrate,,05c11f2bca12e94b,no_blobs,True,missing,,0.0,,,,False,False,,,,immigrate,False,
2,779,2,p2g5_076,screen,964,5,creative_screen,immigrate,,fc5760d584a81440,no_blobs,True,missing,,0.0,,,,False,False,,,,immigrate,False,
2,780,2,p2g5_079,screen,964,5,creative_screen,immigrate,,fe3f7c864be4b30b,no_blobs,True,missing,,0.0,,,,False,False,,,,immigrate,False,
2,781,2,p2g5_084,screen,964,5,creative_screen,immigrate,,f0d7b4facce6e071,no_blobs,True,missing,,0.0,,,,False,False,,,,immigrate,False,
2,782,2,p2g5_083,screen,964,5,creative_screen,immigrate,,6aedf94f5487ef31,ok,True,partial,0.0,0.0,0.0,0.0,0.0,False,False,1|constant|still|gas|s1|g0|mixed,mixed,,immigrate,False,2500.0
2,783,2,p2g3_004_s3,seed3,966,3,selected_confirmation,seed3,"[""p2g3_004""]",fcf8ba4554dfadfd,ok,True,partial,0.1071,17.754331987512572,20.102442650016766,17.754331987512572,16.345465590010058,False,False,1|oscillator|drift|liquid|s1|g0|mixed,mixed,True,mutate,False,2500.0
2,784,2,p2g6_042,screen,964,6,creative_screen,dup_act,"[""p6g8_033""]",f0fb87a955821959,fail_g0a,True,missing,,,,,,False,False,,,,dup_act,False,
2,785,2,p2g6_047,screen,964,6,creative_screen,dup_act,"[""p6g2_039""]",6637d034324cb7fb,fail_g0a,True,missing,,,,,,False,False,,,,dup_act,False,
2,786,2,p2g6_076,screen,964,6,creative_screen,merge_share_chan,"[""p2g6_020"",""blk_engine_10748""]",b80d706bd11a8de1,fail_g0a,True,missing,,,,,,False,False,,,,merge_share_chan,False,
2,787,2,p2g6_006,screen,964,6,creative_screen,mutate,"[""p4g3_022""]",a0e25a7a43ab4c28,fail_g0a,True,missing,,,,,,False,False,,,,mutate,False,
2,788,2,p2g6_077,screen,964,6,creative_screen,merge_share_chan,"[""p2g3_004"",""ref_XV_tau15.7""]",2f6fc8f2df02cdc9,fail_g0a,True,missing,,,,,,False,False,,,,merge_share_chan,False,
2,789,2,p2g6_078,screen,964,6,creative_screen,merge_share_chan,"[""p2g2_035"",""ref_XV_tau15.7""]",663ba2fbf4901070,fail_g0a,True,missing,,,,,,False,False,,,,merge_share_chan,False,
2,790,2,p2g4_061_s3,seed3,966,4,selected_confirmation,seed3,"[""p2g4_061""]",50aeefe81593f8dd,ok,True,partial,0.3941,58.95719999189447,65.47293332252596,58.95719999189447,55.04775999351557,False,False,3|grow|mobile|flicker|s1|g2|structured,structured,True,merge_cross_edge,False,20000.0
2,791,2,p2g5_048_s2,seed2,965,5,selected_confirmation,seed2,"[""p2g5_048""]",e65ef70dd49605a1,ok,True,partial,0.4756,64.12251242005968,69.6433498934129,64.12251242005968,60.81000993604774,True,True,3|switch|mobile|flicker|s1|g2|structured,structured,True,merge_spatial_ic,False,5000.0
2,792,2,p2g6_058,screen,964,6,creative_screen,merge_cross_edge,"[""p2g4_062"",""ref_iso_d0.75""]",992f3c118b634464,ok,True,partial,0.4451,65.73561774087685,72.81082365450247,65.73561774087685,61.490494192701476,True,True,3|grow|rotor|liquid|s1|g2|structured,structured,,merge_cross_edge,False,10000.0
2,793,2,p2g6_057,screen,964,6,creative_screen,merge_cross_edge,"[""p2g1_086"",""ref_M0""]",abfebb5fb3700569,ok,True,partial,0.0,10.5875,14.116666666666667,10.5875,8.47,False,False,2|constant|still|gas|s1|g0|mixed,mixed,,merge_cross_edge,False,2500.0
2,794,2,p2g5_019_s2,seed2,965,5,selected_confirmation,seed2,"[""p2g5_019""]",6eca0e266b772123,ok,True,partial,0.0,25.952520579078456,34.60336077210461,25.952520579078456,20.762016463262764,False,False,3|constant|still|flicker|s1|g2|mixed,mixed,True,mint_bilin,False,2500.0
2,795,2,p2g5_049_s2,seed2,965,5,selected_confirmation,seed2,"[""p2g5_049""]",0849acc60943ebb4,ok,True,partial,0.0,20.75454310547716,27.672724140636213,20.75454310547716,16.603634484381725,False,False,1|grow|still|gas|s1|g2|mixed,mixed,True,merge_spatial_ic,False,20000.0
2,796,2,p2g5_022_s2,seed2,965,5,selected_confirmation,seed2,"[""p2g5_022""]",96e24f8710f637cd,ok,True,partial,0.4519,75.85334087391685,86.07445449855581,75.85334087391685,69.72067269913349,True,True,4|grow|rotor|liquid|s2|g2|structured,structured,True,mint_bilin,False,20000.0
2,797,2,p2g5_058_s2,seed2,965,5,selected_confirmation,seed2,"[""p2g5_058""]",1504332c907a0128,ok,True,partial,0.4333,62.682602095578176,69.1334694607709,62.682602095578176,58.81208167646254,True,False,3|switch|mobile|liquid|s1|g2|structured,structured,True,merge_cross_edge,False,20000.0
2,798,2,p2g5_015_s2,seed2,965,5,selected_confirmation,seed2,"[""p2g5_015""]",bb085e5eaf1f3704,ok,True,partial,0.4919,63.894312370374166,68.79574982716555,63.894312370374166,60.95344989629933,True,True,3|grow|mobile|liquid|s1|g1|structured,structured,True,mutate,False,20000.0
2,799,2,p2g5_039_s2,seed2,965,5,selected_confirmation,seed2,"[""p2g5_039""]",b67b4c54722d7e96,ok,True,partial,0.2937,52.029707580664635,59.58294344088618,52.029707580664635,47.4977660645317,False,False,1|switch|mobile|liquid|s2|g2|structured,structured,True,add_chan,False,20000.0
2,800,2,p2g5_061_s2,seed2,965,5,selected_confirmation,seed2,"[""p2g5_061""]",44e801669c786c1b,ok,True,partial,0.4028,55.995732074156905,61.23430943220921,55.995732074156905,52.85258565932553,False,False,3|grow|rotor|flicker|s1|g2|structured,structured,True,merge_cross_edge,False,20000.0
2,801,2,p2g4_003_s3,seed3,966,4,selected_confirmation,seed3,"[""p2g4_003""]",50b3da4b74e1702e,ok,True,partial,0.5353,69.98202325198116,75.46603100264156,69.98202325198116,66.69161860158493,True,True,3|grow|rotor|liquid|s1|g2|structured,structured,True,mutate,False,20000.0
2,802,2,p2g4_040_s3,seed3,966,4,selected_confirmation,seed3,"[""p2g4_040""]",fee93479f1c8b227,ok,True,partial,0.0,58.18974498139825,77.58632664186433,58.18974498139825,46.551795985118595,False,False,4|grow|rotor|liquid|s1|g2|mixed,mixed,True,dup_act,False,20000.0
2,803,2,p2g4_046_s3,seed3,966,4,selected_confirmation,seed3,"[""p2g4_046""]",1c20519dbd37d41a,ok,True,partial,0.0,57.31517764675449,76.42023686233932,57.31517764675449,45.852142117403595,False,False,4|switch|rotor|liquid|s1|g2|mixed,mixed,True,dup_act,False,20000.0
2,804,2,p2g5_065_s2,seed2,965,5,selected_confirmation,seed2,"[""p2g5_065""]",45426cb8a613dc63,ok,True,partial,0.4381,67.27843448290216,75.10124597720286,67.27843448290216,62.58474758632172,True,True,4|grow|rotor|liquid|s1|g2|structured,structured,True,merge_cross_edge,False,20000.0
2,805,2,p2g5_054_s2,seed2,965,5,selected_confirmation,seed2,"[""p2g5_054""]",27a2960d05f47297,ok,True,partial,0.3706,75.56277316696661,88.3970308892888,75.56277316696661,67.86221853357328,False,False,3|switch|rotor|liquid|s2|g2|structured,structured,True,merge_spatial_ic,False,20000.0
2,806,2,p2g5_038_s2,seed2,965,5,selected_confirmation,seed2,"[""p2g5_038""]",381f1a1319bcbc24,ok,True,partial,0.0,55.335994553423745,73.78132607123166,55.335994553423745,44.26879564273899,False,False,4|grow|rotor|liquid|s1|g2|mixed,mixed,True,add_chan,False,10000.0
2,807,2,p2g5_014_s2,seed2,965,5,selected_confirmation,seed2,"[""p2g5_014""]",4bc572c30f13f6fe,ok,True,partial,0.0,52.248470098146754,69.66462679752901,52.248470098146754,41.798776078517406,False,False,3|switch|mobile|liquid|s2|g2|mixed,mixed,True,mutate,False,20000.0
2,808,2,p2g4_049_s3,seed3,966,4,selected_confirmation,seed3,"[""p2g4_049""]",b10ebb5bb2a75e70,ok,True,partial,0.0834,50.15233660986744,64.08978214648992,50.15233660986744,41.78986928789395,False,False,4|grow|drift|frozen|s1|g2|mixed,mixed,True,merge_spatial_ic,False,10000.0
2,809,2,p2g5_027_s2,seed2,965,5,selected_confirmation,seed2,"[""p2g5_027""]",a28afd31660e28b1,ok,True,partial,0.0,45.902115723443856,61.20282096459181,45.902115723443856,36.72169257875508,False,False,4|switch|still|liquid|s1|g2|mixed,mixed,True,mint_bilin,False,5000.0
2,810,2,p2g5_059_s2,seed2,965,5,selected_confirmation,seed2,"[""p2g5_059""]",a40cd129e294485d,ok,True,partial,0.1997,54.67946837573725,66.24929116764967,54.67946837573725,47.7375747005898,False,False,4|switch|rotor|liquid|s1|g2|mixed,mixed,True,merge_cross_edge,False,5000.0
2,811,2,p2g5_037_s2,seed2,965,5,selected_confirmation,seed2,"[""p2g5_037""]",c431dcb565349a5b,ok,True,partial,0.3972,62.14429150080155,69.61905533440206,62.14429150080155,57.65943320064123,False,False,4|switch|mobile|liquid|s2|g0|structured,structured,True,add_chan,False,5000.0
2,812,2,p2g5_033_s2,seed2,965,5,selected_confirmation,seed2,"[""p2g5_033""]",c0e5ee29289750b3,ok,True,partial,0.3855,38.92953636890352,39.05604849187136,38.92953636890352,38.85362909512281,False,False,2|oscillator|drift|liquid|s1|g2|structured,structured,True,add_chan,False,5000.0
2,813,2,p2g5_012_s2,seed2,965,5,selected_confirmation,seed2,"[""p2g5_012""]",1686ffafd532b221,ok,True,partial,0.0,58.43571368683089,77.91428491577452,58.43571368683089,46.74857094946471,False,False,3|switch|mobile|liquid|s3|g2|mixed,mixed,True,mutate,False,10000.0
2,814,2,p2g4_033_s3,seed3,966,4,selected_confirmation,seed3,"[""p2g4_033""]",849c3e3f2f62a527,ok,True,partial,0.6096,74.25513152287557,78.68684203050077,74.25513152287557,71.59610521830047,True,True,4|grow|mobile|liquid|s1|g1|structured,structured,True,add_chan,False,20000.0
2,815,2,p2g4_058_s3,seed3,966,4,selected_confirmation,seed3,"[""p2g4_058""]",40c30b1ad54ccae4,ok,True,partial,0.4364,53.84514133470333,57.24685511293778,53.84514133470333,51.80411306776267,False,False,2|switch|mobile|liquid|s1|g2|structured,structured,True,merge_cross_edge,False,5000.0
2,816,2,p2g4_071_s3,seed3,966,4,selected_confirmation,seed3,"[""p2g4_071""]",d879f19aa5fb70c0,ok,True,partial,0.1701,47.075827486027414,57.097769981369886,47.075827486027414,41.06266198882193,False,False,2|switch|mobile|liquid|s1|g2|mixed,mixed,True,merge_cross_edge,False,5000.0
2,817,2,p2g4_009_s3,seed3,966,4,selected_confirmation,seed3,"[""p2g4_009""]",db9299c24b869e88,ok,True,partial,0.0,50.75878695032442,67.67838260043256,50.75878695032442,40.607029560259534,False,False,4|switch|mobile|flicker|s1|g2|mixed,mixed,True,mutate,False,5000.0
2,818,2,p2g4_036_s3,seed3,966,4,selected_confirmation,seed3,"[""p2g4_036""]",3cf14e318059768b,ok,True,partial,0.0619,25.29491215536582,31.66321620715443,25.29491215536582,21.473929724292656,False,False,2|oscillator|still|frozen|s1|g2|structured,structured,True,add_chan,False,5000.0
2,819,2,p2g6_000,screen,964,6,creative_screen,mutate,"[""p2g7_039""]",15de5aa7c2d113a9,ok,True,partial,0.3995,59.564979182180934,66.10330557624125,59.564979182180934,55.64198334574475,False,False,3|switch|rotor|liquid|s1|g2|structured,structured,,mutate,False,5000.0
2,820,2,p2g6_001,screen,964,6,creative_screen,mutate,"[""p2g5_059""]",48e236252e0117e2,ok,True,partial,0.0,43.20868136085235,57.61157514780314,43.20868136085235,34.566945088681884,False,False,3|switch|mobile|liquid|s1|g2|mixed,mixed,,mutate,False,2500.0
2,821,2,p2g6_002,screen,964,6,creative_screen,mutate,"[""p2g1_017""]",4972b8bc84eb3184,ok,True,partial,0.4653,51.41933135013161,53.04910846684214,51.41933135013161,50.44146508010528,False,False,4|switch|rotor|liquid|s1|g2|structured,structured,,mutate,False,5000.0
2,822,2,p2g6_005,screen,964,6,creative_screen,mutate,"[""p2g5_011""]",edfb85aa90131822,ok,True,partial,0.0,10.613171914183065,14.15089588557742,10.613171914183065,8.490537531346451,False,False,1|constant|still|frozen|s1|g2|mixed,mixed,,mutate,False,2500.0
2,823,2,p2g6_021,screen,964,6,creative_screen,mint_bilin,"[""p2g7_039""]",35770f4793f913f5,ok,True,partial,0.4516,71.54039235252274,80.33385647003033,71.54039235252274,66.2643138820182,True,True,4|grow|rotor|liquid|s2|g2|structured,structured,,mint_bilin,False,10000.0
2,824,2,p2g6_026,screen,964,6,creative_screen,mint_bilin,"[""p6g1_040""]",e13aae3a92603511,ok,True,partial,0.5925,69.0091366843089,72.2621822457452,69.0091366843089,67.05730934744712,True,True,4|switch|mobile|liquid|s1|g1|structured,structured,,mint_bilin,False,2500.0
2,825,2,p2g6_029,screen,964,6,creative_screen,delete_bilin,"[""p0g1_055""]",d6b6e0a237e2a59f,ok,True,partial,0.1991,63.11114962913836,77.51153283885115,63.11114962913836,54.47091970331069,False,False,4|grow|rotor|liquid|s2|g2|structured,structured,,delete_bilin,False,20000.0
2,826,2,p2g6_035,screen,964,6,creative_screen,add_chan,"[""p6g9_021""]",9a22835532073133,ok,True,partial,0.0,21.3474099300611,28.46321324008147,21.3474099300611,17.07792794404888,False,False,2|constant|still|frozen|s1|g2|mixed,mixed,,add_chan,False,2500.0
2,827,2,p2g6_043,screen,964,6,creative_screen,dup_act,"[""p6g8_033""]",1538e6e517315c47,ok,True,partial,0.0,37.793294358229254,50.39105914430567,37.793294358229254,30.2346354865834,False,False,3|constant|drift|liquid|s1|g2|mixed,mixed,,dup_act,False,2500.0
2,828,2,p2g6_044,screen,964,6,creative_screen,dup_act,"[""p6g8_033""]",f3a81251e80c8f10,ok,True,partial,0.0,37.723205238351476,50.297606984468636,37.723205238351476,30.17856419068118,False,False,3|constant|drift|liquid|s1|g2|mixed,mixed,,dup_act,False,2500.0
2,829,2,p2g6_045,screen,964,6,creative_screen,dup_act,"[""p6g8_033""]",032892bff9dbdd31,ok,True,partial,0.0,33.75117318013714,45.00156424018285,33.75117318013714,27.00093854410971,False,False,3|constant|drift|gas|s1|g2|mixed,mixed,,dup_act,False,2500.0
2,830,2,p2g6_046,screen,964,6,creative_screen,dup_act,"[""p6g8_033""]",15da7b2ce3b38b36,ok,True,partial,0.0,51.21496680348839,68.28662240465118,51.21496680348839,40.971973442790706,False,False,4|switch|mobile|liquid|s1|g2|mixed,mixed,,dup_act,False,2500.0
2,831,2,p2g6_056,screen,964,6,creative_screen,merge_cross_edge,"[""p4g4_018"",""ref_iso_d0.65""]",9e0f504d352d0cea,ok,True,partial,0.0,48.06558070418665,64.08744093891553,48.06558070418665,38.45246456334932,False,False,4|switch|drift|liquid|s1|g2|mixed,mixed,,merge_cross_edge,False,2500.0
2,832,2,p2g6_059,screen,964,6,creative_screen,merge_cross_edge,"[""p2g6_020"",""blk_engine_10748""]",c29e32b702a1d60b,ok,True,partial,0.4318,56.65316728680567,61.14422304907422,56.65316728680567,53.958533829444534,False,False,3|switch|mobile|liquid|s1|g2|structured,structured,,merge_cross_edge,False,20000.0
2,833,2,p2g6_061,screen,964,6,creative_screen,merge_cross_edge,"[""p2g3_032"",""blk_engine_10748""]",9e7b58ed78ae101b,ok,True,partial,0.616,65.18252787245993,66.37670382994656,65.18252787245993,64.46602229796794,True,True,4|switch|mobile|flicker|s1|g2|structured,structured,,merge_cross_edge,False,2500.0
2,834,2,p2g6_063,screen,964,6,creative_screen,merge_cross_edge,"[""p2g6_020"",""ref_M4_tau5.7""]",3ca09c5c9a847d34,ok,True,partial,0.2672,52.197894374202875,60.6905258322705,52.197894374202875,47.102315499362305,False,False,4|switch|mobile|liquid|s1|g2|mixed,mixed,,merge_cross_edge,False,2500.0
2,835,2,p2g6_067,screen,964,6,creative_screen,merge_cross_edge,"[""p2g6_020"",""ref_M0""]",0f94595753a9e50d,ok,True,partial,0.2924,60.489995755605804,70.9066610074744,60.489995755605804,54.23999660448464,False,False,4|switch|mobile|liquid|s1|g2|structured,structured,,merge_cross_edge,False,2500.0
2,836,2,p2g6_072,screen,964,6,creative_screen,merge_slow_tanh,"[""p0g0_ds2g11_009"",""ref_iso_d0.65""]",6fe0830753f07ba0,ok,True,partial,0.0941,34.60609174717986,43.00478899623982,34.60609174717986,29.56687339774389,False,False,4|switch|drift|liquid|s1|g2|structured,structured,,merge_slow_tanh,False,5000.0
2,837,2,p2g6_007,screen,964,6,creative_screen,mutate,"[""p2g3_024""]",17762d87e53407fe,ok,True,partial,0.0,18.42708684952321,24.569449132697613,18.42708684952321,14.741669479618567,False,False,1|switch|mobile|liquid|s1|g0|mixed,mixed,,mutate,False,2500.0
2,838,2,p2g6_039,screen,964,6,creative_screen,add_chan,"[""p6g9_021""]",03d64b7e81afc00d,ok,True,partial,0.1554,58.90103841284465,73.35471788379287,58.90103841284465,50.228830730275725,False,False,3|grow|mobile|liquid|s1|g2|structured,structured,,add_chan,False,10000.0
2,839,2,p2g6_052,screen,964,6,creative_screen,merge_spatial_ic,"[""p2g7_039"",""p6g7_028""]",fa86cb8089d048d0,ok,True,partial,0.4916,60.98296666527329,64.92395555369772,60.98296666527329,58.618373332218624,True,False,3|grow|rotor|liquid|s1|g2|structured,structured,,merge_spatial_ic,True,10000.0
2,840,2,p2g6_062,screen,964,6,creative_screen,merge_cross_edge,"[""p2g6_020"",""ref_M4_tau5.7""]",3d18e707f81a98a5,ok,True,partial,0.2679,61.87563686418394,73.57084915224526,61.87563686418394,54.85850949134716,False,False,4|grow|mobile|liquid|s2|g2|mixed,mixed,,merge_cross_edge,False,5000.0
2,841,2,p2g6_065,screen,964,6,creative_screen,merge_cross_edge,"[""p2g6_020"",""ref_iso_d0.65""]",0b84b4220ce084a2,ok,True,partial,0.2582,71.13359717364408,86.23812956485878,71.13359717364408,62.07087773891527,False,False,4|grow|rotor|liquid|s3|g2|structured,structured,,merge_cross_edge,False,20000.0
2,842,2,p2g6_070,screen,964,6,creative_screen,merge_slow_tanh,"[""p2g4_061"",""ref_iso_d0.75""]",07607758af643ee2,ok,True,partial,0.4155,60.8655383305142,67.30405110735227,60.8655383305142,57.00243066441136,True,False,4|grow|mobile|flicker|s1|g2|structured,structured,,merge_slow_tanh,False,20000.0
2,843,2,p2g6_071,screen,964,6,creative_screen,merge_cross_edge,"[""p2g2_074"",""ref_M4_tau5.7""]",3317be60e25ff6f3,ok,True,partial,0.4475,67.54922601193721,75.14896801591627,67.54922601193721,62.98938080954976,True,True,4|grow|rotor|liquid|s1|g2|structured,structured,,merge_cross_edge,False,10000.0
2,844,2,p2g6_073,screen,964,6,creative_screen,merge_cross_edge,"[""p2g6_020"",""ref_M4_tau5.7""]",9446bc3e216c7887,ok,True,partial,0.26,66.96871871294165,80.6249582839222,66.96871871294165,58.77497497035331,False,False,4|grow|rotor|liquid|s3|g2|structured,structured,,merge_cross_edge,False,10000.0
2,845,2,p2g6_074,screen,964,6,creative_screen,merge_cross_edge,"[""p2g6_020"",""ref_M4_tau5.7""]",b73543419088b56e,ok,True,partial,0.2839,64.9873302995279,77.18644039937053,64.9873302995279,57.66786423962232,False,False,4|grow|rotor|liquid|s2|g2|structured,structured,,merge_cross_edge,False,10000.0
2,846,2,p2g6_008,screen,964,6,creative_screen,mutate,"[""p6g9_021""]",1432d64a121e7d99,ok,True,partial,0.5324,66.5179389770023,70.94391863600306,66.5179389770023,63.86235118160184,True,True,3|switch|mobile|liquid|s1|g2|structured,structured,,mutate,False,5000.0
2,847,2,p2g6_009,screen,964,6,creative_screen,mutate,"[""p2g2_038""]",588817f3d854ea4a,ok,True,partial,0.0964,39.04044397735318,48.84059196980423,39.04044397735318,33.16035518188254,False,False,2|grow|drift|liquid|s1|g2|mixed,mixed,,mutate,False,5000.0
2,848,2,p2g6_011,screen,964,6,creative_screen,mutate,"[""p2g1_045""]",5073df07ef6e9f83,ok,True,partial,0.0,25.087271826097457,33.44969576812994,25.087271826097457,20.069817460877964,False,False,3|constant|still|frozen|s1|g2|mixed,mixed,,mutate,False,2500.0
2,849,2,p2g6_012,screen,964,6,creative_screen,mutate,"[""p3g6_032""]",f81c4ef4a320163d,ok,True,partial,0.604,73.77305950443292,78.23074600591058,73.77305950443292,71.09844760354635,True,True,4|grow|mobile|liquid|s1|g1|structured,structured,,mutate,False,20000.0
2,850,2,p2g6_013,screen,964,6,creative_screen,mutate,"[""p3g9_022""]",394fe42212714819,ok,True,partial,0.4272,65.96687343600834,73.71583124801113,65.96687343600834,61.31749874880668,True,True,3|grow|mobile|liquid|s2|g2|structured,structured,,mutate,False,10000.0
2,851,2,p2g6_014,screen,964,6,creative_screen,mutate,"[""p3g9_022""]",b924ef3cd36f965e,ok,True,partial,0.4119,70.98438197020809,80.91584262694413,70.98438197020809,65.02550557616647,True,True,3|grow|mobile|liquid|s3|g2|structured,structured,,mutate,False,20000.0
2,852,2,p2g6_015,screen,964,6,creative_screen,mutate,"[""p3g6_032""]",778803d96a6fe9d6,ok,True,partial,0.6371,61.78146140023684,61.13861520031579,61.78146140023684,62.16716912018948,True,True,3|switch|mobile|liquid|s1|g1|structured,structured,,mutate,False,2500.0
2,853,2,p2g6_016,screen,964,6,creative_screen,mint_bilin,"[""p2g4_064""]",b3dde0fa0e6e5571,ok,True,partial,0.5141,42.86926249789392,40.022349997191895,42.86926249789392,44.57740999831513,False,False,2|constant|mobile|liquid|s1|g2|structured,structured,,mint_bilin,False,2500.0
2,854,2,p2g6_017,screen,964,6,creative_screen,mint_bilin,"[""p6g9_021""]",8037e2ed3729aaa1,ok,True,partial,0.3555,70.13953650056169,81.66938200074891,70.13953650056169,63.22162920044934,False,False,3|switch|rotor|liquid|s2|g2|structured,structured,,mint_bilin,False,20000.0
2,855,2,p2g6_018,screen,964,6,creative_screen,mint_bilin,"[""p3g9_022""]",8111376f0bb71cd9,ok,True,partial,0.3684,32.67928821913009,31.29238429217346,32.67928821913009,33.511430575304075,False,False,3|switch|drift|liquid|s1|g0|structured,structured,,mint_bilin,False,2500.0
2,856,2,p2g6_020,screen,964,6,creative_screen,mint_bilin,"[""p5g3_040""]",1cd25e1fb85243c5,ok,True,partial,0.5047,64.00827665296384,68.52103553728512,64.00827665296384,61.30062132237107,True,True,4|switch|mobile|liquid|s1|g2|structured,structured,,mint_bilin,False,2500.0
2,857,2,p2g6_028,screen,964,6,creative_screen,delete_bilin,"[""p3g9_022""]",3e9e387b61a8cb22,ok,True,partial,0.5689,48.18069998532452,45.277599980432704,48.18069998532452,49.92255998825962,False,False,4|switch|mobile|liquid|s1|g1|structured,structured,,delete_bilin,False,2500.0
2,858,2,p2g6_032,screen,964,6,creative_screen,add_chan,"[""p1g3_035""]",67cf21942715762c,ok,True,partial,0.432,66.0263463412321,73.63512845497613,66.0263463412321,61.461077072985674,True,True,3|switch|mobile|liquid|s1|g1|structured,structured,,add_chan,False,20000.0
2,859,2,p2g6_033,screen,964,6,creative_screen,add_chan,"[""p2g1_065""]",25d58666502b9c95,ok,True,partial,0.0,33.65022144102828,44.86696192137104,33.65022144102828,26.920177152822625,False,False,3|constant|mobile|liquid|s1|g2|mixed,mixed,,add_chan,False,5000.0
2,860,2,p2g6_034,screen,964,6,creative_screen,add_chan,"[""p6g5_026""]",0f06cf49a5d65a49,ok,True,partial,0.4847,63.67092678983219,68.73790238644291,63.67092678983219,60.630741431865744,True,True,3|grow|mobile|liquid|s1|g2|structured,structured,,add_chan,False,2500.0
2,861,2,p2g6_036,screen,964,6,creative_screen,add_chan,"[""p2g2_038""]",577558c9475fa93f,ok,True,partial,0.372,36.88222073460636,36.77629431280849,36.88222073460636,36.94577658768509,False,False,1|switch|mobile|liquid|s1|g0|structured,structured,,add_chan,False,2500.0
2,862,2,p2g6_037,screen,964,6,creative_screen,add_chan,"[""p2g3_021""]",5108c437d9814aae,ok,True,partial,0.5885,49.34058366640114,46.17077822186818,49.34058366640114,51.24246693312091,False,False,2|switch|mobile|flicker|s1|g0|structured,structured,,add_chan,False,5000.0
2,863,2,p2g6_040,screen,964,6,creative_screen,dup_act,"[""p6g5_026""]",49905ec1733859f0,ok,True,partial,0.0,41.93214500967397,55.90952667956529,41.93214500967397,33.54571600773917,False,False,3|constant|mobile|liquid|s1|g2|mixed,mixed,,dup_act,False,2500.0
2,864,2,p2g6_051,screen,964,6,creative_screen,merge_spatial_ic,"[""p5g6_021"",""p2g6_001""]",f6f348579074846d,ok,True,partial,0.0,43.17330743926696,57.56440991902261,43.17330743926696,34.538645951413564,False,False,4|constant|rotor|liquid|s1|g2|mixed,mixed,,merge_spatial_ic,True,2500.0
2,865,2,p2g6_069,screen,964,6,creative_screen,merge_slow_tanh,"[""p3g5_061"",""ref_iso_d0.65""]",f565b3d42ae6672f,ok,True,partial,0.0,24.03577200012591,32.04769600016788,24.03577200012591,19.22861760010073,False,False,3|constant|mobile|flicker|s1|g2|mixed,mixed,,merge_slow_tanh,False,2500.0
2,866,2,p2g6_075,screen,964,6,creative_screen,merge_slow_tanh,"[""p3g5_061"",""blk_engine_10748""]",9eb92b61e6e49a31,ok,True,partial,0.0,35.47665413565369,47.302205514204914,35.47665413565369,28.381323308522948,False,False,4|constant|rotor|flicker|s1|g2|mixed,mixed,,merge_slow_tanh,False,5000.0
2,867,2,p2g6_003,screen,964,6,creative_screen,mutate,"[""p6g5_026""]",35040e5841a255ef,ok,True,partial,0.3644,51.19518037693105,56.11357383590807,51.19518037693105,48.24414430154484,False,False,2|switch|mobile|liquid|s1|g2|structured,structured,,mutate,False,2500.0
2,868,2,p2g6_010,screen,964,6,creative_screen,mutate,"[""p6g5_026""]",71df67c436ee9aff,ok,True,partial,0.068,40.98102360407192,52.374698138762554,40.98102360407192,34.14481888325753,False,False,3|switch|drift|liquid|s1|g2|mixed,mixed,,mutate,False,2500.0
2,869,2,p2g6_019,screen,964,6,creative_screen,mint_bilin,"[""p2g5_049""]",676a38b9c4dab715,ok,True,partial,0.0,21.50107902878676,28.66810537171568,21.50107902878676,17.20086322302941,False,False,1|grow|still|gas|s1|g2|mixed,mixed,,mint_bilin,False,20000.0
2,870,2,p2g6_023,screen,964,6,creative_screen,mint_bilin,"[""p6g7_028""]",76809ea594492749,ok,True,partial,0.4501,72.07509474033036,81.09679298710714,72.07509474033036,66.66207579226428,True,True,3|switch|rotor|liquid|s2|g2|structured,structured,,mint_bilin,False,10000.0
2,871,2,p2g6_025,screen,964,6,creative_screen,mint_bilin,"[""p2g1_018""]",c24a8bb153964074,ok,True,partial,0.5601,60.7380219083679,62.3140292111572,60.7380219083679,59.79241752669432,True,False,4|switch|mobile|flicker|s1|g0|structured,structured,,mint_bilin,False,5000.0
2,872,2,p2g6_027,screen,964,6,creative_screen,mint_bilin,"[""p6g5_026""]",cf7b168e78651ed5,ok,True,partial,0.0,32.32944834786642,43.10593113048856,32.32944834786642,25.863558678293135,False,False,2|switch|drift|liquid|s1|g2|mixed,mixed,,mint_bilin,False,2500.0
2,873,2,p2g6_041,screen,964,6,creative_screen,dup_act,"[""p2g6_020""]",b262044aed5f5d7c,ok,True,partial,0.0,31.0694011018955,41.42586813586067,31.0694011018955,24.8555208815164,False,False,3|constant|drift|gas|s1|g2|mixed,mixed,,dup_act,False,2500.0
2,874,2,p2g6_049,screen,964,6,creative_screen,merge_spatial_ic,"[""p6g5_026"",""p6g1_023""]",ead25ce87e4b853d,ok,True,partial,0.411,59.547685715464276,65.69691428728571,59.547685715464276,55.85814857237142,False,False,3|switch|mobile|liquid|s1|g2|structured,structured,,merge_spatial_ic,True,2500.0
2,875,2,p2g6_048,screen,964,6,creative_screen,merge_spatial_ic,"[""p3g9_022"",""p6g8_068""]",9a815b4bb1db78ea,ok,True,partial,0.4917,59.56122674636859,63.024968995158126,59.56122674636859,57.482981397094875,False,False,3|grow|mobile|liquid|s2|g2|structured,structured,,merge_spatial_ic,True,5000.0
2,876,2,p2g6_053,screen,964,6,creative_screen,merge_spatial_ic,"[""p3g6_032"",""p2g1_052""]",3e9e387b61a8cb22,ok,True,partial,0.5594,74.08333135551501,80.13110847402002,74.08333135551501,70.45466508441201,True,True,4|grow|mobile|liquid|s2|g1|structured,structured,,merge_spatial_ic,True,10000.0
2,877,2,p2g6_054,screen,964,6,creative_screen,merge_spatial_ic,"[""p6g8_033"",""p3g5_003""]",27a2960d05f47297,ok,True,partial,0.223,62.8470213555637,76.3626951407516,62.8470213555637,54.73761708445096,False,False,3|switch|mobile|liquid|s1|g2|structured,structured,,merge_spatial_ic,True,20000.0
2,878,2,p2g6_024,screen,964,6,creative_screen,mint_bilin,"[""p2g4_070""]",3801d9a50ce247ff,ok,True,partial,0.4563,69.32789313663164,77.22719084884218,69.32789313663164,64.5883145093053,True,True,3|switch|rotor|flicker|s1|g2|structured,structured,,mint_bilin,False,10000.0
2,879,2,p2g6_030,screen,964,6,creative_screen,delete_bilin,"[""p2g6_031""]",4da84a25f3de9043,ok,True,partial,0.4464,73.18863772039126,82.70485029385502,73.18863772039126,67.47891017631301,True,True,4|grow|rotor|liquid|s3|g2|structured,structured,,delete_bilin,False,10000.0
2,880,2,p2g6_031,screen,964,6,creative_screen,delete_bilin,"[""p2g1_039""]",b2edf1a5811fbe08,ok,True,partial,0.4273,66.15113046542302,73.95817395389736,66.15113046542302,61.46690437233841,True,True,3|switch|mobile|liquid|s1|g2|structured,structured,,delete_bilin,False,20000.0
2,881,2,p2g6_038,screen,964,6,creative_screen,add_chan,"[""p2g6_020""]",f3d8767510b1c328,ok,True,partial,0.3096,65.86691125170591,77.50254833560788,65.86691125170591,58.88552900136473,False,False,3|grow|rotor|liquid|s2|g2|structured,structured,,add_chan,False,10000.0
2,882,2,p2g6_050,screen,964,6,creative_screen,merge_spatial_ic,"[""p6g5_026"",""p3g9_020""]",ead25ce87e4b853d,ok,True,partial,0.3225,64.87285105880504,75.74713474507338,64.87285105880504,58.34828084704402,False,False,3|switch|mobile|liquid|s1|g2|structured,structured,,merge_spatial_ic,True,20000.0
2,883,2,p2g6_055,screen,964,6,creative_screen,merge_spatial_ic,"[""p6g7_028"",""p2g5_069""]",99843d9cd96588d6,ok,True,partial,0.2617,62.81529127752071,75.03038837002761,62.81529127752071,55.48623302201656,False,False,3|switch|mobile|liquid|s1|g2|structured,structured,,merge_spatial_ic,True,20000.0
2,884,2,p2g6_060,screen,964,6,creative_screen,merge_cross_edge,"[""p3g5_061"",""blk_engine_10748""]",17acdee17033b344,ok,True,partial,0.0,48.2827743090765,64.377032412102,48.2827743090765,38.6262194472612,False,False,4|switch|drift|liquid|s1|g2|mixed,mixed,,merge_cross_edge,False,10000.0
2,885,2,p2g6_068,screen,964,6,creative_screen,merge_slow_tanh,"[""p2g1_092"",""ref_XV_tau15.7""]",df3f4616233b9032,ok,True,partial,0.0,29.085064154733736,38.78008553964498,29.085064154733736,23.268051323786988,False,False,4|constant|still|flicker|s1|g2|mixed,mixed,,merge_slow_tanh,False,2500.0
2,886,2,p2g6_004,screen,964,6,creative_screen,mutate,"[""p2g6_020""]",581f6892914ea331,ok,True,partial,0.5351,71.29061167383671,77.21748223178227,71.29061167383671,67.73448933906936,True,True,3|grow|mobile|liquid|s1|g2|structured,structured,,mutate,False,20000.0
2,887,2,p2g6_022,screen,964,6,creative_screen,mint_bilin,"[""p2g5_014""]",5bce9a3aabaf8673,ok,True,partial,0.0,57.67340809459327,76.89787745945769,57.67340809459327,46.13872647567461,False,False,3|grow|mobile|liquid|s2|g2|mixed,mixed,,mint_bilin,False,20000.0
2,888,2,p2g6_064,screen,964,6,creative_screen,merge_cross_edge,"[""p10g0_ds6_000"",""ref_iso_d0.65""]",c23cb1da3252491f,ok,True,partial,0.5531,63.83061341786778,66.67081789049037,63.83061341786778,62.12649073429422,True,True,3|switch|mobile|flicker|s1|g2|structured,structured,,merge_cross_edge,False,2500.0
2,889,2,p2g6_066,screen,964,6,creative_screen,merge_cross_edge,"[""p2g3_015"",""ref_M4_tau5.7""]",7e92bc4c7ade11fd,ok,True,partial,0.0472,31.977713405424296,41.06361787389906,31.977713405424296,26.526170724339437,False,False,2|oscillator|rotor|frozen|s1|g2|mixed,mixed,,merge_cross_edge,False,2500.0
2,890,2,p2g5_007_s2,seed2,965,5,selected_confirmation,seed2,"[""p2g5_007""]",1b12ec79d853acdf,ok,True,partial,0.0,38.48796030923488,51.317280412313174,38.48796030923488,30.790368247387903,False,False,2|switch|mobile|gas|s1|g2|mixed,mixed,True,mutate,False,2500.0
2,891,2,p2g5_011_s2,seed2,965,5,selected_confirmation,seed2,"[""p2g5_011""]",59e24fc50ad070af,ok,True,partial,0.0,9.063371352467065,12.084495136622754,9.063371352467065,7.2506970819736525,False,False,1|constant|still|gas|s1|g2|mixed,mixed,True,mutate,False,2500.0
2,892,2,p2g5_053_s2,seed2,965,5,selected_confirmation,seed2,"[""p2g5_053""]",fa86cb8089d048d0,ok,True,partial,0.4414,69.04107093565585,77.3414279142078,69.04107093565585,64.06085674852469,True,True,4|grow|rotor|liquid|s2|g2|structured,structured,True,merge_spatial_ic,False,5000.0
2,893,2,p2g5_063_s2,seed2,965,5,selected_confirmation,seed2,"[""p2g5_063""]",a8164ab6431e4ee0,ok,True,partial,0.0323,19.420229271066635,24.816972361422177,19.420229271066635,16.182183416853306,False,False,4|constant|still|frozen|s1|g2|mixed,mixed,True,merge_cross_edge,False,2500.0
2,894,2,p2g5_067_s2,seed2,965,5,selected_confirmation,seed2,"[""p2g5_067""]",a3daeedefa51805f,ok,True,partial,0.5239,64.84578262778285,68.99771017037713,64.84578262778285,62.354626102226284,True,True,4|switch|mobile|liquid|s1|g2|structured,structured,True,merge_cross_edge,False,5000.0
2,895,2,p2g5_069_s2,seed2,965,5,selected_confirmation,seed2,"[""p2g5_069""]",1473cab46e09e591,ok,True,partial,0.0,3.9749999999999996,5.3,3.9749999999999996,3.1799999999999997,False,False,1|constant|still|gas|s1|g0|mixed,mixed,True,merge_cross_edge,False,2500.0
2,896,2,p2g5_005_s2,seed2,965,5,selected_confirmation,seed2,"[""p2g5_005""]",3ff0bea4b19ab900,ok,True,partial,0.4319,62.05487653978135,68.34316871970846,62.05487653978135,58.281901231825074,True,False,3|switch|mobile|liquid|s1|g2|structured,structured,True,mutate,False,2500.0
2,897,2,p2g5_028_s2,seed2,965,5,selected_confirmation,seed2,"[""p2g5_028""]",e169f7c89e6864bc,ok,True,partial,0.3672,60.140182706903154,67.94691027587088,60.140182706903154,55.456146165522526,False,False,4|grow|mobile|liquid|s1|g1|structured,structured,True,delete_bilin,False,5000.0
2,898,2,p2g5_002_s2,seed2,965,5,selected_confirmation,seed2,"[""p2g5_002""]",a60b58b1886c535e,ok,True,partial,0.0,38.4697899684606,51.2930532912808,38.4697899684606,30.77583197476848,False,False,2|switch|rotor|flicker|s1|g2|mixed,mixed,True,mutate,False,5000.0
2,899,2,p2g5_057_s2,seed2,965,5,selected_confirmation,seed2,"[""p2g5_057""]",becf807451e6d745,ok,True,partial,0.0,38.026226030253426,50.70163470700457,38.026226030253426,30.420980824202744,False,False,3|constant|mobile|liquid|s1|g1|mixed,mixed,True,merge_cross_edge,False,2500.0
2,900,2,p2g4_004_s3,seed3,966,4,selected_confirmation,seed3,"[""p2g4_004""]",6ec43ad34f64a3d7,ok,True,partial,0.3594,58.16873640695057,65.57831520926743,58.16873640695057,53.72298912556045,False,False,4|switch|mobile|liquid|s1|g2|structured,structured,True,mutate,False,2500.0
2,901,2,p2g4_037_s3,seed3,966,4,selected_confirmation,seed3,"[""p2g4_037""]",751b3b524dc36ff3,ok,True,partial,0.0,37.87923633360711,50.50564844480948,37.87923633360711,30.303389066885686,False,False,2|constant|drift|liquid|s1|g2|mixed,mixed,True,add_chan,False,2500.0
2,902,2,p2g4_057_s3,seed3,966,4,selected_confirmation,seed3,"[""p2g4_057""]",e684bca3587c5991,ok,True,partial,0.0,27.14637562670354,36.19516750227139,27.14637562670354,21.717100501362832,False,False,3|constant|rotor|frozen|s1|g2|mixed,mixed,True,merge_cross_edge,False,2500.0
2,903,2,p2g4_014_s3,seed3,966,4,selected_confirmation,seed3,"[""p2g4_014""]",662784109de88595,ok,True,partial,0.0,3.8861425315280975,5.181523375370797,3.8861425315280975,3.1089140252224783,False,False,2|constant|still|frozen|s1|g0|mixed,mixed,True,mutate,False,2500.0
2,904,2,p2g4_021_s3,seed3,966,4,selected_confirmation,seed3,"[""p2g4_021""]",a660c9028d5bd4b3,ok,True,partial,0.4176,61.584064185073586,68.19208558009812,61.584064185073586,57.619251348058874,True,False,3|switch|mobile|liquid|s1|g1|structured,structured,True,mint_bilin,False,2500.0
2,905,2,p2g4_044_s3,seed3,966,4,selected_confirmation,seed3,"[""p2g4_044""]",abdc74c9a111b0d0,ok,True,partial,0.0,29.92751173226967,39.90334897635956,29.92751173226967,23.942009385815734,False,False,2|constant|drift|liquid|s1|g2|mixed,mixed,True,dup_act,False,2500.0
2,906,2,p2g4_064_s3,seed3,966,4,selected_confirmation,seed3,"[""p2g4_064""]",66e74aa3c254fd76,ok,True,partial,0.5341,44.354948554111374,41.3365980721485,44.354948554111374,46.1659588432891,False,False,2|constant|mobile|liquid|s1|g2|structured,structured,True,merge_cross_edge,False,2500.0
2,907,2,p2g4_050_s3,seed3,966,4,selected_confirmation,seed3,"[""p2g4_050""]",c3395cc4794da758,ok,True,partial,0.0,41.6111522004132,55.4815362672176,41.6111522004132,33.28892176033056,False,False,4|oscillator|drift|liquid|s1|g2|mixed,mixed,True,merge_spatial_ic,False,2500.0
2,908,2,p2g4_013_s3,seed3,966,4,selected_confirmation,seed3,"[""p2g4_013""]",9263a14c312d9257,ok,True,partial,0.0,39.28134229280106,52.37512305706807,39.28134229280106,31.42507383424084,False,False,3|switch|mobile|liquid|s1|g0|mixed,mixed,True,mutate,False,2500.0
2,909,2,p2g6_079,screen,964,6,creative_screen,immigrate,,59e79890645551bb,no_blobs,True,missing,,0.0,,,,False,False,,,,immigrate,False,
2,910,2,p2g6_080,screen,964,6,creative_screen,immigrate,,52fd8686bf2305d1,no_blobs,True,missing,,0.0,,,,False,False,,,,immigrate,False,
2,911,2,p2g6_081,screen,964,6,creative_screen,immigrate,,0b1a767481e60884,no_blobs,True,missing,,0.0,,,,False,False,,,,immigrate,False,
2,912,2,p2g6_084,screen,964,6,creative_screen,immigrate,,c58969dea80223e6,no_blobs,True,missing,,0.0,,,,False,False,,,,immigrate,False,
2,913,2,p2g6_087,screen,964,6,creative_screen,immigrate,,8ed3f57284cafabd,no_blobs,True,missing,,0.0,,,,False,False,,,,immigrate,False,
2,914,2,p2g6_086,screen,964,6,creative_screen,immigrate,,4e757dc6e4a515bf,no_blobs,True,missing,,0.0,,,,False,False,,,,immigrate,False,
2,915,2,p2g6_094,screen,964,6,creative_screen,immigrate,,33ed54684bba0a33,no_blobs,True,missing,,0.0,,,,False,False,,,,immigrate,False,
2,916,2,p2g6_096,screen,964,6,creative_screen,immigrate,,c6b28c87f1555090,no_blobs,True,missing,,0.0,,,,False,False,,,,immigrate,False,
2,917,2,p2g4_002_s3,seed3,966,4,selected_confirmation,seed3,"[""p2g4_002""]",bcc3072a07e51f96,ok,True,partial,0.3532,52.67483397798287,58.45977863731049,52.67483397798287,49.2038671823863,False,False,2|switch|mobile|liquid|s1|g2|structured,structured,False,mutate,False,10000.0
2,918,2,p2g4_015_s3,seed3,966,4,selected_confirmation,seed3,"[""p2g4_015""]",04a0f0e5eb95cb51,ok,True,partial,0.1192,49.09480454502099,61.486406060027996,49.09480454502099,41.659843636016795,False,False,4|grow|drift|frozen|s2|g2|structured,structured,False,mutate,False,10000.0
2,919,2,p2g4_070_s3,seed3,966,4,selected_confirmation,seed3,"[""p2g4_070""]",945576ba9b0cf9da,ok,True,partial,0.5566,67.62096448931126,71.60795265241502,67.62096448931126,65.22877159144902,True,True,3|switch|rotor|flicker|s1|g2|structured,structured,True,merge_slow_tanh,False,2500.0
2,920,2,p2g6_083,screen,964,6,creative_screen,immigrate,,dd973a08b23cb692,ok,True,partial,0.0,0.0,0.0,0.0,0.0,False,False,1|constant|still|gas|s1|g0|mixed,mixed,,immigrate,False,2500.0
2,921,2,p2g6_082,screen,964,6,creative_screen,immigrate,,7b6c370e3c1ef752,ok,True,partial,0.0,0.0,0.0,0.0,0.0,False,False,1|constant|still|gas|s1|g0|mixed,mixed,,immigrate,False,2500.0
2,922,2,p2g6_090,screen,964,6,creative_screen,immigrate,,bc4a9ef3416c9b6b,ok,True,partial,0.0,3.9749999999999996,5.3,3.9749999999999996,3.1799999999999997,False,False,1|constant|still|gas|s1|g0|mixed,mixed,,immigrate,False,2500.0
2,923,2,p2g6_091,screen,964,6,creative_screen,immigrate,,d70ef733ae18aa1e,ok,True,partial,0.0,0.0,0.0,0.0,0.0,False,False,1|constant|still|gas|s1|g0|mixed,mixed,,immigrate,False,2500.0
2,924,2,p2g6_095,screen,964,6,creative_screen,immigrate,,f0cd680777d281dd,ok,True,partial,0.0,0.0,0.0,0.0,0.0,False,False,1|constant|still|gas|s1|g0|mixed,mixed,,immigrate,False,2500.0
2,925,2,p2g6_097,screen,964,6,creative_screen,immigrate,,95b853a91e8a22b2,ok,True,partial,0.0,0.0,0.0,0.0,0.0,False,False,1|constant|still|gas|s1|g0|mixed,mixed,,immigrate,False,2500.0
2,926,2,p2g6_089,screen,964,6,creative_screen,immigrate,,95f0b488de5215b8,no_blobs,True,missing,,0.0,,,,False,False,,,,immigrate,False,
2,927,2,p2g6_098,screen,964,6,creative_screen,immigrate,,997bc692bee2fa7c,no_blobs,True,missing,,0.0,,,,False,False,,,,immigrate,False,
2,928,2,p2g5_004_s2,seed2,965,5,selected_confirmation,seed2,"[""p2g5_004""]",e6ffe6123e199389,ok,True,partial,0.4476,63.56140278457067,69.82853704609423,63.56140278457067,59.801122227656535,True,False,4|switch|rotor|liquid|s1|g1|structured,structured,True,mutate,False,10000.0
2,929,2,p2g6_085,screen,964,6,creative_screen,immigrate,,7ec0e3c489373126,ok,True,partial,0.0,0.0,0.0,0.0,0.0,False,False,1|constant|still|gas|s1|g0|mixed,mixed,,immigrate,False,2500.0
2,930,2,p2g6_088,screen,964,6,creative_screen,immigrate,,b6955b9039580d9d,ok,True,partial,0.0,0.0,0.0,0.0,0.0,False,False,1|constant|still|gas|s1|g0|mixed,mixed,,immigrate,False,2500.0
2,931,2,p2g6_092,screen,964,6,creative_screen,immigrate,,66dca41b57784eb6,ok,True,partial,0.0,8.212499999999999,10.95,8.212499999999999,6.569999999999999,False,False,1|constant|still|gas|s1|g0|mixed,mixed,,immigrate,False,2500.0
2,932,2,p2g6_093,screen,964,6,creative_screen,immigrate,,c7b683c5a50b1c39,ok,True,partial,0.0,0.0,0.0,0.0,0.0,False,False,1|constant|still|gas|s1|g0|mixed,mixed,,immigrate,False,2500.0
2,933,2,p2g4_030_s3,seed3,966,4,selected_confirmation,seed3,"[""p2g4_030""]",ca21e100b2dea0c3,ok,True,partial,0.188,65.56042293134801,81.14723057513068,65.56042293134801,56.2083383450784,False,False,4|grow|rotor|flicker|s3|g2|mixed,mixed,False,mint_bilin,False,20000.0
2,934,2,p2g7_032,screen,964,7,creative_screen,add_chan,"[""p2g7_010""]",9cc3ffe0f94dc3f2,fail_g0a,True,missing,,,,,,False,False,,,,add_chan,False,
2,935,2,p2g7_040,screen,964,7,creative_screen,dup_act,"[""p6g7_028""]",c767b46b02a75342,fail_g0a,True,missing,,,,,,False,False,,,,dup_act,False,
2,936,2,p2g7_042,screen,964,7,creative_screen,dup_act,"[""p6g7_028""]",b62dc7fec3da379d,fail_g0a,True,missing,,,,,,False,False,,,,dup_act,False,
2,937,2,p2g7_043,screen,964,7,creative_screen,dup_act,"[""p6g5_026""]",27b1b3b2282a83e1,fail_g0a,True,missing,,,,,,False,False,,,,dup_act,False,
2,938,2,p2g7_075,screen,964,7,creative_screen,merge_share_chan,"[""p2g3_015"",""blk_p6g1_043""]",9ec262206d690fe6,fail_g0a,True,missing,,,,,,False,False,,,,merge_share_chan,False,
2,939,2,p2g7_077,screen,964,7,creative_screen,merge_share_chan,"[""p2g6_020"",""ref_iso_d0.75""]",3ece5deb00a76fd3,fail_g0a,True,missing,,,,,,False,False,,,,merge_share_chan,False,
2,940,2,p2g7_010,screen,964,7,creative_screen,mutate,"[""p3g7_015""]",676617689e5d768b,fail_g0a,True,missing,,,,,,False,False,,,,mutate,False,
2,941,2,p2g7_074,screen,964,7,creative_screen,merge_share_chan,"[""p3g6_061"",""ref_M0""]",ae4accc71414dd51,fail_g0a,True,missing,,,,,,False,False,,,,merge_share_chan,False,
2,942,2,p2g5_048_s3,seed3,966,5,selected_confirmation,seed3,"[""p2g5_048""]",e65ef70dd49605a1,ok,True,partial,0.4665,63.7650289799119,69.47003863988253,63.7650289799119,60.34202318392951,True,True,3|switch|mobile|flicker|s1|g2|structured,structured,True,merge_spatial_ic,False,5000.0
2,943,2,p2g7_072,screen,964,7,creative_screen,merge_slow_tanh,"[""p2g1_086"",""ref_BFIELD_g0.05""]",30494d219917ba50,ok,True,partial,0.0,37.48222482563408,49.9762997675121,37.48222482563408,29.98577986050726,False,False,3|constant|mobile|flicker|s1|g2|mixed,mixed,,merge_slow_tanh,False,2500.0
2,944,2,p2g7_017,screen,964,7,creative_screen,mint_bilin,"[""p3g6_061""]",7356b79a3853a82a,ok,True,partial,0.0,50.85251751784335,67.8033566904578,50.85251751784335,40.68201401427468,False,False,2|grow|mobile|liquid|s2|g2|mixed,mixed,,mint_bilin,False,10000.0
2,945,2,p2g7_054,screen,964,7,creative_screen,merge_spatial_ic,"[""p3g9_021"",""p2g1_003""]",d2673ccaa565671c,ok,True,partial,0.0,52.80890032800137,70.41186710400183,52.80890032800137,42.2471202624011,False,False,3|grow|rotor|liquid|s1|g1|mixed,mixed,,merge_spatial_ic,True,20000.0
2,946,2,p2g7_068,screen,964,7,creative_screen,merge_slow_tanh,"[""p2g2_098"",""ref_M4_tau5.7""]",2e50de072bfe838d,ok,True,partial,0.0,19.80125,26.401666666666667,19.80125,15.841,False,False,2|constant|still|flicker|s1|g2|mixed,mixed,,merge_slow_tanh,False,2500.0
2,947,2,p2g5_019_s3,seed3,966,5,selected_confirmation,seed3,"[""p2g5_019""]",6eca0e266b772123,ok,True,partial,0.0,26.129762220909356,34.839682961212475,26.129762220909356,20.903809776727485,False,False,3|constant|still|flicker|s1|g2|mixed,mixed,True,mint_bilin,False,2500.0
2,948,2,p2g6_019_s2,seed2,965,6,selected_confirmation,seed2,"[""p2g6_019""]",676a38b9c4dab715,ok,True,partial,0.0,20.75454310547716,27.672724140636213,20.75454310547716,16.603634484381725,False,False,1|grow|still|gas|s1|g2|mixed,mixed,True,mint_bilin,False,20000.0
2,949,2,p2g6_012_s2,seed2,965,6,selected_confirmation,seed2,"[""p2g6_012""]",f81c4ef4a320163d,ok,True,partial,0.6034,70.04800669277768,73.28400892370355,70.04800669277768,68.10640535422213,True,True,3|grow|mobile|liquid|s1|g1|structured,structured,True,mutate,False,20000.0
2,950,2,p2g6_014_s2,seed2,965,6,selected_confirmation,seed2,"[""p2g6_014""]",b924ef3cd36f965e,ok,True,partial,0.4309,70.44158380559955,79.55877840746606,70.44158380559955,64.97126704447963,True,True,3|grow|mobile|liquid|s3|g2|structured,structured,True,mutate,False,20000.0
2,951,2,p2g6_017_s2,seed2,965,6,selected_confirmation,seed2,"[""p2g6_017""]",8037e2ed3729aaa1,ok,True,partial,0.326,73.9586344556116,87.74484594081547,73.9586344556116,65.68690756448927,False,False,3|switch|rotor|liquid|s2|g2|structured,structured,True,mint_bilin,False,20000.0
2,952,2,p2g6_032_s2,seed2,965,6,selected_confirmation,seed2,"[""p2g6_032""]",67cf21942715762c,ok,True,partial,0.8048,76.2177190992982,74.79695879906427,76.2177190992982,77.07017527943856,True,True,3|switch|rotor|liquid|s1|g1|structured,structured,True,add_chan,False,20000.0
2,953,2,p2g6_004_s2,seed2,965,6,selected_confirmation,seed2,"[""p2g6_004""]",581f6892914ea331,ok,True,partial,0.2678,66.06889980019767,79.1651997335969,66.06889980019767,58.21111984015815,False,False,3|grow|mobile|liquid|s1|g2|structured,structured,True,mutate,False,20000.0
2,954,2,p2g6_022_s2,seed2,965,6,selected_confirmation,seed2,"[""p2g6_022""]",5bce9a3aabaf8673,ok,True,partial,0.0,57.59951996903524,76.79935995871365,57.59951996903524,46.07961597522819,False,False,3|grow|mobile|liquid|s2|g2|mixed,mixed,True,mint_bilin,False,20000.0
2,955,2,p2g5_022_s3,seed3,966,5,selected_confirmation,seed3,"[""p2g5_022""]",96e24f8710f637cd,ok,True,partial,0.6342,77.36447450367643,82.01263267156858,77.36447450367643,74.57557960294115,True,True,4|grow|mobile|liquid|s2|g2|structured,structured,True,mint_bilin,False,20000.0
2,956,2,p2g5_058_s3,seed3,966,5,selected_confirmation,seed3,"[""p2g5_058""]",1504332c907a0128,ok,True,partial,0.4249,61.08230219079713,67.27973625439617,61.08230219079713,57.3638417526377,True,False,3|switch|mobile|liquid|s1|g2|structured,structured,True,merge_cross_edge,False,20000.0
2,957,2,p2g5_065_s3,seed3,966,5,selected_confirmation,seed3,"[""p2g5_065""]",45426cb8a613dc63,ok,True,partial,0.3959,62.91086918632231,70.68449224842975,62.91086918632231,58.246695349057845,False,False,4|grow|drift|liquid|s1|g2|structured,structured,True,merge_cross_edge,False,20000.0
2,958,2,p2g5_015_s3,seed3,966,5,selected_confirmation,seed3,"[""p2g5_015""]",bb085e5eaf1f3704,ok,True,partial,0.5529,67.12359866385995,71.06813155181327,67.12359866385995,64.75687893108795,True,True,3|grow|mobile|liquid|s1|g1|structured,structured,True,mutate,False,20000.0
2,959,2,p2g5_039_s3,seed3,966,5,selected_confirmation,seed3,"[""p2g5_039""]",b67b4c54722d7e96,ok,True,partial,0.3133,63.236280567973076,73.8717074239641,63.236280567973076,56.85502445437845,False,False,2|switch|mobile|liquid|s2|g2|structured,structured,True,add_chan,False,20000.0
2,960,2,p2g5_061_s3,seed3,966,5,selected_confirmation,seed3,"[""p2g5_061""]",44e801669c786c1b,ok,True,partial,0.4218,64.3554411038363,71.74725480511506,64.3554411038363,59.920352883069036,True,False,3|grow|rotor|flicker|s2|g2|structured,structured,True,merge_cross_edge,False,20000.0
2,961,2,p2g5_054_s3,seed3,966,5,selected_confirmation,seed3,"[""p2g5_054""]",27a2960d05f47297,ok,True,partial,0.3775,70.85962167519237,81.89616223358983,70.85962167519237,64.2376973401539,False,False,3|switch|rotor|liquid|s2|g2|structured,structured,True,merge_spatial_ic,False,20000.0
2,962,2,p2g5_014_s3,seed3,966,5,selected_confirmation,seed3,"[""p2g5_014""]",4bc572c30f13f6fe,ok,True,partial,0.0,59.01452087207106,78.68602782942808,59.01452087207106,47.21161669765685,False,False,3|grow|mobile|liquid|s2|g2|mixed,mixed,True,mutate,False,20000.0
2,963,2,p2g6_053_s2,seed2,965,6,selected_confirmation,seed2,"[""p2g6_053""]",3e9e387b61a8cb22,ok,True,partial,0.5511,73.74063785581511,79.95085047442015,73.74063785581511,70.01451028465209,True,True,4|grow|mobile|liquid|s2|g1|structured,structured,True,merge_spatial_ic,False,20000.0
2,964,2,p2g6_023_s2,seed2,965,6,selected_confirmation,seed2,"[""p2g6_023""]",76809ea594492749,ok,True,partial,0.4807,76.9043907974122,86.5158543965496,76.9043907974122,71.13751263792976,True,True,3|switch|rotor|liquid|s2|g2|structured,structured,True,mint_bilin,False,20000.0
2,965,2,p2g6_024_s2,seed2,965,6,selected_confirmation,seed2,"[""p2g6_024""]",3801d9a50ce247ff,ok,True,partial,0.4732,69.68605806667165,77.1414107555622,69.68605806667165,65.21284645333732,True,True,3|switch|rotor|flicker|s1|g2|structured,structured,True,mint_bilin,False,10000.0
2,966,2,p2g5_038_s3,seed3,966,5,selected_confirmation,seed3,"[""p2g5_038""]",381f1a1319bcbc24,ok,True,partial,0.0,59.71699014071716,79.6226535209562,59.71699014071716,47.77359211257372,False,False,4|grow|mobile|liquid|s2|g2|mixed,mixed,True,add_chan,False,20000.0
2,967,2,p2g5_004_s3,seed3,966,5,selected_confirmation,seed3,"[""p2g5_004""]",e6ffe6123e199389,ok,True,partial,0.4595,67.75631839067069,75.02509118756092,67.75631839067069,63.39505471253655,True,True,4|switch|rotor|liquid|s1|g1|structured,structured,True,mutate,False,20000.0
2,968,2,p2g5_012_s3,seed3,966,5,selected_confirmation,seed3,"[""p2g5_012""]",1686ffafd532b221,ok,True,partial,0.0,56.19331459986299,74.92441946648398,56.19331459986299,44.95465167989039,False,False,3|switch|rotor|liquid|s2|g2|mixed,mixed,True,mutate,False,20000.0
2,969,2,p2g6_062_s2,seed2,965,6,selected_confirmation,seed2,"[""p2g6_062""]",3d18e707f81a98a5,ok,True,partial,0.3029,64.08227554014564,75.34636738686085,64.08227554014564,57.323820432116506,False,False,4|grow|rotor|liquid|s2|g2|structured,structured,True,merge_cross_edge,False,5000.0
2,970,2,p2g6_009_s2,seed2,965,6,selected_confirmation,seed2,"[""p2g6_009""]",588817f3d854ea4a,ok,True,partial,0.1696,40.04908574642636,47.74544766190181,40.04908574642636,35.431268597141084,False,False,2|grow|drift|liquid|s1|g2|mixed,mixed,True,mutate,False,5000.0
2,971,2,p2g6_037_s2,seed2,965,6,selected_confirmation,seed2,"[""p2g6_037""]",5108c437d9814aae,ok,True,partial,0.6491,43.983079279406795,37.00743903920906,43.983079279406795,48.16846342352544,False,False,2|switch|mobile|flicker|s1|g0|structured,structured,True,add_chan,False,5000.0
2,972,2,p2g6_075_s2,seed2,965,6,selected_confirmation,seed2,"[""p2g6_075""]",9eb92b61e6e49a31,ok,True,partial,0.0,39.83901785023591,53.118690466981214,39.83901785023591,31.871214280188727,False,False,4|constant|rotor|liquid|s1|g2|mixed,mixed,True,merge_slow_tanh,False,5000.0
2,973,2,p2g6_025_s2,seed2,965,6,selected_confirmation,seed2,"[""p2g6_025""]",c24a8bb153964074,ok,True,partial,0.6433,62.22821731598353,61.52762308797804,62.22821731598353,62.648573852786825,True,True,4|switch|mobile|liquid|s1|g0|structured,structured,True,mint_bilin,False,5000.0
2,974,2,p2g5_027_s3,seed3,966,5,selected_confirmation,seed3,"[""p2g5_027""]",a28afd31660e28b1,ok,True,partial,0.0,48.146282042011975,64.19504272268263,48.146282042011975,38.51702563360958,False,False,4|switch|still|liquid|s1|g2|mixed,mixed,True,mint_bilin,False,5000.0
2,975,2,p2g5_059_s3,seed3,966,5,selected_confirmation,seed3,"[""p2g5_059""]",a40cd129e294485d,ok,True,partial,0.2008,50.88065212232275,61.147536163097,50.88065212232275,44.7205216978582,False,False,4|switch|drift|liquid|s1|g2|mixed,mixed,True,merge_cross_edge,False,5000.0
2,976,2,p2g5_053_s3,seed3,966,5,selected_confirmation,seed3,"[""p2g5_053""]",fa86cb8089d048d0,ok,True,partial,0.561,75.89923666254897,82.49898221673196,75.89923666254897,71.93938933003918,True,True,4|grow|mobile|liquid|s2|g2|structured,structured,True,merge_spatial_ic,False,20000.0
2,977,2,p2g5_067_s3,seed3,966,5,selected_confirmation,seed3,"[""p2g5_067""]",a3daeedefa51805f,ok,True,partial,0.4791,65.93716308933571,71.94621745244761,65.93716308933571,62.33173047146857,True,True,4|switch|mobile|flicker|s1|g2|structured,structured,True,merge_cross_edge,False,10000.0
2,978,2,p2g5_037_s3,seed3,966,5,selected_confirmation,seed3,"[""p2g5_037""]",c431dcb565349a5b,ok,True,partial,0.489,54.82846851531557,56.804624687087426,54.82846851531557,53.642774812252455,False,False,3|switch|mobile|flicker|s1|g0|structured,structured,True,add_chan,False,5000.0
2,979,2,p2g5_033_s3,seed3,966,5,selected_confirmation,seed3,"[""p2g5_033""]",c0e5ee29289750b3,ok,True,partial,0.3984,42.69697790937284,43.64930387916378,42.69697790937284,42.125582327498265,False,False,2|switch|drift|liquid|s1|g2|structured,structured,True,add_chan,False,5000.0
2,980,2,p2g5_002_s3,seed3,966,5,selected_confirmation,seed3,"[""p2g5_002""]",a60b58b1886c535e,ok,True,partial,0.0,44.27161522862158,59.02882030482877,44.27161522862158,35.41729218289726,False,False,2|switch|rotor|flicker|s1|g2|mixed,mixed,True,mutate,False,5000.0
2,981,2,p2g7_004,screen,964,7,creative_screen,mutate,"[""p2g3_045""]",70c9310f1d8673f7,ok,True,partial,0.0,0.0,0.0,0.0,0.0,False,False,1|relaxation|drift|gas|s1|g0|mixed,mixed,,mutate,False,2500.0
2,982,2,p2g7_011,screen,964,7,creative_screen,mutate,"[""p2g6_045""]",7a4306bff7a31664,ok,True,partial,0.0,32.88137273352972,43.841830311372966,32.88137273352972,26.30509818682378,False,False,2|constant|mobile|flicker|s1|g2|mixed,mixed,,mutate,False,2500.0
2,983,2,p2g7_015,screen,964,7,creative_screen,mutate,"[""p2g3_067""]",c322e7e02002fd2e,ok,True,partial,0.0,33.485720142436385,44.647626856581844,33.485720142436385,26.788576113949105,False,False,3|oscillator|still|liquid|s1|g2|mixed,mixed,,mutate,False,2500.0
2,984,2,p2g7_016,screen,964,7,creative_screen,mint_bilin,"[""p2g5_027""]",11d00b36063f15c3,ok,True,partial,0.0,48.16195506863938,64.21594009151917,48.16195506863938,38.5295640549115,False,False,4|switch|still|liquid|s1|g2|mixed,mixed,,mint_bilin,False,5000.0
2,985,2,p2g7_019,screen,964,7,creative_screen,mint_bilin,"[""p2g1_067""]",4187893a46d64a61,ok,True,partial,0.5833,71.01530433147909,75.24373910863879,71.01530433147909,68.47824346518328,True,True,4|grow|rotor|liquid|s2|g2|structured,structured,,mint_bilin,False,5000.0
2,986,2,p2g7_033,screen,964,7,creative_screen,add_chan,"[""p6g8_033""]",c714940c4a372999,ok,True,partial,0.3057,58.076461097412675,67.2452814632169,58.076461097412675,52.57516887793014,False,False,2|grow|mobile|liquid|s1|g2|structured,structured,,add_chan,False,2500.0
2,987,2,p2g7_035,screen,964,7,creative_screen,add_chan,"[""p2g3_031""]",e15453bd744cbf6d,ok,True,partial,0.4128,65.15541401151671,73.11388534868894,65.15541401151671,60.38033120921336,True,True,4|grow|mobile|liquid|s1|g2|structured,structured,,add_chan,False,5000.0
2,988,2,p2g7_044,screen,964,7,creative_screen,dup_act,"[""p6g9_021""]",c8f25b6a1d9a87ee,ok,True,partial,0.0,32.72941954431364,43.63922605908486,32.72941954431364,26.183535635450916,False,False,3|constant|mobile|gas|s1|g2|mixed,mixed,,dup_act,False,2500.0
2,989,2,p2g7_045,screen,964,7,creative_screen,dup_act,"[""p6g8_033""]",15a05b390f258ae1,ok,True,partial,0.0,22.00915272099331,29.345536961324413,22.00915272099331,17.607322176794646,False,False,2|constant|still|frozen|s1|g2|mixed,mixed,,dup_act,False,2500.0
2,990,2,p2g7_053,screen,964,7,creative_screen,merge_spatial_ic,"[""p6g1_040"",""p3g7_046""]",8e82b34b98815d51,ok,True,partial,0.5646,65.53803405059625,68.56404540079501,65.53803405059625,63.722427240477,True,True,4|switch|rotor|liquid|s1|g1|structured,structured,,merge_spatial_ic,True,2500.0
2,991,2,p2g7_056,screen,964,7,creative_screen,merge_cross_edge,"[""p2g6_020"",""ref_iso_d0.75""]",3b51b7b6ebdf7640,ok,True,partial,0.5811,77.2948817571266,83.68984234283546,77.2948817571266,73.45790540570127,True,True,4|switch|rotor|liquid|s3|g2|structured,structured,,merge_cross_edge,False,10000.0
2,992,2,p2g7_061,screen,964,7,creative_screen,merge_cross_edge,"[""p2g6_020"",""ref_iso_d0.75""]",8841c89369568eac,ok,True,partial,0.4007,61.49412455995396,68.63549941327194,61.49412455995396,57.209299647963164,True,False,4|switch|rotor|liquid|s1|g2|structured,structured,,merge_cross_edge,False,2500.0
2,993,2,p2g7_063,screen,964,7,creative_screen,merge_cross_edge,"[""p2g6_020"",""ref_iso_d0.65""]",4d87ed39ec4644b4,ok,True,partial,0.3017,67.86533668320924,80.43044891094564,67.86533668320924,60.326269346567386,False,False,4|grow|rotor|liquid|s2|g2|structured,structured,,merge_cross_edge,False,10000.0
2,994,2,p2g7_066,screen,964,7,creative_screen,merge_cross_edge,"[""p2g6_020"",""ref_M4_tau5.7""]",79bb60c77d9c0780,ok,True,partial,0.3109,68.73139410078483,81.27852546771311,68.73139410078483,61.20311528062786,False,False,4|grow|rotor|liquid|s3|g2|structured,structured,,merge_cross_edge,False,10000.0
2,995,2,p2g7_067,screen,964,7,creative_screen,merge_cross_edge,"[""p2g6_020"",""ref_M4_tau5.7""]",1cdb49f98a79bc2a,ok,True,partial,0.0,46.273629064343424,61.69817208579123,46.273629064343424,37.01890325147473,False,False,4|grow|mobile|liquid|s1|g2|mixed,mixed,,merge_cross_edge,False,2500.0
2,996,2,p2g7_070,screen,964,7,creative_screen,merge_cross_edge,"[""p2g6_066"",""ref_M4_tau5.7""]",a19c5b83f9511693,ok,True,partial,0.0597,35.62499984439759,45.509999792530124,35.62499984439759,29.693999875518074,False,False,3|oscillator|rotor|liquid|s1|g2|structured,structured,,merge_cross_edge,False,2500.0
2,997,2,p2g7_001,screen,964,7,creative_screen,mutate,"[""p3g9_022""]",fc91ce53931e912c,ok,True,partial,0.2813,42.08593047850714,46.737907304676185,42.08593047850714,39.29474438280571,False,False,3|switch|mobile|liquid|s1|g0|structured,structured,,mutate,False,2500.0
2,998,2,p2g7_002,screen,964,7,creative_screen,mutate,"[""p6g8_033""]",73d323826e73d5c5,ok,True,partial,0.5276,47.39740077570619,45.609867700941585,47.39740077570619,48.46992062056495,False,False,2|constant|drift|liquid|s1|g2|structured,structured,,mutate,False,2500.0
2,999,2,p2g7_008,screen,964,7,creative_screen,mutate,"[""p6g8_033""]",ae3a48d022ef5333,ok,True,partial,0.1969,41.495469993669516,48.76395999155936,41.495469993669516,37.13437599493562,False,False,1|grow|mobile|liquid|s1|g2|structured,structured,,mutate,False,5000.0
2,1000,2,p2g7_012,screen,964,7,creative_screen,mutate,"[""p3g6_032""]",18178f7552e6d226,ok,True,partial,0.4269,49.86411719257815,52.2554895901042,49.86411719257815,48.42929375406251,False,False,3|switch|mobile|liquid|s1|g0|structured,structured,,mutate,False,2500.0
2,1001,2,p2g7_013,screen,964,7,creative_screen,mutate,"[""p2g2_055""]",d8e51bf8ae2b6eee,ok,True,partial,0.0,4.771875,6.3625,4.771875,3.8175,False,False,1|constant|still|frozen|s1|g0|mixed,mixed,,mutate,False,2500.0
2,1002,2,p2g7_014,screen,964,7,creative_screen,mutate,"[""p2g3_031""]",6fac659c40ade3a7,ok,True,partial,0.3486,47.740323899006086,52.033765198674786,47.740323899006086,45.16425911920487,False,False,3|grow|mobile|liquid|s1|g0|structured,structured,,mutate,False,2500.0
2,1003,2,p2g7_023,screen,964,7,creative_screen,mint_bilin,"[""p6g9_021""]",f8cc1dba1660a9b1,ok,True,partial,0.5086,64.0857779055356,68.49437054071413,64.0857779055356,61.440622324428475,True,True,3|switch|mobile|liquid|s1|g2|structured,structured,,mint_bilin,False,2500.0
2,1004,2,p2g7_027,screen,964,7,creative_screen,mint_bilin,"[""p2g3_062""]",5e93f4b95d8a26b2,ok,True,partial,0.1825,56.86800855527852,69.7406780737047,56.86800855527852,49.144406844222814,False,False,4|grow|rotor|liquid|s1|g2|mixed,mixed,,mint_bilin,False,10000.0
2,1005,2,p2g7_062,screen,964,7,creative_screen,merge_cross_edge,"[""p3g6_070"",""blk_engine_10748""]",c70cec6118917968,ok,True,partial,0.2811,50.066718307546594,57.38562441006212,50.066718307546594,45.67537464603727,False,False,4|switch|drift|liquid|s2|g2|structured,structured,,merge_cross_edge,False,10000.0
2,1006,2,p2g7_064,screen,964,7,creative_screen,merge_cross_edge,"[""p2g6_020"",""ref_iso_d0.75""]",2f3fa729203cc360,ok,True,partial,0.3053,68.00122519758159,80.49163359677546,68.00122519758159,60.506980158065275,False,False,4|grow|rotor|liquid|s2|g2|structured,structured,,merge_cross_edge,False,10000.0
2,1007,2,p2g7_069,screen,964,7,creative_screen,merge_cross_edge,"[""p2g6_020"",""ref_M0""]",e102141fc79d98a2,ok,True,partial,0.376,70.91087271029903,82.01449694706537,70.91087271029903,64.24869816823922,False,False,4|grow|rotor|liquid|s2|g2|structured,structured,,merge_cross_edge,False,20000.0
2,1008,2,p2g7_073,screen,964,7,creative_screen,merge_slow_tanh,"[""p2g1_078"",""ref_BFIELD_g0.05""]",363809852374f57e,ok,True,partial,0.4404,58.903992044724994,63.85865605963333,58.903992044724994,55.93119363578,False,False,4|switch|rotor|liquid|s1|g2|structured,structured,,merge_slow_tanh,False,5000.0
2,1009,2,p2g7_018,screen,964,7,creative_screen,mint_bilin,"[""p3g9_022""]",f78661006689a89a,ok,True,partial,0.4053,61.51688922327185,68.51251896436247,61.51688922327185,57.31951137861748,True,False,3|grow|mobile|liquid|s2|g2|structured,structured,,mint_bilin,False,5000.0
2,1010,2,p2g7_022,screen,964,7,creative_screen,mint_bilin,"[""p3g9_022""]",255c7951d5980a91,ok,True,partial,0.5314,58.636672958647026,60.46889727819603,58.636672958647026,57.537338366917616,False,False,3|grow|mobile|flicker|s1|g2|structured,structured,,mint_bilin,False,2500.0
2,1011,2,p2g7_024,screen,964,7,creative_screen,mint_bilin,"[""p3g9_022""]",80c33b73e8056de9,ok,True,partial,0.6141,66.52030169980621,68.22373559974162,66.52030169980621,65.49824135984497,True,True,4|grow|mobile|liquid|s1|g2|structured,structured,,mint_bilin,False,2500.0
2,1012,2,p2g7_026,screen,964,7,creative_screen,mint_bilin,"[""p3g9_022""]",e7eb8911f7b4b4e1,ok,True,partial,0.5932,52.95016175850284,50.82688234467045,52.95016175850284,54.22412940680226,False,False,4|switch|rotor|liquid|s1|g2|structured,structured,,mint_bilin,False,2500.0
2,1013,2,p2g7_030,screen,964,7,creative_screen,delete_bilin,"[""p3g9_022""]",aeee09d4cce63b36,ok,True,partial,0.6864,53.93857106537388,49.03809475383184,53.93857106537388,56.87885685229911,False,False,4|oscillator|mobile|liquid|s1|g2|structured,structured,,delete_bilin,False,2500.0
2,1014,2,p2g7_036,screen,964,7,creative_screen,add_chan,"[""p6g7_028""]",494814329f752199,ok,True,partial,0.3427,59.14493265087568,67.43657686783423,59.14493265087568,54.16994612070054,False,False,2|switch|mobile|liquid|s1|g2|structured,structured,,add_chan,False,2500.0
2,1015,2,p2g7_041,screen,964,7,creative_screen,dup_act,"[""p6g7_028""]",1de77d181fad1536,ok,True,partial,0.0,39.126483981500215,52.16864530866695,39.126483981500215,31.30118718520017,False,False,3|constant|mobile|liquid|s1|g2|mixed,mixed,,dup_act,False,2500.0
2,1016,2,p2g7_046,screen,964,7,creative_screen,dup_act,"[""p6g7_028""]",3d2278c677b4dc55,ok,True,partial,0.0,37.9616901188582,50.61558682514426,37.9616901188582,30.369352095086555,False,False,3|constant|drift|liquid|s1|g2|mixed,mixed,,dup_act,False,2500.0
2,1017,2,p2g7_025,screen,964,7,creative_screen,mint_bilin,"[""p3g6_032""]",dc679be6e0d107bd,ok,True,partial,0.538,73.64882800951166,80.26510401268222,73.64882800951166,69.67906240760934,True,True,4|grow|mobile|liquid|s2|g1|structured,structured,,mint_bilin,False,20000.0
2,1018,2,p2g7_037,screen,964,7,creative_screen,add_chan,"[""p6g5_026""]",f4ab9eb407ec8ccd,ok,True,partial,0.3089,63.36610674887223,74.19147566516297,63.36610674887223,56.87088539909778,False,False,3|switch|mobile|liquid|s2|g2|structured,structured,,add_chan,False,10000.0
2,1019,2,p2g7_048,screen,964,7,creative_screen,merge_spatial_ic,"[""p6g9_021"",""p1g2_008""]",b310fbfc5cac334e,ok,True,partial,0.1951,54.972328492180864,66.79310465624116,54.972328492180864,47.87986279374469,False,False,3|switch|mobile|liquid|s1|g2|structured,structured,,merge_spatial_ic,True,20000.0
2,1020,2,p2g7_049,screen,964,7,creative_screen,merge_spatial_ic,"[""p3g9_022"",""p3g9_000""]",9a815b4bb1db78ea,ok,True,partial,0.6721,69.92321490923032,70.82761987897376,69.92321490923032,69.38057192738427,True,True,4|switch|mobile|liquid|s1|g2|structured,structured,,merge_spatial_ic,True,2500.0
2,1021,2,p2g7_051,screen,964,7,creative_screen,merge_spatial_ic,"[""p6g8_033"",""p6g7_028""]",27a2960d05f47297,ok,True,partial,0.4156,71.47053471861763,81.44071295815684,71.47053471861763,65.4884277748941,True,True,3|switch|rotor|liquid|s1|g2|structured,structured,,merge_spatial_ic,True,20000.0
2,1022,2,p2g7_055,screen,964,7,creative_screen,merge_spatial_ic,"[""p3g5_003"",""p6g9_022""]",a8588ddb13332b62,ok,True,partial,0.4725,65.35097565286365,71.38463420381821,65.35097565286365,61.73078052229092,True,True,4|switch|mobile|liquid|s1|g1|structured,structured,,merge_spatial_ic,True,2500.0
2,1023,2,p2g7_059,screen,964,7,creative_screen,merge_cross_edge,"[""p2g4_061"",""blk_engine_10748""]",d6b7c2163b6d4c1a,ok,True,partial,0.5587,65.01461289421265,68.06281719228353,65.01461289421265,63.18569031537012,True,True,4|grow|mobile|liquid|s1|g2|structured,structured,,merge_cross_edge,False,5000.0
2,1024,2,p2g7_071,screen,964,7,creative_screen,merge_slow_tanh,"[""p2g2_098"",""blk_p1g2_008""]",ade86f924ea40554,ok,True,partial,0.0,44.3971350475526,59.19618006340347,44.3971350475526,35.51770803804208,False,False,2|switch|mobile|liquid|s1|g2|mixed,mixed,,merge_slow_tanh,False,10000.0
2,1025,2,p2g7_076,screen,964,7,creative_screen,merge_share_chan,"[""p2g6_064"",""ref_iso_d0.65""]",051b6dab7b7c99be,ok,True,partial,0.2885,51.452438867068246,58.986585156090996,51.452438867068246,46.9319510936546,False,False,3|switch|mobile|flicker|s1|g2|structured,structured,,merge_share_chan,False,5000.0
2,1026,2,p2g7_000,screen,964,7,creative_screen,mutate,"[""p6g7_028""]",fa358d7f754ec8c3,ok,True,partial,0.2822,43.91357086588162,49.14476115450883,43.91357086588162,40.7748566927053,False,False,2|switch|mobile|liquid|s1|g2|structured,structured,,mutate,False,5000.0
2,1027,2,p2g7_003,screen,964,7,creative_screen,mutate,"[""p6g7_028""]",ccaa3c4535c220d0,ok,True,partial,0.5647,63.444950316499394,65.76993375533253,63.444950316499394,62.049960253199515,True,True,3|switch|rotor|liquid|s1|g2|structured,structured,,mutate,False,5000.0
2,1028,2,p2g7_005,screen,964,7,creative_screen,mutate,"[""p2g1_052""]",b4b53a7a101e52ce,ok,True,partial,0.5252,60.935492809155136,63.74065707887351,60.935492809155136,59.252394247324105,True,False,3|switch|mobile|liquid|s2|g0|structured,structured,,mutate,False,10000.0
2,1029,2,p2g7_006,screen,964,7,creative_screen,mutate,"[""p1g7_023""]",909ee3a4c82b0d04,ok,True,partial,0.5543,59.693690916539204,61.11492122205227,59.693690916539204,58.84095273323136,False,False,4|switch|mobile|liquid|s1|g0|structured,structured,,mutate,False,2500.0
2,1030,2,p2g7_020,screen,964,7,creative_screen,mint_bilin,"[""p5g4_065""]",7049efc9625ff803,ok,True,partial,0.0,23.882699932900522,31.84359991053403,23.882699932900522,19.106159946320417,False,False,3|constant|drift|flicker|s1|g0|mixed,mixed,,mint_bilin,False,2500.0
2,1031,2,p2g7_021,screen,964,7,creative_screen,mint_bilin,"[""p6g7_028""]",d1839314b65cb863,ok,True,partial,0.5179,72.17037693087444,78.96383590783259,72.17037693087444,68.09430154469956,True,True,3|grow|rotor|liquid|s2|g2|structured,structured,,mint_bilin,False,20000.0
2,1032,2,p2g7_028,screen,964,7,creative_screen,delete_bilin,"[""p2g3_053""]",3d7f5a6b0d5c6099,ok,True,partial,0.5381,57.27181149065943,58.42574865421257,57.27181149065943,56.57944919252754,False,False,4|switch|mobile|liquid|s1|g0|structured,structured,,delete_bilin,False,2500.0
2,1033,2,p2g7_031,screen,964,7,creative_screen,delete_bilin,"[""p6g5_026""]",301efdd69e749619,ok,True,partial,0.4072,67.58962796608604,76.54617062144806,67.58962796608604,62.21570237286883,True,True,3|switch|rotor|liquid|s2|g2|structured,structured,,delete_bilin,False,10000.0
2,1034,2,p2g7_034,screen,964,7,creative_screen,add_chan,"[""p2g6_020""]",4eb148db3f5dce8e,ok,True,partial,0.5186,71.37627055852967,77.88169407803956,71.37627055852967,67.47301644682373,True,True,3|grow|rotor|liquid|s2|g2|structured,structured,,add_chan,False,10000.0
2,1035,2,p2g7_038,screen,964,7,creative_screen,add_chan,"[""p2g6_066""]",5f54baf26afab2ae,ok,True,partial,0.0,7.449271797839506,9.932362397119341,7.449271797839506,5.959417438271605,False,False,1|constant|still|frozen|s1|g2|mixed,mixed,,add_chan,False,2500.0
2,1036,2,p2g7_047,screen,964,7,creative_screen,dup_act,"[""p2g6_020""]",d1ff88d6d080c72d,ok,True,partial,0.0,50.03349620887954,66.71132827850606,50.03349620887954,40.026796967103635,False,False,4|switch|mobile|liquid|s1|g2|mixed,mixed,,dup_act,False,2500.0
2,1037,2,p2g7_050,screen,964,7,creative_screen,merge_spatial_ic,"[""p6g5_026"",""p2g5_019""]",ead25ce87e4b853d,ok,True,partial,0.3167,57.81773241547729,66.53364322063639,57.81773241547729,52.58818593238183,False,False,3|switch|mobile|liquid|s1|g2|structured,structured,,merge_spatial_ic,True,2500.0
2,1038,2,p2g7_052,screen,964,7,creative_screen,merge_spatial_ic,"[""p6g7_028"",""p3g9_021""]",99843d9cd96588d6,ok,True,partial,0.4197,69.8965690915083,79.2054254553444,69.8965690915083,64.31125527320664,True,True,3|grow|mobile|liquid|s2|g2|structured,structured,,merge_spatial_ic,True,10000.0
2,1039,2,p2g7_060,screen,964,7,creative_screen,merge_cross_edge,"[""p6g1_043"",""blk_p6g1_043""]",f33ee30b73192b64,ok,True,partial,0.5478,56.689348036276556,57.325797381702074,56.689348036276556,56.307478429021245,False,False,4|grow|mobile|liquid|s1|g0|structured,structured,,merge_cross_edge,False,5000.0
2,1040,2,p2g7_065,screen,964,7,creative_screen,merge_cross_edge,"[""p2g1_078"",""ref_iso_d0.65""]",dad09fcb91db9ef5,ok,True,partial,0.4591,60.22754341420388,65.00005788560517,60.22754341420388,57.364034731363105,True,False,4|switch|mobile|liquid|s1|g2|structured,structured,,merge_cross_edge,False,10000.0
2,1041,2,p2g7_007,screen,964,7,creative_screen,mutate,"[""p2g6_020""]",4d890f1debfd5c04,ok,True,partial,0.1993,42.64321159093578,50.2142821212477,42.64321159093578,38.100569272748615,False,False,3|switch|mobile|liquid|s1|g2|mixed,mixed,,mutate,False,5000.0
2,1042,2,p2g7_009,screen,964,7,creative_screen,mutate,"[""p2g6_020""]",430bba2aa6598f5f,ok,True,partial,0.3251,51.113052327431774,57.31406976990904,51.113052327431774,47.39244186194542,False,False,3|switch|rotor|liquid|s1|g2|structured,structured,,mutate,False,2500.0
2,1043,2,p2g7_029,screen,964,7,creative_screen,delete_bilin,"[""p2g6_020""]",efe73b5851901019,ok,True,partial,0.3398,67.94848253167592,79.27131004223456,67.94848253167592,61.154786025340734,False,False,3|grow|mobile|liquid|s2|g2|structured,structured,,delete_bilin,False,10000.0
2,1044,2,p2g7_039,screen,964,7,creative_screen,add_chan,"[""p6g7_013""]",9e7b3a1d8d445359,ok,True,partial,0.3873,59.781671576175334,66.79889543490044,59.781671576175334,55.57133726094026,False,False,3|switch|drift|liquid|s1|g2|structured,structured,,add_chan,False,2500.0
2,1045,2,p2g7_057,screen,964,7,creative_screen,merge_cross_edge,"[""p10g0_ds6_000"",""ref_iso_d0.75""]",cc1b80b2a243627d,ok,True,partial,0.5656,63.9380989212923,66.39746522838973,63.9380989212923,62.46247913703384,True,True,3|switch|rotor|flicker|s1|g2|structured,structured,,merge_cross_edge,False,2500.0
2,1046,2,p2g7_058,screen,964,7,creative_screen,merge_cross_edge,"[""p5g8_014"",""ref_M0""]",d2b5e6ecd97a8345,ok,True,partial,0.5613,68.0026847499936,71.9602463333248,68.0026847499936,65.62814779999488,True,True,3|switch|rotor|flicker|s1|g2|structured,structured,,merge_cross_edge,False,2500.0
2,1047,2,p2g6_045_s2,seed2,965,6,selected_confirmation,seed2,"[""p2g6_045""]",032892bff9dbdd31,ok,True,partial,0.0,31.247689590629218,41.66358612083896,31.247689590629218,24.998151672503372,False,False,2|oscillator|still|liquid|s1|g2|mixed,mixed,True,dup_act,False,2500.0
2,1048,2,p2g6_061_s2,seed2,965,6,selected_confirmation,seed2,"[""p2g6_061""]",9e7b58ed78ae101b,ok,True,partial,0.5011,66.44365000600574,71.88820000800766,66.44365000600574,63.1769200048046,True,True,4|switch|mobile|liquid|s1|g2|structured,structured,True,merge_cross_edge,False,10000.0
2,1049,2,p2g6_007_s2,seed2,965,6,selected_confirmation,seed2,"[""p2g6_007""]",17762d87e53407fe,ok,True,partial,0.0,19.413756617399407,25.88500882319921,19.413756617399407,15.531005293919526,False,False,1|switch|mobile|liquid|s1|g0|mixed,mixed,True,mutate,False,2500.0
2,1050,2,p2g6_036_s2,seed2,965,6,selected_confirmation,seed2,"[""p2g6_036""]",577558c9475fa93f,ok,True,partial,0.4156,36.57152006228116,34.90869341637488,36.57152006228116,37.56921604982493,False,False,1|switch|mobile|liquid|s1|g0|structured,structured,True,add_chan,False,2500.0
2,1051,2,p2g6_040_s2,seed2,965,6,selected_confirmation,seed2,"[""p2g6_040""]",49905ec1733859f0,ok,True,partial,0.0,41.814333999174835,55.752445332233115,41.814333999174835,33.45146719933987,False,False,3|constant|mobile|liquid|s1|g2|mixed,mixed,True,dup_act,False,2500.0
2,1052,2,p2g6_051_s2,seed2,965,6,selected_confirmation,seed2,"[""p2g6_051""]",f6f348579074846d,ok,True,partial,0.0,44.8997025277952,59.86627003706027,44.8997025277952,35.919762022236156,False,False,4|constant|rotor|liquid|s1|g2|mixed,mixed,True,merge_spatial_ic,False,5000.0
2,1053,2,p2g6_068_s2,seed2,965,6,selected_confirmation,seed2,"[""p2g6_068""]",df3f4616233b9032,ok,True,partial,0.0,35.635736633731916,47.51431551164256,35.635736633731916,28.508589306985535,False,False,4|constant|mobile|flicker|s1|g2|mixed,mixed,True,merge_slow_tanh,False,2500.0
2,1054,2,p2g6_064_s2,seed2,965,6,selected_confirmation,seed2,"[""p2g6_064""]",c23cb1da3252491f,ok,True,partial,0.5543,63.52677947551902,66.22570596735869,63.52677947551902,61.90742358041521,True,True,3|switch|mobile|flicker|s1|g2|structured,structured,True,merge_cross_edge,False,2500.0
2,1055,2,p2g6_066_s2,seed2,965,6,selected_confirmation,seed2,"[""p2g6_066""]",7e92bc4c7ade11fd,ok,True,partial,0.0705,32.47565910681246,40.95087880908328,32.47565910681246,27.390527285449966,False,False,2|oscillator|rotor|liquid|s1|g2|structured,structured,True,merge_cross_edge,False,2500.0
2,1056,2,p2g5_007_s3,seed3,966,5,selected_confirmation,seed3,"[""p2g5_007""]",1b12ec79d853acdf,ok,True,partial,0.0,34.99619421485849,46.66159228647799,34.99619421485849,27.996955371886795,False,False,2|switch|mobile|gas|s1|g2|mixed,mixed,True,mutate,False,2500.0
2,1057,2,p2g5_011_s3,seed3,966,5,selected_confirmation,seed3,"[""p2g5_011""]",59e24fc50ad070af,ok,True,partial,0.0,8.841917902192693,11.789223869590257,8.841917902192693,7.073534321754154,False,False,1|constant|still|gas|s1|g2|mixed,mixed,True,mutate,False,2500.0
2,1058,2,p2g5_063_s3,seed3,966,5,selected_confirmation,seed3,"[""p2g5_063""]",a8164ab6431e4ee0,ok,True,partial,0.0398,27.96858224247787,35.96477632330382,27.96858224247787,23.17086579398229,False,False,4|switch|still|frozen|s1|g2|mixed,mixed,True,merge_cross_edge,False,5000.0
2,1059,2,p2g5_069_s3,seed3,966,5,selected_confirmation,seed3,"[""p2g5_069""]",1473cab46e09e591,ok,True,partial,0.0,5.6625,7.55,5.6625,4.529999999999999,False,False,1|constant|still|frozen|s1|g0|mixed,mixed,True,merge_cross_edge,False,2500.0
2,1060,2,p2g5_005_s3,seed3,966,5,selected_confirmation,seed3,"[""p2g5_005""]",3ff0bea4b19ab900,ok,True,partial,0.5348,62.193867100952275,65.09848946793636,62.193867100952275,60.451093680761815,True,True,3|switch|mobile|liquid|s1|g2|structured,structured,True,mutate,False,5000.0
2,1061,2,p2g5_057_s3,seed3,966,5,selected_confirmation,seed3,"[""p2g5_057""]",becf807451e6d745,ok,True,partial,0.0,35.03702356942057,46.71603142589409,35.03702356942057,28.02961885553645,False,False,3|constant|mobile|liquid|s1|g1|mixed,mixed,True,merge_cross_edge,False,2500.0
2,1062,2,p2g7_081,screen,964,7,creative_screen,immigrate,,31c1a9c3541ebc5b,no_blobs,True,missing,,0.0,,,,False,False,,,,immigrate,False,
2,1063,2,p2g7_087,screen,964,7,creative_screen,immigrate,,02f791025eb97107,no_blobs,True,missing,,0.0,,,,False,False,,,,immigrate,False,
2,1064,2,p2g7_089,screen,964,7,creative_screen,immigrate,,1a69ad6e89889462,no_blobs,True,missing,,0.0,,,,False,False,,,,immigrate,False,
2,1065,2,p2g7_094,screen,964,7,creative_screen,immigrate,,aba60ddca6133c99,no_blobs,True,missing,,0.0,,,,False,False,,,,immigrate,False,
2,1066,2,p2g7_096,screen,964,7,creative_screen,immigrate,,997ce2d96b07e49e,no_blobs,True,missing,,0.0,,,,False,False,,,,immigrate,False,
2,1067,2,p2g7_086,screen,964,7,creative_screen,immigrate,,3b43bfe3cd1b03da,no_blobs,True,missing,,0.0,,,,False,False,,,,immigrate,False,
2,1068,2,p2g7_093,screen,964,7,creative_screen,immigrate,,05f3543f7728423f,no_blobs,True,missing,,0.0,,,,False,False,,,,immigrate,False,
2,1069,2,p2g7_095,screen,964,7,creative_screen,immigrate,,1178f83329ba3971,no_blobs,True,missing,,0.0,,,,False,False,,,,immigrate,False,
2,1070,2,p2g7_078,screen,964,7,creative_screen,immigrate,,7a5cf9774f2015cd,ok,True,partial,0.0,0.0,0.0,0.0,0.0,False,False,1|constant|still|gas|s1|g0|mixed,mixed,,immigrate,False,2500.0
2,1071,2,p2g7_080,screen,964,7,creative_screen,immigrate,,348ca73b9d68431f,ok,True,partial,0.0,0.0,0.0,0.0,0.0,False,False,1|constant|still|gas|s1|g2|mixed,mixed,,immigrate,False,2500.0
2,1072,2,p2g7_085,screen,964,7,creative_screen,immigrate,,46bd1163d765fb16,ok,True,partial,0.0,0.0,0.0,0.0,0.0,False,False,1|constant|still|gas|s1|g0|mixed,mixed,,immigrate,False,2500.0
2,1073,2,p2g7_090,screen,964,7,creative_screen,immigrate,,1428d58ae7053273,ok,True,partial,0.0,0.0,0.0,0.0,0.0,False,False,1|constant|still|gas|s1|g0|mixed,mixed,,immigrate,False,2500.0
2,1074,2,p2g7_091,screen,964,7,creative_screen,immigrate,,ebec6a803773c84d,ok,True,partial,0.0,0.0,0.0,0.0,0.0,False,False,1|constant|still|gas|s1|g0|mixed,mixed,,immigrate,False,2500.0
2,1075,2,p2g7_079,screen,964,7,creative_screen,immigrate,,bc0157b44c59bd5f,ok,True,partial,0.0,30.17170497398389,40.22893996531185,30.17170497398389,24.13736397918711,False,False,1|switch|mobile|flicker|s1|g0|mixed,mixed,,immigrate,False,2500.0
2,1076,2,p2g7_084,screen,964,7,creative_screen,immigrate,,ee495e4c9f526a85,ok,True,partial,0.0,0.0,0.0,0.0,0.0,False,False,1|constant|mobile|gas|s1|g2|mixed,mixed,,immigrate,False,2500.0
2,1077,2,p2g7_097,screen,964,7,creative_screen,immigrate,,6321d885f56bc76f,ok,True,partial,0.0,0.0,0.0,0.0,0.0,False,False,1|constant|still|gas|s1|g0|mixed,mixed,,immigrate,False,2500.0
2,1078,2,p2g7_082,screen,964,7,creative_screen,immigrate,,b50cd45aeb9e92e4,no_blobs,True,missing,,0.0,,,,False,False,,,,immigrate,False,
2,1079,2,p2g7_083,screen,964,7,creative_screen,immigrate,,92aaabe9cc1aed5f,no_blobs,True,missing,,0.0,,,,False,False,,,,immigrate,False,
2,1080,2,p2g7_088,screen,964,7,creative_screen,immigrate,,c2196f6576e93c58,no_blobs,True,missing,,0.0,,,,False,False,,,,immigrate,False,
2,1081,2,p2g7_092,screen,964,7,creative_screen,immigrate,,f4b1331c0d58c57e,ok,True,partial,0.0,0.0,0.0,0.0,0.0,False,False,1|constant|still|gas|s1|g0|mixed,mixed,,immigrate,False,2500.0
2,1082,2,p2g7_054_s2,seed2,965,7,selected_confirmation,seed2,"[""p2g7_054""]",d2673ccaa565671c,ok,True,partial,0.0,53.556726897724616,71.40896919696615,53.556726897724616,42.84538151817969,False,False,3|grow|mobile|liquid|s1|g1|mixed,mixed,True,merge_spatial_ic,False,20000.0
2,1083,2,p2g7_017_s2,seed2,965,7,selected_confirmation,seed2,"[""p2g7_017""]",7356b79a3853a82a,ok,True,partial,0.0,50.49153530056776,67.32204706742368,50.49153530056776,40.39322824045421,False,False,2|grow|mobile|liquid|s1|g2|mixed,mixed,True,mint_bilin,False,20000.0
2,1084,2,p2g7_068_s2,seed2,965,7,selected_confirmation,seed2,"[""p2g7_068""]",2e50de072bfe838d,ok,True,partial,0.0,21.3359,28.447866666666666,21.3359,17.06872,False,False,2|constant|still|flicker|s1|g2|mixed,mixed,True,merge_slow_tanh,False,2500.0
2,1085,2,p2g6_019_s3,seed3,966,6,selected_confirmation,seed3,"[""p2g6_019""]",676a38b9c4dab715,ok,True,partial,0.0,20.645654247798355,27.52753899706447,20.645654247798355,16.516523398238682,False,False,1|grow|still|gas|s1|g2|mixed,mixed,True,mint_bilin,False,20000.0
2,1086,2,p2g6_032_s3,seed3,966,6,selected_confirmation,seed3,"[""p2g6_032""]",67cf21942715762c,ok,True,partial,0.4952,68.06994728392698,74.25326304523597,68.06994728392698,64.35995782714159,True,True,3|switch|rotor|liquid|s1|g1|structured,structured,True,add_chan,False,20000.0
2,1087,2,p2g6_053_s3,seed3,966,6,selected_confirmation,seed3,"[""p2g6_053""]",3e9e387b61a8cb22,ok,True,partial,0.5699,76.56323141086344,83.08764188115126,76.56323141086344,72.64858512869075,True,True,4|grow|mobile|liquid|s2|g1|structured,structured,True,merge_spatial_ic,False,20000.0
2,1088,2,p2g6_023_s3,seed3,966,6,selected_confirmation,seed3,"[""p2g6_023""]",76809ea594492749,ok,True,partial,0.2326,65.28340873171,79.29121164227999,65.28340873171,56.878726985368,False,False,3|switch|rotor|liquid|s2|g2|structured,structured,True,mint_bilin,False,20000.0
2,1089,2,p2g6_004_s3,seed3,966,6,selected_confirmation,seed3,"[""p2g6_004""]",581f6892914ea331,ok,True,partial,0.4399,76.43672142155052,87.25229522873401,76.43672142155052,69.94737713724041,True,True,3|grow|mobile|liquid|s3|g2|structured,structured,True,mutate,False,20000.0
2,1090,2,p2g6_022_s3,seed3,966,6,selected_confirmation,seed3,"[""p2g6_022""]",5bce9a3aabaf8673,ok,True,partial,0.0,55.278391737720256,73.70452231696034,55.278391737720256,44.2227133901762,False,False,3|grow|mobile|liquid|s1|g2|mixed,mixed,True,mint_bilin,False,20000.0
2,1091,2,p2g7_056_s2,seed2,965,7,selected_confirmation,seed2,"[""p2g7_056""]",3b51b7b6ebdf7640,ok,True,partial,0.6342,72.01247022857532,74.87662697143377,72.01247022857532,70.29397618286026,True,True,4|switch|rotor|liquid|s1|g2|structured,structured,True,merge_cross_edge,False,10000.0
2,1092,2,p2g6_061_s3,seed3,966,6,selected_confirmation,seed3,"[""p2g6_061""]",9e7b58ed78ae101b,ok,True,partial,0.5204,66.60182022961422,71.45576030615229,66.60182022961422,63.68945618369136,True,True,4|switch|mobile|liquid|s1|g2|structured,structured,True,merge_cross_edge,False,10000.0
2,1093,2,p2g7_016_s2,seed2,965,7,selected_confirmation,seed2,"[""p2g7_016""]",11d00b36063f15c3,ok,True,partial,0.0,48.31307642024012,64.41743522698683,48.31307642024012,38.65046113619209,False,False,4|switch|still|liquid|s1|g2|mixed,mixed,True,mint_bilin,False,5000.0
2,1094,2,p2g7_060_s2,seed2,965,7,selected_confirmation,seed2,"[""p2g7_060""]",f33ee30b73192b64,ok,True,partial,0.5031,59.50115057349515,62.564867431326874,59.50115057349515,57.66292045879612,False,False,4|grow|rotor|liquid|s2|g0|structured,structured,True,merge_cross_edge,False,5000.0
2,1095,2,p2g6_009_s3,seed3,966,6,selected_confirmation,seed3,"[""p2g6_009""]",588817f3d854ea4a,ok,True,partial,0.0868,37.077886578217786,46.54384877095705,37.077886578217786,31.39830926257423,False,False,2|grow|drift|liquid|s1|g2|mixed,mixed,True,mutate,False,5000.0
2,1096,2,p2g6_037_s3,seed3,966,6,selected_confirmation,seed3,"[""p2g6_037""]",5108c437d9814aae,ok,True,partial,0.4652,46.40412012442956,46.36549349923941,46.40412012442956,46.427296099543646,False,False,2|switch|mobile|flicker|s1|g0|structured,structured,True,add_chan,False,5000.0
2,1097,2,p2g6_075_s3,seed3,966,6,selected_confirmation,seed3,"[""p2g6_075""]",9eb92b61e6e49a31,ok,True,partial,0.0,40.96338079943264,54.61784106591019,40.96338079943264,32.77070463954611,False,False,4|constant|mobile|flicker|s1|g2|mixed,mixed,True,merge_slow_tanh,False,5000.0
2,1098,2,p2g6_051_s3,seed3,966,6,selected_confirmation,seed3,"[""p2g6_051""]",f6f348579074846d,ok,True,partial,0.0,50.16508521461549,66.88678028615398,50.16508521461549,40.13206817169239,False,False,4|constant|rotor|liquid|s1|g2|mixed,mixed,True,merge_spatial_ic,False,5000.0
2,1099,2,p2g6_025_s3,seed3,966,6,selected_confirmation,seed3,"[""p2g6_025""]",c24a8bb153964074,ok,True,partial,0.54,55.736091980138205,56.31478930685094,55.736091980138205,55.38887358411056,False,False,3|switch|mobile|flicker|s1|g0|structured,structured,True,mint_bilin,False,5000.0
2,1100,2,p2g7_011_s2,seed2,965,7,selected_confirmation,seed2,"[""p2g7_011""]",7a4306bff7a31664,ok,True,partial,0.0,31.65552029611881,42.20736039482508,31.65552029611881,25.324416236895047,False,False,2|constant|mobile|flicker|s1|g2|mixed,mixed,True,mutate,False,2500.0
2,1101,2,p2g7_015_s2,seed2,965,7,selected_confirmation,seed2,"[""p2g7_015""]",c322e7e02002fd2e,ok,True,partial,0.0,34.45317825235449,45.93757100313932,34.45317825235449,27.56254260188359,False,False,3|switch|still|liquid|s1|g2|mixed,mixed,True,mutate,False,2500.0
2,1102,2,p2g7_033_s2,seed2,965,7,selected_confirmation,seed2,"[""p2g7_033""]",c714940c4a372999,ok,True,partial,0.3897,62.88927988069904,70.86237317426539,62.88927988069904,58.10542390455923,False,False,2|grow|mobile|liquid|s1|g2|structured,structured,True,add_chan,False,2500.0
2,1103,2,p2g7_044_s2,seed2,965,7,selected_confirmation,seed2,"[""p2g7_044""]",c8f25b6a1d9a87ee,ok,True,partial,0.0,39.47651770992526,52.635356946567015,39.47651770992526,31.581214167940207,False,False,3|constant|mobile|liquid|s1|g2|mixed,mixed,True,dup_act,False,2500.0
2,1104,2,p2g7_053_s2,seed2,965,7,selected_confirmation,seed2,"[""p2g7_053""]",8e82b34b98815d51,ok,True,partial,0.565,66.59558096849929,69.96077462466572,66.59558096849929,64.57646477479943,True,True,4|switch|mobile|flicker|s1|g1|structured,structured,True,merge_spatial_ic,False,2500.0
2,1105,2,p2g7_002_s2,seed2,965,7,selected_confirmation,seed2,"[""p2g7_002""]",73d323826e73d5c5,ok,True,partial,0.4393,49.5034713713377,51.3612951617836,49.5034713713377,48.38877709707016,False,False,2|constant|mobile|liquid|s1|g2|structured,structured,True,mutate,False,2500.0
2,1106,2,p2g7_030_s2,seed2,965,7,selected_confirmation,seed2,"[""p2g7_030""]",aeee09d4cce63b36,ok,True,partial,0.4415,65.88316918915724,73.12755891887633,65.88316918915724,61.536535351325796,True,True,4|grow|mobile|liquid|s1|g2|structured,structured,True,delete_bilin,False,5000.0
2,1107,2,p2g7_036_s2,seed2,965,7,selected_confirmation,seed2,"[""p2g7_036""]",494814329f752199,ok,True,partial,0.5265,58.92701983945754,61.01935978594339,58.92701983945754,57.67161587156603,False,False,2|switch|mobile|liquid|s1|g2|structured,structured,True,add_chan,False,2500.0
2,1108,2,p2g7_020_s2,seed2,965,7,selected_confirmation,seed2,"[""p2g7_020""]",7049efc9625ff803,ok,True,partial,0.0,26.229171732333448,34.9722289764446,26.229171732333448,20.983337385866758,False,False,3|constant|mobile|flicker|s1|g0|mixed,mixed,True,mint_bilin,False,2500.0
2,1109,2,p2g7_039_s2,seed2,965,7,selected_confirmation,seed2,"[""p2g7_039""]",9e7b3a1d8d445359,ok,True,partial,0.3723,59.42652304039369,66.82536405385825,59.42652304039369,54.987218432314954,False,False,3|switch|drift|liquid|s1|g2|structured,structured,True,add_chan,False,2500.0
2,1110,2,p2g6_045_s3,seed3,966,6,selected_confirmation,seed3,"[""p2g6_045""]",032892bff9dbdd31,ok,True,partial,0.0,42.302442799074825,56.403257065433095,42.302442799074825,33.841954239259856,False,False,3|constant|drift|liquid|s1|g2|mixed,mixed,True,dup_act,False,2500.0
2,1111,2,p2g6_007_s3,seed3,966,6,selected_confirmation,seed3,"[""p2g6_007""]",17762d87e53407fe,ok,True,partial,0.0,12.895215484186814,17.193620645582417,12.895215484186814,10.31617238734945,False,False,1|switch|mobile|gas|s1|g0|mixed,mixed,True,mutate,False,2500.0
2,1112,2,p2g6_036_s3,seed3,966,6,selected_confirmation,seed3,"[""p2g6_036""]",577558c9475fa93f,ok,True,partial,0.3641,32.5963182800906,31.325091040120807,32.5963182800906,33.359054624072485,False,False,1|relaxation|mobile|liquid|s1|g0|structured,structured,True,add_chan,False,2500.0
2,1113,2,p2g6_040_s3,seed3,966,6,selected_confirmation,seed3,"[""p2g6_040""]",49905ec1733859f0,ok,True,partial,0.0,45.1352054121068,60.18027388280907,45.1352054121068,36.10816432968544,False,False,3|constant|mobile|flicker|s1|g2|mixed,mixed,True,dup_act,False,2500.0
2,1114,2,p2g6_068_s3,seed3,966,6,selected_confirmation,seed3,"[""p2g6_068""]",df3f4616233b9032,ok,True,partial,0.0,28.991980625686637,38.65597416758218,28.991980625686637,23.193584500549306,False,False,4|constant|still|flicker|s1|g2|mixed,mixed,True,merge_slow_tanh,False,2500.0
2,1115,2,p2g6_024_s3,seed3,966,6,selected_confirmation,seed3,"[""p2g6_024""]",3801d9a50ce247ff,ok,True,partial,0.444,69.33202308780008,77.6426974504001,69.33202308780008,64.34561847024007,True,True,3|switch|rotor|flicker|s1|g2|structured,structured,True,mint_bilin,False,10000.0
2,1116,2,p2g6_066_s3,seed3,966,6,selected_confirmation,seed3,"[""p2g6_066""]",7e92bc4c7ade11fd,ok,True,partial,0.0426,23.666885730424877,30.135847640566503,23.666885730424877,19.7855085843399,False,False,2|oscillator|drift|frozen|s1|g2|mixed,mixed,True,merge_cross_edge,False,2500.0
2,1117,2,p2g7_079_s2,seed2,965,7,selected_confirmation,seed2,"[""p2g7_079""]",bc0157b44c59bd5f,ok,True,partial,0.0,30.21355497398389,40.28473996531185,30.21355497398389,24.170843979187108,False,False,1|switch|mobile|flicker|s1|g0|mixed,mixed,True,immigrate,False,2500.0
2,1118,2,p2g6_012_s3,seed3,966,6,selected_confirmation,seed3,"[""p2g6_012""]",f81c4ef4a320163d,ok,True,partial,0.6095,72.99701853025266,77.01269137367022,72.99701853025266,70.58761482420213,True,True,4|grow|mobile|liquid|s1|g1|structured,structured,True,mutate,False,20000.0
2,1119,2,p2g6_014_s3,seed3,966,6,selected_confirmation,seed3,"[""p2g6_014""]",b924ef3cd36f965e,ok,True,partial,0.4438,72.69238323164583,82.12984430886112,72.69238323164583,67.02990658531667,True,True,3|grow|mobile|liquid|s3|g2|structured,structured,True,mutate,False,20000.0
2,1120,2,p2g7_005_s2,seed2,965,7,selected_confirmation,seed2,"[""p2g7_005""]",b4b53a7a101e52ce,ok,True,partial,0.5324,59.8011702522346,61.98822700297947,59.8011702522346,58.48893620178768,False,False,3|switch|mobile|liquid|s2|g0|structured,structured,True,mutate,False,10000.0
2,1121,2,p2g6_062_s3,seed3,966,6,selected_confirmation,seed3,"[""p2g6_062""]",3d18e707f81a98a5,ok,True,partial,0.2289,66.82357673935486,81.46810231913982,66.82357673935486,58.03686139148389,False,False,4|grow|rotor|liquid|s3|g2|structured,structured,True,merge_cross_edge,False,10000.0
2,1122,2,p2g7_049_s2,seed2,965,7,selected_confirmation,seed2,"[""p2g7_049""]",9a815b4bb1db78ea,ok,True,partial,0.5696,77.18945748529181,83.93260998038909,77.18945748529181,73.14356598823345,True,True,4|grow|mobile|liquid|s2|g2|structured,structured,True,merge_spatial_ic,False,20000.0
2,1123,2,p2g7_006_s2,seed2,965,7,selected_confirmation,seed2,"[""p2g7_006""]",909ee3a4c82b0d04,ok,True,partial,0.5586,57.391343875057274,57.901791833409696,57.391343875057274,57.08507510004582,False,False,4|switch|mobile|liquid|s1|g0|structured,structured,True,mutate,False,2500.0
2,1124,2,p2g6_064_s3,seed3,966,6,selected_confirmation,seed3,"[""p2g6_064""]",c23cb1da3252491f,ok,True,partial,0.5554,64.317310650955,67.24308086794,64.317310650955,62.561848520763995,True,True,3|switch|mobile|flicker|s1|g2|structured,structured,True,merge_cross_edge,False,2500.0
2,1125,2,p2g7_054_s3,seed3,966,7,selected_confirmation,seed3,"[""p2g7_054""]",d2673ccaa565671c,ok,True,partial,0.0,51.86316203444327,69.15088271259103,51.86316203444327,41.490529627554615,False,False,3|grow|mobile|liquid|s1|g1|mixed,mixed,True,merge_spatial_ic,False,20000.0
2,1126,2,p2g7_017_s3,seed3,966,7,selected_confirmation,seed3,"[""p2g7_017""]",7356b79a3853a82a,ok,True,partial,0.0,49.51225425089282,66.01633900119043,49.51225425089282,39.609803400714256,False,False,2|grow|mobile|liquid|s1|g2|mixed,mixed,True,mint_bilin,False,20000.0
2,1127,2,p2g7_068_s3,seed3,966,7,selected_confirmation,seed3,"[""p2g7_068""]",2e50de072bfe838d,ok,True,partial,0.0,19.866668272323587,26.488891029764783,19.866668272323587,15.89333461785887,False,False,2|constant|still|flicker|s1|g2|mixed,mixed,True,merge_slow_tanh,False,2500.0
2,1128,2,p2g7_011_s3,seed3,966,7,selected_confirmation,seed3,"[""p2g7_011""]",7a4306bff7a31664,ok,True,partial,0.0,36.65749053966723,48.87665405288964,36.65749053966723,29.325992431733784,False,False,2|constant|rotor|liquid|s1|g2|mixed,mixed,True,mutate,False,2500.0
2,1129,2,p2g7_033_s3,seed3,966,7,selected_confirmation,seed3,"[""p2g7_033""]",c714940c4a372999,ok,True,partial,0.3275,59.4743433038782,68.38245773850427,59.4743433038782,54.12947464310256,False,False,2|switch|mobile|liquid|s1|g2|structured,structured,True,add_chan,False,2500.0
2,1130,2,p2g7_044_s3,seed3,966,7,selected_confirmation,seed3,"[""p2g7_044""]",c8f25b6a1d9a87ee,ok,True,partial,0.0,42.3931380458289,56.524184061105196,42.3931380458289,33.914510436663114,False,False,3|constant|mobile|flicker|s1|g2|mixed,mixed,True,dup_act,False,2500.0
2,1131,2,p2g7_016_s3,seed3,966,7,selected_confirmation,seed3,"[""p2g7_016""]",11d00b36063f15c3,ok,True,partial,0.0,48.005067317368116,64.00675642315748,48.005067317368116,38.40405385389449,False,False,4|switch|still|liquid|s1|g2|mixed,mixed,True,mint_bilin,False,5000.0
2,1132,2,p2g7_015_s3,seed3,966,7,selected_confirmation,seed3,"[""p2g7_015""]",c322e7e02002fd2e,ok,True,partial,0.0,35.780959700937,47.70794626791599,35.780959700937,28.624767760749595,False,False,3|oscillator|still|liquid|s1|g2|mixed,mixed,True,mutate,False,2500.0
2,1133,2,p2g7_049_s3,seed3,966,7,selected_confirmation,seed3,"[""p2g7_049""]",9a815b4bb1db78ea,ok,True,partial,0.6591,79.54612455659745,84.09149940879661,79.54612455659745,76.81889964527797,True,True,4|grow|mobile|liquid|s2|g2|structured,structured,True,merge_spatial_ic,False,20000.0
2,1134,2,p2g7_056_s3,seed3,966,7,selected_confirmation,seed3,"[""p2g7_056""]",3b51b7b6ebdf7640,ok,True,partial,0.4451,72.96904708215865,82.45539610954488,72.96904708215865,67.27723766572693,True,True,4|grow|rotor|liquid|s2|g2|structured,structured,True,merge_cross_edge,False,20000.0
2,1135,2,p2g7_005_s3,seed3,966,7,selected_confirmation,seed3,"[""p2g7_005""]",b4b53a7a101e52ce,ok,True,partial,0.5293,58.533659640752184,60.401546187669574,58.533659640752184,57.41292771260174,False,False,3|switch|mobile|liquid|s1|g0|structured,structured,True,mutate,False,10000.0
2,1136,2,p2g7_030_s3,seed3,966,7,selected_confirmation,seed3,"[""p2g7_030""]",aeee09d4cce63b36,ok,True,partial,0.5647,72.74057897247187,78.16410529662916,72.74057897247187,69.4864631779775,True,True,4|grow|rotor|liquid|s1|g2|structured,structured,True,delete_bilin,False,20000.0
2,1137,2,p2g7_060_s3,seed3,966,7,selected_confirmation,seed3,"[""p2g7_060""]",f33ee30b73192b64,ok,True,partial,0.302,58.98220978570535,68.57627971427381,58.98220978570535,53.22576782856428,False,False,4|grow|rotor|liquid|s2|g0|structured,structured,True,merge_cross_edge,False,20000.0
2,1138,2,p2g7_053_s3,seed3,966,7,selected_confirmation,seed3,"[""p2g7_053""]",8e82b34b98815d51,ok,True,partial,0.5709,64.70178520682076,67.23904694242768,64.70178520682076,63.179428165456606,True,True,4|switch|rotor|flicker|s1|g1|structured,structured,True,merge_spatial_ic,False,2500.0
2,1139,2,p2g7_039_s3,seed3,966,7,selected_confirmation,seed3,"[""p2g7_039""]",fa86cb8089d048d0,ok,True,partial,0.5627,75.64387364710484,82.10183152947312,75.64387364710484,71.76909891768386,True,True,4|grow|mobile|liquid|s2|g2|structured,structured,False,add_chan,False,20000.0
2,1140,2,p2g7_002_s3,seed3,966,7,selected_confirmation,seed3,"[""p2g7_002""]",73d323826e73d5c5,ok,True,partial,0.2936,42.43207239204231,46.78942985605641,42.43207239204231,39.817657913633845,False,False,2|constant|mobile|liquid|s1|g2|structured,structured,True,mutate,False,2500.0
2,1141,2,p2g7_036_s3,seed3,966,7,selected_confirmation,seed3,"[""p2g7_036""]",494814329f752199,ok,True,partial,0.3146,52.123725434289376,59.01163391238583,52.123725434289376,47.9909803474315,False,False,2|oscillator|mobile|liquid|s1|g2|structured,structured,True,add_chan,False,2500.0
2,1142,2,p2g7_020_s3,seed3,966,7,selected_confirmation,seed3,"[""p2g7_020""]",7049efc9625ff803,ok,True,partial,0.0,23.638109818407727,31.51747975787697,23.638109818407727,18.91048785472618,False,False,3|constant|drift|flicker|s1|g0|mixed,mixed,True,mint_bilin,False,2500.0
2,1143,2,p2g7_006_s3,seed3,966,7,selected_confirmation,seed3,"[""p2g7_006""]",909ee3a4c82b0d04,ok,True,partial,0.5663,58.91157044089894,59.67209392119859,58.91157044089894,58.455256352719154,False,False,4|switch|mobile|liquid|s1|g0|structured,structured,True,mutate,False,2500.0
2,1144,2,p2g7_079_s3,seed3,966,7,selected_confirmation,seed3,"[""p2g7_079""]",bc0157b44c59bd5f,ok,True,partial,0.0,0.0,0.0,0.0,0.0,False,False,1|switch|mobile|flicker|s1|g0|mixed,mixed,True,immigrate,False,2500.0
2,1145,2,p5g8_014_c9,c9fill,958,0,c9_backfill_import,c9fill,"[""p5g8_014""]",60fd1da794635589,ok,True,partial,0.5609,65.07025377691151,71.05708962818586,67.3153172211394,65.07025377691151,True,True,2|switch|rotor|flicker|s1|g2|structured,structured,,c9fill,False,2500.0
2,1146,2,p3g9_021_c9,c9fill,958,0,c9_backfill_import,c9fill,"[""p3g9_021""]",d2673ccaa565671c,ok,True,partial,0.0,42.383926358102705,70.63987726350452,52.97990794762839,42.383926358102705,False,False,3|grow|mobile|liquid|s1|g1|mixed,mixed,,c9fill,False,20000.0
2,1147,2,p0g0_ds2g11_009_c9,c9fill,958,0,c9_backfill_import,c9fill,"[""p0g0_ds2g11_009""]",bbe92b88e108906a,ok,True,partial,0.1295,44.068060920475105,64.81343486745851,51.84757615059388,44.068060920475105,False,False,3|grow|rotor|liquid|s1|g2|structured,structured,,c9fill,False,5000.0
2,1148,2,p6g7_013_c9,c9fill,958,0,c9_backfill_import,c9fill,"[""p6g7_013""]",e65ef70dd49605a1,ok,True,partial,0.4345,55.29543001378467,63.19238335630779,58.25678751723085,55.29543001378467,False,False,3|switch|mobile|flicker|s1|g2|structured,structured,,c9fill,False,2500.0
2,1149,2,p3g6_061_c9,c9fill,958,0,c9_backfill_import,c9fill,"[""p3g6_061""]",87da68345e8008fe,ok,True,partial,0.0,39.5207281913662,65.86788031894368,49.40091023920776,39.5207281913662,False,False,2|grow|mobile|liquid|s1|g1|mixed,mixed,,c9fill,False,20000.0
2,1150,2,p10g0_ds6_000_c9,c9fill,958,0,c9_backfill_import,c9fill,"[""p10g0_ds6_000""]",5ddef2bb7950303b,ok,True,partial,0.5586,61.79334168837479,65.74890281395798,63.27667711046848,61.79334168837479,True,True,2|switch|mobile|flicker|s1|g2|structured,structured,,c9fill,False,2500.0
2,1151,2,p4g5_070_c9,c9fill,958,0,c9_backfill_import,c9fill,"[""p4g5_070""]",8944dc72cebaf556,ok,True,partial,0.0,19.082711876453626,31.804519794089376,23.853389845567033,19.082711876453626,False,False,1|switch|mobile|gas|s1|g2|mixed,mixed,,c9fill,False,2500.0
2,1152,2,p3g5_061_c9,c9fill,958,0,c9_backfill_import,c9fill,"[""p3g5_061""]",c63ba0e852b7880c,ok,True,partial,0.0,33.04241836811027,55.070697280183786,41.30302296013784,33.04241836811027,False,False,3|constant|mobile|flicker|s1|g2|mixed,mixed,,c9fill,False,5000.0
2,1153,2,p6g8_033_c9,c9fill,958,0,c9_backfill_import,c9fill,"[""p6g8_033""]",27a2960d05f47297,ok,True,partial,0.4314,63.629906347325495,77.28984391220916,68.75238293415687,63.629906347325495,True,True,3|grow|rotor|liquid|s1|g2|structured,structured,,c9fill,False,10000.0
2,1154,2,p6g9_021_c9,c9fill,958,0,c9_backfill_import,c9fill,"[""p6g9_021""]",b310fbfc5cac334e,ok,True,partial,0.4374,61.83413596264567,73.89689327107611,66.35766995330708,61.83413596264567,True,True,3|grow|mobile|liquid|s1|g2|structured,structured,,c9fill,False,5000.0
2,1155,2,p3g9_022_c9,c9fill,958,0,c9_backfill_import,c9fill,"[""p3g9_022""]",9a815b4bb1db78ea,ok,True,partial,0.5783,73.1473176292035,83.35886271533916,76.97664703650436,73.1473176292035,True,True,4|grow|mobile|liquid|s2|g2|structured,structured,,c9fill,False,20000.0
2,1156,2,p6g7_028_c9,c9fill,958,0,c9_backfill_import,c9fill,"[""p6g7_028""]",99843d9cd96588d6,ok,True,partial,0.3449,59.71568137197157,76.53280228661929,66.02210171496446,59.71568137197157,False,False,3|switch|rotor|liquid|s1|g2|structured,structured,,c9fill,False,20000.0
2,1157,2,p6g5_026_c9,c9fill,958,0,c9_backfill_import,c9fill,"[""p6g5_026""]",ead25ce87e4b853d,ok,True,partial,0.2116,54.62950137581618,76.94250229302698,62.996876719770235,54.62950137581618,False,False,3|grow|mobile|liquid|s1|g2|structured,structured,,c9fill,False,20000.0
2,1158,2,p3g6_032_c9,c9fill,958,0,c9_backfill_import,c9fill,"[""p3g6_032""]",3e9e387b61a8cb22,ok,True,partial,0.3847,59.058440408256686,72.78406734709448,64.20555051032085,59.058440408256686,False,False,4|grow|mobile|liquid|s2|g1|structured,structured,,c9fill,False,5000.0
2,1159,2,p1g7_025_c9,c9fill,958,0,c9_backfill_import,c9fill,"[""p1g7_025""]",07854843ba8e93b1,ok,True,partial,0.4942,68.7561060201055,81.6468433668425,73.59013252513188,68.7561060201055,True,True,3|grow|mobile|liquid|s3|g1|structured,structured,,c9fill,False,20000.0
2,1160,2,p5g3_040_c9,c9fill,958,0,c9_backfill_import,c9fill,"[""p5g3_040""]",dabace1997467b68,ok,True,partial,0.5592,70.32163508216985,79.92272513694974,73.9220438527123,70.32163508216985,True,True,4|switch|rotor|liquid|s1|g2|structured,structured,,c9fill,False,20000.0
2,1161,2,p1g7_030_c9,c9fill,958,0,c9_backfill_import,c9fill,"[""p1g7_030""]",d2ee337cb598d2ef,ok,True,partial,0.4902,61.58149744154197,69.95582906923661,64.72187180192746,61.58149744154197,True,True,4|switch|mobile|liquid|s1|g2|structured,structured,,c9fill,False,2500.0
2,1162,2,p5g7_040_c9,c9fill,958,0,c9_backfill_import,c9fill,"[""p5g7_040""]",83b42c8f4ca19485,ok,True,partial,0.5828,70.82782256480832,79.19303760801387,73.96477820601041,70.82782256480832,True,True,4|grow|mobile|liquid|s1|g2|structured,structured,,c9fill,False,20000.0
2,1163,2,p4g3_033_c9,c9fill,958,0,c9_backfill_import,c9fill,"[""p4g3_033""]",4ca14697d3781ef6,ok,True,partial,0.4531,67.44834084729975,82.20723474549959,72.9829260591247,67.44834084729975,True,True,4|grow|rotor|liquid|s3|g1|structured,structured,,c9fill,False,10000.0
2,1164,2,p3g9_020_c9,c9fill,958,0,c9_backfill_import,c9fill,"[""p3g9_020""]",4b6edf7bed2ff135,ok,True,partial,0.4984,69.22875739080237,82.15459565133727,74.07594673850295,69.22875739080237,True,True,3|grow|mobile|liquid|s3|g2|structured,structured,,c9fill,False,20000.0
2,1165,2,p6g7_035_c9,c9fill,958,0,c9_backfill_import,c9fill,"[""p6g7_035""]",b3ca2cf65a12bd89,ok,True,partial,0.4735,68.24352075068528,82.17253458447547,73.4669009383566,68.24352075068528,True,True,3|switch|rotor|liquid|s1|g2|structured,structured,,c9fill,False,20000.0
2,1166,2,p3g3_038_c9,c9fill,958,0,c9_backfill_import,c9fill,"[""p3g3_038""]",0c49060d9652323f,ok,True,partial,0.4395,63.200141543855686,76.03356923975949,68.01267692981962,63.200141543855686,True,True,4|switch|mobile|liquid|s1|g2|structured,structured,,c9fill,False,10000.0
2,1167,2,p4g2_044_c9,c9fill,958,0,c9_backfill_import,c9fill,"[""p4g2_044""]",173f84b80256caeb,ok,True,partial,0.0,43.846666546042634,73.07777757673773,54.8083331825533,43.846666546042634,False,False,4|grow|rotor|liquid|s1|g2|mixed,mixed,,c9fill,False,10000.0
2,1168,2,p1g2_020_c9,c9fill,958,0,c9_backfill_import,c9fill,"[""p1g2_020""]",07440dda3d77d9a9,ok,True,partial,0.3545,61.437570064017144,78.76261677336191,67.93446258002143,61.437570064017144,False,False,4|grow|rotor|liquid|s2|g2|structured,structured,,c9fill,False,10000.0
2,1169,2,p6g6_032_c9,c9fill,958,0,c9_backfill_import,c9fill,"[""p6g6_032""]",e85f4b309db0d245,ok,True,partial,0.5532,71.20858786655859,81.80097977759766,75.18073483319824,71.20858786655859,True,True,4|switch|rotor|liquid|s1|g2|structured,structured,,c9fill,False,10000.0
2,1170,2,p6g8_020_c9,c9fill,958,0,c9_backfill_import,c9fill,"[""p6g8_020""]",3f6f5093e8b0e1db,ok,True,partial,0.4432,60.27988691170631,70.91981151951052,64.26985863963289,60.27988691170631,True,True,4|switch|mobile|liquid|s1|g2|structured,structured,,c9fill,False,2500.0
2,1171,2,p3g7_046_c9,c9fill,958,0,c9_backfill_import,c9fill,"[""p3g7_046""]",3a2135c4e6a392e2,ok,True,partial,0.0,45.6818887031738,76.13648117195633,57.10236087896725,45.6818887031738,False,False,4|grow|rotor|liquid|s1|g2|mixed,mixed,,c9fill,False,20000.0
2,1172,2,p6g2_039_c9,c9fill,958,0,c9_backfill_import,c9fill,"[""p6g2_039""]",7019b4263417a389,ok,True,partial,0.6178,67.71866104433175,71.6777684072196,69.20332630541469,67.71866104433175,True,True,3|switch|mobile|liquid|s1|g2|structured,structured,,c9fill,False,2500.0
2,1173,2,p4g5_040_c9,c9fill,958,0,c9_backfill_import,c9fill,"[""p4g5_040""]",66a64dfb975fcdc6,ok,True,partial,0.3235,50.86482200476286,63.20803667460477,55.49352750595357,50.86482200476286,False,False,3|grow|mobile|liquid|s1|g1|structured,structured,,c9fill,False,5000.0
2,1174,2,p2g1_040_c9,c9fill,958,0,c9_backfill_import,c9fill,"[""p2g1_040""]",eef1806b5f1e0089,ok,True,partial,0.2685,52.623656874967665,69.80609479161278,59.06707109370958,52.623656874967665,False,False,3|grow|mobile|liquid|s3|g2|structured,structured,,c9fill,False,10000.0
2,1175,2,p1g7_032_c9,c9fill,958,0,c9_backfill_import,c9fill,"[""p1g7_032""]",f0c0d4119fa77126,ok,True,partial,0.3426,56.52280179746828,71.36466966244714,62.08850224683536,56.52280179746828,False,False,4|grow|mobile|liquid|s1|g1|structured,structured,,c9fill,False,5000.0
2,1176,2,p6g3_033_c9,c9fill,958,0,c9_backfill_import,c9fill,"[""p6g3_033""]",45d84b9a9c2d5329,ok,True,partial,0.623,62.922993019938566,63.338321699897605,63.0787412749232,62.922993019938566,True,True,4|switch|mobile|liquid|s1|g1|structured,structured,,c9fill,False,2500.0
2,1177,2,p3g7_014_c9,c9fill,958,0,c9_backfill_import,c9fill,"[""p3g7_014""]",bb89c8e401f4f69a,ok,True,partial,0.5422,63.412215659386675,69.54035943231112,65.71026957423334,63.412215659386675,True,True,3|switch|mobile|liquid|s1|g2|structured,structured,,c9fill,False,2500.0
2,1178,2,p3g8_042_c9,c9fill,958,0,c9_backfill_import,c9fill,"[""p3g8_042""]",669ecc8e806a412c,ok,True,partial,0.342,54.87782549163181,68.66304248605302,60.047281864539755,54.87782549163181,False,False,3|grow|rotor|liquid|s1|g2|structured,structured,,c9fill,False,20000.0
2,1179,2,p6g4_021_c9,c9fill,958,0,c9_backfill_import,c9fill,"[""p6g4_021""]",f1d619e4608e8429,ok,True,partial,0.5281,68.86949018863848,79.57581698106412,72.88436273579809,68.86949018863848,True,True,4|grow|rotor|liquid|s2|g2|structured,structured,,c9fill,False,5000.0
2,1180,2,p6g2_022_c9,c9fill,958,0,c9_backfill_import,c9fill,"[""p6g2_022""]",4822df84bbe8edf6,ok,True,partial,0.5386,66.74285798525841,75.33142997543068,69.96357248157301,66.74285798525841,True,True,4|grow|mobile|liquid|s3|g0|structured,structured,,c9fill,False,20000.0
2,1181,2,p3g7_015_c9,c9fill,958,0,c9_backfill_import,c9fill,"[""p3g7_015""]",b6669fc876a2db67,ok,True,partial,0.4979,61.26721644714253,68.9186940785709,64.13652055892817,61.26721644714253,True,True,4|switch|rotor|liquid|s1|g1|structured,structured,,c9fill,False,2500.0
2,1182,2,p6g7_067_c9,c9fill,958,0,c9_backfill_import,c9fill,"[""p6g7_067""]",070d384c430a8e0f,ok,True,partial,0.615,66.58319448993882,69.97199081656468,67.85399311242351,66.58319448993882,True,True,4|constant|rotor|liquid|s1|g2|structured,structured,,c9fill,False,5000.0
2,1183,2,p4g7_062_c9,c9fill,958,0,c9_backfill_import,c9fill,"[""p4g7_062""]",99904c4c71c802f0,ok,True,partial,0.0,44.15976631123361,73.59961051872268,55.19970788904202,44.15976631123361,False,False,4|switch|rotor|flicker|s1|g2|mixed,mixed,,c9fill,False,20000.0
2,1184,2,p3g5_003_c9,c9fill,958,0,c9_backfill_import,c9fill,"[""p3g5_003""]",a8588ddb13332b62,ok,True,partial,0.6252,69.58846942067028,74.3007823677838,71.35558677583785,69.58846942067028,True,True,4|switch|mobile|liquid|s1|g1|structured,structured,,c9fill,False,5000.0
2,1185,2,p1g3_035_c9,c9fill,958,0,c9_backfill_import,c9fill,"[""p1g3_035""]",a065779eaf3df961,ok,True,partial,0.4838,60.1835773735872,68.05262895597866,63.134471716983995,60.1835773735872,True,True,4|switch|rotor|liquid|s1|g1|structured,structured,,c9fill,False,2500.0
2,1186,2,p4g1_018_c9,c9fill,958,0,c9_backfill_import,c9fill,"[""p4g1_018""]",bdeaaefe8a5b91e0,ok,True,partial,0.1436,51.926001771317075,76.97000295219513,61.31750221414635,51.926001771317075,False,False,3|switch|rotor|flicker|s2|g2|mixed,mixed,,c9fill,False,5000.0
2,1187,2,p6g5_025_c9,c9fill,958,0,c9_backfill_import,c9fill,"[""p6g5_025""]",c53633b366a18482,ok,True,partial,0.279,48.58148429204117,62.36914048673528,53.75185536505146,48.58148429204117,False,False,2|grow|rotor|liquid|s1|g2|structured,structured,,c9fill,False,20000.0
2,1188,2,p6g10_024_c9,c9fill,958,0,c9_backfill_import,c9fill,"[""p6g10_024""]",2a7ac9f64d6ef179,ok,True,partial,0.489,60.344474915932764,67.97412485988794,63.20559364491596,60.344474915932764,True,True,3|oscillator|mobile|liquid|s1|g2|structured,structured,,c9fill,False,2500.0
2,1189,2,p3g6_036_c9,c9fill,958,0,c9_backfill_import,c9fill,"[""p3g6_036""]",dc62120b0c212700,ok,True,partial,0.4727,56.30313848717671,62.325230811961184,58.56142310897089,56.30313848717671,False,False,3|switch|rotor|liquid|s1|g1|structured,structured,,c9fill,False,2500.0
2,1190,2,p6g8_068_c9,c9fill,958,0,c9_backfill_import,c9fill,"[""p6g8_068""]",0ae569d76c7ad4e0,ok,True,partial,0.3282,56.726079592029414,72.66346598671569,62.70259949003677,56.726079592029414,False,False,4|switch|rotor|flicker|s1|g2|structured,structured,,c9fill,False,2500.0
2,1191,2,p4g3_022_c9,c9fill,958,0,c9_backfill_import,c9fill,"[""p4g3_022""]",c12ecee8c627b141,ok,True,partial,0.5061,53.07433582529313,54.71722637548856,53.69041978161641,53.07433582529313,False,False,4|switch|rotor|flicker|s1|g0|structured,structured,,c9fill,False,2500.0
2,1192,2,p5g5_010_c9,c9fill,958,0,c9_backfill_import,c9fill,"[""p5g5_010""]",53fda5eb68268f1f,ok,True,partial,0.5375,62.673581046531275,68.62263507755213,64.9044763081641,62.673581046531275,True,True,4|switch|mobile|liquid|s1|g2|structured,structured,,c9fill,False,2500.0
2,1193,2,p3g6_070_c9,c9fill,958,0,c9_backfill_import,c9fill,"[""p3g6_070""]",0754aa976555d950,ok,True,partial,0.4507,56.06548278600514,63.39580464334191,58.814353482506434,56.06548278600514,False,False,3|grow|mobile|liquid|s1|g2|structured,structured,,c9fill,False,5000.0
2,1194,2,p4g4_018_c9,c9fill,958,0,c9_backfill_import,c9fill,"[""p4g4_018""]",c85255378879551c,ok,True,partial,0.1749,43.90616830720362,61.5169471786727,50.51021038400453,43.90616830720362,False,False,3|switch|drift|flicker|s1|g2|mixed,mixed,,c9fill,False,2500.0
2,1195,2,p1g6_065_c9,c9fill,958,0,c9_backfill_import,c9fill,"[""p1g6_065""]",6ffe5602270e02e4,ok,True,partial,0.438,52.47891492810717,58.26485821351195,54.648643660133956,52.47891492810717,False,False,3|switch|drift|liquid|s1|g2|structured,structured,,c9fill,False,5000.0
2,1196,2,p6g5_019_c9,c9fill,958,0,c9_backfill_import,c9fill,"[""p6g5_019""]",0477d3f126e0b4df,ok,True,partial,0.5654,64.08751213671388,69.11918689452312,65.97439017089235,64.08751213671388,True,True,4|switch|mobile|flicker|s1|g1|structured,structured,,c9fill,False,2500.0
2,1197,2,p5g3_062_c9,c9fill,958,0,c9_backfill_import,c9fill,"[""p5g3_062""]",6588fedcc859d014,ok,True,partial,0.0,39.16980429608196,65.2830071601366,48.962255370102454,39.16980429608196,False,False,4|grow|rotor|flicker|s1|g0|mixed,mixed,,c9fill,False,5000.0
2,1198,2,p4g7_057_c9,c9fill,958,0,c9_backfill_import,c9fill,"[""p4g7_057""]",8c1b8d558ff3eab5,ok,True,partial,0.0,47.225683623393444,78.70947270565574,59.032104529241806,47.225683623393444,False,False,4|switch|rotor|liquid|s1|g2|mixed,mixed,,c9fill,False,5000.0
2,1199,2,p4g4_007_c9,c9fill,958,0,c9_backfill_import,c9fill,"[""p4g4_007""]",51de7cd26fa902e8,ok,True,partial,0.0,35.41832053142121,59.030534219035346,44.272900664276506,35.41832053142121,False,False,4|constant|drift|liquid|s1|g2|mixed,mixed,,c9fill,False,5000.0
2,1200,2,p6g1_023_c9,c9fill,958,0,c9_backfill_import,c9fill,"[""p6g1_023""]",b52d5d7da8ee6179,ok,True,partial,0.4685,64.34465968680303,76.00776614467172,68.71832460850379,64.34465968680303,True,True,3|grow|mobile|liquid|s2|g1|structured,structured,,c9fill,False,20000.0
2,1201,2,p6g1_040_c9,c9fill,958,0,c9_backfill_import,c9fill,"[""p6g1_040""]",8e82b34b98815d51,ok,True,partial,0.5245,66.62005532598099,76.06675887663499,70.16256915747624,66.62005532598099,True,True,4|switch|mobile|liquid|s1|g1|structured,structured,,c9fill,False,5000.0
2,1202,2,p4g7_003_c9,c9fill,958,0,c9_backfill_import,c9fill,"[""p4g7_003""]",0c6b5140622c9518,ok,True,partial,0.4479,60.642330463719276,71.21055077286546,64.6054130796491,60.642330463719276,True,True,3|grow|rotor|liquid|s3|g1|structured,structured,,c9fill,False,10000.0
2,1203,2,p0g0_ds2g11_006_c9,c9fill,958,0,c9_backfill_import,c9fill,"[""p0g0_ds2g11_006""]",2dd6dbf38ed8f991,ok,True,partial,0.5347,54.332212633446474,54.907021055744124,54.5477657918081,54.332212633446474,False,False,3|grow|mobile|liquid|s1|g0|structured,structured,,c9fill,False,5000.0
2,1204,2,p5g4_065_c9,c9fill,958,0,c9_backfill_import,c9fill,"[""p5g4_065""]",ec92b73fbd3a436f,ok,True,partial,0.0,50.42467120755935,84.04111867926558,63.03083900944918,50.42467120755935,False,False,4|grow|mobile|liquid|s2|g2|mixed,mixed,,c9fill,False,20000.0
2,1205,2,p6g9_040_c9,c9fill,958,0,c9_backfill_import,c9fill,"[""p6g9_040""]",199b006fd66f13fb,ok,True,partial,0.4933,49.90822674855221,50.29371124758701,50.05278343569026,49.90822674855221,False,False,3|switch|rotor|flicker|s1|g0|structured,structured,,c9fill,False,2500.0
2,1206,2,p6g9_024_c9,c9fill,958,0,c9_backfill_import,c9fill,"[""p6g9_024""]",13d71fd1241f9ebc,ok,True,partial,0.5107,53.046753431953675,54.36458905325613,53.540941789942096,53.046753431953675,False,False,4|switch|mobile|flicker|s1|g0|structured,structured,,c9fill,False,2500.0
2,1207,2,p3g9_000_c9,c9fill,958,0,c9_backfill_import,c9fill,"[""p3g9_000""]",91d0de9a698b42f1,ok,True,partial,0.6078,62.82156980148203,64.18261633580337,63.33196225185253,62.82156980148203,True,True,3|switch|mobile|liquid|s1|g1|structured,structured,,c9fill,False,2500.0
2,1208,2,p3g8_049_c9,c9fill,958,0,c9_backfill_import,c9fill,"[""p3g8_049""]",7abceff1a41774bf,ok,True,partial,0.0,35.504523202506086,59.174205337510145,44.380654003132605,35.504523202506086,False,False,4|oscillator|still|liquid|s1|g2|mixed,mixed,,c9fill,False,5000.0
2,1209,2,p1g2_008_c9,c9fill,958,0,c9_backfill_import,c9fill,"[""p1g2_008""]",a19e1629a9d1fb98,ok,False,partial,0.4215,54.57172838379547,62.85288063965911,57.67716047974434,54.57172838379547,False,False,4|switch|mobile|liquid|s2|g0|mixed,mixed,,c9fill,False,5000.0
2,1210,2,p1g2_021_c9,c9fill,958,0,c9_backfill_import,c9fill,"[""p1g2_021""]",67cf8460076bdd5b,ok,True,partial,0.2973,51.74224903689269,66.41708172815449,57.245311296115865,51.74224903689269,False,False,3|grow|rotor|liquid|s2|g0|structured,structured,,c9fill,False,20000.0
2,1211,2,p6g8_061_c9,c9fill,958,0,c9_backfill_import,c9fill,"[""p6g8_061""]",0849acc60943ebb4,ok,True,partial,0.0,16.475230087739817,27.4587168128997,20.594037609674775,16.475230087739817,False,False,1|grow|still|gas|s2|g2|mixed,mixed,,c9fill,False,2500.0
2,1212,2,p4g2_028_c9,c9fill,958,0,c9_backfill_import,c9fill,"[""p4g2_028""]",9ccfc2ac9c92bba2,ok,True,partial,0.1548,43.42429478254007,62.05382463756679,50.410368478175094,43.42429478254007,False,False,3|oscillator|still|liquid|s1|g2|mixed,mixed,,c9fill,False,20000.0
2,1213,2,p1g2_034_c9,c9fill,958,0,c9_backfill_import,c9fill,"[""p1g2_034""]",65ee88a4e85ee72d,ok,True,partial,0.4749,58.98752953210162,66.65254922016938,61.86191191512704,58.98752953210162,True,False,3|grow|rotor|liquid|s2|g0|structured,structured,,c9fill,False,20000.0
2,1214,2,p6g3_008_c9,c9fill,958,0,c9_backfill_import,c9fill,"[""p6g3_008""]",6fdabba5eb65047e,ok,True,partial,0.5275,60.071216186275066,64.95202697712512,61.901520232843836,60.071216186275066,True,True,3|switch|mobile|flicker|s1|g2|structured,structured,,c9fill,False,2500.0
2,1215,2,p6g7_054_c9,c9fill,958,0,c9_backfill_import,c9fill,"[""p6g7_054""]",c3395cc4794da758,ok,True,partial,0.0,32.61085237286603,54.35142062144338,40.76356546608254,32.61085237286603,False,False,4|oscillator|drift|liquid|s1|g2|mixed,mixed,,c9fill,False,2500.0
2,1216,2,p5g8_007_c9,c9fill,958,0,c9_backfill_import,c9fill,"[""p5g8_007""]",8e4299986c7764fd,ok,True,partial,0.0,37.563388403547826,62.60564733924638,46.954235504434784,37.563388403547826,False,False,3|switch|still|flicker|s1|g2|mixed,mixed,,c9fill,False,5000.0
2,1217,2,p4g1_037_c9,c9fill,958,0,c9_backfill_import,c9fill,"[""p4g1_037""]",51d3ff7d5b99699d,ok,True,partial,0.5921,52.157556890950616,47.455928151584374,50.394446113688275,52.157556890950616,False,False,3|grow|rotor|liquid|s1|g0|structured,structured,,c9fill,False,2500.0
2,1218,2,p1g5_022_c9,c9fill,958,0,c9_backfill_import,c9fill,"[""p1g5_022""]",e0c477a1df493566,ok,True,partial,0.0954,37.75037360590915,56.55728934318191,44.80296700738643,37.75037360590915,False,False,4|grow|drift|liquid|s1|g2|structured,structured,,c9fill,False,10000.0
2,1219,2,p6g9_038_c9,c9fill,958,0,c9_backfill_import,c9fill,"[""p6g9_038""]",812d5ab5168659a9,ok,True,partial,0.1241,40.03023394587095,58.44372324311825,46.935292432338684,40.03023394587095,False,False,2|grow|drift|liquid|s1|g2|structured,structured,,c9fill,False,5000.0
2,1220,2,p5g6_021_c9,c9fill,958,0,c9_backfill_import,c9fill,"[""p5g6_021""]",f6f348579074846d,ok,True,partial,0.0,37.71804190901993,62.86340318169989,47.14755238627492,37.71804190901993,False,False,4|constant|rotor|flicker|s1|g2|mixed,mixed,,c9fill,False,5000.0
2,1221,2,p6g9_022_c9,c9fill,958,0,c9_backfill_import,c9fill,"[""p6g9_022""]",36e4056a5ff9fa8c,ok,True,partial,0.3408,38.523041093695106,41.485068489491844,39.63380136711888,38.523041093695106,False,False,4|switch|rotor|liquid|s1|g0|structured,structured,,c9fill,False,2500.0
2,1222,2,p1g7_023_c9,c9fill,958,0,c9_backfill_import,c9fill,"[""p1g7_023""]",ae859cef82a541f9,ok,True,partial,0.6145,64.56025731203347,66.63376218672245,65.33782164004184,64.56025731203347,True,True,4|grow|mobile|liquid|s2|g0|structured,structured,,c9fill,False,5000.0
2,1223,2,p2g7_010_c9,c9fill,958,0,c9_backfill_import,c9fill,"[""p2g7_010""]",8ca54a0a2e5f9221,ok,True,partial,0.2282,46.12725811515459,61.66543019192432,51.95407264394324,46.12725811515459,False,False,4|grow|rotor|liquid|s2|g1|mixed,mixed,,c9fill,False,5000.0
2,1224,2,p0g1_055_c9,c9fill,958,0,c9_backfill_import,c9fill,"[""p0g1_055""]",b8443088cbf6a776,ok,True,partial,0.2056,53.24484269167033,75.03473781945054,61.41605336458791,53.24484269167033,False,False,4|grow|rotor|liquid|s1|g2|structured,structured,,c9fill,False,10000.0
2,1225,2,p6g1_043_c9,c9fill,958,0,c9_backfill_import,c9fill,"[""p6g1_043""]",cb8ca5f66af9944a,ok,True,partial,0.5206,53.68280018523739,54.764666975395656,54.088500231546746,53.68280018523739,False,False,2|switch|mobile|liquid|s2|g0|structured,structured,,c9fill,False,2500.0
2,1226,2,p1g2_008_c9,c9fill,958,0,c9_backfill_import,c9fill,"[""p1g2_008""]",6aef37d09adb821c,ok,False,partial,0.4855,59.5337117778859,66.8561862964765,62.27963972235737,59.5337117778859,True,False,2|switch|mobile|liquid|s1|g2|structured,structured,,c9fill,False,2500.0
2,1227,2,p2g8_000,screen,964,8,creative_screen,mutate,"[""p1g7_023""]",ef0e9d657b882698,fail_g0a,True,missing,,,,,,False,False,,,,mutate,False,
2,1228,2,p2g8_067,screen,964,8,creative_screen,merge_cross_edge,"[""p2g4_062"",""blk_engine_10748""]",cc113c0be271ebd3,ok,True,partial,0.5309,59.64687112625552,64.0181185437592,61.2860889078194,59.64687112625552,True,False,3|grow|mobile|liquid|s1|g2|structured,structured,,merge_cross_edge,False,2500.0
2,1229,2,p2g8_069,screen,964,8,creative_screen,merge_cross_edge,"[""p2g7_079"",""p2g4_062""]",226a0fda3df05472,ok,True,partial,0.4314,59.46998613588251,70.35664355980418,63.552482669853134,59.46998613588251,True,False,3|switch|rotor|flicker|s1|g2|structured,structured,,merge_cross_edge,False,10000.0
2,1230,2,p2g8_036,screen,964,8,creative_screen,add_chan,"[""p2g2_035""]",a37ca3b3ba08c771,ok,True,partial,0.0,8.5125,14.1875,10.640625,8.5125,False,False,1|constant|still|frozen|s1|g2|mixed,mixed,,add_chan,False,2500.0
2,1231,2,p2g8_001,screen,964,8,creative_screen,mutate,"[""p2g5_069""]",0d57df5074453f20,ok,True,partial,0.0,10.074838292203848,16.79139715367308,12.593547865254811,10.074838292203848,False,False,1|constant|mobile|gas|s1|g0|mixed,mixed,,mutate,False,2500.0
2,1232,2,p2g8_013,screen,964,8,creative_screen,mutate,"[""p2g4_071""]",fd16762517795a2b,ok,True,partial,0.2043,41.01966723497041,54.74611205828403,46.16708404371302,41.01966723497041,False,False,2|switch|mobile|liquid|s1|g2|mixed,mixed,,mutate,False,2500.0
2,1233,2,p2g8_002,screen,964,8,creative_screen,mutate,"[""p2g1_067""]",bd8b9a496b5fe882,ok,True,partial,0.2723,48.87975248960642,63.312920816010696,54.29219061200802,48.87975248960642,False,False,4|switch|mobile|liquid|s1|g2|structured,structured,,mutate,False,2500.0
2,1234,2,p2g8_003,screen,964,8,creative_screen,mutate,"[""p2g5_022""]",1510672b8487df97,ok,True,partial,0.0575,25.13976537769306,38.06627562948843,29.987206722116323,25.13976537769306,False,False,2|switch|drift|frozen|s1|g2|structured,structured,,mutate,False,5000.0
2,1235,2,p2g8_009,screen,964,8,creative_screen,mutate,"[""p2g7_056""]",dde5cafc9d226244,ok,True,partial,0.4898,63.92905620781544,73.89509367969241,67.66632025976931,63.92905620781544,True,True,4|grow|mobile|liquid|s1|g2|structured,structured,,mutate,False,10000.0
2,1236,2,p2g8_014,screen,964,8,creative_screen,mutate,"[""p2g3_036""]",46646b419eb5783c,ok,True,partial,0.5355,58.518733172314526,61.83122195385755,59.760916465393166,58.518733172314526,False,False,4|switch|mobile|flicker|s1|g2|structured,structured,,mutate,False,2500.0
2,1237,2,p2g8_016,screen,964,8,creative_screen,mint_bilin,"[""p2g7_056""]",037d0f009be4ec2d,ok,True,partial,0.373,59.85543152082899,74.89238586804832,65.49428940103624,59.85543152082899,False,False,4|switch|rotor|liquid|s1|g2|structured,structured,,mint_bilin,False,20000.0
2,1238,2,p2g8_017,screen,964,8,creative_screen,mint_bilin,"[""p5g7_040""]",43ef08446c71f6f2,ok,True,partial,0.6313,73.76695417353886,80.8582569558981,76.42619271692357,73.76695417353886,True,True,4|grow|mobile|liquid|s1|g2|structured,structured,,mint_bilin,False,10000.0
2,1239,2,p2g8_018,screen,964,8,creative_screen,mint_bilin,"[""p2g1_017""]",09d7a52a89602ad4,ok,True,partial,0.5294,66.11658819762759,74.90098032937932,69.4107352470345,66.11658819762759,True,True,4|grow|mobile|liquid|s1|g2|structured,structured,,mint_bilin,False,10000.0
2,1240,2,p2g8_026,screen,964,8,creative_screen,mint_bilin,"[""p2g5_022""]",c91cce55bf7b2033,ok,True,partial,0.419,67.38496339153204,84.37493898588673,73.75620423941504,67.38496339153204,True,True,4|grow|rotor|liquid|s2|g2|structured,structured,,mint_bilin,False,20000.0
2,1241,2,p2g8_030,screen,964,8,creative_screen,mint_bilin,"[""p2g7_056""]",62dc6781a58d4a08,ok,True,partial,0.4945,68.96867534086455,81.98112556810759,73.84834417608069,68.96867534086455,True,True,4|grow|rotor|liquid|s2|g2|structured,structured,,mint_bilin,False,20000.0
2,1242,2,p2g8_032,screen,964,8,creative_screen,delete_bilin,"[""p3g9_020""]",c023c34c999ddfa1,ok,True,partial,0.4986,69.18741924469406,82.07236540782343,74.01927405586757,69.18741924469406,True,True,3|grow|mobile|liquid|s3|g2|structured,structured,,delete_bilin,False,20000.0
2,1243,2,p2g8_033,screen,964,8,creative_screen,delete_bilin,"[""p2g4_003""]",a8b0c47c4421f2d7,ok,True,partial,0.3816,53.62487228456607,63.93478714094345,57.491090355707584,53.62487228456607,False,False,3|grow|mobile|liquid|s1|g1|structured,structured,,delete_bilin,False,2500.0
2,1244,2,p2g8_034,screen,964,8,creative_screen,delete_bilin,"[""p2g1_017""]",e080558dddf0fa15,ok,True,partial,0.4342,61.70979623489397,73.90299372482329,66.28224529361746,61.70979623489397,True,True,4|switch|rotor|liquid|s1|g2|structured,structured,,delete_bilin,False,5000.0
2,1245,2,p2g8_037,screen,964,8,creative_screen,add_chan,"[""p2g2_008""]",1cbe20baf5f8b258,ok,True,partial,0.2482,40.46976528520685,50.90294214201141,44.38220660650856,40.46976528520685,False,False,2|oscillator|mobile|liquid|s1|g2|structured,structured,,add_chan,False,2500.0
2,1246,2,p2g8_039,screen,964,8,creative_screen,add_chan,"[""p2g6_032""]",6c77fa2fd2ad667e,ok,True,partial,0.4191,54.25610643769153,62.48684406281922,57.34263304711442,54.25610643769153,False,False,3|switch|mobile|liquid|s1|g1|structured,structured,,add_chan,False,2500.0
2,1247,2,p2g8_041,screen,964,8,creative_screen,add_chan,"[""p2g7_049""]",77b5998b4fb557cc,ok,True,partial,0.4219,59.68268592624476,71.34447654374127,64.05585740780595,59.68268592624476,True,False,4|grow|mobile|liquid|s1|g2|structured,structured,,add_chan,False,5000.0
2,1248,2,p2g8_042,screen,964,8,creative_screen,add_chan,"[""p3g9_022""]",6d5b06ef9ff56e74,ok,True,partial,0.0,28.28243721277933,47.13739535463222,35.353046515974164,28.28243721277933,False,False,4|constant|drift|liquid|s1|g2|mixed,mixed,,add_chan,False,2500.0
2,1249,2,p2g8_043,screen,964,8,creative_screen,add_chan,"[""p2g1_055""]",079d0ef2970f902e,ok,True,partial,0.2817,52.053263325170875,67.9754388752848,58.0240791564636,52.053263325170875,False,False,3|grow|mobile|liquid|s1|g2|structured,structured,,add_chan,False,5000.0
2,1250,2,p2g8_054,screen,964,8,creative_screen,merge_spatial_ic,"[""p6g7_067"",""p0g0_ds2g11_009""]",070d384c430a8e0f,ok,True,partial,0.544,59.30559963194267,62.57599938657111,60.531999539928336,59.30559963194267,True,False,4|constant|rotor|liquid|s1|g2|structured,structured,,merge_spatial_ic,True,5000.0
2,1251,2,p2g8_068,screen,964,8,creative_screen,merge_cross_edge,"[""p2g6_004"",""ref_M0""]",211f50930c9ed876,ok,True,partial,0.3888,70.73058571296201,91.96430952160335,78.69323214120251,70.73058571296201,False,False,4|grow|rotor|liquid|s3|g2|structured,structured,,merge_cross_edge,False,20000.0
2,1252,2,p2g8_074,screen,964,8,creative_screen,merge_cross_edge,"[""p2g6_064"",""blk_engine_10748""]",d59b91ad443ab874,ok,True,partial,0.5452,61.43625628049072,66.04709380081786,63.1653203506134,61.43625628049072,True,True,4|switch|rotor|liquid|s1|g2|structured,structured,,merge_cross_edge,False,2500.0
2,1253,2,p2g8_076,screen,964,8,creative_screen,merge_slow_tanh,"[""p2g4_061"",""ref_M0""]",244363a943650384,ok,True,partial,0.4085,58.7490801865915,70.68180031098584,63.223850233239375,58.7490801865915,True,False,4|grow|mobile|liquid|s1|g2|structured,structured,,merge_slow_tanh,False,10000.0
2,1254,2,p2g8_004,screen,964,8,creative_screen,mutate,"[""p2g6_032""]",7f84a530bef0be0f,ok,True,partial,0.31,49.46941340019311,61.78235566698852,54.086766750241395,49.46941340019311,False,False,3|switch|mobile|liquid|s1|g1|structured,structured,,mutate,False,2500.0
2,1255,2,p2g8_005,screen,964,8,creative_screen,mutate,"[""p2g2_055""]",7c7f58bb5d257c75,ok,True,partial,0.3643,49.264190009173646,57.82031668195607,52.47273751146706,49.264190009173646,False,False,4|switch|mobile|liquid|s1|g1|structured,structured,,mutate,False,2500.0
2,1256,2,p2g8_006,screen,964,8,creative_screen,mutate,"[""p3g8_042""]",9409dabe9951e407,ok,True,partial,0.3277,45.424166920385844,53.860278200643066,48.5877086504823,45.424166920385844,False,False,2|grow|mobile|liquid|s1|g2|structured,structured,,mutate,False,2500.0
2,1257,2,p2g8_007,screen,964,8,creative_screen,mutate,"[""p2g2_055""]",3b1e8f6decfce774,ok,True,partial,0.5793,60.88563464409535,62.85605774015891,61.62454330511918,60.88563464409535,True,True,3|grow|mobile|flicker|s1|g1|structured,structured,,mutate,False,20000.0
2,1258,2,p2g8_008,screen,964,8,creative_screen,mutate,"[""p2g1_028""]",b7dff2d45996e177,ok,True,partial,0.1094,29.05050436484833,41.124173941413886,33.578130456060414,29.05050436484833,False,False,3|grow|drift|liquid|s1|g2|mixed,mixed,,mutate,False,2500.0
2,1259,2,p2g8_011,screen,964,8,creative_screen,mutate,"[""p6g9_038""]",923af780878a477c,ok,True,partial,0.0,19.97490995454948,33.291516590915805,24.968637443186854,19.97490995454948,False,False,2|constant|still|frozen|s1|g2|structured,structured,,mutate,False,2500.0
2,1260,2,p2g8_015,screen,964,8,creative_screen,mutate,"[""p3g9_022""]",d1bd8aac016030ba,ok,True,partial,0.3549,56.95978296613214,71.27297161022024,62.327228707665185,56.95978296613214,False,False,3|grow|mobile|liquid|s2|g2|structured,structured,,mutate,False,10000.0
2,1261,2,p2g8_019,screen,964,8,creative_screen,mint_bilin,"[""p2g6_014""]",4c8e5826330ad33b,ok,True,partial,0.4563,65.30560085071295,78.42266808452159,70.22450106339119,65.30560085071295,True,True,4|grow|mobile|liquid|s2|g2|structured,structured,,mint_bilin,False,10000.0
2,1262,2,p2g8_021,screen,964,8,creative_screen,mint_bilin,"[""p2g6_009""]",4d7eab86836e8142,ok,True,partial,0.0636,34.016956860734126,52.45492810122355,40.93119607591767,34.016956860734126,False,False,2|grow|still|frozen|s1|g2|mixed,mixed,,mint_bilin,False,10000.0
2,1263,2,p2g8_022,screen,964,8,creative_screen,mint_bilin,"[""p2g7_049""]",5d7fe44deef847cc,ok,True,partial,0.3679,55.80455362586205,68.48092270977008,60.55819203232756,55.80455362586205,False,False,4|grow|mobile|liquid|s1|g2|structured,structured,,mint_bilin,False,5000.0
2,1264,2,p2g8_024,screen,964,8,creative_screen,mint_bilin,"[""p2g7_049""]",562d4ed45fa44f1d,ok,True,partial,0.3705,56.15952400890218,68.89920668150364,60.936905011127735,56.15952400890218,False,False,4|grow|mobile|liquid|s1|g2|structured,structured,,mint_bilin,False,5000.0
2,1265,2,p2g8_025,screen,964,8,creative_screen,mint_bilin,"[""p2g1_045""]",d390372765206bc4,ok,True,partial,0.0,26.485176048590663,44.14196008098444,33.10647006073833,26.485176048590663,False,False,3|switch|still|frozen|s1|g2|mixed,mixed,,mint_bilin,False,5000.0
2,1266,2,p2g8_029,screen,964,8,creative_screen,mint_bilin,"[""p2g1_055""]",8a60723c90a70319,ok,True,partial,0.2901,55.69844366436803,73.49073944061338,62.37055458046004,55.69844366436803,False,False,3|grow|rotor|liquid|s2|g2|structured,structured,,mint_bilin,False,20000.0
2,1267,2,p2g8_038,screen,964,8,creative_screen,add_chan,"[""p3g7_014""]",8d66252e976b2e22,ok,True,partial,0.4794,62.94404637403912,72.94674395673186,66.6950579675489,62.94404637403912,True,True,3|switch|mobile|liquid|s1|g2|structured,structured,,add_chan,False,2500.0
2,1268,2,p2g8_044,screen,964,8,creative_screen,merge_spatial_ic,"[""p6g9_040"",""p2g5_011""]",199b006fd66f13fb,ok,True,partial,0.4736,53.57348972186109,57.71581620310181,55.12686215232635,53.57348972186109,False,False,3|switch|mobile|liquid|s1|g0|structured,structured,,merge_spatial_ic,True,2500.0
2,1269,2,p2g8_045,screen,964,8,creative_screen,merge_spatial_ic,"[""p2g2_055"",""p2g6_019""]",3e9e387b61a8cb22,ok,True,partial,0.5036,52.420425743478006,53.794042905796665,52.935532179347504,52.420425743478006,False,False,3|switch|mobile|liquid|s1|g1|structured,structured,,merge_spatial_ic,True,2500.0
2,1270,2,p2g8_050,screen,964,8,creative_screen,merge_spatial_ic,"[""p3g9_022"",""p2g1_003""]",9a815b4bb1db78ea,ok,True,partial,0.3643,35.37792581268745,34.67654302114575,35.11490726585931,35.37792581268745,False,False,4|constant|drift|liquid|s1|g2|structured,structured,,merge_spatial_ic,True,2500.0
2,1271,2,p2g8_056,screen,964,8,creative_screen,merge_spatial_ic,"[""p3g9_022"",""p2g5_053""]",9a815b4bb1db78ea,ok,True,partial,0.413,55.46374396317729,64.90623993862881,59.00467995397162,55.46374396317729,False,False,4|grow|mobile|liquid|s1|g2|structured,structured,,merge_spatial_ic,True,2500.0
2,1272,2,p2g8_058,screen,964,8,creative_screen,merge_spatial_ic,"[""p5g6_021"",""p2g4_014""]",f6f348579074846d,ok,True,partial,0.0,12.11136,20.1856,15.1392,12.11136,False,False,3|constant|still|flicker|s1|g0|mixed,mixed,,merge_spatial_ic,True,2500.0
2,1273,2,p2g8_059,screen,964,8,creative_screen,merge_spatial_ic,"[""p2g2_055"",""p1g2_021""]",3e9e387b61a8cb22,ok,True,partial,0.5012,56.78681870852728,61.23136451421214,58.4535233856591,56.78681870852728,False,False,4|switch|mobile|liquid|s1|g1|structured,structured,,merge_spatial_ic,True,2500.0
2,1274,2,p2g8_023,screen,964,8,creative_screen,mint_bilin,"[""p3g8_042""]",69be1437d949213a,ok,True,partial,0.2558,50.50125301853151,67.11542169755252,56.7315662731644,50.50125301853151,False,False,3|grow|mobile|liquid|s1|g2|structured,structured,,mint_bilin,False,20000.0
2,1275,2,p2g8_046,screen,964,8,creative_screen,merge_spatial_ic,"[""p2g2_055"",""p6g1_040""]",3e9e387b61a8cb22,ok,True,partial,0.6535,73.36030069822412,78.70050116370687,75.36287587278017,73.36030069822412,True,True,4|switch|mobile|liquid|s1|g1|structured,structured,,merge_spatial_ic,True,20000.0
2,1276,2,p2g8_048,screen,964,8,creative_screen,merge_spatial_ic,"[""p3g9_022"",""p6g8_033""]",9a815b4bb1db78ea,ok,True,partial,0.5163,64.64922661982413,73.32871103304022,67.90403327478016,64.64922661982413,True,True,4|grow|mobile|liquid|s2|g2|structured,structured,,merge_spatial_ic,True,10000.0
2,1277,2,p2g8_049,screen,964,8,creative_screen,merge_spatial_ic,"[""p3g9_022"",""p2g1_055""]",9a815b4bb1db78ea,ok,True,partial,0.4849,62.02833386597692,71.0538897766282,65.41291733247115,62.02833386597692,True,True,4|grow|mobile|liquid|s1|g2|structured,structured,,merge_spatial_ic,True,20000.0
2,1278,2,p2g8_051,screen,964,8,creative_screen,merge_spatial_ic,"[""p3g9_022"",""p4g4_018""]",9a815b4bb1db78ea,ok,True,partial,0.5318,64.03227042167855,71.26711736946424,66.74533802709819,64.03227042167855,True,True,3|grow|mobile|liquid|s1|g2|structured,structured,,merge_spatial_ic,True,20000.0
2,1279,2,p2g8_052,screen,964,8,creative_screen,merge_spatial_ic,"[""p2g2_055"",""p6g1_023""]",3e9e387b61a8cb22,ok,True,partial,0.6368,72.9821197396439,79.1835328994065,75.30764967455488,72.9821197396439,True,True,4|grow|mobile|liquid|s1|g1|structured,structured,,merge_spatial_ic,True,20000.0
2,1280,2,p2g8_055,screen,964,8,creative_screen,merge_spatial_ic,"[""p2g2_055"",""p3g7_015""]",3e9e387b61a8cb22,ok,True,partial,0.6039,68.78029388395747,74.37382313992912,70.87786735494683,68.78029388395747,True,True,4|grow|mobile|liquid|s1|g1|structured,structured,,merge_spatial_ic,True,20000.0
2,1281,2,p2g8_057,screen,964,8,creative_screen,merge_spatial_ic,"[""p3g9_022"",""p6g6_032""]",9a815b4bb1db78ea,ok,True,partial,0.383,49.80713899123779,57.47856498539632,52.683923739047245,49.80713899123779,False,False,3|switch|mobile|liquid|s1|g2|structured,structured,,merge_spatial_ic,True,2500.0
2,1282,2,p2g8_060,screen,964,8,creative_screen,merge_spatial_ic,"[""p3g8_042"",""p6g1_023""]",669ecc8e806a412c,ok,True,partial,0.2946,57.95147578276547,76.9457929712758,65.07434472845684,57.95147578276547,False,False,3|switch|rotor|liquid|s1|g2|structured,structured,,merge_spatial_ic,True,20000.0
2,1283,2,p2g8_061,screen,964,8,creative_screen,merge_spatial_ic,"[""p2g1_055"",""p2g3_066""]",27a2960d05f47297,ok,True,partial,0.2036,53.33816579818739,75.32360966364566,61.58270724773425,53.33816579818739,False,False,3|switch|mobile|liquid|s1|g2|structured,structured,,merge_spatial_ic,True,20000.0
2,1284,2,p2g8_063,screen,964,8,creative_screen,merge_spatial_ic,"[""p3g9_022"",""p0g1_055""]",9a815b4bb1db78ea,ok,True,partial,0.6093,55.17272481230211,51.33454135383684,53.733406015377625,55.17272481230211,False,False,4|switch|mobile|liquid|s1|g2|structured,structured,,merge_spatial_ic,True,2500.0
2,1285,2,p2g8_064,screen,964,8,creative_screen,merge_spatial_ic,"[""p3g9_022"",""p2g1_049""]",9a815b4bb1db78ea,ok,True,partial,0.5398,60.35068559846686,64.5978093307781,61.94335699808358,60.35068559846686,True,True,4|grow|mobile|liquid|s1|g2|structured,structured,,merge_spatial_ic,True,2500.0
2,1286,2,p2g8_066,screen,964,8,creative_screen,merge_spatial_ic,"[""p2g1_051"",""p2g2_074""]",27a2960d05f47297,ok,True,partial,0.5509,65.51969267424704,72.47282112374506,68.12711584280879,65.51969267424704,True,True,3|switch|mobile|liquid|s1|g2|structured,structured,,merge_spatial_ic,True,10000.0
2,1287,2,p2g8_071,screen,964,8,creative_screen,merge_cross_edge,"[""p2g1_086"",""blk_p10g0_ds6_000""]",aa3150e6125f6d95,ok,True,partial,0.0,23.42971021381629,39.04951702302715,29.287137767270362,23.42971021381629,False,False,3|constant|still|liquid|s1|g2|mixed,mixed,,merge_cross_edge,False,2500.0
2,1288,2,p2g8_075,screen,964,8,creative_screen,merge_slow_tanh,"[""p2g7_054"",""ref_M0""]",6446ed4e3693c282,ok,True,partial,0.0,38.059049477746264,63.431749129577106,47.57381184718283,38.059049477746264,False,False,4|switch|rotor|liquid|s1|g2|mixed,mixed,,merge_slow_tanh,False,2500.0
2,1289,2,p2g8_010,screen,964,8,creative_screen,mutate,"[""p2g6_068""]",12bb196de0df00a3,ok,True,partial,0.0,37.64110140156149,62.73516900260249,47.051376751951864,37.64110140156149,False,False,4|switch|mobile|liquid|s1|g2|mixed,mixed,,mutate,False,2500.0
2,1290,2,p2g8_020,screen,964,8,creative_screen,mint_bilin,"[""p2g1_052""]",6948a9388ea3347f,ok,True,partial,0.4717,53.466684527421535,57.66447421236922,55.040855659276914,53.466684527421535,False,False,3|switch|rotor|flicker|s1|g0|structured,structured,,mint_bilin,False,5000.0
2,1291,2,p2g8_028,screen,964,8,creative_screen,mint_bilin,"[""p6g7_035""]",ce87e585b93d5fa9,ok,True,partial,0.5054,61.99971888172523,69.63953146954206,64.86464860215655,61.99971888172523,True,True,3|grow|rotor|liquid|s1|g2|structured,structured,,mint_bilin,False,5000.0
2,1292,2,p2g8_035,screen,964,8,creative_screen,delete_bilin,"[""p2g1_018""]",0741af878d72c789,ok,True,partial,0.4648,52.72684124517642,56.89140207529404,54.28855155647053,52.72684124517642,False,False,3|grow|mobile|liquid|s1|g0|structured,structured,,delete_bilin,False,10000.0
2,1293,2,p2g8_047,screen,964,8,creative_screen,merge_spatial_ic,"[""p2g1_003"",""p6g8_061""]",f891cbf384200ef8,ok,True,partial,0.0,18.27902383753256,30.465039729220933,22.8487797969157,18.27902383753256,False,False,2|relaxation|mobile|liquid|s1|g2|mixed,mixed,,merge_spatial_ic,True,2500.0
2,1294,2,p2g8_053,screen,964,8,creative_screen,merge_spatial_ic,"[""p1g2_020"",""p2g3_066""]",07440dda3d77d9a9,ok,True,partial,0.4592,56.2337649028634,63.10960817143899,58.81220612857925,56.2337649028634,False,False,4|grow|rotor|liquid|s1|g2|structured,structured,,merge_spatial_ic,True,2500.0
2,1295,2,p2g8_065,screen,964,8,creative_screen,merge_spatial_ic,"[""p6g4_021"",""p5g8_014""]",f1d619e4608e8429,ok,True,partial,0.5609,65.38393204388768,71.57988673981282,67.70741505485961,65.38393204388768,True,True,4|switch|rotor|liquid|s1|g2|structured,structured,,merge_spatial_ic,True,2500.0
2,1296,2,p2g8_073,screen,964,8,creative_screen,merge_cross_edge,"[""p3g5_061"",""ref_M4_tau5.7""]",3e675ad57fdaf4b9,ok,True,partial,0.0,29.311728816996485,48.85288136166081,36.63966102124561,29.311728816996485,False,False,4|constant|drift|liquid|s1|g2|mixed,mixed,,merge_cross_edge,False,5000.0
2,1297,2,p2g8_012,screen,964,8,creative_screen,mutate,"[""p2g5_012""]",86a009d7e732cf73,ok,True,partial,0.0605,27.668231395662907,42.080385659438186,33.072789244578644,27.668231395662907,False,False,2|switch|still|liquid|s1|g2|mixed,mixed,,mutate,False,2500.0
2,1298,2,p2g8_027,screen,964,8,creative_screen,mint_bilin,"[""p2g6_066""]",162011fa76fe738e,ok,True,partial,0.0685,27.915386132838755,41.9589768880646,33.18173266604845,27.915386132838755,False,False,2|constant|rotor|liquid|s1|g2|mixed,mixed,,mint_bilin,False,2500.0
2,1299,2,p2g8_031,screen,964,8,creative_screen,mint_bilin,"[""p4g4_018""]",d30f4d4180118228,ok,True,partial,0.0,22.206310001676062,37.0105166694601,27.757887502095077,22.206310001676062,False,False,2|switch|still|frozen|s1|g2|mixed,mixed,,mint_bilin,False,2500.0
2,1300,2,p2g8_040,screen,964,8,creative_screen,add_chan,"[""p6g7_013""]",09fc5492e148717e,ok,True,partial,0.5615,61.54406884335826,65.14011473893044,62.89258605419783,61.54406884335826,True,True,3|switch|mobile|liquid|s1|g2|structured,structured,,add_chan,False,2500.0
2,1301,2,p2g8_079,screen,964,8,creative_screen,immigrate,,41c899a37e196140,no_blobs,True,missing,,0.0,,,,False,False,,,,immigrate,False,
2,1302,2,p2g8_062,screen,964,8,creative_screen,merge_spatial_ic,"[""p1g2_034"",""p5g8_014""]",65ee88a4e85ee72d,ok,True,partial,0.5326,52.696470924347565,52.32078487391261,52.555588655434455,52.696470924347565,False,False,3|switch|mobile|liquid|s1|g0|structured,structured,,merge_spatial_ic,True,2500.0
2,1303,2,p2g8_072,screen,964,8,creative_screen,merge_cross_edge,"[""p3g9_021"",""blk_engine_10748""]",8ae21183c16a54ed,ok,True,partial,0.0,39.72199174514444,66.20331957524074,49.65248968143055,39.72199174514444,False,False,4|grow|mobile|liquid|s2|g1|mixed,mixed,,merge_cross_edge,False,5000.0
2,1304,2,p2g8_077,screen,964,8,creative_screen,immigrate,,1723cee8c2dcc219,ok,True,partial,0.0,0.0,0.0,0.0,0.0,False,False,1|constant|still|gas|s1|g0|mixed,mixed,,immigrate,False,2500.0
2,1305,2,p2g8_070,screen,964,8,creative_screen,merge_cross_edge,"[""p2g7_079"",""p3g9_021""]",760c83b5c1f5a98d,ok,True,partial,0.0,43.09585400023825,71.82642333373042,53.86981750029781,43.09585400023825,False,False,4|grow|mobile|liquid|s1|g1|mixed,mixed,,merge_cross_edge,False,20000.0
2,1306,2,p2g8_078,screen,964,8,creative_screen,immigrate,,6ce831a2e7937d5d,ok,True,partial,0.0,0.0,0.0,0.0,0.0,False,False,1|constant|still|gas|s1|g0|mixed,mixed,,immigrate,False,2500.0
2,1307,2,p2g8_081,screen,964,8,creative_screen,immigrate,,1e2556bbf04b4329,ok,True,partial,0.0,0.0,0.0,0.0,0.0,False,False,1|constant|still|gas|s1|g0|mixed,mixed,,immigrate,False,2500.0
2,1308,2,p2g8_080,screen,964,8,creative_screen,immigrate,,33913936fc71952e,ok,True,partial,0.0,0.0,0.0,0.0,0.0,False,False,1|constant|still|gas|s1|g0|mixed,mixed,,immigrate,False,2500.0
2,1309,2,p2g9_045,screen,964,9,creative_screen,add_chan,"[""p2g5_019""]",f78e6fe977abaa8b,ok,True,partial,0.0,19.470000000000002,32.45,24.337500000000002,19.470000000000002,False,False,3|constant|still|flicker|s1|g2|mixed,mixed,,add_chan,False,2500.0
2,1310,2,p2g9_053,screen,964,9,creative_screen,merge_cross_edge,"[""p2g4_062"",""blk_engine_10748""]",b8b46381020fee39,ok,True,partial,0.5112,57.29223574807628,61.40705958012713,58.83529468509535,57.29223574807628,False,False,3|grow|mobile|liquid|s1|g2|structured,structured,,merge_cross_edge,False,2500.0
2,1311,2,p2g9_015,screen,964,9,creative_screen,mutate,"[""p2g5_019""]",bb838ca968108f34,ok,True,partial,0.0,19.473140186915888,32.45523364485982,24.341425233644863,19.473140186915888,False,False,3|constant|still|flicker|s1|g2|mixed,mixed,,mutate,False,2500.0
2,1312,2,p2g8_032_s2,seed2,965,8,selected_confirmation,seed2,"[""p2g8_032""]",c023c34c999ddfa1,ok,True,partial,0.5491,70.83060444694053,81.44434074490088,74.81075555867567,70.83060444694053,True,True,3|grow|mobile|liquid|s3|g2|structured,structured,True,delete_bilin,False,20000.0
2,1313,2,p2g8_007_s2,seed2,965,8,selected_confirmation,seed2,"[""p2g8_007""]",3b1e8f6decfce774,ok,True,partial,0.5814,67.78112330838746,74.20853884731245,70.19140413548433,67.78112330838746,True,True,3|grow|mobile|liquid|s2|g1|structured,structured,True,mutate,False,20000.0
2,1314,2,p2g8_046_s2,seed2,965,8,selected_confirmation,seed2,"[""p2g8_046""]",3e9e387b61a8cb22,ok,True,partial,0.5036,67.69365896895766,79.24943161492943,72.02707371119708,67.69365896895766,True,True,4|grow|mobile|liquid|s2|g1|structured,structured,True,merge_spatial_ic,False,20000.0
2,1315,2,p2g8_052_s2,seed2,965,8,selected_confirmation,seed2,"[""p2g8_052""]",3e9e387b61a8cb22,ok,True,partial,0.5036,67.69365896895766,79.24943161492943,72.02707371119708,67.69365896895766,True,True,4|grow|mobile|liquid|s2|g1|structured,structured,True,merge_spatial_ic,False,20000.0
2,1316,2,p2g8_070_s2,seed2,965,8,selected_confirmation,seed2,"[""p2g8_070""]",760c83b5c1f5a98d,ok,True,partial,0.0,42.872763343768796,71.454605572948,53.590954179711,42.872763343768796,False,False,4|grow|mobile|liquid|s1|g1|mixed,mixed,True,merge_cross_edge,False,20000.0
2,1317,2,p2g8_021_s2,seed2,965,8,selected_confirmation,seed2,"[""p2g8_021""]",4d7eab86836e8142,ok,True,partial,0.0695,32.23271202235145,49.087853370585755,38.553390027939315,32.23271202235145,False,False,2|grow|still|liquid|s1|g2|mixed,mixed,True,mint_bilin,False,10000.0
2,1318,2,p2g8_035_s2,seed2,965,8,selected_confirmation,seed2,"[""p2g8_035""]",0741af878d72c789,ok,True,partial,0.4725,57.84863644588192,64.91439407646988,60.49829555735241,57.84863644588192,True,False,3|grow|mobile|liquid|s2|g0|structured,structured,True,delete_bilin,False,20000.0
2,1319,2,p2g8_003_s2,seed2,965,8,selected_confirmation,seed2,"[""p2g8_003""]",1510672b8487df97,ok,True,partial,0.0492,23.846081664987963,36.46346944164661,28.577602081234957,23.846081664987963,False,False,3|switch|drift|frozen|s1|g2|structured,structured,True,mutate,False,5000.0
2,1320,2,p2g8_054_s2,seed2,965,8,selected_confirmation,seed2,"[""p2g8_054""]",070d384c430a8e0f,ok,True,partial,0.4711,60.7700458382307,69.87674306371784,64.18505729778838,60.7700458382307,True,True,4|constant|rotor|liquid|s1|g2|structured,structured,True,merge_spatial_ic,False,5000.0
2,1321,2,p2g8_020_s2,seed2,965,8,selected_confirmation,seed2,"[""p2g8_020""]",6948a9388ea3347f,ok,True,partial,0.6824,72.63663610827167,75.56772684711946,73.7357951353396,72.63663610827167,True,True,4|switch|rotor|liquid|s3|g0|structured,structured,True,mint_bilin,False,5000.0
2,1322,2,p2g8_072_s2,seed2,965,8,selected_confirmation,seed2,"[""p2g8_072""]",8ae21183c16a54ed,ok,True,partial,0.0,40.9260660497461,68.21011008291016,51.157582562182625,40.9260660497461,False,False,4|grow|mobile|liquid|s2|g1|mixed,mixed,True,merge_cross_edge,False,5000.0
2,1323,2,p2g9_001,screen,964,9,creative_screen,mutate,"[""p2g5_022""]",9ce9dc3c50c40bb1,ok,True,partial,0.6173,65.44080774912415,67.91467958187359,66.36850968640519,65.44080774912415,True,True,4|grow|mobile|liquid|s1|g2|structured,structured,,mutate,False,2500.0
2,1324,2,p2g9_003,screen,964,9,creative_screen,mutate,"[""p2g1_067""]",478614300161cf35,ok,True,partial,0.1902,41.481072365576296,56.45512060929383,47.096340456970374,41.481072365576296,False,False,4|switch|mobile|liquid|s1|g2|structured,structured,,mutate,False,5000.0
2,1325,2,p2g9_006,screen,964,9,creative_screen,mutate,"[""p2g7_011""]",d215b98228f43157,ok,True,partial,0.0,0.0,0.0,0.0,0.0,False,False,1|constant|still|gas|s1|g0|mixed,mixed,,mutate,False,2500.0
2,1326,2,p2g9_010,screen,964,9,creative_screen,mutate,"[""p2g3_062""]",a2943d3cf9c93a11,ok,True,partial,0.0933,35.59726806262474,53.108780104374574,42.164085078280934,35.59726806262474,False,False,4|switch|drift|liquid|s1|g2|mixed,mixed,,mutate,False,2500.0
2,1327,2,p2g9_023,screen,964,9,creative_screen,mint_bilin,"[""p2g5_007""]",878e69cbaefec6f7,ok,True,partial,0.0,33.38003842282117,55.63339737136862,41.725048028526466,33.38003842282117,False,False,2|oscillator|mobile|gas|s1|g2|mixed,mixed,,mint_bilin,False,2500.0
2,1328,2,p2g9_024,screen,964,9,creative_screen,mint_bilin,"[""p2g7_056""]",9f33d6d08d7a3505,ok,True,partial,0.1922,46.24003467083804,64.2533911180634,52.99504333854755,46.24003467083804,False,False,4|switch|rotor|liquid|s2|g2|mixed,mixed,,mint_bilin,False,5000.0
2,1329,2,p2g9_025,screen,964,9,creative_screen,mint_bilin,"[""p2g5_022""]",008fc5b0ef003ca0,ok,True,partial,0.4132,63.07652823517954,77.5808803919659,68.51566029397443,63.07652823517954,True,True,4|grow|rotor|liquid|s2|g2|structured,structured,,mint_bilin,False,5000.0
2,1330,2,p2g9_028,screen,964,9,creative_screen,mint_bilin,"[""p2g7_056""]",b7df835b98d1b109,ok,True,partial,0.415,66.61524182875822,83.3587363812637,72.89405228594777,66.61524182875822,True,True,4|grow|rotor|liquid|s3|g2|structured,structured,,mint_bilin,False,10000.0
2,1331,2,p2g9_029,screen,964,9,creative_screen,mint_bilin,"[""p2g7_056""]",80e49ba9c12e0607,ok,True,partial,0.4597,69.12625716133178,84.56376193555296,74.91532145166471,69.12625716133178,True,True,4|switch|rotor|liquid|s3|g2|structured,structured,,mint_bilin,False,10000.0
2,1332,2,p2g9_034,screen,964,9,creative_screen,mint_bilin,"[""p2g7_056""]",cebbdbd3995ac686,ok,True,partial,0.3235,59.39156220539992,77.41927034233319,66.15195275674989,59.39156220539992,False,False,4|switch|rotor|liquid|s2|g2|structured,structured,,mint_bilin,False,10000.0
2,1333,2,p2g9_035,screen,964,9,creative_screen,mint_bilin,"[""p2g5_022""]",e71daf9fe788b0ad,ok,True,partial,0.2963,54.12792079641582,70.45986799402637,60.25240099551978,54.12792079641582,False,False,4|grow|mobile|liquid|s2|g2|structured,structured,,mint_bilin,False,10000.0
2,1334,2,p2g9_038,screen,964,9,creative_screen,mint_bilin,"[""p2g7_056""]",75e4ac6479115100,ok,True,partial,0.4966,71.25678402334633,85.65464003891056,76.65598002918293,71.25678402334633,True,True,4|grow|rotor|liquid|s3|g2|structured,structured,,mint_bilin,False,20000.0
2,1335,2,p2g9_044,screen,964,9,creative_screen,add_chan,"[""p2g2_055""]",ceb5447c0a7d78d0,ok,True,partial,0.2123,46.1796969463318,62.812828243886344,52.417121182914755,46.1796969463318,False,False,3|grow|mobile|liquid|s1|g1|structured,structured,,add_chan,False,5000.0
2,1336,2,p2g9_046,screen,964,9,creative_screen,add_chan,"[""p2g8_046""]",9d8a7b08f3c0f9bb,ok,True,partial,0.3688,55.904666720731434,68.58777786788572,60.660833400914285,55.904666720731434,False,False,4|grow|mobile|liquid|s1|g1|structured,structured,,add_chan,False,5000.0
2,1337,2,p2g9_048,screen,964,9,creative_screen,add_chan,"[""p2g1_037""]",69aaa3b4033bad58,ok,True,partial,0.4167,49.606408976614816,54.897348294358025,51.59051122076852,49.606408976614816,False,False,3|switch|mobile|liquid|s1|g0|structured,structured,,add_chan,False,2500.0
2,1338,2,p2g9_049,screen,964,9,creative_screen,add_chan,"[""p2g7_049""]",ea4b00b9cd7766f3,ok,True,partial,0.5561,68.89827618350193,77.75712697250322,72.22034522937741,68.89827618350193,True,True,3|grow|mobile|liquid|s2|g2|structured,structured,,add_chan,False,20000.0
2,1339,2,p2g9_051,screen,964,9,creative_screen,add_chan,"[""p6g8_068""]",b444e51b25aa7a39,ok,True,partial,0.1566,35.18053967804873,48.19423279674788,40.06067459756091,35.18053967804873,False,False,4|grow|mobile|liquid|s1|g2|structured,structured,,add_chan,False,2500.0
2,1340,2,p2g9_056,screen,964,9,creative_screen,merge_cross_edge,"[""p2g1_002"",""ref_BFIELD_g0.05""]",9de95502b119981d,ok,True,partial,0.0267,22.053845060969003,34.97640843494834,26.899806326211255,22.053845060969003,False,False,1|switch|mobile|frozen|s1|g2|structured,structured,,merge_cross_edge,False,2500.0
2,1341,2,p2g9_059,screen,964,9,creative_screen,merge_cross_edge,"[""p4g2_028"",""ref_iso_d0.65""]",32683854a6144270,ok,True,partial,0.2332,48.89643261625163,65.94738769375273,55.29054077031455,48.89643261625163,False,False,4|grow|drift|liquid|s1|g2|structured,structured,,merge_cross_edge,False,5000.0
2,1342,2,p2g9_061,screen,964,9,creative_screen,merge_cross_edge,"[""p2g7_039"",""ref_iso_d0.65""]",32297438b17c86e0,ok,True,partial,0.3529,56.15263341472963,70.06105569121605,61.36829176841204,56.15263341472963,False,False,4|switch|drift|liquid|s1|g2|structured,structured,,merge_cross_edge,False,5000.0
2,1343,2,p2g9_063,screen,964,9,creative_screen,merge_cross_edge,"[""p4g2_028"",""ref_M4_tau5.7""]",7b6933fb03adb935,ok,True,partial,0.1554,47.806620069581356,69.31770011596893,55.8732750869767,47.806620069581356,False,False,4|grow|drift|liquid|s2|g2|structured,structured,,merge_cross_edge,False,5000.0
2,1344,2,p2g9_000,screen,964,9,creative_screen,mutate,"[""p2g6_032""]",4adaa39e8fe0e5bf,ok,True,partial,0.4412,55.825105761734136,63.62850960289022,58.75138220216766,55.825105761734136,False,False,3|switch|mobile|liquid|s1|g1|structured,structured,,mutate,False,2500.0
2,1345,2,p2g9_002,screen,964,9,creative_screen,mutate,"[""p2g2_055""]",a950afa173bd1ace,ok,True,partial,0.0,28.24967198229738,47.0827866371623,35.31208997787172,28.24967198229738,False,False,4|oscillator|mobile|liquid|s1|g0|mixed,mixed,,mutate,False,2500.0
2,1346,2,p2g9_004,screen,964,9,creative_screen,mutate,"[""p2g8_046""]",a5010407888af2be,ok,True,partial,0.5862,44.93267326166858,35.80778876944763,41.51084157708573,44.93267326166858,False,False,3|constant|mobile|liquid|s1|g1|structured,structured,,mutate,False,2500.0
2,1347,2,p2g9_005,screen,964,9,creative_screen,mutate,"[""p2g8_046""]",2b0910dbcddb47ae,ok,True,partial,0.5722,63.58700911465037,67.83168185775062,65.17876139331297,63.58700911465037,True,True,4|switch|mobile|liquid|s1|g1|structured,structured,,mutate,False,5000.0
2,1348,2,p2g9_007,screen,964,9,creative_screen,mutate,"[""p2g8_046""]",92424ebc1d6c54a5,ok,True,partial,0.447,58.03884129260145,66.93140215433576,61.37355161575182,58.03884129260145,True,False,4|switch|mobile|liquid|s1|g1|structured,structured,,mutate,False,2500.0
2,1349,2,p2g9_008,screen,964,9,creative_screen,mutate,"[""p2g2_055""]",e6fa08aa760fb467,ok,True,partial,0.0,23.192893451934793,38.654822419891325,28.99111681491849,23.192893451934793,False,False,2|switch|mobile|flicker|s1|g1|mixed,mixed,,mutate,False,2500.0
2,1350,2,p2g9_012,screen,964,9,creative_screen,mutate,"[""p2g2_055""]",65186061055ce36b,ok,True,partial,0.3382,46.937083468737136,55.68180578122857,50.21635433592142,46.937083468737136,False,False,3|switch|mobile|liquid|s1|g0|structured,structured,,mutate,False,2500.0
2,1351,2,p2g9_013,screen,964,9,creative_screen,mutate,"[""p2g2_055""]",5b41d06edebca057,ok,True,partial,0.5882,45.04964374015661,35.86940623359436,41.60705467519577,45.04964374015661,False,False,3|constant|mobile|liquid|s1|g1|structured,structured,,mutate,False,2500.0
2,1352,2,p2g9_016,screen,964,9,creative_screen,mutate,"[""p2g2_055""]",f63b394579b186e3,ok,True,partial,0.6317,65.55265625368901,67.14109375614835,66.14832031711127,65.55265625368901,True,True,4|grow|mobile|liquid|s1|g1|structured,structured,,mutate,False,2500.0
2,1353,2,p2g9_017,screen,964,9,creative_screen,mutate,"[""p2g8_046""]",b69eab946c9931b2,ok,True,partial,0.1971,33.03579510881778,41.919658514696295,36.36724388602222,33.03579510881778,False,False,2|switch|mobile|flicker|s1|g1|mixed,mixed,,mutate,False,10000.0
2,1354,2,p2g9_021,screen,964,9,creative_screen,mutate,"[""p2g7_049""]",59b7b97750d39049,ok,True,partial,0.0,25.17430805104096,41.957180085068266,31.467885063801198,25.17430805104096,False,False,2|grow|mobile|liquid|s1|g0|mixed,mixed,,mutate,False,2500.0
2,1355,2,p2g9_022,screen,964,9,creative_screen,mint_bilin,"[""p2g1_045""]",3d8379c88329f2ba,ok,True,partial,0.0,27.25559605597715,45.42599342662859,34.06949506997144,27.25559605597715,False,False,3|switch|still|frozen|s1|g2|mixed,mixed,,mint_bilin,False,5000.0
2,1356,2,p2g9_031,screen,964,9,creative_screen,mint_bilin,"[""p2g3_031""]",db405b3e11f737b9,ok,True,partial,0.4,57.75264838833515,69.58774731389192,62.19081048541894,57.75264838833515,True,False,4|grow|rotor|liquid|s1|g1|structured,structured,,mint_bilin,False,5000.0
2,1357,2,p2g9_033,screen,964,9,creative_screen,mint_bilin,"[""p2g4_009""]",8453ed047e2458e4,ok,True,partial,0.0,31.17228394622155,51.95380657703592,38.96535493277694,31.17228394622155,False,False,4|switch|rotor|flicker|s1|g2|mixed,mixed,,mint_bilin,False,2500.0
2,1358,2,p2g9_037,screen,964,9,creative_screen,mint_bilin,"[""p2g6_009""]",cc084fe920f62396,ok,True,partial,0.0995,32.78048447635749,48.00080746059582,38.48810559544687,32.78048447635749,False,False,2|grow|drift|liquid|s1|g2|mixed,mixed,,mint_bilin,False,5000.0
2,1359,2,p2g9_041,screen,964,9,creative_screen,delete_bilin,"[""p2g6_032""]",a758dc867063b449,ok,True,partial,0.0,37.219355826226014,62.03225971037669,46.524194782782516,37.219355826226014,False,False,3|switch|mobile|liquid|s1|g1|structured,structured,,delete_bilin,False,2500.0
2,1360,2,p2g9_043,screen,964,9,creative_screen,delete_bilin,"[""p2g5_005""]",edfcbddbd769a64e,ok,True,partial,0.3767,58.06847690332641,71.66746150554403,63.168096129158016,58.06847690332641,False,False,3|switch|mobile|liquid|s1|g2|structured,structured,,delete_bilin,False,2500.0
2,1361,2,p2g9_047,screen,964,9,creative_screen,add_chan,"[""p2g2_003""]",c137f89dac90153d,ok,True,partial,0.0,28.019043462854015,46.69840577142336,35.02380432856752,28.019043462854015,False,False,2|switch|drift|liquid|s1|g2|mixed,mixed,,add_chan,False,2500.0
2,1362,2,p2g9_050,screen,964,9,creative_screen,add_chan,"[""p6g8_061""]",06908fc480686aa7,ok,True,partial,0.0,12.048723337087187,20.08120556181198,15.060904171358985,12.048723337087187,False,False,1|constant|still|gas|s1|g2|mixed,mixed,,add_chan,False,2500.0
2,1363,2,p2g9_052,screen,964,9,creative_screen,merge_spatial_ic,"[""p2g2_055"",""p2g2_055""]",3e9e387b61a8cb22,ok,True,partial,0.3511,51.283060329259456,62.06510054876577,55.32632541157433,51.283060329259456,False,False,4|grow|mobile|liquid|s1|g1|structured,structured,,merge_spatial_ic,True,2500.0
2,1364,2,p2g9_054,screen,964,9,creative_screen,merge_cross_edge,"[""p2g4_062"",""ref_XV_tau15.7""]",76d1c06b5b8bc77c,ok,True,partial,0.4942,62.00044198635322,70.38740331058871,65.14555248294154,62.00044198635322,True,True,4|grow|mobile|liquid|s1|g2|structured,structured,,merge_cross_edge,False,5000.0
2,1365,2,p2g9_058,screen,964,9,creative_screen,merge_cross_edge,"[""p5g8_014"",""p2g1_086""]",9c04a8554ffe5fc4,ok,True,partial,0.0,42.58824690351879,70.98041150586465,53.23530862939849,42.58824690351879,False,False,4|switch|rotor|liquid|s1|g2|mixed,mixed,,merge_cross_edge,False,2500.0
2,1366,2,p2g9_019,screen,964,9,creative_screen,mutate,"[""p2g6_001""]",74218c371b86c1b5,ok,True,partial,0.1804,22.829632218952536,26.022720364920897,24.027040273690673,22.829632218952536,False,False,4|constant|mobile|liquid|s1|g2|structured,structured,,mutate,False,2500.0
2,1367,2,p2g9_027,screen,964,9,creative_screen,mint_bilin,"[""p2g3_020""]",bf51b22c2ba9cf72,ok,True,partial,0.4744,59.90161609219168,68.20936015365281,63.0170201152396,59.90161609219168,True,False,3|switch|mobile|liquid|s1|g2|structured,structured,,mint_bilin,False,2500.0
2,1368,2,p2g9_030,screen,964,9,creative_screen,mint_bilin,"[""p2g6_025""]",849b5efc60de54aa,ok,True,partial,0.4048,50.45421673137193,57.103694552286555,52.947770914214914,50.45421673137193,False,False,3|switch|mobile|liquid|s1|g0|structured,structured,,mint_bilin,False,5000.0
2,1369,2,p2g9_009,screen,964,9,creative_screen,mutate,"[""p2g6_037""]",750b6089092d75eb,ok,True,partial,0.6246,56.074993016080704,51.81832169346784,54.478741270100876,56.074993016080704,False,False,3|switch|mobile|flicker|s1|g0|structured,structured,,mutate,False,2500.0
2,1370,2,p2g9_011,screen,964,9,creative_screen,mutate,"[""p2g7_049""]",7f586602f6ca5a4b,ok,True,partial,0.5651,69.27175460951483,77.77959101585805,72.46219326189353,69.27175460951483,True,True,4|grow|mobile|liquid|s2|g2|structured,structured,,mutate,False,10000.0
2,1371,2,p2g9_014,screen,964,9,creative_screen,mutate,"[""p2g5_061""]",71a9543e79ab288a,ok,True,partial,0.4814,61.225730583336166,69.94955097222694,64.49716322917021,61.225730583336166,True,True,3|grow|mobile|liquid|s1|g2|structured,structured,,mutate,False,20000.0
2,1372,2,p2g9_026,screen,964,9,creative_screen,mint_bilin,"[""p2g3_038""]",160e2e5763f7a50b,ok,True,partial,0.6021,64.53652593337289,67.42087655562148,65.6181574167161,64.53652593337289,True,True,3|grow|mobile|liquid|s2|g1|structured,structured,,mint_bilin,False,10000.0
2,1373,2,p2g9_036,screen,964,9,creative_screen,mint_bilin,"[""p2g2_055""]",750b49aa05040a8e,ok,True,partial,0.4336,68.37522418361169,85.05204030601948,74.62903022951461,68.37522418361169,True,True,4|grow|mobile|liquid|s2|g1|structured,structured,,mint_bilin,False,20000.0
2,1374,2,p2g9_042,screen,964,9,creative_screen,delete_bilin,"[""p2g7_010""]",43adda69a795b343,ok,True,partial,0.1762,43.624054835111394,60.96009139185232,50.12506854388924,43.624054835111394,False,False,4|grow|mobile|liquid|s2|g1|mixed,mixed,,delete_bilin,False,10000.0
2,1375,2,p2g9_062,screen,964,9,creative_screen,merge_slow_tanh,"[""p2g7_017"",""ref_iso_d0.65""]",63226a1da0c7fa99,ok,True,partial,0.0,45.26842761686783,75.4473793614464,56.585534521084796,45.26842761686783,False,False,3|grow|mobile|liquid|s1|g2|mixed,mixed,,merge_slow_tanh,False,10000.0
2,1376,2,p2g9_020,screen,964,9,creative_screen,mutate,"[""p2g3_066""]",32ca5ddb4d6db260,ok,True,partial,0.0,13.132099840316407,21.88683306719401,16.41512480039551,13.132099840316407,False,False,3|constant|still|flicker|s1|g0|mixed,mixed,,mutate,False,2500.0
2,1377,2,p2g9_040,screen,964,9,creative_screen,delete_bilin,"[""p2g6_066""]",cd582dadadac6cec,ok,True,partial,0.0496,26.747303087428534,41.2721718123809,32.19412885928568,26.747303087428534,False,False,2|oscillator|rotor|frozen|s1|g1|structured,structured,,delete_bilin,False,2500.0
2,1378,2,p2g9_064,screen,964,9,creative_screen,merge_slow_tanh,"[""p2g3_004"",""ref_M0""]",2133d260ec0d88e9,ok,True,partial,0.0816,25.90390038370197,37.73316730616995,30.339875479627466,25.90390038370197,False,False,2|grow|drift|liquid|s1|g2|structured,structured,,merge_slow_tanh,False,2500.0
2,1379,2,p2g8_001_s2,seed2,965,8,selected_confirmation,seed2,"[""p2g8_001""]",0d57df5074453f20,ok,True,partial,0.0,16.96789986107173,28.279833101786217,21.209874826339664,16.96789986107173,False,False,1|constant|mobile|liquid|s1|g0|mixed,mixed,True,mutate,False,2500.0
2,1380,2,p2g8_011_s2,seed2,965,8,selected_confirmation,seed2,"[""p2g8_011""]",923af780878a477c,ok,True,partial,0.0564,24.55924771396367,37.172079523272785,29.28905964245459,24.55924771396367,False,False,2|constant|still|frozen|s1|g2|structured,structured,True,mutate,False,2500.0
2,1381,2,p2g8_071_s2,seed2,965,8,selected_confirmation,seed2,"[""p2g8_071""]",aa3150e6125f6d95,ok,True,partial,0.0,23.373267111413917,38.95544518568986,29.216583889267397,23.373267111413917,False,False,3|constant|still|liquid|s1|g2|mixed,mixed,True,merge_cross_edge,False,2500.0
2,1382,2,p2g8_047_s2,seed2,965,8,selected_confirmation,seed2,"[""p2g8_047""]",f891cbf384200ef8,ok,True,partial,0.0,14.812157683322619,24.686929472204366,18.515197104153273,14.812157683322619,False,False,2|switch|mobile|gas|s1|g2|mixed,mixed,True,merge_spatial_ic,False,2500.0
2,1383,2,p2g8_012_s2,seed2,965,8,selected_confirmation,seed2,"[""p2g8_012""]",86a009d7e732cf73,ok,True,partial,0.1742,35.697508352376616,47.88251392062769,40.266885440470766,35.697508352376616,False,False,2|switch|drift|liquid|s1|g2|mixed,mixed,True,mutate,False,2500.0
2,1384,2,p2g8_027_s2,seed2,965,8,selected_confirmation,seed2,"[""p2g8_027""]",162011fa76fe738e,ok,True,partial,0.0425,26.56009488318524,41.4334914719754,32.13761860398155,26.56009488318524,False,False,2|constant|rotor|frozen|s1|g2|mixed,mixed,True,mint_bilin,False,2500.0
2,1385,2,p2g8_031_s2,seed2,965,8,selected_confirmation,seed2,"[""p2g8_031""]",d30f4d4180118228,ok,True,partial,0.0,23.550994642774334,39.251657737957224,29.438743303467916,23.550994642774334,False,False,2|switch|still|liquid|s1|g2|mixed,mixed,True,mint_bilin,False,5000.0
2,1386,2,p2g9_065,screen,964,9,creative_screen,immigrate,,85a4d64c24d561dc,no_blobs,True,missing,,0.0,,,,False,False,,,,immigrate,False,
2,1387,2,p2g9_066,screen,964,9,creative_screen,immigrate,,baf4a8127e361ccc,no_blobs,True,missing,,0.0,,,,False,False,,,,immigrate,False,
2,1388,2,p2g9_067,screen,964,9,creative_screen,immigrate,,5896eed21348942d,no_blobs,True,missing,,0.0,,,,False,False,,,,immigrate,False,
2,1389,2,p2g9_039,screen,964,9,creative_screen,mint_bilin,"[""p6g9_024""]",b5cecadd3267a7f7,ok,True,partial,0.4067,47.89147644350305,52.705794072505086,49.69684555437881,47.89147644350305,False,False,4|switch|mobile|flicker|s1|g0|structured,structured,,mint_bilin,False,2500.0
2,1390,2,p2g9_055,screen,964,9,creative_screen,merge_cross_edge,"[""p2g7_054"",""ref_iso_d0.75""]",70da1c6a123399b2,ok,True,partial,0.0,41.78593491910359,69.64322486517266,52.23241864887949,41.78593491910359,False,False,4|grow|mobile|liquid|s1|g1|mixed,mixed,,merge_cross_edge,False,10000.0
2,1391,2,p2g9_057,screen,964,9,creative_screen,merge_cross_edge,"[""p3g9_021"",""blk_engine_10748""]",30f72d131b7c3f65,ok,True,partial,0.0,38.817813201277495,64.6963553354625,48.522266501596874,38.817813201277495,False,False,4|grow|mobile|liquid|s1|g1|mixed,mixed,,merge_cross_edge,False,2500.0
2,1392,2,p2g9_018,screen,964,9,creative_screen,mutate,"[""p2g6_020""]",3f24cc5d85b2d49f,ok,True,partial,0.1335,50.79534033049654,75.75890055082758,60.15667541312068,50.79534033049654,False,False,3|switch|rotor|liquid|s1|g2|structured,structured,,mutate,False,20000.0
2,1393,2,p2g8_008_s2,seed2,965,8,selected_confirmation,seed2,"[""p2g8_008""]",b7dff2d45996e177,ok,True,partial,0.0393,30.427519079807745,48.09253179967958,37.05189884975968,30.427519079807745,False,False,3|grow|still|frozen|s1|g2|mixed,mixed,True,mutate,False,20000.0
2,1394,2,p2g9_069,screen,964,9,creative_screen,immigrate,,b53860dc1dd13bac,ok,True,partial,0.0,16.69947405600017,27.832456760000284,20.874342570000213,16.69947405600017,False,False,2|constant|still|gas|s1|g2|mixed,mixed,,immigrate,False,2500.0
2,1395,2,p2g9_068,screen,964,9,creative_screen,immigrate,,69fe58690d1b036c,ok,True,partial,0.0,0.0,0.0,0.0,0.0,False,False,1|constant|still|gas|s1|g0|mixed,mixed,,immigrate,False,2500.0
2,1396,2,p2g9_032,screen,964,9,creative_screen,mint_bilin,"[""p2g8_070""]",77c9c715863a438f,ok,True,partial,0.0,43.14801092941921,71.91335154903201,53.93501366177401,43.14801092941921,False,False,4|grow|mobile|liquid|s1|g1|mixed,mixed,,mint_bilin,False,20000.0
2,1397,2,p2g9_060,screen,964,9,creative_screen,merge_cross_edge,"[""p2g7_079"",""ref_M4_tau5.7""]",e0a6ff6ba249eccc,ok,True,partial,0.5437,46.762662382479746,41.691103970799574,44.86082797809968,46.762662382479746,False,False,2|switch|mobile|flicker|s1|g0|structured,structured,,merge_cross_edge,False,10000.0
2,1398,2,p2g10_011,screen,964,10,creative_screen,mutate,"[""p2g4_061""]",474ba11480ebe045,ok,True,partial,0.548,61.6333600294453,66.18893338240883,63.34170003680663,61.6333600294453,True,True,3|switch|mobile|liquid|s1|g2|structured,structured,,mutate,False,2500.0
2,1399,2,p2g10_049,screen,964,10,creative_screen,add_chan,"[""p2g1_078""]",e98d623ab6f1d6d2,ok,True,partial,0.3903,52.04461978401278,60.72103297335464,55.29827473001598,52.04461978401278,False,False,3|switch|rotor|flicker|s1|g2|mixed,mixed,,add_chan,False,10000.0
2,1400,2,p2g10_004,screen,964,10,creative_screen,mutate,"[""p3g6_061""]",2d6519bf96f89a84,ok,True,partial,0.0,19.3909714736784,32.318285789464,24.238714342098,19.3909714736784,False,False,3|oscillator|drift|liquid|s1|g1|mixed,mixed,,mutate,False,2500.0
2,1401,2,p2g10_056,screen,964,10,creative_screen,merge_spatial_ic,"[""p2g7_068"",""p2g3_004""]",2e50de072bfe838d,ok,True,partial,0.0,20.4994502321709,34.1657503869515,25.624312790213626,20.4994502321709,False,False,2|constant|drift|flicker|s1|g2|mixed,mixed,,merge_spatial_ic,True,2500.0
2,1402,2,p2g10_063,screen,964,10,creative_screen,merge_slow_tanh,"[""p2g2_098"",""ref_M4_tau5.7""]",55040f5aca934a36,ok,True,partial,0.0,29.305373985204426,48.84228997534071,36.63171748150553,29.305373985204426,False,False,2|switch|mobile|liquid|s1|g2|mixed,mixed,,merge_slow_tanh,False,2500.0
2,1403,2,p2g9_032_s2,seed2,965,9,selected_confirmation,seed2,"[""p2g9_032""]",77c9c715863a438f,ok,True,partial,0.0,42.67414407378616,71.12357345631027,53.3426800922327,42.67414407378616,False,False,4|grow|mobile|liquid|s1|g1|mixed,mixed,True,mint_bilin,False,20000.0
2,1404,2,p2g8_032_s3,seed3,966,8,selected_confirmation,seed3,"[""p2g8_032""]",c023c34c999ddfa1,ok,True,partial,0.4878,68.62585459756266,81.85642432927112,73.58731824695334,68.62585459756266,True,True,3|grow|mobile|liquid|s3|g2|structured,structured,True,delete_bilin,False,20000.0
2,1405,2,p2g8_007_s3,seed3,966,8,selected_confirmation,seed3,"[""p2g8_007""]",3b1e8f6decfce774,ok,True,partial,0.5755,68.93359697055865,76.52266161759776,71.77949621319833,68.93359697055865,True,True,4|grow|mobile|liquid|s1|g1|structured,structured,True,mutate,False,20000.0
2,1406,2,p2g8_046_s3,seed3,966,8,selected_confirmation,seed3,"[""p2g8_046""]",3e9e387b61a8cb22,ok,True,partial,0.6246,73.65126890219372,81.11211483698952,76.44908612774213,73.65126890219372,True,True,4|grow|mobile|liquid|s2|g1|structured,structured,True,merge_spatial_ic,False,20000.0
2,1407,2,p2g8_052_s3,seed3,966,8,selected_confirmation,seed3,"[""p2g8_052""]",3e9e387b61a8cb22,ok,True,partial,0.6246,73.65126890219372,81.11211483698952,76.44908612774213,73.65126890219372,True,True,4|grow|mobile|liquid|s2|g1|structured,structured,True,merge_spatial_ic,False,20000.0
2,1408,2,p2g8_008_s3,seed3,966,8,selected_confirmation,seed3,"[""p2g8_008""]",b7dff2d45996e177,ok,True,partial,0.0506,28.649345922398613,44.37557653733102,34.546682402998265,28.649345922398613,False,False,3|grow|still|frozen|s1|g2|mixed,mixed,True,mutate,False,20000.0
2,1409,2,p2g8_070_s3,seed3,966,8,selected_confirmation,seed3,"[""p2g8_070""]",760c83b5c1f5a98d,ok,True,partial,0.0,43.07054838319865,71.78424730533108,53.83818547899831,43.07054838319865,False,False,4|grow|mobile|liquid|s1|g1|mixed,mixed,True,merge_cross_edge,False,20000.0
2,1410,2,p2g8_035_s3,seed3,966,8,selected_confirmation,seed3,"[""p2g8_035""]",0741af878d72c789,ok,True,partial,0.4052,55.1678019619676,64.933003269946,58.8297524524595,55.1678019619676,False,False,3|grow|mobile|liquid|s2|g0|structured,structured,True,delete_bilin,False,20000.0
2,1411,2,p2g9_017_s2,seed2,965,9,selected_confirmation,seed2,"[""p2g9_017""]",b69eab946c9931b2,ok,True,partial,0.3682,40.708129630534465,43.300216050890775,41.68016203816808,40.708129630534465,False,False,2|switch|rotor|flicker|s1|g1|mixed,mixed,True,mutate,False,10000.0
2,1412,2,p2g9_011_s2,seed2,965,9,selected_confirmation,seed2,"[""p2g9_011""]",7f586602f6ca5a4b,ok,True,partial,0.5292,65.44170642188527,73.78951070314213,68.5721330273566,65.44170642188527,True,True,4|grow|mobile|liquid|s1|g2|structured,structured,True,mutate,False,10000.0
2,1413,2,p2g9_026_s2,seed2,965,9,selected_confirmation,seed2,"[""p2g9_026""]",160e2e5763f7a50b,ok,True,partial,0.5993,64.03446287391736,66.77077145652893,65.0605785923967,64.03446287391736,True,True,3|grow|mobile|liquid|s2|g1|structured,structured,True,mint_bilin,False,10000.0
2,1414,2,p2g9_042_s2,seed2,965,9,selected_confirmation,seed2,"[""p2g9_042""]",43adda69a795b343,ok,True,partial,0.1502,40.33624791451881,57.21374652419801,46.66530989314851,40.33624791451881,False,False,4|switch|mobile|liquid|s1|g1|mixed,mixed,True,delete_bilin,False,20000.0
2,1415,2,p2g9_062_s2,seed2,965,9,selected_confirmation,seed2,"[""p2g9_062""]",63226a1da0c7fa99,ok,True,partial,0.0,44.9361792824867,74.89363213747784,56.17022410310838,44.9361792824867,False,False,3|grow|rotor|liquid|s1|g2|mixed,mixed,True,merge_slow_tanh,False,20000.0
2,1416,2,p2g8_021_s3,seed3,966,8,selected_confirmation,seed3,"[""p2g8_021""]",4d7eab86836e8142,ok,True,partial,0.0614,31.485232065592232,48.38205344265372,37.82154008199029,31.485232065592232,False,False,2|grow|still|frozen|s1|g2|structured,structured,True,mint_bilin,False,10000.0
2,1417,2,p2g9_024_s2,seed2,965,9,selected_confirmation,seed2,"[""p2g9_024""]",9f33d6d08d7a3505,ok,True,partial,0.2174,43.412821360191614,57.86136893365269,48.83102670023952,43.412821360191614,False,False,4|relaxation|rotor|liquid|s1|g2|mixed,mixed,True,mint_bilin,False,10000.0
2,1418,2,p2g9_063_s2,seed2,965,9,selected_confirmation,seed2,"[""p2g9_063""]",7b6933fb03adb935,ok,True,partial,0.1037,39.379976698914675,58.71996116485779,46.63247087364334,39.379976698914675,False,False,4|grow|drift|liquid|s1|g2|structured,structured,True,merge_cross_edge,False,10000.0
2,1419,2,p2g8_003_s3,seed3,966,8,selected_confirmation,seed3,"[""p2g8_003""]",1510672b8487df97,ok,True,partial,0.0645,25.62455673050321,38.40759455083868,30.41819591312901,25.62455673050321,False,False,2|switch|drift|frozen|s1|g2|structured,structured,True,mutate,False,5000.0
2,1420,2,p2g8_054_s3,seed3,966,8,selected_confirmation,seed3,"[""p2g8_054""]",070d384c430a8e0f,ok,True,partial,0.6089,60.79318784761603,60.72864641269339,60.768984809520035,60.79318784761603,True,True,4|constant|rotor|liquid|s1|g2|structured,structured,True,merge_spatial_ic,False,5000.0
2,1421,2,p2g8_020_s3,seed3,966,8,selected_confirmation,seed3,"[""p2g8_020""]",6948a9388ea3347f,ok,True,partial,0.4573,55.614310851724824,62.20385141954138,58.085388564656036,55.614310851724824,False,False,3|grow|mobile|liquid|s1|g0|structured,structured,True,mint_bilin,False,10000.0
2,1422,2,p2g8_072_s3,seed3,966,8,selected_confirmation,seed3,"[""p2g8_072""]",8ae21183c16a54ed,ok,True,partial,0.0,39.08995586295522,65.1499264382587,48.862444828694024,39.08995586295522,False,False,4|grow|rotor|liquid|s1|g1|mixed,mixed,True,merge_cross_edge,False,5000.0
2,1423,2,p2g8_031_s3,seed3,966,8,selected_confirmation,seed3,"[""p2g8_031""]",d30f4d4180118228,ok,True,partial,0.0,19.839220660177574,33.06536776696262,24.799025825221968,19.839220660177574,False,False,2|switch|still|frozen|s1|g2|mixed,mixed,True,mint_bilin,False,5000.0
2,1424,2,p2g10_002,screen,964,10,creative_screen,mutate,"[""p2g1_017""]",d8342667208c3d3d,ok,True,partial,0.2912,40.05945558759015,47.35242597931691,42.79431948448769,40.05945558759015,False,False,2|switch|mobile|liquid|s1|g2|structured,structured,,mutate,False,2500.0
2,1425,2,p2g10_014,screen,964,10,creative_screen,mutate,"[""p2g1_067""]",988188c8d7a57907,ok,True,partial,0.4437,59.76347785688663,70.02579642814439,63.61184732110829,59.76347785688663,True,False,3|switch|rotor|liquid|s2|g2|structured,structured,,mutate,False,5000.0
2,1426,2,p2g10_015,screen,964,10,creative_screen,mutate,"[""p0g1_055""]",1d62c01a258b895c,ok,True,partial,0.1972,39.535490794435646,52.74581799072608,44.48936349304456,39.535490794435646,False,False,3|switch|rotor|liquid|s1|g2|structured,structured,,mutate,False,10000.0
2,1427,2,p2g10_020,screen,964,10,creative_screen,mutate,"[""p2g1_017""]",67bc293ccd28a286,ok,True,partial,0.1457,30.927253982546883,41.832089970911476,35.0165674781836,30.927253982546883,False,False,3|switch|mobile|liquid|s1|g2|structured,structured,,mutate,False,2500.0
2,1428,2,p2g10_021,screen,964,10,creative_screen,mutate,"[""p2g1_017""]",b666952808174b6b,ok,True,partial,0.4576,60.14290604709365,69.73151007848942,63.73863255886707,60.14290604709365,True,True,3|grow|mobile|liquid|s1|g2|structured,structured,,mutate,False,20000.0
2,1429,2,p2g10_022,screen,964,10,creative_screen,mint_bilin,"[""p2g7_039""]",0250d653508609d0,ok,True,partial,0.5685,64.98423674246527,70.40706123744212,67.0177959280816,64.98423674246527,True,True,4|grow|mobile|liquid|s1|g2|structured,structured,,mint_bilin,False,2500.0
2,1430,2,p2g10_025,screen,964,10,creative_screen,mint_bilin,"[""p2g1_067""]",935fa256a67cb7b4,ok,True,partial,0.4028,64.44546619110561,80.55577698517601,70.48683273888201,64.44546619110561,True,True,3|grow|rotor|liquid|s3|g2|structured,structured,,mint_bilin,False,20000.0
2,1431,2,p2g10_026,screen,964,10,creative_screen,mint_bilin,"[""p2g3_034""]",dcb6e8d4752b6d40,ok,True,partial,0.4945,49.04779110709349,48.77965184515582,48.94723888386686,49.04779110709349,False,False,3|constant|rotor|liquid|s1|g2|structured,structured,,mint_bilin,False,2500.0
2,1432,2,p2g10_029,screen,964,10,creative_screen,mint_bilin,"[""p2g7_056""]",0a1a4dff9fd6d2cc,ok,True,partial,0.5499,69.75516222652672,79.59860371087785,73.44645278315839,69.75516222652672,True,True,4|grow|rotor|liquid|s2|g2|structured,structured,,mint_bilin,False,10000.0
2,1433,2,p2g10_040,screen,964,10,creative_screen,delete_bilin,"[""p2g1_067""]",e297586c56e2cc87,ok,True,partial,0.4948,66.45042086699772,77.76403477832952,70.69302608374714,66.45042086699772,True,True,4|grow|rotor|liquid|s2|g2|structured,structured,,delete_bilin,False,10000.0
2,1434,2,p2g10_041,screen,964,10,creative_screen,delete_bilin,"[""p2g4_003""]",1e7c2eacdc8a96ae,ok,True,partial,0.4016,59.783906939492745,72.86651156582124,64.68988367436593,59.783906939492745,True,False,3|grow|rotor|liquid|s1|g2|structured,structured,,delete_bilin,False,20000.0
2,1435,2,p2g10_044,screen,964,10,creative_screen,add_chan,"[""p2g9_050""]",48879b83d8c88df4,ok,True,partial,0.0,12.048723337087187,20.08120556181198,15.060904171358985,12.048723337087187,False,False,1|constant|still|gas|s1|g2|mixed,mixed,,add_chan,False,2500.0
2,1436,2,p2g10_048,screen,964,10,creative_screen,add_chan,"[""p2g5_037""]",99e967391dc2fb5c,ok,True,partial,0.4974,55.16253573201565,58.77755955335942,56.51816966501956,55.16253573201565,False,False,3|switch|mobile|liquid|s1|g0|structured,structured,,add_chan,False,5000.0
2,1437,2,p2g10_051,screen,964,10,creative_screen,add_chan,"[""p2g8_007""]",d52660ac00b473dc,ok,True,partial,0.0,31.5854455880408,52.64240931340133,39.481806985050994,31.5854455880408,False,False,3|switch|mobile|liquid|s1|g1|mixed,mixed,,add_chan,False,5000.0
2,1438,2,p2g10_052,screen,964,10,creative_screen,merge_spatial_ic,"[""p2g5_063"",""p2g8_011""]",a8164ab6431e4ee0,ok,True,partial,0.0403,21.540876712455187,33.21479452075865,25.918595890568987,21.540876712455187,False,False,3|switch|still|frozen|s1|g2|mixed,mixed,,merge_spatial_ic,True,2500.0
2,1439,2,p2g10_001,screen,964,10,creative_screen,mutate,"[""p2g1_053""]",20bb5b2f4f842119,ok,True,partial,0.5608,58.90096896211031,60.781614936850524,59.606211202637894,58.90096896211031,False,False,3|switch|mobile|liquid|s1|g1|structured,structured,,mutate,False,2500.0
2,1440,2,p2g10_005,screen,964,10,creative_screen,mutate,"[""p2g1_024""]",56318cd7d4b5efe7,ok,True,partial,0.0,27.680868310847604,46.13478051807934,34.601085388559504,27.680868310847604,False,False,2|switch|mobile|liquid|s1|g0|mixed,mixed,,mutate,False,2500.0
2,1441,2,p2g10_006,screen,964,10,creative_screen,mutate,"[""p2g6_032""]",e78b16d04577fcd2,ok,True,partial,0.3539,51.76057714313597,62.67429523855995,55.853221428919966,51.76057714313597,False,False,3|grow|rotor|liquid|s1|g1|structured,structured,,mutate,False,10000.0
2,1442,2,p2g10_007,screen,964,10,creative_screen,mutate,"[""p2g7_049""]",47378dc8baf5b4eb,ok,True,partial,0.0,13.224019117327558,22.040031862212597,16.530023896659447,13.224019117327558,False,False,3|constant|still|frozen|s1|g2|mixed,mixed,,mutate,False,2500.0
2,1443,2,p2g10_008,screen,964,10,creative_screen,mutate,"[""p2g4_064""]",d8f45455d95bddd9,ok,True,partial,0.6,52.05087999007202,46.75146665012003,50.063599987590024,52.05087999007202,False,False,2|switch|mobile|flicker|s1|g2|structured,structured,,mutate,False,2500.0
2,1444,2,p2g10_009,screen,964,10,creative_screen,mutate,"[""p2g2_055""]",64e101c6fe71c86f,ok,True,partial,0.2469,40.91207231721941,51.726787195365695,44.96759039652427,40.91207231721941,False,False,3|switch|mobile|liquid|s1|g0|structured,structured,,mutate,False,2500.0
2,1445,2,p2g10_012,screen,964,10,creative_screen,mutate,"[""p2g2_024""]",b5c4bbed9ce799e9,ok,True,partial,0.4398,37.832450950577154,33.73408491762859,36.29556368822145,37.832450950577154,False,False,3|switch|mobile|liquid|s1|g0|structured,structured,,mutate,False,2500.0
2,1446,2,p2g10_013,screen,964,10,creative_screen,mutate,"[""p2g8_046""]",ec2e95a5c8a0ecc4,ok,True,partial,0.3622,49.48400942202225,58.32668237003708,52.80001177752781,49.48400942202225,False,False,3|switch|mobile|liquid|s1|g1|structured,structured,,mutate,False,2500.0
2,1447,2,p2g10_016,screen,964,10,creative_screen,mutate,"[""p2g6_032""]",28e377fee8a3aa84,ok,True,partial,0.0,3.1362290027154134,5.2270483378590225,3.920286253394267,3.1362290027154134,False,False,2|constant|still|frozen|s1|g0|mixed,mixed,,mutate,False,2500.0
2,1448,2,p2g10_017,screen,964,10,creative_screen,mutate,"[""p2g6_032""]",1fae751d3d617b88,ok,True,partial,0.3294,49.60258793028608,60.710979883810126,53.768234912857594,49.60258793028608,False,False,3|switch|mobile|liquid|s1|g1|structured,structured,,mutate,False,2500.0
2,1449,2,p2g10_018,screen,964,10,creative_screen,mutate,"[""p2g2_042""]",c8c2a9b66fd6fe33,ok,True,partial,0.0,37.47219920574635,62.45366534291059,46.84024900718294,37.47219920574635,False,False,4|switch|mobile|liquid|s1|g2|mixed,mixed,,mutate,False,10000.0
2,1450,2,p2g10_019,screen,964,10,creative_screen,mutate,"[""p2g6_032""]",2b29199f9e4b8344,ok,True,partial,0.3046,46.58553869042419,57.33589781737365,50.61692336303024,46.58553869042419,False,False,3|grow|mobile|liquid|s1|g1|structured,structured,,mutate,False,2500.0
2,1451,2,p2g10_023,screen,964,10,creative_screen,mint_bilin,"[""p2g2_055""]",770c8caac544c0bc,ok,True,partial,0.6486,54.36098136786449,47.36163561310749,51.73622670983062,54.36098136786449,False,False,4|oscillator|rotor|liquid|s1|g1|structured,structured,,mint_bilin,False,2500.0
2,1452,2,p2g10_027,screen,964,10,creative_screen,mint_bilin,"[""p2g2_008""]",271474ba89981537,ok,True,partial,0.3211,44.3114855933283,52.44580932221383,47.361856991660375,44.3114855933283,False,False,2|oscillator|mobile|liquid|s1|g2|structured,structured,,mint_bilin,False,2500.0
2,1453,2,p2g10_028,screen,964,10,creative_screen,mint_bilin,"[""p5g3_040""]",0bafe505ac0f761a,ok,True,partial,0.3864,59.51126362392599,73.42543937320998,64.72907952990748,59.51126362392599,False,False,4|switch|mobile|liquid|s1|g2|structured,structured,,mint_bilin,False,2500.0
2,1454,2,p2g10_030,screen,964,10,creative_screen,mint_bilin,"[""p2g2_055""]",e0a1dbedf2af5d76,ok,True,partial,0.3801,55.41362866588984,67.01604777648306,59.7645358323623,55.41362866588984,False,False,4|grow|mobile|liquid|s1|g1|structured,structured,,mint_bilin,False,5000.0
2,1455,2,p2g10_031,screen,964,10,creative_screen,mint_bilin,"[""p2g2_055""]",8b09fcf40e242226,ok,True,partial,0.5899,53.02261892900903,49.04436488168172,51.53077366126129,53.02261892900903,False,False,4|switch|rotor|liquid|s1|g1|structured,structured,,mint_bilin,False,2500.0
2,1456,2,p2g10_032,screen,964,10,creative_screen,mint_bilin,"[""p2g7_049""]",a2f9db233e8a93f8,ok,True,partial,0.5709,54.566482486563295,52.8841374776055,53.93560310820413,54.566482486563295,False,False,4|switch|rotor|liquid|s1|g2|structured,structured,,mint_bilin,False,2500.0
2,1457,2,p2g10_038,screen,964,10,creative_screen,mint_bilin,"[""p2g7_049""]",3d556047934cffce,ok,True,partial,0.581,52.1999071979723,48.26651199662051,50.724883997465376,52.1999071979723,False,False,4|switch|mobile|liquid|s1|g2|structured,structured,,mint_bilin,False,2500.0
2,1458,2,p2g10_045,screen,964,10,creative_screen,add_chan,"[""p2g2_055""]",553bfbdac004bcf0,ok,True,partial,0.5042,69.69629057663084,82.54715096105141,74.51536322078856,69.69629057663084,True,True,4|grow|mobile|liquid|s2|g2|structured,structured,,add_chan,False,20000.0
2,1459,2,p2g10_060,screen,964,10,creative_screen,merge_cross_edge,"[""p1g2_008"",""blk_p2g4_053""]",757a8f84e7ff82f6,ok,True,partial,0.4633,58.33338793964401,66.33564656607336,61.33423492455502,58.33338793964401,True,False,4|grow|mobile|flicker|s1|g2|structured,structured,,merge_cross_edge,False,20000.0
2,1460,2,p2g10_064,screen,964,10,creative_screen,merge_cross_edge,"[""p2g4_053"",""blk_p2g4_053""]",0b62dc931c8d06b9,ok,True,partial,0.2042,54.05547984299201,76.47913307165335,62.464349803740014,54.05547984299201,False,False,4|switch|rotor|liquid|s1|g2|mixed,mixed,,merge_cross_edge,False,5000.0
2,1461,2,p2g10_066,screen,964,10,creative_screen,merge_slow_tanh,"[""p2g2_035"",""blk_p6g1_043""]",780c77bc7b13723c,ok,True,partial,0.3733,60.48808829842522,75.9268138307087,66.27761037303152,60.48808829842522,False,False,4|grow|mobile|liquid|s2|g2|structured,structured,,merge_slow_tanh,False,20000.0
2,1462,2,p2g10_034,screen,964,10,creative_screen,mint_bilin,"[""p2g9_062""]",db0a86104423362f,ok,True,partial,0.0,46.37153644650243,77.28589407750405,57.96442055812804,46.37153644650243,False,False,3|grow|mobile|liquid|s2|g2|mixed,mixed,,mint_bilin,False,10000.0
2,1463,2,p2g10_036,screen,964,10,creative_screen,mint_bilin,"[""p2g2_022""]",b767c5a8254ac8a4,ok,True,partial,0.1476,46.294926091291885,67.31821015215314,54.178657614114854,46.294926091291885,False,False,4|grow|mobile|flicker|s1|g2|mixed,mixed,,mint_bilin,False,10000.0
2,1464,2,p2g10_037,screen,964,10,creative_screen,mint_bilin,"[""p2g7_049""]",d5df93540fabc72a,ok,True,partial,0.6399,76.18748531009624,84.31914218349372,79.23685663762029,76.18748531009624,True,True,4|grow|mobile|liquid|s2|g2|structured,structured,,mint_bilin,False,20000.0
2,1465,2,p2g10_039,screen,964,10,creative_screen,mint_bilin,"[""p2g8_046""]",a6987fa62ad45a8a,ok,True,partial,0.5391,71.05426217746648,82.48377029577748,75.3403277218331,71.05426217746648,True,True,4|grow|mobile|liquid|s2|g2|structured,structured,,mint_bilin,False,20000.0
2,1466,2,p2g10_042,screen,964,10,creative_screen,delete_bilin,"[""p2g6_032""]",a758dc867063b449,ok,True,partial,0.3903,53.86971562065676,63.76285936776127,57.57964452582095,53.86971562065676,False,False,3|switch|mobile|liquid|s1|g1|structured,structured,,delete_bilin,False,2500.0
2,1467,2,p2g10_054,screen,964,10,creative_screen,merge_spatial_ic,"[""p2g2_055"",""p2g3_004""]",3e9e387b61a8cb22,ok,True,partial,0.3246,31.777210901706383,31.322018169510635,31.606513627132976,31.777210901706383,False,False,3|constant|drift|liquid|s1|g1|structured,structured,,merge_spatial_ic,True,2500.0
2,1468,2,p2g10_055,screen,964,10,creative_screen,merge_spatial_ic,"[""p2g2_055"",""p6g8_061""]",3e9e387b61a8cb22,ok,True,partial,0.5352,57.91479000377622,60.8446500062937,59.013487504720274,57.91479000377622,False,False,4|grow|mobile|liquid|s1|g1|structured,structured,,merge_spatial_ic,True,2500.0
2,1469,2,p2g10_058,screen,964,10,creative_screen,merge_spatial_ic,"[""p2g2_055"",""p2g1_086""]",3e9e387b61a8cb22,ok,True,partial,0.2902,51.71941485064623,66.85235808441038,57.39426856330779,51.71941485064623,False,False,4|grow|mobile|liquid|s1|g1|structured,structured,,merge_spatial_ic,True,2500.0
2,1470,2,p2g10_010,screen,964,10,creative_screen,mutate,"[""p4g7_003""]",65674d2eb20c4af7,ok,True,partial,0.5467,49.00616417799342,45.230273629989036,47.590205222491775,49.00616417799342,False,False,4|switch|rotor|liquid|s1|g1|structured,structured,,mutate,False,5000.0
2,1471,2,p2g10_046,screen,964,10,creative_screen,add_chan,"[""p6g5_019""]",166ba9ff32909a5b,ok,True,partial,0.5611,67.86579569008234,75.7029928168039,70.80474461260293,67.86579569008234,True,True,4|switch|mobile|liquid|s1|g2|structured,structured,,add_chan,False,2500.0
2,1472,2,p2g10_053,screen,964,10,creative_screen,merge_spatial_ic,"[""p2g2_055"",""p2g1_052""]",3e9e387b61a8cb22,ok,True,partial,0.6165,71.53658963759263,78.1276493959877,74.00823704699079,71.53658963759263,True,True,4|grow|mobile|liquid|s3|g1|structured,structured,,merge_spatial_ic,True,5000.0
2,1473,2,p2g10_061,screen,964,10,creative_screen,merge_cross_edge,"[""p1g2_008"",""ref_XV_tau15.7""]",3fe60da764cc017d,ok,True,partial,0.4855,57.57891074663104,63.5981845777184,59.836138433288795,57.57891074663104,False,False,4|grow|mobile|liquid|s1|g0|structured,structured,,merge_cross_edge,False,5000.0
2,1474,2,p2g10_033,screen,964,10,creative_screen,mint_bilin,"[""p1g2_034""]",e38ec569e85db477,ok,True,partial,0.5024,52.41677571040715,53.86795951734526,52.96096963800895,52.41677571040715,False,False,3|grow|mobile|liquid|s1|g0|structured,structured,,mint_bilin,False,5000.0
2,1475,2,p2g10_050,screen,964,10,creative_screen,add_chan,"[""p2g8_031""]",2c2207528a3f28c6,ok,True,partial,0.0,21.965955661447683,36.60992610241281,27.457444576809607,21.965955661447683,False,False,2|switch|still|frozen|s1|g2|mixed,mixed,,add_chan,False,2500.0
2,1476,2,p2g10_000,screen,964,10,creative_screen,mutate,"[""p2g5_012""]",459bf552e8b24302,ok,True,partial,0.0,31.821025787443453,53.03504297907242,39.77628223430432,31.821025787443453,False,False,3|switch|drift|frozen|s1|g2|mixed,mixed,,mutate,False,2500.0
2,1477,2,p2g10_057,screen,964,10,creative_screen,merge_spatial_ic,"[""p2g2_074"",""p2g6_007""]",b8f8146a49cbd2af,ok,True,partial,0.0417,11.213298323832543,15.908830539720908,12.974122904790681,11.213298323832543,False,False,2|constant|still|frozen|s1|g2|structured,structured,,merge_spatial_ic,True,2500.0
2,1478,2,p2g9_023_s2,seed2,965,9,selected_confirmation,seed2,"[""p2g9_023""]",878e69cbaefec6f7,ok,True,partial,0.0,31.238827452975983,52.06471242162664,39.04853431621998,31.238827452975983,False,False,2|switch|mobile|gas|s1|g2|mixed,mixed,True,mint_bilin,False,2500.0
2,1479,2,p2g10_070,screen,964,10,creative_screen,immigrate,,9b8bd2d69e13fbcc,no_blobs,True,missing,,0.0,,,,False,False,,,,immigrate,False,
2,1480,2,p2g10_067,screen,964,10,creative_screen,immigrate,,6aaf7702359a6e05,no_blobs,True,missing,,0.0,,,,False,False,,,,immigrate,False,
2,1481,2,p2g10_069,screen,964,10,creative_screen,immigrate,,8102be68d11e3093,no_blobs,True,missing,,0.0,,,,False,False,,,,immigrate,False,
2,1482,2,p2g10_003,screen,964,10,creative_screen,mutate,"[""p2g8_035""]",9c050b541407f5d4,ok,True,partial,0.645,62.89820585495437,61.83034309159061,62.49775731869296,62.89820585495437,True,True,4|switch|mobile|liquid|s1|g0|structured,structured,,mutate,False,5000.0
2,1483,2,p2g10_024,screen,964,10,creative_screen,mint_bilin,"[""p2g6_001""]",433fa04082b59929,ok,True,partial,0.0988,41.58040704940811,62.71401174901352,49.50550881176014,41.58040704940811,False,False,4|grow|rotor|liquid|s1|g2|mixed,mixed,,mint_bilin,False,10000.0
2,1484,2,p2g9_056_s2,seed2,965,9,selected_confirmation,seed2,"[""p2g9_056""]",9de95502b119981d,ok,True,partial,0.0473,26.01697765477314,40.20829609128857,31.338722068466428,26.01697765477314,False,False,1|switch|mobile|frozen|s1|g2|mixed,mixed,True,merge_cross_edge,False,2500.0
2,1485,2,p2g9_002_s2,seed2,965,9,selected_confirmation,seed2,"[""p2g9_002""]",a950afa173bd1ace,ok,True,partial,0.0,31.63358212562681,52.72263687604468,39.54197765703351,31.63358212562681,False,False,4|switch|mobile|liquid|s1|g1|mixed,mixed,True,mutate,False,2500.0
2,1486,2,p2g9_008_s2,seed2,965,9,selected_confirmation,seed2,"[""p2g9_008""]",e6fa08aa760fb467,ok,True,partial,0.0,18.58449915425833,30.97416525709722,23.230623942822916,18.58449915425833,False,False,2|switch|mobile|flicker|s1|g1|mixed,mixed,True,mutate,False,2500.0
2,1487,2,p2g9_021_s2,seed2,965,9,selected_confirmation,seed2,"[""p2g9_021""]",59b7b97750d39049,ok,True,partial,0.0,25.315137902739497,42.19189650456583,31.643922378424374,25.315137902739497,False,False,2|switch|mobile|liquid|s1|g0|mixed,mixed,True,mutate,False,2500.0
2,1488,2,p2g9_033_s2,seed2,965,9,selected_confirmation,seed2,"[""p2g9_033""]",8453ed047e2458e4,ok,True,partial,0.0,30.426778971826128,50.71129828637688,38.03347371478266,30.426778971826128,False,False,4|switch|mobile|flicker|s1|g2|mixed,mixed,True,mint_bilin,False,2500.0
2,1489,2,p2g9_050_s2,seed2,965,9,selected_confirmation,seed2,"[""p2g9_050""]",06908fc480686aa7,ok,True,partial,0.0,13.334807343756776,22.224678906261293,16.66850917969597,13.334807343756776,False,False,1|constant|still|gas|s1|g2|mixed,mixed,True,add_chan,False,2500.0
2,1490,2,p2g9_019_s2,seed2,965,9,selected_confirmation,seed2,"[""p2g9_019""]",74218c371b86c1b5,ok,True,partial,0.1748,28.25208981436538,35.4334830239423,30.945112267956727,28.25208981436538,False,False,4|grow|drift|liquid|s1|g2|structured,structured,True,mutate,False,2500.0
2,1491,2,p2g9_020_s2,seed2,965,9,selected_confirmation,seed2,"[""p2g9_020""]",32ca5ddb4d6db260,ok,True,partial,0.0,11.6853,19.4755,14.606625000000001,11.6853,False,False,3|constant|still|flicker|s1|g0|mixed,mixed,True,mutate,False,2500.0
2,1492,2,p2g9_040_s2,seed2,965,9,selected_confirmation,seed2,"[""p2g9_040""]",cd582dadadac6cec,ok,True,partial,0.0397,25.4038626681194,39.69310444686567,30.76232833514925,25.4038626681194,False,False,2|oscillator|rotor|frozen|s1|g1|structured,structured,True,delete_bilin,False,2500.0
2,1493,2,p2g9_064_s2,seed2,965,9,selected_confirmation,seed2,"[""p2g9_064""]",2133d260ec0d88e9,ok,True,partial,0.0766,25.642961687388034,37.63160281231339,30.13870210923504,25.642961687388034,False,False,2|switch|drift|liquid|s1|g2|structured,structured,True,merge_slow_tanh,False,2500.0
2,1494,2,p2g8_001_s3,seed3,966,8,selected_confirmation,seed3,"[""p2g8_001""]",0d57df5074453f20,ok,True,partial,0.0,14.248910637919234,23.748184396532057,17.811138297399044,14.248910637919234,False,False,1|constant|mobile|liquid|s1|g0|mixed,mixed,True,mutate,False,2500.0
2,1495,2,p2g8_011_s3,seed3,966,8,selected_confirmation,seed3,"[""p2g8_011""]",923af780878a477c,ok,True,partial,0.0,20.085195477425223,33.475325795708706,25.10649434678153,20.085195477425223,False,False,2|constant|still|frozen|s1|g2|structured,structured,True,mutate,False,5000.0
2,1496,2,p2g8_071_s3,seed3,966,8,selected_confirmation,seed3,"[""p2g8_071""]",aa3150e6125f6d95,ok,True,partial,0.0,24.10082537897107,40.168042298285116,30.126031723713837,24.10082537897107,False,False,3|constant|still|liquid|s1|g2|mixed,mixed,True,merge_cross_edge,False,2500.0
2,1497,2,p2g8_047_s3,seed3,966,8,selected_confirmation,seed3,"[""p2g8_047""]",f891cbf384200ef8,ok,True,partial,0.0,22.51282398604102,37.52137331006837,28.141029982551277,22.51282398604102,False,False,2|switch|mobile|liquid|s1|g2|mixed,mixed,True,merge_spatial_ic,False,2500.0
2,1498,2,p2g8_012_s3,seed3,966,8,selected_confirmation,seed3,"[""p2g8_012""]",86a009d7e732cf73,ok,True,partial,0.0679,31.742182902400543,48.376971504000906,37.98022862800068,31.742182902400543,False,False,2|switch|still|liquid|s1|g2|mixed,mixed,True,mutate,False,2500.0
2,1499,2,p2g8_027_s3,seed3,966,8,selected_confirmation,seed3,"[""p2g8_027""]",162011fa76fe738e,ok,True,partial,0.0415,23.415609996533078,36.2593499942218,28.232012495666353,23.415609996533078,False,False,2|constant|rotor|frozen|s1|g2|mixed,mixed,True,mint_bilin,False,2500.0
2,1500,2,p2g10_047,screen,964,10,creative_screen,add_chan,"[""p2g7_079""]",e1b2003a798230cb,ok,True,partial,0.0,0.0,0.0,0.0,0.0,False,False,1|oscillator|mobile|flicker|s1|g2|mixed,mixed,,add_chan,False,2500.0
2,1501,2,p2g10_068,screen,964,10,creative_screen,immigrate,,ca25898a9bfb0985,no_blobs,True,missing,,0.0,,,,False,False,,,,immigrate,False,
2,1502,2,p2g10_071,screen,964,10,creative_screen,immigrate,,bcc52b377788b0d7,no_blobs,True,missing,,0.0,,,,False,False,,,,immigrate,False,
2,1503,2,p2g10_035,screen,964,10,creative_screen,mint_bilin,"[""p2g7_060""]",e89ed2f8b28cd190,ok,True,partial,0.309,50.0340194808704,62.79003246811733,54.817524351088004,50.0340194808704,False,False,3|grow|mobile|liquid|s2|g0|structured,structured,,mint_bilin,False,20000.0
2,1504,2,p2g10_059,screen,964,10,creative_screen,merge_cross_edge,"[""p6g1_043"",""blk_p6g1_043""]",0e94ad887b10607f,ok,True,partial,0.3181,50.48191670254771,62.92986117091285,55.14989587818464,50.48191670254771,False,False,4|grow|mobile|liquid|s1|g0|structured,structured,,merge_cross_edge,False,10000.0
2,1505,2,p2g10_043,screen,964,10,creative_screen,delete_bilin,"[""p2g2_014""]",add71f7beaaa2376,ok,True,partial,0.358,59.01041378009175,74.4840229668196,64.81301722511469,59.01041378009175,False,False,4|grow|rotor|liquid|s1|g2|structured,structured,,delete_bilin,False,20000.0
2,1506,2,p2g10_062,screen,964,10,creative_screen,merge_cross_edge,"[""p2g4_062"",""blk_p6g1_043""]",424ae3486c23fff2,ok,True,partial,0.4768,68.43561085060912,82.27268475101522,73.62451356326142,68.43561085060912,True,True,4|grow|rotor|liquid|s2|g2|structured,structured,,merge_cross_edge,False,20000.0
2,1507,2,p2g10_065,screen,964,10,creative_screen,merge_slow_tanh,"[""p2g1_078"",""ref_M4_tau5.7""]",527129f0d6a09c5e,ok,True,partial,0.4348,57.557405606375895,66.94234267729317,61.076757007969874,57.557405606375895,True,False,4|switch|rotor|liquid|s1|g2|structured,structured,,merge_slow_tanh,False,20000.0
2,1508,2,p2g11_009,screen,964,11,creative_screen,mutate,"[""p2g1_067""]",9aae710d58e5712e,fail_g0a,True,missing,,,,,,False,False,,,,mutate,False,
2,1509,2,p2g11_017,screen,964,11,creative_screen,mutate,"[""p2g1_067""]",ca8e802ad7a3f463,fail_g0a,True,missing,,,,,,False,False,,,,mutate,False,
2,1510,2,p2g11_005,screen,964,11,creative_screen,mutate,"[""p2g10_023""]",172236118b43fdf9,fail_g0a,True,missing,,,,,,False,False,,,,mutate,False,
2,1511,2,p2g10_049_s2,seed2,965,10,selected_confirmation,seed2,"[""p2g10_049""]",e98d623ab6f1d6d2,ok,True,partial,0.3793,55.52490856439769,67.25484760732948,59.92363570549711,55.52490856439769,False,False,3|switch|rotor|flicker|s1|g2|mixed,mixed,True,add_chan,False,20000.0
2,1512,2,p2g11_050,screen,964,11,creative_screen,add_chan,"[""p2g7_068""]",018dd1bce7eddf57,ok,True,partial,0.0,25.09530049122807,41.82550081871345,31.369125614035088,25.09530049122807,False,False,2|oscillator|drift|flicker|s1|g2|mixed,mixed,,add_chan,False,2500.0
2,1513,2,p2g10_004_s2,seed2,965,10,selected_confirmation,seed2,"[""p2g10_004""]",2d6519bf96f89a84,ok,True,partial,0.0,24.084980557178795,40.14163426196466,30.106225696473494,24.084980557178795,False,False,2|oscillator|drift|liquid|s1|g1|mixed,mixed,True,mutate,False,2500.0
2,1514,2,p2g10_056_s2,seed2,965,10,selected_confirmation,seed2,"[""p2g10_056""]",2e50de072bfe838d,ok,True,partial,0.0,17.057839999999995,28.429733333333328,21.322299999999995,17.057839999999995,False,False,2|constant|still|flicker|s1|g2|mixed,mixed,True,merge_spatial_ic,False,2500.0
2,1515,2,p2g9_024_s3,seed3,966,9,selected_confirmation,seed3,"[""p2g9_024""]",9f33d6d08d7a3505,ok,True,partial,0.158,39.194897895800715,54.79149649300119,45.04362236975089,39.194897895800715,False,False,4|switch|drift|liquid|s1|g2|mixed,mixed,True,mint_bilin,False,10000.0
2,1516,2,p2g10_045_s2,seed2,965,10,selected_confirmation,seed2,"[""p2g10_045""]",553bfbdac004bcf0,ok,True,partial,0.6257,77.29387953497798,87.1097992249633,80.97484941872247,77.29387953497798,True,True,4|grow|mobile|liquid|s3|g2|structured,structured,True,add_chan,False,20000.0
2,1517,2,p2g10_037_s2,seed2,965,10,selected_confirmation,seed2,"[""p2g10_037""]",d5df93540fabc72a,ok,True,partial,0.4252,67.90136892141126,84.82228153568543,74.24671115176407,67.90136892141126,True,True,4|grow|mobile|liquid|s2|g2|structured,structured,True,mint_bilin,False,20000.0
2,1518,2,p2g9_042_s3,seed3,966,9,selected_confirmation,seed3,"[""p2g9_042""]",43adda69a795b343,ok,True,partial,0.1473,41.2116777265218,58.866129544203005,47.83209715815225,41.2116777265218,False,False,4|grow|mobile|liquid|s1|g1|mixed,mixed,True,delete_bilin,False,20000.0
2,1519,2,p2g9_062_s3,seed3,966,9,selected_confirmation,seed3,"[""p2g9_062""]",63226a1da0c7fa99,ok,True,partial,0.0,46.719371841719884,77.8656197361998,58.39921480214986,46.719371841719884,False,False,3|grow|mobile|liquid|s1|g2|mixed,mixed,True,merge_slow_tanh,False,20000.0
2,1520,2,p2g9_032_s3,seed3,966,9,selected_confirmation,seed3,"[""p2g9_032""]",77c9c715863a438f,ok,True,partial,0.0,43.07688401536773,71.79480669227955,53.84610501920966,43.07688401536773,False,False,4|grow|mobile|liquid|s1|g1|mixed,mixed,True,mint_bilin,False,20000.0
2,1521,2,p2g10_006_s2,seed2,965,10,selected_confirmation,seed2,"[""p2g10_006""]",e78b16d04577fcd2,ok,True,partial,0.3445,55.41632291601753,69.39387152669588,60.657903645021904,55.41632291601753,False,False,3|grow|rotor|liquid|s2|g1|structured,structured,True,mutate,False,20000.0
2,1522,2,p2g10_034_s2,seed2,965,10,selected_confirmation,seed2,"[""p2g10_034""]",db0a86104423362f,ok,True,partial,0.0,46.55856229896438,77.5976038316073,58.198202873705476,46.55856229896438,False,False,3|grow|rotor|liquid|s2|g2|mixed,mixed,True,mint_bilin,False,10000.0
2,1523,2,p2g9_063_s3,seed3,966,9,selected_confirmation,seed3,"[""p2g9_063""]",7b6933fb03adb935,ok,True,partial,0.1079,40.442420055872844,60.2107000931214,47.85552506984105,40.442420055872844,False,False,4|grow|drift|liquid|s1|g2|structured,structured,True,merge_cross_edge,False,10000.0
2,1524,2,p2g9_017_s3,seed3,966,9,selected_confirmation,seed3,"[""p2g9_017""]",b69eab946c9931b2,ok,True,partial,0.5292,47.88260893559344,44.524348225989065,46.6232611694918,47.88260893559344,False,False,2|switch|rotor|flicker|s1|g1|structured,structured,True,mutate,False,10000.0
2,1525,2,p2g9_011_s3,seed3,966,9,selected_confirmation,seed3,"[""p2g9_011""]",7f586602f6ca5a4b,ok,True,partial,0.6138,67.6082327336637,71.76038788943949,69.16529091707962,67.6082327336637,True,True,4|grow|mobile|liquid|s1|g2|structured,structured,True,mutate,False,10000.0
2,1526,2,p2g9_026_s3,seed3,966,9,selected_confirmation,seed3,"[""p2g9_026""]",160e2e5763f7a50b,ok,True,partial,0.601,64.05675568585937,66.69459280976562,65.04594460732422,64.05675568585937,True,True,3|grow|mobile|liquid|s2|g1|structured,structured,True,mint_bilin,False,10000.0
2,1527,2,p2g10_048_s2,seed2,965,10,selected_confirmation,seed2,"[""p2g10_048""]",99e967391dc2fb5c,ok,True,partial,0.4027,51.12223100416834,58.3570516736139,53.83528875521043,51.12223100416834,False,False,3|switch|mobile|liquid|s1|g0|structured,structured,True,add_chan,False,5000.0
2,1528,2,p2g10_051_s2,seed2,965,10,selected_confirmation,seed2,"[""p2g10_051""]",d52660ac00b473dc,ok,True,partial,0.0,31.12687909924946,51.87813183208244,38.90859887406183,31.12687909924946,False,False,3|switch|mobile|liquid|s1|g1|mixed,mixed,True,add_chan,False,5000.0
2,1529,2,p2g10_053_s2,seed2,965,10,selected_confirmation,seed2,"[""p2g10_053""]",3e9e387b61a8cb22,ok,True,partial,0.5511,70.01451028465209,79.95085047442015,73.74063785581511,70.01451028465209,True,True,4|grow|mobile|liquid|s2|g1|structured,structured,True,merge_spatial_ic,False,20000.0
2,1530,2,p2g10_003_s2,seed2,965,10,selected_confirmation,seed2,"[""p2g10_003""]",9c050b541407f5d4,ok,True,partial,0.4578,59.52928908611813,68.6954818101969,62.96661135764767,59.52928908611813,True,False,4|grow|mobile|liquid|s2|g0|structured,structured,True,mutate,False,10000.0
2,1531,2,p2g11_000,screen,964,11,creative_screen,mutate,"[""p2g1_017""]",fb0e54df9fcb46ea,ok,True,partial,0.2633,51.25765577757869,67.87609296263116,57.48956972197337,51.25765577757869,False,False,3|grow|mobile|liquid|s1|g2|structured,structured,,mutate,False,10000.0
2,1532,2,p2g11_003,screen,964,11,creative_screen,mutate,"[""p2g7_056""]",c848c3821e1ab1f0,ok,True,partial,0.4545,56.045742629730725,63.10957104955121,58.6946782871634,56.045742629730725,False,False,4|switch|rotor|liquid|s1|g2|structured,structured,,mutate,False,2500.0
2,1533,2,p2g11_007,screen,964,11,creative_screen,mutate,"[""p2g1_017""]",9fd368077449139b,ok,True,partial,0.5754,49.39792804522126,43.96988007536877,47.36241005652658,49.39792804522126,False,False,3|constant|rotor|liquid|s1|g2|structured,structured,,mutate,False,2500.0
2,1534,2,p2g11_008,screen,964,11,creative_screen,mutate,"[""p2g7_056""]",f83bee6b906e0341,ok,True,partial,0.5101,63.21491777802899,71.35152963004832,66.26614722253623,63.21491777802899,True,True,4|grow|mobile|liquid|s1|g2|structured,structured,,mutate,False,5000.0
2,1535,2,p2g11_010,screen,964,11,creative_screen,mutate,"[""p2g1_017""]",5ab9a30622978cca,ok,True,partial,0.4507,65.29580228724119,78.77967047873531,70.35225285905149,65.29580228724119,True,True,4|grow|mobile|liquid|s2|g2|structured,structured,,mutate,False,10000.0
2,1536,2,p2g11_011,screen,964,11,creative_screen,mutate,"[""p2g5_022""]",204146f0a1016212,ok,True,partial,0.4016,47.85348681775324,52.98247802958874,49.77685852219155,47.85348681775324,False,False,3|grow|mobile|liquid|s1|g0|structured,structured,,mutate,False,2500.0
2,1537,2,p2g11_012,screen,964,11,creative_screen,mutate,"[""p2g10_051""]",7599ccf6ba6d73f1,ok,True,partial,0.0,32.104766763226145,53.50794460537691,40.13095845403269,32.104766763226145,False,False,3|switch|mobile|liquid|s1|g1|mixed,mixed,,mutate,False,2500.0
2,1538,2,p2g11_013,screen,964,11,creative_screen,mutate,"[""p2g1_067""]",4a6de891b9b522f5,ok,True,partial,0.4996,59.37088532108183,65.64480886846972,61.72360665135229,59.37088532108183,True,False,3|switch|rotor|liquid|s1|g2|structured,structured,,mutate,False,2500.0
2,1539,2,p2g11_014,screen,964,11,creative_screen,mutate,"[""p2g1_017""]",6ec6e3d8a2fa84d1,ok,True,partial,0.2111,40.12913236884656,52.80855394807761,44.88391546105821,40.12913236884656,False,False,3|switch|mobile|liquid|s1|g2|structured,structured,,mutate,False,5000.0
2,1540,2,p2g11_015,screen,964,11,creative_screen,mutate,"[""p2g5_022""]",bd07a6d6628c3b60,ok,True,partial,0.0,4.9031636762924125,8.171939460487355,6.128954595365516,4.9031636762924125,False,False,2|constant|still|frozen|s1|g0|mixed,mixed,,mutate,False,2500.0
2,1541,2,p2g11_018,screen,964,11,creative_screen,mutate,"[""p2g5_022""]",d92867cf1e0f75b6,ok,True,partial,0.4609,51.187782179894036,54.58630363315673,52.46222772486755,51.187782179894036,False,False,3|switch|mobile|liquid|s1|g0|structured,structured,,mutate,False,2500.0
2,1542,2,p2g11_019,screen,964,11,creative_screen,mutate,"[""p2g7_056""]",51169011a1cbae1e,ok,True,partial,0.7038,70.10372323967272,69.91953873278787,70.0346540495909,70.10372323967272,True,True,4|grow|mobile|liquid|s1|g2|structured,structured,,mutate,False,2500.0
2,1543,2,p2g11_022,screen,964,11,creative_screen,mint_bilin,"[""p2g7_044""]",7e7095c70c8f9a00,ok,True,partial,0.0,26.20155951141991,43.669265852366514,32.751949389274884,26.20155951141991,False,False,3|constant|mobile|gas|s1|g2|mixed,mixed,,mint_bilin,False,2500.0
2,1544,2,p2g11_023,screen,964,11,creative_screen,mint_bilin,"[""p2g7_056""]",8818178808104e35,ok,True,partial,0.5334,70.66497141228427,82.21495235380713,74.99621426535535,70.66497141228427,True,True,4|switch|rotor|liquid|s2|g2|structured,structured,,mint_bilin,False,20000.0
2,1545,2,p2g11_025,screen,964,11,creative_screen,mint_bilin,"[""p2g1_067""]",b4a2c37c5a98e5d5,ok,True,partial,0.5358,68.77577039175759,78.90628398626265,72.57471298969699,68.77577039175759,True,True,3|grow|mobile|liquid|s3|g2|structured,structured,,mint_bilin,False,20000.0
2,1546,2,p2g11_029,screen,964,11,creative_screen,mint_bilin,"[""p2g5_022""]",2b1e18054bcb5695,ok,True,partial,0.5596,66.08226757190377,72.83044595317295,68.61283446487971,66.08226757190377,True,True,4|grow|mobile|liquid|s1|g2|structured,structured,,mint_bilin,False,2500.0
2,1547,2,p2g11_034,screen,964,11,creative_screen,mint_bilin,"[""p2g5_022""]",f982e872bf6fa076,ok,True,partial,0.436,63.905778998473934,77.44296499745656,68.98222374809242,63.905778998473934,True,True,4|grow|rotor|liquid|s2|g2|structured,structured,,mint_bilin,False,5000.0
2,1548,2,p2g11_036,screen,964,11,creative_screen,mint_bilin,"[""p2g1_067""]",a630f103b53e51d1,ok,True,partial,0.6979,76.3971654745781,80.80194245763018,78.04895684322264,76.3971654745781,True,True,4|grow|mobile|liquid|s3|g2|structured,structured,,mint_bilin,False,10000.0
2,1549,2,p2g11_037,screen,964,11,creative_screen,mint_bilin,"[""p2g5_022""]",ad63170fb4637b32,ok,True,partial,0.4191,57.38766594732989,67.70610991221649,61.25708243416236,57.38766594732989,True,False,3|grow|rotor|liquid|s1|g2|structured,structured,,mint_bilin,False,5000.0
2,1550,2,p2g11_042,screen,964,11,creative_screen,delete_bilin,"[""p2g5_022""]",eb0b29a368cf5279,ok,True,partial,0.4194,63.878494005993105,78.50415667665517,69.36311750749138,63.878494005993105,True,True,4|grow|rotor|liquid|s2|g1|structured,structured,,delete_bilin,False,10000.0
2,1551,2,p2g11_045,screen,964,11,creative_screen,add_chan,"[""p4g7_062""]",770c1206e5cd3aca,ok,True,partial,0.0,44.06177128285598,73.43628547142663,55.07721410356997,44.06177128285598,False,False,4|switch|rotor|flicker|s1|g2|mixed,mixed,,add_chan,False,5000.0
2,1552,2,p2g11_048,screen,964,11,creative_screen,add_chan,"[""p2g7_049""]",828a8c7867f13e82,ok,True,partial,0.3631,55.391316179918434,68.11219363319739,60.161645224898045,55.391316179918434,False,False,4|grow|mobile|liquid|s1|g2|structured,structured,,add_chan,False,5000.0
2,1553,2,p2g11_051,screen,964,11,creative_screen,add_chan,"[""p2g7_002""]",3dee260f8d067767,ok,True,partial,0.5018,47.31711959557305,45.40853265928841,46.60139949446631,47.31711959557305,False,False,2|constant|drift|liquid|s1|g2|structured,structured,,add_chan,False,2500.0
2,1554,2,p2g11_056,screen,964,11,creative_screen,merge_cross_edge,"[""p3g6_070"",""ref_iso_d0.65""]",0aa3ac3f4db2769b,ok,True,partial,0.4306,55.40409793357799,63.63349655596332,58.49012241697249,55.40409793357799,False,False,4|switch|mobile|liquid|s1|g2|structured,structured,,merge_cross_edge,False,10000.0
2,1555,2,p2g11_062,screen,964,11,creative_screen,merge_cross_edge,"[""p2g8_027"",""ref_iso_d0.75""]",92c28256c8811635,ok,True,partial,0.0509,21.9227100847293,33.14451680788216,26.130887605911624,21.9227100847293,False,False,3|constant|drift|frozen|s1|g2|mixed,mixed,,merge_cross_edge,False,2500.0
2,1556,2,p2g11_001,screen,964,11,creative_screen,mutate,"[""p2g4_064""]",a231beafebb533af,ok,True,partial,0.0,2.2299999999999995,3.716666666666666,2.7874999999999996,2.2299999999999995,False,False,1|constant|still|gas|s1|g0|mixed,mixed,,mutate,False,2500.0
2,1557,2,p2g11_002,screen,964,11,creative_screen,mutate,"[""p2g10_037""]",a8e490a3c8f61df9,ok,True,partial,0.4922,43.97596597306999,40.479943288449974,42.66495746633748,43.97596597306999,False,False,3|constant|rotor|liquid|s1|g2|structured,structured,,mutate,False,2500.0
2,1558,2,p2g11_004,screen,964,11,creative_screen,mutate,"[""p2g2_055""]",6eddbc9b7c3293b5,ok,True,partial,0.0,3.175414755411452,5.292357925685754,3.9692684442643156,3.175414755411452,False,False,2|constant|still|frozen|s1|g0|mixed,mixed,,mutate,False,2500.0
2,1559,2,p2g11_006,screen,964,11,creative_screen,mutate,"[""p2g7_049""]",7030df5f1327e5ee,ok,True,partial,0.376,56.358373550368725,68.86395591728122,61.047966937960915,56.358373550368725,False,False,4|grow|mobile|liquid|s1|g2|structured,structured,,mutate,False,2500.0
2,1560,2,p2g11_016,screen,964,11,creative_screen,mutate,"[""p2g2_055""]",4238824ad46cf927,ok,True,partial,0.2749,43.9373052471616,54.90217541193601,48.049131558952006,43.9373052471616,False,False,3|switch|mobile|liquid|s1|g0|structured,structured,,mutate,False,2500.0
2,1561,2,p2g11_020,screen,964,11,creative_screen,mutate,"[""p2g10_053""]",bb05067f258f078d,ok,True,partial,0.3946,49.2700002678077,55.81000044634617,51.72250033475963,49.2700002678077,False,False,2|switch|mobile|liquid|s2|g0|structured,structured,,mutate,False,5000.0
2,1562,2,p2g11_024,screen,964,11,creative_screen,mint_bilin,"[""p2g6_032""]",3f1ba12d9ef69012,ok,True,partial,0.3011,46.1149679502507,56.78494658375117,50.11620993781338,46.1149679502507,False,False,2|switch|mobile|liquid|s1|g1|structured,structured,,mint_bilin,False,2500.0
2,1563,2,p2g11_027,screen,964,11,creative_screen,mint_bilin,"[""p2g1_013""]",2d8694d146cd2cbd,ok,True,partial,0.333,47.946947036675304,57.71157839445884,51.60868379584413,47.946947036675304,False,False,2|switch|mobile|flicker|s1|g2|mixed,mixed,,mint_bilin,False,2500.0
2,1564,2,p2g11_028,screen,964,11,creative_screen,mint_bilin,"[""p2g2_055""]",9303faeebfe897dd,ok,True,partial,0.5987,51.75493579361867,46.344892989364446,49.72616974202334,51.75493579361867,False,False,4|switch|mobile|liquid|s1|g1|structured,structured,,mint_bilin,False,2500.0
2,1565,2,p2g11_031,screen,964,11,creative_screen,mint_bilin,"[""p2g1_067""]",435df4fad67cd70e,ok,True,partial,0.4233,62.07169419788209,75.23282366313681,67.00711774735261,62.07169419788209,True,True,3|grow|rotor|liquid|s2|g2|structured,structured,,mint_bilin,False,20000.0
2,1566,2,p2g11_032,screen,964,11,creative_screen,mint_bilin,"[""p2g1_017""]",c7655bbc2e3f0acc,ok,True,partial,0.4279,61.41063724318162,73.8243954053027,66.06579655397702,61.41063724318162,True,True,4|grow|mobile|liquid|s2|g2|structured,structured,,mint_bilin,False,10000.0
2,1567,2,p2g11_046,screen,964,11,creative_screen,add_chan,"[""p2g10_037""]",15653bb2ec4ea489,ok,True,partial,0.4706,64.0332125064556,75.34868751075933,68.2765156330695,64.0332125064556,True,True,3|grow|mobile|liquid|s2|g2|structured,structured,,add_chan,False,20000.0
2,1568,2,p2g11_057,screen,964,11,creative_screen,merge_cross_edge,"[""p2g3_015"",""p6g1_043""]",4d4b20b8b6aa0cf9,ok,True,partial,0.3194,55.61166793937652,71.39277989896085,61.52958492422064,55.61166793937652,False,False,4|grow|drift|liquid|s1|g2|structured,structured,,merge_cross_edge,False,20000.0
2,1569,2,p2g11_058,screen,964,11,creative_screen,merge_cross_edge,"[""p2g7_079"",""p4g4_018""]",3bbf603f1e3f6f06,ok,True,partial,0.0,46.80621766938008,78.01036278230013,58.5077720867251,46.80621766938008,False,False,4|grow|mobile|liquid|s2|g2|mixed,mixed,,merge_cross_edge,False,20000.0
2,1570,2,p2g11_060,screen,964,11,creative_screen,merge_cross_edge,"[""p1g6_065"",""p2g7_079""]",9fd64438c8d66779,ok,True,partial,0.1049,48.12171881593811,73.20953135989686,57.529648519922645,48.12171881593811,False,False,4|grow|drift|liquid|s1|g2|mixed,mixed,,merge_cross_edge,False,20000.0
2,1571,2,p2g11_061,screen,964,11,creative_screen,merge_slow_tanh,"[""p1g2_008"",""blk_p6g1_043""]",b72e7f4060797564,ok,True,partial,0.3945,56.92165052985742,68.56941754976238,61.289563162321784,56.92165052985742,False,False,4|switch|rotor|liquid|s1|g2|structured,structured,,merge_slow_tanh,False,20000.0
2,1572,2,p2g11_021,screen,964,11,creative_screen,mutate,"[""p1g7_032""]",77827b0103fd27e1,ok,True,partial,0.4544,54.34915751917188,60.28859586528647,56.576446898964846,54.34915751917188,False,False,3|grow|mobile|liquid|s2|g1|structured,structured,,mutate,False,10000.0
2,1573,2,p2g11_030,screen,964,11,creative_screen,mint_bilin,"[""p2g10_037""]",e14904f9114bcfe5,ok,True,partial,0.4094,63.56054058622462,78.64090097704104,69.21567573278078,63.56054058622462,True,True,4|grow|mobile|liquid|s2|g2|structured,structured,,mint_bilin,False,20000.0
2,1574,2,p2g11_033,screen,964,11,creative_screen,mint_bilin,"[""p2g7_049""]",9182b5067d695f55,ok,True,partial,0.5087,69.74481178884346,82.32801964807244,74.46351473605434,69.74481178884346,True,True,4|grow|mobile|liquid|s2|g2|structured,structured,,mint_bilin,False,20000.0
2,1575,2,p2g11_035,screen,964,11,creative_screen,mint_bilin,"[""p2g1_013""]",24c08919b5667caa,ok,True,partial,0.0,0.0,0.0,0.0,0.0,False,False,1|constant|still|gas|s1|g0|mixed,mixed,,mint_bilin,False,2500.0
2,1576,2,p2g11_040,screen,964,11,creative_screen,delete_bilin,"[""p2g6_032""]",a758dc867063b449,ok,True,partial,0.3903,53.86971562065676,63.76285936776127,57.57964452582095,53.86971562065676,False,False,3|switch|mobile|liquid|s1|g1|structured,structured,,delete_bilin,False,2500.0
2,1577,2,p2g11_041,screen,964,11,creative_screen,delete_bilin,"[""p2g1_051""]",54fe617cf706055f,ok,True,partial,0.386,55.98494195271974,67.57490325453288,60.33117744089966,55.98494195271974,False,False,3|grow|mobile|liquid|s1|g2|structured,structured,,delete_bilin,False,10000.0
2,1578,2,p2g11_043,screen,964,11,creative_screen,delete_bilin,"[""p2g10_037""]",9a815b4bb1db78ea,ok,True,partial,0.5049,70.13910338512042,83.23850564186736,75.05137923140052,70.13910338512042,True,True,4|grow|mobile|liquid|s2|g2|structured,structured,,delete_bilin,False,20000.0
2,1579,2,p2g11_052,screen,964,11,creative_screen,merge_spatial_ic,"[""p2g2_055"",""p2g4_044""]",3e9e387b61a8cb22,ok,True,partial,0.3695,58.46522931681154,72.80871552801923,63.84403664601443,58.46522931681154,False,False,4|switch|mobile|liquid|s1|g1|structured,structured,,merge_spatial_ic,True,2500.0
2,1580,2,p2g11_053,screen,964,11,creative_screen,merge_spatial_ic,"[""p2g2_055"",""p2g1_054""]",3e9e387b61a8cb22,ok,True,partial,0.646,64.74347985384617,64.83913308974361,64.77934981730772,64.74347985384617,True,True,4|grow|mobile|liquid|s1|g1|structured,structured,,merge_spatial_ic,True,2500.0
2,1581,2,p2g11_054,screen,964,11,creative_screen,merge_spatial_ic,"[""p2g2_055"",""p2g1_086""]",3e9e387b61a8cb22,ok,True,partial,0.3044,31.30320226873664,31.878670447894404,31.5190028359208,31.30320226873664,False,False,3|constant|drift|liquid|s1|g1|structured,structured,,merge_spatial_ic,True,2500.0
2,1582,2,p2g11_055,screen,964,11,creative_screen,merge_spatial_ic,"[""p2g6_007"",""p2g8_011""]",17762d87e53407fe,ok,True,partial,0.0,9.00130046329744,15.002167438829067,11.2516255791218,9.00130046329744,False,False,1|switch|drift|gas|s1|g0|mixed,mixed,,merge_spatial_ic,True,2500.0
2,1583,2,p2g11_059,screen,964,11,creative_screen,merge_cross_edge,"[""p2g1_086"",""p10g0_ds6_000""]",c7429f3d7d3d5385,ok,True,partial,0.0,23.430893569089,39.051489281815,29.28861696136125,23.430893569089,False,False,3|constant|still|liquid|s1|g2|mixed,mixed,,merge_cross_edge,False,2500.0
2,1584,2,p2g11_026,screen,964,11,creative_screen,mint_bilin,"[""p4g1_018""]",b4249856fffeab9e,ok,True,partial,0.0,33.66420670711811,56.107011178530186,42.08025838389764,33.66420670711811,False,False,3|switch|drift|flicker|s1|g2|mixed,mixed,,mint_bilin,False,2500.0
2,1585,2,p2g11_038,screen,964,11,creative_screen,mint_bilin,"[""p6g3_008""]",33cc68c5c7041895,ok,True,partial,0.5231,61.50432247802901,67.63387079671502,63.80290309753626,61.50432247802901,True,True,3|switch|mobile|flicker|s1|g2|structured,structured,,mint_bilin,False,5000.0
2,1586,2,p2g11_039,screen,964,11,creative_screen,mint_bilin,"[""p2g6_025""]",8844314adcbe0d7d,ok,True,partial,0.4335,49.04208536950007,52.836808949166794,50.465106711875094,49.04208536950007,False,False,4|switch|mobile|liquid|s1|g0|structured,structured,,mint_bilin,False,2500.0
2,1587,2,p2g11_044,screen,964,11,creative_screen,add_chan,"[""p2g7_039""]",1d896657e440f6ef,ok,True,partial,0.3527,54.752633718079,67.74105619679833,59.62329214759875,54.752633718079,False,False,3|switch|drift|liquid|s1|g2|structured,structured,,add_chan,False,5000.0
2,1588,2,p2g11_049,screen,964,11,creative_screen,add_chan,"[""p2g7_039""]",f516ab3f19d7a739,ok,True,partial,0.3861,54.86168374094878,65.69613956824797,58.92460467618598,54.86168374094878,False,False,3|switch|drift|flicker|s1|g2|structured,structured,,add_chan,False,2500.0
2,1589,2,p2g10_026_s2,seed2,965,10,selected_confirmation,seed2,"[""p2g10_026""]",dcb6e8d4752b6d40,ok,True,partial,0.5356,49.1242811051481,46.167135175246834,48.015351381435124,49.1242811051481,False,False,3|constant|rotor|liquid|s1|g2|structured,structured,True,mint_bilin,False,2500.0
2,1590,2,p2g10_005_s2,seed2,965,10,selected_confirmation,seed2,"[""p2g10_005""]",56318cd7d4b5efe7,ok,True,partial,0.0,27.4866515633435,45.81108593890583,34.35831445417938,27.4866515633435,False,False,2|switch|mobile|liquid|s1|g0|mixed,mixed,True,mutate,False,2500.0
2,1591,2,p2g10_008_s2,seed2,965,10,selected_confirmation,seed2,"[""p2g10_008""]",d8f45455d95bddd9,ok,True,partial,0.5529,44.718952507903836,37.671587513173066,42.076190634879794,44.718952507903836,False,False,2|switch|mobile|flicker|s1|g2|structured,structured,True,mutate,False,2500.0
2,1592,2,p2g10_016_s2,seed2,965,10,selected_confirmation,seed2,"[""p2g10_016""]",28e377fee8a3aa84,ok,True,partial,0.0,3.120356703550084,5.200594505916807,3.900445879437605,3.120356703550084,False,False,2|constant|still|frozen|s1|g0|mixed,mixed,True,mutate,False,2500.0
2,1593,2,p2g10_023_s2,seed2,965,10,selected_confirmation,seed2,"[""p2g10_023""]",770c8caac544c0bc,ok,True,partial,0.7123,57.418464601016694,48.21077433502783,53.96558075127088,57.418464601016694,False,False,4|switch|mobile|liquid|s1|g1|structured,structured,True,mint_bilin,False,2500.0
2,1594,2,p2g10_054_s2,seed2,965,10,selected_confirmation,seed2,"[""p2g10_054""]",3e9e387b61a8cb22,ok,True,partial,0.3987,59.6664369055859,72.86406150930983,64.61554613198237,59.6664369055859,False,False,4|grow|mobile|liquid|s2|g1|structured,structured,True,merge_spatial_ic,False,5000.0
2,1595,2,p2g10_000_s2,seed2,965,10,selected_confirmation,seed2,"[""p2g10_000""]",459bf552e8b24302,ok,True,partial,0.0,30.746824711491147,51.24470785248525,38.43353088936394,30.746824711491147,False,False,3|switch|drift|frozen|s1|g2|mixed,mixed,True,mutate,False,2500.0
2,1596,2,p2g9_023_s3,seed3,966,9,selected_confirmation,seed3,"[""p2g9_023""]",878e69cbaefec6f7,ok,True,partial,0.0,27.474436507247948,45.79072751207991,34.34304563405993,27.474436507247948,False,False,2|switch|mobile|gas|s1|g2|mixed,mixed,True,mint_bilin,False,2500.0
2,1597,2,p2g9_056_s3,seed3,966,9,selected_confirmation,seed3,"[""p2g9_056""]",9de95502b119981d,ok,True,partial,0.0594,21.075708362148948,31.166180603581576,24.85963545268618,21.075708362148948,False,False,1|constant|mobile|frozen|s1|g2|structured,structured,True,merge_cross_edge,False,2500.0
2,1598,2,p2g9_002_s3,seed3,966,9,selected_confirmation,seed3,"[""p2g9_002""]",a950afa173bd1ace,ok,True,partial,0.0,30.105756459642663,50.17626076607111,37.632195574553336,30.105756459642663,False,False,3|switch|mobile|liquid|s1|g0|mixed,mixed,True,mutate,False,2500.0
2,1599,2,p2g9_021_s3,seed3,966,9,selected_confirmation,seed3,"[""p2g9_021""]",59b7b97750d39049,ok,True,partial,0.0,24.20384114855724,40.3397352475954,30.25480143569655,24.20384114855724,False,False,2|switch|mobile|liquid|s1|g0|mixed,mixed,True,mutate,False,2500.0
2,1600,2,p2g9_033_s3,seed3,966,9,selected_confirmation,seed3,"[""p2g9_033""]",8453ed047e2458e4,ok,True,partial,0.0,31.349584612199983,52.24930768699998,39.186980765249984,31.349584612199983,False,False,4|switch|mobile|flicker|s1|g2|mixed,mixed,True,mint_bilin,False,2500.0
2,1601,2,p2g9_050_s3,seed3,966,9,selected_confirmation,seed3,"[""p2g9_050""]",06908fc480686aa7,ok,True,partial,0.0,13.746002072513969,22.910003454189948,17.18250259064246,13.746002072513969,False,False,1|constant|still|gas|s1|g2|mixed,mixed,True,add_chan,False,2500.0
2,1602,2,p2g9_019_s3,seed3,966,9,selected_confirmation,seed3,"[""p2g9_019""]",74218c371b86c1b5,ok,True,partial,0.3645,43.18168296895057,47.66947161491761,44.86460371118821,43.18168296895057,False,False,4|grow|mobile|liquid|s1|g2|structured,structured,True,mutate,False,5000.0
2,1603,2,p2g9_020_s3,seed3,966,9,selected_confirmation,seed3,"[""p2g9_020""]",32ca5ddb4d6db260,ok,True,partial,0.0,11.601785325768644,19.336308876281073,14.502231657210805,11.601785325768644,False,False,3|constant|still|flicker|s1|g0|mixed,mixed,True,mutate,False,2500.0
2,1604,2,p2g9_040_s3,seed3,966,9,selected_confirmation,seed3,"[""p2g9_040""]",cd582dadadac6cec,ok,True,partial,0.0421,18.37353019117104,27.815883651951733,21.914412738963797,18.37353019117104,False,False,2|oscillator|drift|frozen|s1|g1|structured,structured,True,delete_bilin,False,2500.0
2,1605,2,p2g9_064_s3,seed3,966,9,selected_confirmation,seed3,"[""p2g9_064""]",2133d260ec0d88e9,ok,True,partial,0.0702,24.916256932646824,36.84709488774471,29.390321165808533,24.916256932646824,False,False,2|switch|drift|liquid|s1|g2|structured,structured,True,merge_slow_tanh,False,2500.0
2,1606,2,p2g11_066,screen,964,11,creative_screen,immigrate,,ea3fe7d493fa6dce,no_blobs,True,missing,,0.0,,,,False,False,,,,immigrate,False,
2,1607,2,p2g11_047,screen,964,11,creative_screen,add_chan,"[""p2g4_049""]",6f0b907dec2e3f1a,ok,True,partial,0.1396,39.2292717175594,56.07545286259901,45.54658964694926,39.2292717175594,False,False,4|grow|mobile|liquid|s1|g2|mixed,mixed,,add_chan,False,5000.0
2,1608,2,p2g11_064,screen,964,11,creative_screen,immigrate,,749fb381bbfab528,ok,True,partial,0.0,0.0,0.0,0.0,0.0,False,False,1|constant|still|gas|s1|g0|mixed,mixed,,immigrate,False,2500.0
2,1609,2,p2g11_067,screen,964,11,creative_screen,immigrate,,97def72b3affc86f,ok,True,partial,0.0,0.0,0.0,0.0,0.0,False,False,1|constant|still|gas|s1|g0|mixed,mixed,,immigrate,False,2500.0
2,1610,2,p2g11_065,screen,964,11,creative_screen,immigrate,,9e894856d818f626,no_blobs,True,missing,,0.0,,,,False,False,,,,immigrate,False,
2,1611,2,p2g11_063,screen,964,11,creative_screen,immigrate,,fd3bd16d854a9431,ok,True,partial,0.0,24.027414356495438,40.04569059415906,30.0342679456193,24.027414356495438,False,False,2|constant|drift|liquid|s1|g0|mixed,mixed,,immigrate,False,2500.0
2,1612,2,p2g10_049_s3,seed3,966,10,selected_confirmation,seed3,"[""p2g10_049""]",e98d623ab6f1d6d2,ok,True,partial,0.3905,55.161278355717556,65.90213059286259,59.189097944646946,55.161278355717556,False,False,3|switch|rotor|flicker|s1|g2|mixed,mixed,True,add_chan,False,20000.0
2,1613,2,p2g12_024,screen,964,12,creative_screen,mint_bilin,"[""p4g5_070""]",e30b5336e233b1fd,ok,True,partial,0.0,39.320916316044425,65.53486052674072,49.151145395055536,39.320916316044425,False,False,2|switch|mobile|liquid|s1|g2|structured,structured,,mint_bilin,False,20000.0
2,1614,2,p2g12_055,screen,964,12,creative_screen,merge_cross_edge,"[""p2g3_004"",""ref_iso_d0.65""]",5b7f61e5380de3ef,ok,True,partial,0.0685,20.98434940854588,30.40724901424314,24.517936760682353,20.98434940854588,False,False,2|grow|drift|liquid|s1|g0|structured,structured,,merge_cross_edge,False,2500.0
2,1615,2,p2g11_050_s2,seed2,965,11,selected_confirmation,seed2,"[""p2g11_050""]",018dd1bce7eddf57,ok,True,partial,0.0,27.075361717971248,45.125602863285415,33.84420214746406,27.075361717971248,False,False,2|grow|drift|flicker|s1|g2|mixed,mixed,True,add_chan,False,2500.0
2,1616,2,p2g10_004_s3,seed3,966,10,selected_confirmation,seed3,"[""p2g10_004""]",2d6519bf96f89a84,ok,True,partial,0.0,24.369531870759875,40.61588645126646,30.461914838449847,24.369531870759875,False,False,2|oscillator|drift|liquid|s1|g1|mixed,mixed,True,mutate,False,2500.0
2,1617,2,p2g10_056_s3,seed3,966,10,selected_confirmation,seed3,"[""p2g10_056""]",2e50de072bfe838d,ok,True,partial,0.0,15.89333461785887,26.488891029764783,19.866668272323587,15.89333461785887,False,False,2|constant|still|flicker|s1|g2|mixed,mixed,True,merge_spatial_ic,False,2500.0
2,1618,2,p2g11_023_s2,seed2,965,11,selected_confirmation,seed2,"[""p2g11_023""]",8818178808104e35,ok,True,partial,0.4943,65.88508697115637,76.85514495192727,69.99885871394545,65.88508697115637,True,True,4|switch|rotor|liquid|s1|g2|structured,structured,True,mint_bilin,False,20000.0
2,1619,2,p2g11_060_s2,seed2,965,11,selected_confirmation,seed2,"[""p2g11_060""]",9fd64438c8d66779,ok,True,partial,0.1343,50.33313146529649,74.93521910882748,59.55891433162061,50.33313146529649,False,False,4|switch|drift|liquid|s1|g2|mixed,mixed,True,merge_cross_edge,False,20000.0
2,1620,2,p2g10_037_s3,seed3,966,10,selected_confirmation,seed3,"[""p2g10_037""]",d5df93540fabc72a,ok,True,partial,0.5239,71.92606713976608,84.95011189961012,76.81008392470758,71.92606713976608,True,True,4|grow|mobile|liquid|s2|g2|structured,structured,True,mint_bilin,False,20000.0
2,1621,2,p2g10_006_s3,seed3,966,10,selected_confirmation,seed3,"[""p2g10_006""]",e78b16d04577fcd2,ok,True,partial,0.3651,56.31121600692621,69.51202667821035,61.261520008657754,56.31121600692621,False,False,3|grow|rotor|liquid|s2|g1|structured,structured,True,mutate,False,20000.0
2,1622,2,p2g10_053_s3,seed3,966,10,selected_confirmation,seed3,"[""p2g10_053""]",3e9e387b61a8cb22,ok,True,partial,0.6246,73.65126890219372,81.11211483698952,76.44908612774213,73.65126890219372,True,True,4|grow|mobile|liquid|s2|g1|structured,structured,True,merge_spatial_ic,False,20000.0
2,1623,2,p2g11_036_s2,seed2,965,11,selected_confirmation,seed2,"[""p2g11_036""]",a630f103b53e51d1,ok,True,partial,0.5769,66.86428128661599,72.98046881102665,69.15785160827,66.86428128661599,True,True,4|switch|rotor|liquid|s1|g2|structured,structured,True,mint_bilin,False,20000.0
2,1624,2,p2g10_034_s3,seed3,966,10,selected_confirmation,seed3,"[""p2g10_034""]",db0a86104423362f,ok,True,partial,0.0,46.93628713888827,78.22714523148045,58.67035892361034,46.93628713888827,False,False,3|grow|mobile|liquid|s1|g2|mixed,mixed,True,mint_bilin,False,20000.0
2,1625,2,p2g10_003_s3,seed3,966,10,selected_confirmation,seed3,"[""p2g10_003""]",9c050b541407f5d4,ok,True,partial,0.4085,55.03707486276525,64.49512477127541,58.58384357845656,55.03707486276525,False,False,4|grow|mobile|liquid|s1|g0|structured,structured,True,mutate,False,10000.0
2,1626,2,p2g11_045_s2,seed2,965,11,selected_confirmation,seed2,"[""p2g11_045""]",770c1206e5cd3aca,ok,True,partial,0.0,44.36724939984733,73.94541566641222,55.459061749809166,44.36724939984733,False,False,4|switch|rotor|flicker|s1|g2|mixed,mixed,True,add_chan,False,20000.0
2,1627,2,p2g11_020_s2,seed2,965,11,selected_confirmation,seed2,"[""p2g11_020""]",bb05067f258f078d,ok,True,partial,0.3296,46.82126318299207,56.06210530498677,50.28657897874008,46.82126318299207,False,False,2|grow|mobile|liquid|s2|g0|structured,structured,True,mutate,False,5000.0
2,1628,2,p2g10_048_s3,seed3,966,10,selected_confirmation,seed3,"[""p2g10_048""]",99e967391dc2fb5c,ok,True,partial,0.4963,54.573997446543814,57.86999574423969,55.80999680817976,54.573997446543814,False,False,3|switch|mobile|flicker|s1|g0|structured,structured,True,add_chan,False,5000.0
2,1629,2,p2g10_051_s3,seed3,966,10,selected_confirmation,seed3,"[""p2g10_051""]",d52660ac00b473dc,ok,True,partial,0.0,31.217588571365436,52.02931428560906,39.02198571420679,31.217588571365436,False,False,3|switch|mobile|liquid|s1|g1|mixed,mixed,True,add_chan,False,5000.0
2,1630,2,p2g10_054_s3,seed3,966,10,selected_confirmation,seed3,"[""p2g10_054""]",3e9e387b61a8cb22,ok,True,partial,0.6246,73.65126890219372,81.11211483698952,76.44908612774213,73.65126890219372,True,True,4|grow|mobile|liquid|s2|g1|structured,structured,True,merge_spatial_ic,False,20000.0
2,1631,2,p2g12_006,screen,964,12,creative_screen,mutate,"[""p2g1_067""]",99d5a36cba78ccd8,ok,True,partial,0.4537,62.578694146140165,74.05115691023362,66.88086768267522,62.578694146140165,True,True,3|switch|rotor|liquid|s2|g2|structured,structured,,mutate,False,20000.0
2,1632,2,p2g12_007,screen,964,12,creative_screen,mutate,"[""p2g1_067""]",364bb250a9307098,ok,True,partial,0.5085,49.45097481030152,48.51829135050254,49.101218512876905,49.45097481030152,False,False,4|oscillator|mobile|liquid|s1|g2|structured,structured,,mutate,False,2500.0
2,1633,2,p2g12_009,screen,964,12,creative_screen,mutate,"[""p2g11_036""]",12e6c43b94652203,ok,True,partial,0.0,45.063449560021354,75.10574926670226,56.32931195002669,45.063449560021354,False,False,4|switch|mobile|liquid|s1|g2|mixed,mixed,,mutate,False,20000.0
2,1634,2,p2g12_010,screen,964,12,creative_screen,mutate,"[""p2g1_017""]",113ede9040d5ea41,ok,True,partial,0.0,12.037990685840823,20.063317809734706,15.04748835730103,12.037990685840823,False,False,2|constant|still|frozen|s1|g2|mixed,mixed,,mutate,False,2500.0
2,1635,2,p2g12_012,screen,964,12,creative_screen,mutate,"[""p2g2_067""]",5edae0b754362baa,ok,True,partial,0.0,28.093322021540068,46.82220336923345,35.11665252692509,28.093322021540068,False,False,3|switch|still|liquid|s1|g2|mixed,mixed,,mutate,False,2500.0
2,1636,2,p2g12_021,screen,964,12,creative_screen,mutate,"[""p2g11_036""]",839b4b5f9adaeee6,ok,True,partial,0.0,22.52270908030733,37.53784846717888,28.15338635038416,22.52270908030733,False,False,2|switch|still|frozen|s1|g2|mixed,mixed,,mutate,False,2500.0
2,1637,2,p2g12_026,screen,964,12,creative_screen,mint_bilin,"[""p2g1_069""]",8b5ceb4e74cf9a11,ok,True,partial,0.0,26.95518886259966,44.925314770999435,33.69398607824958,26.95518886259966,False,False,3|constant|rotor|flicker|s1|g2|mixed,mixed,,mint_bilin,False,5000.0
2,1638,2,p2g12_027,screen,964,12,creative_screen,mint_bilin,"[""p2g1_067""]",2cc5332da346cf39,ok,True,partial,0.0,40.92133206647299,68.20222011078832,51.15166508309124,40.92133206647299,False,False,4|switch|mobile|liquid|s1|g2|mixed,mixed,,mint_bilin,False,5000.0
2,1639,2,p2g12_033,screen,964,12,creative_screen,mint_bilin,"[""p2g11_036""]",6e9a2f8f228b69bd,ok,True,partial,0.6686,71.05031484409541,73.84385807349236,72.09789355511927,71.05031484409541,True,True,4|grow|mobile|liquid|s2|g2|structured,structured,,mint_bilin,False,5000.0
2,1640,2,p2g12_034,screen,964,12,creative_screen,mint_bilin,"[""p2g10_048""]",32ef034f07ad5e43,ok,True,partial,0.5236,56.07441028157919,58.550683802631994,57.00301285197399,56.07441028157919,False,False,3|switch|mobile|flicker|s1|g0|structured,structured,,mint_bilin,False,5000.0
2,1641,2,p2g12_037,screen,964,12,creative_screen,mint_bilin,"[""p2g1_017""]",0723ea35907574c2,ok,True,partial,0.5806,73.4938084185725,83.78301403095416,77.35226052321562,73.4938084185725,True,True,4|grow|mobile|liquid|s2|g2|structured,structured,,mint_bilin,False,20000.0
2,1642,2,p2g12_038,screen,964,12,creative_screen,mint_bilin,"[""p2g8_054""]",b09bd6fd68ac4cfb,ok,True,partial,0.6894,60.24135412070134,54.44225686783557,58.066692650876675,60.24135412070134,False,True,4|constant|rotor|liquid|s1|g2|structured,structured,,mint_bilin,False,2500.0
2,1643,2,p2g12_039,screen,964,12,creative_screen,mint_bilin,"[""p2g4_020""]",3c647ad70ef88e47,ok,True,partial,0.3905,57.37056464821231,69.58427441368718,61.95070581026539,57.37056464821231,False,False,4|grow|mobile|liquid|s1|g2|structured,structured,,mint_bilin,False,2500.0
2,1644,2,p2g12_041,screen,964,12,creative_screen,delete_bilin,"[""p2g1_017""]",e080558dddf0fa15,ok,True,partial,0.415,61.9848845890002,75.64147431500035,67.10610573625027,61.9848845890002,True,True,4|switch|rotor|liquid|s1|g2|structured,structured,,delete_bilin,False,10000.0
2,1645,2,p2g12_042,screen,964,12,creative_screen,delete_bilin,"[""p2g1_067""]",e297586c56e2cc87,ok,True,partial,0.4948,66.45042086699699,77.76403477832832,70.69302608374625,66.45042086699699,True,True,4|grow|rotor|liquid|s2|g2|structured,structured,,delete_bilin,False,10000.0
2,1646,2,p2g12_044,screen,964,12,creative_screen,add_chan,"[""p2g2_055""]",abc9e1d6f2e2491f,ok,True,partial,0.5623,50.279171351949124,46.31195225324854,48.791464189936406,50.279171351949124,False,False,3|switch|mobile|liquid|s1|g1|structured,structured,,add_chan,False,2500.0
2,1647,2,p2g12_046,screen,964,12,creative_screen,add_chan,"[""p2g10_053""]",ef184c4dfcd0663c,ok,True,partial,0.0893,33.71660554535314,50.24100924225523,39.91325693169142,33.71660554535314,False,False,4|switch|drift|liquid|s1|g2|mixed,mixed,,add_chan,False,2500.0
2,1648,2,p2g12_049,screen,964,12,creative_screen,add_chan,"[""p2g6_032""]",7ea01af979065f75,ok,True,partial,0.4603,54.77598508690528,60.60664181150881,56.96248135863161,54.77598508690528,False,False,3|switch|mobile|liquid|s1|g1|structured,structured,,add_chan,False,2500.0
2,1649,2,p2g12_051,screen,964,12,creative_screen,add_chan,"[""p2g2_055""]",288ca7995f279fc0,ok,True,partial,0.3746,55.51427170636816,67.55045284394694,60.02783963296021,55.51427170636816,False,False,4|grow|mobile|liquid|s1|g1|structured,structured,,add_chan,False,5000.0
2,1650,2,p2g12_052,screen,964,12,creative_screen,merge_spatial_ic,"[""p2g1_054"",""p2g10_004""]",eef1806b5f1e0089,ok,True,partial,0.4051,57.3287290596019,68.5412150993365,61.53341132450237,57.3287290596019,True,False,4|grow|mobile|liquid|s1|g2|structured,structured,,merge_spatial_ic,True,2500.0
2,1651,2,p2g12_053,screen,964,12,creative_screen,merge_cross_edge,"[""p2g6_064"",""blk_engine_10748""]",ad7f59a391c27019,ok,True,partial,0.4003,56.072463230018,66.76743871669667,60.0830790375225,56.072463230018,True,False,4|oscillator|rotor|liquid|s1|g2|structured,structured,,merge_cross_edge,False,2500.0
2,1652,2,p2g12_054,screen,964,12,creative_screen,merge_cross_edge,"[""p2g8_031"",""ref_iso_d0.65""]",c9fee3ef842a5e4f,ok,True,partial,0.0,23.804128064224937,39.67354677370823,29.755160080281172,23.804128064224937,False,False,3|switch|still|frozen|s1|g2|mixed,mixed,,merge_cross_edge,False,5000.0
2,1653,2,p2g12_057,screen,964,12,creative_screen,merge_cross_edge,"[""p2g6_004"",""ref_M0""]",8dc49301438871a2,ok,True,partial,0.2487,65.9506379469689,93.33772991161484,76.22079743371114,65.9506379469689,False,False,4|grow|rotor|liquid|s3|g2|structured,structured,,merge_cross_edge,False,20000.0
2,1654,2,p2g12_058,screen,964,12,creative_screen,merge_cross_edge,"[""p2g2_074"",""ref_M4_tau5.7""]",ba3c68885d5112f3,ok,True,partial,0.1079,24.70443172817263,33.98071954695438,28.183039660215783,24.70443172817263,False,False,3|oscillator|drift|liquid|s1|g2|structured,structured,,merge_cross_edge,False,2500.0
2,1655,2,p2g12_059,screen,964,12,creative_screen,merge_cross_edge,"[""p2g9_064"",""ref_M0""]",69515ffae0573365,ok,True,partial,0.5522,61.44425754804332,65.5937625800722,63.000321935054146,61.44425754804332,True,True,4|switch|mobile|liquid|s1|g2|structured,structured,,merge_cross_edge,False,2500.0
2,1656,2,p2g12_061,screen,964,12,creative_screen,merge_cross_edge,"[""p2g2_035"",""blk_p1g2_008""]",cb95c4f925c88b80,ok,True,partial,0.417,55.204982172307524,64.20830362051254,58.5812277153844,55.204982172307524,False,False,4|switch|mobile|liquid|s1|g2|structured,structured,,merge_cross_edge,False,2500.0
2,1657,2,p2g12_002,screen,964,12,creative_screen,mutate,"[""p2g7_049""]",1bc1b203cf76f624,ok,True,partial,0.4913,52.252938744520016,54.33489790753336,53.03367343065002,52.252938744520016,False,False,3|switch|mobile|liquid|s2|g2|structured,structured,,mutate,False,2500.0
2,1658,2,p2g12_003,screen,964,12,creative_screen,mutate,"[""p2g7_049""]",d48c4bc781de9200,ok,True,partial,0.282,42.87100912207079,52.65168187011798,46.538761402588484,42.87100912207079,False,False,3|switch|mobile|liquid|s1|g0|structured,structured,,mutate,False,2500.0
2,1659,2,p2g12_005,screen,964,12,creative_screen,mutate,"[""p2g9_026""]",4c4b71ee687ff188,ok,True,partial,0.5139,50.306024505992994,49.58337417665499,50.03503063249124,50.306024505992994,False,False,2|grow|mobile|liquid|s1|g1|structured,structured,,mutate,False,2500.0
2,1660,2,p2g12_008,screen,964,12,creative_screen,mutate,"[""p2g6_032""]",c72eb2f4d3420139,ok,True,partial,0.2622,44.8305196140405,57.2375326900675,49.48314951755063,44.8305196140405,False,False,2|switch|mobile|liquid|s2|g1|structured,structured,,mutate,False,5000.0
2,1661,2,p2g12_011,screen,964,12,creative_screen,mutate,"[""p2g2_038""]",c074adcfbf2a4f5a,ok,True,partial,0.0,17.485986084481503,29.14331014080251,21.85748260560188,17.485986084481503,False,False,2|constant|still|frozen|s1|g2|mixed,mixed,,mutate,False,2500.0
2,1662,2,p2g12_015,screen,964,12,creative_screen,mutate,"[""p2g6_032""]",074ba5c7e959ae20,ok,True,partial,0.5759,59.12364933357138,60.14608222261897,59.507061666964226,59.12364933357138,False,False,3|switch|rotor|flicker|s2|g1|structured,structured,,mutate,False,2500.0
2,1663,2,p2g12_016,screen,964,12,creative_screen,mutate,"[""p2g6_032""]",b80ec9134b49cff3,ok,True,partial,0.3235,53.117602868416796,66.96267144736132,58.309503585520986,53.117602868416796,False,False,3|switch|mobile|liquid|s1|g1|structured,structured,,mutate,False,2500.0
2,1664,2,p2g12_017,screen,964,12,creative_screen,mutate,"[""p2g10_037""]",ac7ca6e3cc6c690b,ok,True,partial,0.0,3.1231064986294483,5.205177497715748,3.9038831232868105,3.1231064986294483,False,False,2|constant|still|frozen|s1|g0|mixed,mixed,,mutate,False,2500.0
2,1665,2,p2g12_018,screen,964,12,creative_screen,mutate,"[""p2g7_049""]",dfb75c887bad2fba,ok,True,partial,0.386,61.12671028772846,76.1445171462141,66.75838785966057,61.12671028772846,False,False,4|grow|mobile|liquid|s1|g2|structured,structured,,mutate,False,5000.0
2,1666,2,p2g12_022,screen,964,12,creative_screen,mint_bilin,"[""p2g7_030""]",768ad805175481d8,ok,True,partial,0.3744,58.4769932078119,72.50165534635317,63.73624150976488,58.4769932078119,False,False,4|grow|rotor|liquid|s1|g2|structured,structured,,mint_bilin,False,5000.0
2,1667,2,p2g12_028,screen,964,12,creative_screen,mint_bilin,"[""p2g7_049""]",20ed565575614df0,ok,True,partial,0.5849,66.5032583673546,71.84543061225767,68.50657295919325,66.5032583673546,True,True,4|grow|mobile|liquid|s1|g2|structured,structured,,mint_bilin,False,5000.0
2,1668,2,p2g12_029,screen,964,12,creative_screen,mint_bilin,"[""p2g7_049""]",96f510da38e4c15c,ok,True,partial,0.3765,56.43910191879144,68.9651698646524,61.136377398489294,56.43910191879144,False,False,4|grow|mobile|liquid|s1|g2|structured,structured,,mint_bilin,False,5000.0
2,1669,2,p2g12_031,screen,964,12,creative_screen,mint_bilin,"[""p2g10_037""]",731054d99f8445a1,ok,True,partial,0.3407,59.75108320105354,76.87180533508923,66.17135400131693,59.75108320105354,False,False,4|grow|mobile|liquid|s1|g2|structured,structured,,mint_bilin,False,10000.0
2,1670,2,p2g12_032,screen,964,12,creative_screen,mint_bilin,"[""p2g7_049""]",9e5e817b2eaf6f4a,ok,True,partial,0.3779,56.27353300507273,68.59588834178788,60.89441625634091,56.27353300507273,False,False,4|grow|mobile|liquid|s1|g2|structured,structured,,mint_bilin,False,5000.0
2,1671,2,p2g12_036,screen,964,12,creative_screen,mint_bilin,"[""p2g7_030""]",27408abc9767a58d,ok,True,partial,0.5792,53.93616593900484,51.28027656500805,52.940207423756036,53.93616593900484,False,False,4|switch|mobile|liquid|s1|g2|structured,structured,,mint_bilin,False,2500.0
2,1672,2,p2g12_040,screen,964,12,creative_screen,delete_bilin,"[""p2g6_032""]",a758dc867063b449,ok,True,partial,0.0,37.219355826226014,62.03225971037669,46.524194782782516,37.219355826226014,False,False,3|switch|mobile|liquid|s1|g1|structured,structured,,delete_bilin,False,2500.0
2,1673,2,p2g12_047,screen,964,12,creative_screen,add_chan,"[""p2g2_038""]",0ac0445c7354bb2d,ok,True,partial,0.2098,48.259772334291085,66.44628722381847,55.07971541786385,48.259772334291085,False,False,2|grow|mobile|liquid|s2|g2|structured,structured,,add_chan,False,10000.0
2,1674,2,p2g12_050,screen,964,12,creative_screen,add_chan,"[""p2g1_030""]",2752fda47b8ae440,ok,True,partial,0.1006,37.943228308333964,56.5320471805566,44.91403538541745,37.943228308333964,False,False,3|grow|drift|frozen|s1|g2|structured,structured,,add_chan,False,10000.0
2,1675,2,p2g12_004,screen,964,12,creative_screen,mutate,"[""p2g10_037""]",074191eeba59cb75,ok,True,partial,0.6501,74.76214560261714,81.2635760043619,77.20018200327142,74.76214560261714,True,True,4|switch|mobile|liquid|s1|g2|structured,structured,,mutate,False,20000.0
2,1676,2,p2g12_019,screen,964,12,creative_screen,mutate,"[""p2g6_037""]",7852016d05165a28,ok,True,partial,0.5644,53.82261908096912,52.077698468281866,53.168273851211396,53.82261908096912,False,False,3|switch|mobile|liquid|s1|g0|structured,structured,,mutate,False,2500.0
2,1677,2,p2g12_020,screen,964,12,creative_screen,mutate,"[""p2g6_032""]",faf1ed323ded1de9,ok,True,partial,0.2589,51.18403838657255,68.04673064428759,57.50754798321569,51.18403838657255,False,False,3|switch|rotor|liquid|s1|g1|structured,structured,,mutate,False,10000.0
2,1678,2,p2g12_025,screen,964,12,creative_screen,mint_bilin,"[""p2g9_042""]",4ff7b4089acd896c,ok,True,partial,0.2588,51.97928450310007,69.37880750516679,58.504105628875095,51.97928450310007,False,False,4|grow|rotor|liquid|s2|g1|structured,structured,,mint_bilin,False,10000.0
2,1679,2,p2g12_035,screen,964,12,creative_screen,mint_bilin,"[""p2g7_049""]",94fcef29710fcc32,ok,True,partial,0.6379,72.5863474223815,78.45057903730249,74.78543427797688,72.5863474223815,True,True,4|grow|mobile|liquid|s1|g2|structured,structured,,mint_bilin,False,20000.0
2,1680,2,p2g12_043,screen,964,12,creative_screen,delete_bilin,"[""p2g6_037""]",2118b3d23cd81fe6,ok,True,partial,0.3999,49.13016461554221,55.22360769257036,51.41520576942777,49.13016461554221,False,False,2|grow|mobile|liquid|s1|g0|structured,structured,,delete_bilin,False,20000.0
2,1681,2,p2g12_045,screen,964,12,creative_screen,add_chan,"[""p2g6_024""]",1ff26ebb29f42f24,ok,True,partial,0.4621,64.79585348390336,77.18642247317226,69.4423168548792,64.79585348390336,True,True,3|switch|rotor|flicker|s1|g2|structured,structured,,add_chan,False,10000.0
2,1682,2,p2g12_000,screen,964,12,creative_screen,mutate,"[""p2g1_065""]",7eb7956879a57083,ok,True,partial,0.0,0.0,0.0,0.0,0.0,False,False,1|constant|still|gas|s1|g0|mixed,mixed,,mutate,False,2500.0
2,1683,2,p2g12_013,screen,964,12,creative_screen,mutate,"[""p2g5_057""]",182d4e130d5c8fd8,ok,True,partial,0.0,20.85740840562526,34.76234734270877,26.071760507031577,20.85740840562526,False,False,3|oscillator|still|frozen|s1|g1|mixed,mixed,,mutate,False,2500.0
2,1684,2,p2g12_014,screen,964,12,creative_screen,mutate,"[""p2g1_003""]",c3404c48d32aab27,ok,True,partial,0.0,22.09880747183441,36.831345786390685,27.623509339793014,22.09880747183441,False,False,3|constant|still|liquid|s1|g2|mixed,mixed,,mutate,False,2500.0
2,1685,2,p2g12_048,screen,964,12,creative_screen,add_chan,"[""p2g3_049""]",3ddf96c4f264abcd,ok,True,partial,0.0,34.19860118054667,56.99766863424445,42.74825147568333,34.19860118054667,False,False,4|switch|mobile|liquid|s1|g0|mixed,mixed,,add_chan,False,2500.0
2,1686,2,p2g12_030,screen,964,12,creative_screen,mint_bilin,"[""p5g8_007""]",99e86599b98cab9c,ok,True,partial,0.0,37.14335523627331,61.90559206045552,46.42919404534164,37.14335523627331,False,False,3|switch|drift|liquid|s1|g2|mixed,mixed,,mint_bilin,False,2500.0
2,1687,2,p2g11_007_s2,seed2,965,11,selected_confirmation,seed2,"[""p2g11_007""]",9fd368077449139b,ok,True,partial,0.5859,49.87414908914376,44.06358181523961,47.695186361429705,49.87414908914376,False,False,3|constant|rotor|liquid|s1|g2|structured,structured,True,mutate,False,5000.0
2,1688,2,p2g11_012_s2,seed2,965,11,selected_confirmation,seed2,"[""p2g11_012""]",7599ccf6ba6d73f1,ok,True,partial,0.0,32.9535895481382,54.922649246896995,41.19198693517275,32.9535895481382,False,False,3|switch|mobile|flicker|s1|g1|mixed,mixed,True,mutate,False,2500.0
2,1689,2,p2g11_015_s2,seed2,965,11,selected_confirmation,seed2,"[""p2g11_015""]",bd07a6d6628c3b60,ok,True,partial,0.0,8.518844391099899,14.198073985166499,10.648555488874873,8.518844391099899,False,False,2|constant|still|frozen|s1|g0|mixed,mixed,True,mutate,False,2500.0
2,1690,2,p2g11_062_s2,seed2,965,11,selected_confirmation,seed2,"[""p2g11_062""]",92c28256c8811635,ok,True,partial,0.0774,28.30184895541821,42.00974825903035,33.44231119427277,28.30184895541821,False,False,3|constant|rotor|frozen|s1|g2|mixed,mixed,True,merge_cross_edge,False,2500.0
2,1691,2,p2g11_055_s2,seed2,965,11,selected_confirmation,seed2,"[""p2g11_055""]",17762d87e53407fe,ok,True,partial,0.0,15.522941293919528,25.871568823199215,19.403676617399412,15.522941293919528,False,False,1|switch|mobile|liquid|s1|g0|mixed,mixed,True,merge_spatial_ic,False,2500.0
2,1692,2,p2g11_059_s2,seed2,965,11,selected_confirmation,seed2,"[""p2g11_059""]",c7429f3d7d3d5385,ok,True,partial,0.0,23.323968348033144,38.873280580055244,29.15496043504143,23.323968348033144,False,False,3|constant|still|liquid|s1|g2|mixed,mixed,True,merge_cross_edge,False,2500.0
2,1693,2,p2g11_026_s2,seed2,965,11,selected_confirmation,seed2,"[""p2g11_026""]",b4249856fffeab9e,ok,True,partial,0.0,36.34817944371853,60.58029907286422,45.435224304648166,36.34817944371853,False,False,3|switch|drift|liquid|s1|g2|mixed,mixed,True,mint_bilin,False,10000.0
2,1694,2,p2g10_026_s3,seed3,966,10,selected_confirmation,seed3,"[""p2g10_026""]",dcb6e8d4752b6d40,ok,True,partial,0.3835,40.33277802005044,41.654630033417405,40.828472525063056,40.33277802005044,False,False,3|constant|rotor|liquid|s1|g2|structured,structured,True,mint_bilin,False,2500.0
2,1695,2,p2g10_005_s3,seed3,966,10,selected_confirmation,seed3,"[""p2g10_005""]",56318cd7d4b5efe7,ok,True,partial,0.0,24.630056202951017,41.05009367158503,30.787570253688774,24.630056202951017,False,False,2|oscillator|mobile|liquid|s1|g0|mixed,mixed,True,mutate,False,2500.0
2,1696,2,p2g10_008_s3,seed3,966,10,selected_confirmation,seed3,"[""p2g10_008""]",d8f45455d95bddd9,ok,True,partial,0.571,48.68820999566614,43.08034999277691,46.58526249458268,48.68820999566614,False,False,2|switch|mobile|flicker|s1|g2|structured,structured,True,mutate,False,2500.0
2,1697,2,p2g10_016_s3,seed3,966,10,selected_confirmation,seed3,"[""p2g10_016""]",28e377fee8a3aa84,ok,True,partial,0.0,3.126274491038134,5.210457485063557,3.907843113797668,3.126274491038134,False,False,2|constant|still|frozen|s1|g0|mixed,mixed,True,mutate,False,2500.0
2,1698,2,p2g10_000_s3,seed3,966,10,selected_confirmation,seed3,"[""p2g10_000""]",459bf552e8b24302,ok,True,partial,0.0,31.795893577059463,52.99315596176577,39.74486697132433,31.795893577059463,False,False,3|oscillator|drift|liquid|s1|g2|mixed,mixed,True,mutate,False,2500.0
2,1699,2,p2g12_065,screen,964,12,creative_screen,immigrate,,3c93613a67baac17,no_blobs,True,missing,,0.0,,,,False,False,,,,immigrate,False,
2,1700,2,p2g12_001,screen,964,12,creative_screen,mutate,"[""p2g6_031""]",1068c49c92825425,ok,True,partial,0.0,38.17044942570663,63.61741570951105,47.71306178213329,38.17044942570663,False,False,3|switch|mobile|liquid|s1|g2|mixed,mixed,,mutate,False,2500.0
2,1701,2,p2g12_056,screen,964,12,creative_screen,merge_cross_edge,"[""p2g3_015"",""ref_M0""]",a73b349f306945d2,ok,True,partial,0.5486,61.59744101575596,66.08906835959328,63.28180126969497,61.59744101575596,True,True,3|grow|mobile|liquid|s1|g2|structured,structured,,merge_cross_edge,False,2500.0
2,1702,2,p2g12_060,screen,964,12,creative_screen,merge_slow_tanh,"[""p2g4_062"",""ref_iso_d0.75""]",555ea9ed08e4bfc4,ok,True,partial,0.4648,57.28555017239866,64.4892502873311,59.98693771549832,57.28555017239866,False,False,3|switch|mobile|liquid|s1|g2|structured,structured,,merge_slow_tanh,False,2500.0
2,1703,2,p2g11_049_s2,seed2,965,11,selected_confirmation,seed2,"[""p2g11_049""]",f516ab3f19d7a739,ok,True,partial,0.3663,57.570292606323726,71.53048767720621,62.80536575790465,57.570292606323726,False,False,3|switch|drift|liquid|s1|g2|structured,structured,True,add_chan,False,10000.0
2,1704,2,p2g12_063,screen,964,12,creative_screen,immigrate,,76549870ee7fae9f,ok,True,partial,0.0,0.0,0.0,0.0,0.0,False,False,1|constant|still|gas|s1|g0|mixed,mixed,,immigrate,False,2500.0
2,1705,2,p2g12_064,screen,964,12,creative_screen,immigrate,,e0bdf158fdffe82a,no_blobs,True,missing,,0.0,,,,False,False,,,,immigrate,False,
2,1706,2,p2g12_023,screen,964,12,creative_screen,mint_bilin,"[""p6g2_022""]",05c0e02bbd168d13,ok,True,partial,0.5599,64.77080977171177,70.62468295285296,66.96601221463972,64.77080977171177,True,True,4|grow|mobile|flicker|s2|g0|structured,structured,,mint_bilin,False,20000.0
2,1707,2,p2g10_023_s3,seed3,966,10,selected_confirmation,seed3,"[""p2g10_023""]",770c8caac544c0bc,ok,True,partial,0.3989,65.01467147857493,81.76445246429155,71.29583934821866,65.01467147857493,False,False,4|grow|mobile|liquid|s2|g1|structured,structured,True,mint_bilin,False,20000.0
2,1708,2,p2g12_062,screen,964,12,creative_screen,immigrate,,8b9a523e25c9d24f,ok,True,partial,0.0,0.0,0.0,0.0,0.0,False,False,1|constant|still|gas|s1|g0|mixed,mixed,,immigrate,False,2500.0
2,1709,2,p2g12_066,screen,964,12,creative_screen,immigrate,,93aec90b0c5f3d69,ok,True,partial,0.0,0.0,0.0,0.0,0.0,False,False,1|constant|still|gas|s1|g2|mixed,mixed,,immigrate,False,2500.0
2,1710,2,p2g11_063_s2,seed2,965,11,selected_confirmation,seed2,"[""p2g11_063""]",fd3bd16d854a9431,ok,True,partial,0.0,24.88904422664549,41.48174037774248,31.111305283306862,24.88904422664549,False,False,2|oscillator|drift|liquid|s1|g0|mixed,mixed,True,immigrate,False,2500.0
2,1711,2,p2g11_050_s3,seed3,966,11,selected_confirmation,seed3,"[""p2g11_050""]",018dd1bce7eddf57,ok,True,partial,0.0,23.49700716107678,39.161678601794634,29.371258951345975,23.49700716107678,False,False,2|oscillator|drift|flicker|s1|g2|mixed,mixed,True,add_chan,False,2500.0
2,1712,2,p2g12_055_s2,seed2,965,12,selected_confirmation,seed2,"[""p2g12_055""]",5b7f61e5380de3ef,ok,True,partial,0.0753,18.004501284199836,24.98750214033306,20.623126605249794,18.004501284199836,False,False,2|oscillator|drift|liquid|s1|g0|structured,structured,True,merge_cross_edge,False,2500.0
2,1713,2,p2g11_036_s3,seed3,966,11,selected_confirmation,seed3,"[""p2g11_036""]",a630f103b53e51d1,ok,True,partial,0.6606,71.77881310906918,75.59135518178198,73.20851638633648,71.77881310906918,True,True,4|switch|mobile|liquid|s1|g2|structured,structured,True,mint_bilin,False,20000.0
2,1714,2,p2g12_043_s2,seed2,965,12,selected_confirmation,seed2,"[""p2g12_043""]",2118b3d23cd81fe6,ok,True,partial,0.6927,53.58351232943647,43.125853882394125,49.661890411795596,53.58351232943647,False,False,2|relaxation|mobile|flicker|s1|g0|structured,structured,True,delete_bilin,False,20000.0
2,1715,2,p2g11_026_s3,seed3,966,11,selected_confirmation,seed3,"[""p2g11_026""]",b4249856fffeab9e,ok,True,partial,0.0,37.25451923084897,62.090865384748284,46.56814903856122,37.25451923084897,False,False,3|switch|drift|flicker|s1|g2|mixed,mixed,True,mint_bilin,False,20000.0
2,1716,2,p2g11_049_s3,seed3,966,11,selected_confirmation,seed3,"[""p2g11_049""]",f516ab3f19d7a739,ok,True,partial,0.3647,57.80677920759745,72.03129867932908,63.14097400949681,57.80677920759745,False,False,3|switch|drift|flicker|s1|g2|structured,structured,True,add_chan,False,10000.0
2,1717,2,p2g12_050_s2,seed2,965,12,selected_confirmation,seed2,"[""p2g12_050""]",2752fda47b8ae440,ok,True,partial,0.111,42.194918833535716,62.92486472255953,49.96864854191965,42.194918833535716,False,False,3|grow|rotor|frozen|s1|g2|structured,structured,True,add_chan,False,10000.0
2,1718,2,p2g11_007_s3,seed3,966,11,selected_confirmation,seed3,"[""p2g11_007""]",9fd368077449139b,ok,True,partial,0.5506,47.93462540092459,43.18437566820765,46.15328175115574,47.93462540092459,False,False,3|constant|rotor|liquid|s1|g2|structured,structured,True,mutate,False,5000.0
2,1719,2,p2g11_020_s3,seed3,966,11,selected_confirmation,seed3,"[""p2g11_020""]",bb05067f258f078d,ok,True,partial,0.3155,44.665124217977024,53.40854036329503,47.94390527247128,44.665124217977024,False,False,2|switch|mobile|liquid|s1|g0|structured,structured,True,mutate,False,5000.0
2,1720,2,p2g12_026_s2,seed2,965,12,selected_confirmation,seed2,"[""p2g12_026""]",8b5ceb4e74cf9a11,ok,True,partial,0.0,30.15538772457186,50.2589795409531,37.69423465571482,30.15538772457186,False,False,3|constant|mobile|flicker|s1|g2|mixed,mixed,True,mint_bilin,False,5000.0
2,1721,2,p2g11_015_s3,seed3,966,11,selected_confirmation,seed3,"[""p2g11_015""]",bd07a6d6628c3b60,ok,True,partial,0.0,10.03568003210159,16.726133386835983,12.544600040126987,10.03568003210159,False,False,2|constant|still|liquid|s1|g0|mixed,mixed,True,mutate,False,2500.0
2,1722,2,p2g11_062_s3,seed3,966,11,selected_confirmation,seed3,"[""p2g11_062""]",92c28256c8811635,ok,True,partial,0.042,24.388925571133576,37.84820928522263,29.436156963916975,24.388925571133576,False,False,3|constant|rotor|frozen|s1|g2|mixed,mixed,True,merge_cross_edge,False,2500.0
2,1723,2,p2g11_055_s3,seed3,966,11,selected_confirmation,seed3,"[""p2g11_055""]",17762d87e53407fe,ok,True,partial,0.0,10.31617238734945,17.193620645582417,12.895215484186814,10.31617238734945,False,False,1|switch|mobile|gas|s1|g0|mixed,mixed,True,merge_spatial_ic,False,2500.0
2,1724,2,p2g11_059_s3,seed3,966,11,selected_confirmation,seed3,"[""p2g11_059""]",c7429f3d7d3d5385,ok,True,partial,0.0,23.374447899201446,38.957413165335744,29.21805987400181,23.374447899201446,False,False,3|constant|still|liquid|s1|g2|mixed,mixed,True,merge_cross_edge,False,2500.0
2,1725,2,p2g12_012_s2,seed2,965,12,selected_confirmation,seed2,"[""p2g12_012""]",5edae0b754362baa,ok,True,partial,0.1207,33.78916625292889,48.26861042154814,39.2189578161611,33.78916625292889,False,False,3|switch|still|liquid|s1|g2|mixed,mixed,True,mutate,False,2500.0
2,1726,2,p2g12_021_s2,seed2,965,12,selected_confirmation,seed2,"[""p2g12_021""]",839b4b5f9adaeee6,ok,True,partial,0.0,20.118654324953887,33.53109054158981,25.14831790619236,20.118654324953887,False,False,2|oscillator|still|frozen|s1|g2|mixed,mixed,True,mutate,False,2500.0
2,1727,2,p2g12_038_s2,seed2,965,12,selected_confirmation,seed2,"[""p2g12_038""]",b09bd6fd68ac4cfb,ok,True,partial,0.5953,65.6736729192518,69.76945486541966,67.20959114906475,65.6736729192518,True,True,4|constant|rotor|liquid|s1|g2|structured,structured,True,mint_bilin,False,5000.0
2,1728,2,p2g12_058_s2,seed2,965,12,selected_confirmation,seed2,"[""p2g12_058""]",ba3c68885d5112f3,ok,True,partial,0.093,26.14540626659294,37.375677110988235,30.356757833241176,26.14540626659294,False,False,3|switch|drift|liquid|s1|g2|structured,structured,True,merge_cross_edge,False,2500.0
2,1729,2,p2g11_023_s3,seed3,966,11,selected_confirmation,seed3,"[""p2g11_023""]",8818178808104e35,ok,True,partial,0.2052,59.760235956451574,85.92039326075263,69.57029494556447,59.760235956451574,False,False,4|grow|rotor|liquid|s3|g2|structured,structured,True,mint_bilin,False,20000.0
2,1730,2,p2g11_060_s3,seed3,966,11,selected_confirmation,seed3,"[""p2g11_060""]",9fd64438c8d66779,ok,True,partial,0.1136,48.19106295858806,72.7451049309801,57.39882869823508,48.19106295858806,False,False,4|grow|drift|liquid|s1|g2|mixed,mixed,True,merge_cross_edge,False,20000.0
2,1731,2,p2g11_045_s3,seed3,966,11,selected_confirmation,seed3,"[""p2g11_045""]",770c1206e5cd3aca,ok,True,partial,0.0,44.54319949814882,74.23866583024804,55.67899937268603,44.54319949814882,False,False,4|switch|rotor|flicker|s1|g2|mixed,mixed,True,add_chan,False,20000.0
2,1732,2,p2g12_023_s2,seed2,965,12,selected_confirmation,seed2,"[""p2g12_023""]",05c0e02bbd168d13,ok,True,partial,0.5593,61.60634523533916,65.39057539223194,63.025431544173955,61.60634523533916,True,True,4|grow|mobile|flicker|s2|g0|structured,structured,True,mint_bilin,False,20000.0
2,1733,2,p2g12_020_s2,seed2,965,12,selected_confirmation,seed2,"[""p2g12_020""]",faf1ed323ded1de9,ok,True,partial,0.479,61.74202770449091,70.97004617415152,65.20253463061364,61.74202770449091,True,True,3|switch|rotor|liquid|s1|g1|structured,structured,True,mutate,False,10000.0
2,1734,2,p2g12_008_s2,seed2,965,12,selected_confirmation,seed2,"[""p2g12_008""]",c72eb2f4d3420139,ok,True,partial,0.503,54.52739606301098,57.34566010501831,55.58424507876373,54.52739606301098,False,False,3|switch|mobile|liquid|s1|g1|structured,structured,True,mutate,False,5000.0
2,1735,2,p2g11_012_s3,seed3,966,11,selected_confirmation,seed3,"[""p2g11_012""]",7599ccf6ba6d73f1,ok,True,partial,0.5934,64.04704792572291,67.18507987620485,65.22380990715365,64.04704792572291,True,True,4|switch|mobile|liquid|s1|g1|structured,structured,True,mutate,False,2500.0
2,1736,2,p2g12_053_s2,seed2,965,12,selected_confirmation,seed2,"[""p2g12_053""]",ad7f59a391c27019,ok,True,partial,0.3378,54.63586940125517,68.53978233542529,59.849836751568965,54.63586940125517,False,False,4|switch|rotor|liquid|s1|g2|mixed,mixed,True,merge_cross_edge,False,2500.0
2,1737,2,p2g12_005_s2,seed2,965,12,selected_confirmation,seed2,"[""p2g12_005""]",4c4b71ee687ff188,ok,True,partial,0.4864,49.22105956810953,49.60843261351589,49.36632446013691,49.22105956810953,False,False,2|grow|mobile|liquid|s1|g1|structured,structured,True,mutate,False,2500.0
2,1738,2,p2g12_015_s2,seed2,965,12,selected_confirmation,seed2,"[""p2g12_015""]",074ba5c7e959ae20,ok,True,partial,0.5395,64.4292114811571,71.41535246859516,67.04901435144637,64.4292114811571,True,True,3|grow|mobile|flicker|s2|g1|structured,structured,True,mutate,False,10000.0
2,1739,2,p2g12_013_s2,seed2,965,12,selected_confirmation,seed2,"[""p2g12_013""]",182d4e130d5c8fd8,ok,True,partial,0.0,18.26172404850677,30.436206747511285,22.827155060633466,18.26172404850677,False,False,3|oscillator|still|frozen|s1|g1|mixed,mixed,True,mutate,False,2500.0
2,1740,2,p2g11_063_s3,seed3,966,11,selected_confirmation,seed3,"[""p2g11_063""]",fd3bd16d854a9431,ok,True,partial,0.0,27.010312456870135,45.01718742811689,33.76289057108767,27.010312456870135,False,False,2|switch|drift|liquid|s1|g0|mixed,mixed,True,immigrate,False,2500.0
2,1741,2,p2g12_055_s3,seed3,966,12,selected_confirmation,seed3,"[""p2g12_055""]",5b7f61e5380de3ef,ok,True,partial,0.0824,21.683456911081755,30.645761518469595,25.044321138852194,21.683456911081755,False,False,2|switch|drift|liquid|s1|g0|mixed,mixed,True,merge_cross_edge,False,2500.0
2,1742,2,p2g12_026_s3,seed3,966,12,selected_confirmation,seed3,"[""p2g12_026""]",8b5ceb4e74cf9a11,ok,True,partial,0.0,31.157454456749,51.92909076124834,38.94681807093625,31.157454456749,False,False,3|constant|mobile|flicker|s1|g2|mixed,mixed,True,mint_bilin,False,5000.0
2,1743,2,p2g12_038_s3,seed3,966,12,selected_confirmation,seed3,"[""p2g12_038""]",b09bd6fd68ac4cfb,ok,True,partial,0.5788,59.820042453609375,61.113404089348954,60.30505306701171,59.820042453609375,True,False,4|constant|rotor|liquid|s1|g2|structured,structured,True,mint_bilin,False,5000.0
2,1744,2,p2g12_012_s3,seed3,966,12,selected_confirmation,seed3,"[""p2g12_012""]",5edae0b754362baa,ok,True,partial,0.0,28.248923214895903,47.08153869149317,35.31115401861988,28.248923214895903,False,False,3|switch|still|liquid|s1|g2|mixed,mixed,True,mutate,False,2500.0
2,1745,2,p2g12_021_s3,seed3,966,12,selected_confirmation,seed3,"[""p2g12_021""]",839b4b5f9adaeee6,ok,True,partial,0.0,19.412015936956884,32.35335989492814,24.265019921196107,19.412015936956884,False,False,2|constant|still|frozen|s1|g2|mixed,mixed,True,mutate,False,2500.0
2,1746,2,p2g12_058_s3,seed3,966,12,selected_confirmation,seed3,"[""p2g12_058""]",ba3c68885d5112f3,ok,True,partial,0.0582,18.9842539241028,27.760423206838002,22.275317405128504,18.9842539241028,False,False,3|oscillator|drift|liquid|s1|g2|structured,structured,True,merge_cross_edge,False,2500.0
2,1747,2,p2g12_043_s3,seed3,966,12,selected_confirmation,seed3,"[""p2g12_043""]",2118b3d23cd81fe6,ok,True,partial,0.3164,47.72841163872554,58.4540193978759,51.750514548406926,47.72841163872554,False,False,2|grow|mobile|liquid|s2|g0|structured,structured,True,delete_bilin,False,20000.0
2,1748,2,p2g12_023_s3,seed3,966,12,selected_confirmation,seed3,"[""p2g12_023""]",05c0e02bbd168d13,ok,True,partial,0.5604,64.61780988344933,70.33634980574888,66.76226235431166,64.61780988344933,True,True,4|grow|mobile|flicker|s2|g0|structured,structured,True,mint_bilin,False,20000.0
2,1749,2,p2g12_050_s3,seed3,966,12,selected_confirmation,seed3,"[""p2g12_050""]",2752fda47b8ae440,ok,True,partial,0.0684,35.87780525824343,55.23634209707238,43.13725657280428,35.87780525824343,False,False,3|grow|still|frozen|s1|g2|structured,structured,True,add_chan,False,10000.0
2,1750,2,p2g12_020_s3,seed3,966,12,selected_confirmation,seed3,"[""p2g12_020""]",faf1ed323ded1de9,ok,True,partial,0.526,64.68981719975956,72.7496953329326,67.71227149969945,64.68981719975956,True,True,3|switch|rotor|liquid|s1|g1|structured,structured,True,mutate,False,20000.0
2,1751,2,p2g12_015_s3,seed3,966,12,selected_confirmation,seed3,"[""p2g12_015""]",074ba5c7e959ae20,ok,True,partial,0.5474,62.951245154095524,68.42540859015921,65.0040564426194,62.951245154095524,True,True,3|grow|mobile|flicker|s1|g1|structured,structured,True,mutate,False,20000.0
2,1752,2,p2g12_008_s3,seed3,966,12,selected_confirmation,seed3,"[""p2g12_008""]",c72eb2f4d3420139,ok,True,partial,0.4205,49.08260134567418,53.7710022427903,50.84075168209273,49.08260134567418,False,False,3|grow|mobile|liquid|s1|g1|structured,structured,True,mutate,False,5000.0
2,1753,2,p2g12_053_s3,seed3,966,12,selected_confirmation,seed3,"[""p2g12_053""]",ad7f59a391c27019,ok,True,partial,0.3012,52.776239964189664,67.88039994031611,58.44029995523708,52.776239964189664,False,False,4|switch|rotor|liquid|s1|g2|mixed,mixed,True,merge_cross_edge,False,2500.0
2,1754,2,p2g12_005_s3,seed3,966,12,selected_confirmation,seed3,"[""p2g12_005""]",4c4b71ee687ff188,ok,True,partial,0.5043,49.674562107933866,49.17093684655645,49.48570263491734,49.674562107933866,False,False,2|grow|mobile|liquid|s1|g1|structured,structured,True,mutate,False,2500.0
2,1755,2,p2g12_013_s3,seed3,966,12,selected_confirmation,seed3,"[""p2g12_013""]",182d4e130d5c8fd8,ok,True,partial,0.0,15.428101334878521,25.713502224797537,19.285126668598153,15.428101334878521,False,False,3|constant|still|frozen|s1|g1|mixed,mixed,True,mutate,False,2500.0
