island,stage,target_descriptor_key,target_cand,target_gen,target_ghash,target_seed_recorded,source_found,same_model_screen_reference,reference_screen_seed,selected_cand,selected_phase,selected_seed,selected_ghash,selected_descriptor_key,selected_interest_raw,selected_C9,reblended_I040,same_physical_model,same_ghash,same_descriptor_key,seed_differs_from_recorded_target,selected_seed_differs_from_screen_reference
1,initial_gen7_archive,3|grow|rotor|liquid|s2|g2,p6g8_033,0,27a2960d05f47297,,True,False,,p6g8_033_c9,c9fill,957,27a2960d05f47297,3|grow|rotor|liquid|s1|g2|structured,60.057474266161066,0.431,60.057474266161066,True,True,False,,
1,initial_gen7_archive,4|grow|mobile|liquid|s3|g2,p3g9_022,0,9a815b4bb1db78ea,,True,False,,p3g9_022_c9,c9fill,957,9a815b4bb1db78ea,4|grow|mobile|liquid|s2|g2|structured,57.08225447850029,0.295,57.08225447850029,True,True,False,,
1,initial_gen7_archive,4|grow|rotor|liquid|s3|g2,p2g7_039,0,fa86cb8089d048d0,,True,False,,p2g7_039_c9,c9fill,957,fa86cb8089d048d0,4|grow|rotor|liquid|s1|g2|structured,60.37324219635997,0.4165,60.37324219635997,True,True,False,,
1,initial_gen7_archive,3|switch|rotor|liquid|s2|g2,p6g7_028,0,99843d9cd96588d6,,True,False,,p6g7_028_c9,c9fill,957,99843d9cd96588d6,3|switch|mobile|liquid|s2|g2|structured,57.74913940238972,0.3106,57.74913940238972,True,True,False,,
1,initial_gen7_archive,3|grow|mobile|liquid|s2|g2,p6g9_021,0,b310fbfc5cac334e,,True,False,,p6g9_021_c9,c9fill,957,b310fbfc5cac334e,3|grow|mobile|liquid|s2|g2|structured,57.31503896872498,0.2258,57.31503896872498,True,True,False,,
1,initial_gen7_archive,3|switch|mobile|liquid|s2|g2,p6g5_026,0,ead25ce87e4b853d,,True,False,,p6g5_026_c9,c9fill,957,ead25ce87e4b853d,3|switch|rotor|liquid|s2|g2|structured,64.76800610456174,0.3102,64.76800610456174,True,True,False,,
1,initial_gen7_archive,4|grow|mobile|liquid|s3|g1,p3g6_032,0,3e9e387b61a8cb22,,True,False,,p3g6_032_c9,c9fill,957,3e9e387b61a8cb22,4|grow|mobile|liquid|s1|g1|structured,53.4934417075938,0.3719,53.4934417075938,True,True,False,,
1,initial_gen7_archive,3|grow|rotor|liquid|s3|g2,p2g6_020,0,489530b94bd868b0,,True,False,,p2g6_020_c9,c9fill,957,489530b94bd868b0,3|grow|rotor|liquid|s2|g2|structured,61.04908046244286,0.375,61.04908046244286,True,True,False,,
1,initial_gen7_archive,4|grow|mobile|liquid|s2|g1,p1g7_025,0,07854843ba8e93b1,,True,False,,p1g7_025,screen,957,de1b14c1d5bc2426,3|grow|rotor|liquid|s2|g2|structured,70.56844761409967,0.4729,65.91275809127973,False,False,False,,
1,initial_gen7_archive,4|switch|mobile|liquid|s3|g2,p5g3_040,0,dabace1997467b68,,True,False,,p5g3_040_c9,c9fill,957,dabace1997467b68,4|switch|rotor|liquid|s1|g2|structured,70.51180784559884,0.5265,70.51180784559884,True,True,False,,
1,initial_gen7_archive,4|switch|rotor|liquid|s1|g2,p1g7_030,0,d2ee337cb598d2ef,,True,False,,p1g7_030,screen,957,3e9e387b61a8cb22,4|grow|mobile|liquid|s1|g1|structured,57.56930213449225,0.3719,53.4934417075938,False,False,False,,
1,initial_gen7_archive,4|grow|mobile|liquid|s2|g2,p5g7_040,0,83b42c8f4ca19485,,True,False,,p5g7_040_c9,c9fill,957,83b42c8f4ca19485,4|grow|mobile|liquid|s1|g2|structured,68.85298716183334,0.4685,68.85298716183334,True,True,False,,
1,initial_gen7_archive,4|grow|rotor|liquid|s3|g1,p4g3_033,0,4ca14697d3781ef6,,True,False,,p4g3_033_c9,c9fill,957,4ca14697d3781ef6,4|grow|rotor|liquid|s3|g1|structured,66.43169681078231,0.4323,66.43169681078231,True,True,False,,
1,initial_gen7_archive,3|grow|mobile|liquid|s3|g2,p3g9_020,0,4b6edf7bed2ff135,,True,False,,p3g9_020_c9,c9fill,957,4b6edf7bed2ff135,3|grow|mobile|liquid|s3|g2|structured,69.29210541029907,0.5103,69.29210541029907,True,True,False,,
1,initial_gen7_archive,3|grow|rotor|liquid|s1|g2,p6g7_035,0,b3ca2cf65a12bd89,,True,False,,p6g7_035_c9,c9fill,957,b3ca2cf65a12bd89,3|switch|rotor|liquid|s2|g2|structured,64.90869333661456,0.5298,64.90869333661456,True,True,False,,
1,initial_gen7_archive,4|grow|mobile|liquid|s1|g2,p3g3_038,0,0c49060d9652323f,,True,False,,p3g3_038_c9,c9fill,957,0c49060d9652323f,4|grow|mobile|liquid|s1|g2|structured,70.79668978096745,0.5996,70.79668978096745,True,True,False,,
1,initial_gen7_archive,4|switch|rotor|liquid|s2|g2,p4g2_044,0,173f84b80256caeb,,True,False,,p4g2_044_c9,c9fill,957,173f84b80256caeb,4|grow|mobile|liquid|s1|g2|mixed,45.36718901841022,0.0,45.36718901841022,True,True,False,,
1,initial_gen7_archive,4|grow|rotor|liquid|s2|g2,p1g2_020,0,07440dda3d77d9a9,,True,False,,p1g2_020_s2,seed2,958,94568c24e2971139,3|oscillator|drift|liquid|s1|g2|structured,45.31795765338646,0.251,41.27436612270917,False,False,False,,
1,initial_gen7_archive,4|switch|mobile|liquid|s1|g2,p6g6_032,0,e85f4b309db0d245,,True,False,,p6g6_032_c9,c9fill,957,e85f4b309db0d245,4|switch|mobile|liquid|s1|g2|structured,69.3955352498653,0.5256,69.3955352498653,True,True,False,,
1,initial_gen7_archive,4|grow|rotor|liquid|s1|g2,p6g8_020,0,3f6f5093e8b0e1db,,True,False,,p6g8_020_c9,c9fill,957,3f6f5093e8b0e1db,4|switch|rotor|liquid|s1|g2|structured,62.590408031856974,0.49,62.590408031856974,True,True,False,,
1,initial_gen7_archive,4|switch|mobile|liquid|s2|g2,p3g7_046,0,3a2135c4e6a392e2,,True,False,,p3g7_046_c9,c9fill,957,3a2135c4e6a392e2,4|grow|rotor|liquid|s2|g2|mixed,47.43250500749111,0.0,47.43250500749111,True,True,False,,
1,initial_gen7_archive,4|grow|rotor|flicker|s3|g2,p2g3_073,0,6da2f3231522e927,,True,False,,p2g3_073_c9,c9fill,957,6da2f3231522e927,4|grow|mobile|flicker|s3|g2|mixed,55.34319346713424,0.2162,55.34319346713424,True,True,False,,
1,initial_gen7_archive,3|grow|mobile|liquid|s1|g2,p6g2_039,0,7019b4263417a389,,True,False,,p6g2_039_c9,c9fill,957,7019b4263417a389,3|switch|mobile|liquid|s1|g2|structured,58.54470005677156,0.346,58.54470005677156,True,True,False,,
1,initial_gen7_archive,3|grow|mobile|liquid|s3|g1,p4g5_040,0,66a64dfb975fcdc6,,True,False,,p4g5_040_c9,c9fill,957,66a64dfb975fcdc6,3|grow|mobile|liquid|s1|g1|structured,50.24011939559091,0.3101,50.24011939559091,True,True,False,,
1,initial_gen7_archive,4|grow|drift|liquid|s2|g2,p2g1_040,0,eef1806b5f1e0089,,True,False,,p2g1_040_c9,c9fill,957,eef1806b5f1e0089,3|grow|mobile|liquid|s2|g2|structured,49.64887038912887,0.2788,49.64887038912887,True,True,False,,
1,initial_gen7_archive,4|grow|rotor|liquid|s2|g1,p1g7_032,0,f0c0d4119fa77126,,True,False,,p1g7_032,screen,957,53ba29b19dcd90c2,3|switch|rotor|liquid|s1|g2|structured,63.13646506587222,0.5278,61.065172052697775,False,False,False,,
1,initial_gen7_archive,4|switch|mobile|liquid|s1|g1,p6g3_033,0,45d84b9a9c2d5329,,True,False,,p6g3_033_c9,c9fill,957,45d84b9a9c2d5329,4|switch|mobile|liquid|s1|g1|structured,64.56198883465801,0.6393,64.56198883465801,True,True,False,,
1,initial_gen7_archive,3|switch|mobile|liquid|s1|g2,p3g7_014,0,bb89c8e401f4f69a,,True,False,,p3g7_014_c9,c9fill,957,bb89c8e401f4f69a,3|oscillator|mobile|liquid|s1|g2|structured,60.14176949413577,0.5689,60.14176949413577,True,True,False,,
1,initial_gen7_archive,4|grow|mobile|flicker|s2|g2,p2g5_023,0,84ec665a3a51196b,,True,False,,p2g5_023_c9,c9fill,957,84ec665a3a51196b,4|grow|mobile|flicker|s2|g2|mixed,52.0053900191002,0.189,52.0053900191002,True,True,False,,
1,initial_gen7_archive,3|switch|rotor|liquid|s1|g2,p3g8_042,0,669ecc8e806a412c,,True,False,,p3g8_042_c9,c9fill,957,669ecc8e806a412c,3|grow|mobile|liquid|s1|g2|structured,57.756974563647674,0.4488,57.756974563647674,True,True,False,,
1,initial_gen7_archive,4|grow|rotor|flicker|s2|g2,p6g4_021,0,f1d619e4608e8429,,True,False,,p6g4_021_c9,c9fill,957,f1d619e4608e8429,4|grow|mobile|liquid|s1|g2|structured,64.58237487018637,0.4944,64.58237487018637,True,True,False,,
1,initial_gen7_archive,4|grow|mobile|liquid|s3|g0,p6g2_022,0,4822df84bbe8edf6,,True,False,,p6g2_022_c9,c9fill,957,4822df84bbe8edf6,4|grow|rotor|liquid|s2|g0|structured,68.3576392821715,0.5982,68.3576392821715,True,True,False,,
1,initial_gen7_archive,4|grow|drift|liquid|s1|g2,p2g4_020,0,36456c27fa9e9db9,,True,False,,p2g4_020_c9,c9fill,957,36456c27fa9e9db9,3|grow|mobile|liquid|s2|g2|structured,49.242756211953505,0.2713,49.242756211953505,True,True,False,,
1,initial_gen7_archive,4|grow|rotor|liquid|s1|g1,p3g7_015,0,b6669fc876a2db67,,True,False,,p3g7_015_c9,c9fill,957,b6669fc876a2db67,4|grow|rotor|liquid|s1|g1|structured,61.14055172755743,0.4313,61.14055172755743,True,True,False,,
1,initial_gen7_archive,4|constant|rotor|liquid|s1|g2,p6g7_067,0,070d384c430a8e0f,,True,False,,p6g7_067_c9,c9fill,957,070d384c430a8e0f,4|constant|rotor|liquid|s1|g2|structured,65.35438205930618,0.586,65.35438205930618,True,True,False,,
1,initial_gen7_archive,4|switch|rotor|flicker|s1|g2,p4g7_062,0,99904c4c71c802f0,,True,False,,p4g7_062_c9,c9fill,957,99904c4c71c802f0,4|switch|rotor|flicker|s1|g2|mixed,42.15224317881897,0.0,42.15224317881897,True,True,False,,
1,initial_gen7_archive,4|grow|mobile|liquid|s1|g1,p3g5_003,0,a8588ddb13332b62,,True,False,,p3g5_003_c9,c9fill,957,a8588ddb13332b62,4|switch|mobile|liquid|s1|g1|structured,67.33665464169752,0.5239,67.33665464169752,True,True,False,,
1,initial_gen7_archive,3|grow|mobile|liquid|s2|g1,p6g1_023,0,b52d5d7da8ee6179,,True,False,,p6g1_023_c9,c9fill,957,b52d5d7da8ee6179,3|grow|mobile|liquid|s1|g1|structured,48.188593310787454,0.304,48.188593310787454,True,True,False,,
1,initial_gen7_archive,4|switch|mobile|liquid|s2|g1,p1g3_035,0,a065779eaf3df961,,True,False,,p1g3_035_s3,seed3,959,a065779eaf3df961,4|grow|rotor|liquid|s1|g1|structured,70.52708086831757,0.5626,67.67366469465405,True,True,False,,
1,initial_gen7_archive,2|grow|rotor|liquid|s1|g2,p2g4_062,0,37e5bf4d92c4be41,,True,False,,p2g4_062_c9,c9fill,957,37e5bf4d92c4be41,2|grow|rotor|liquid|s1|g2|structured,60.1178662728918,0.3921,60.1178662728918,True,True,False,,
1,initial_gen7_archive,2|grow|mobile|liquid|s1|g2,p2g4_053,0,8f894fb7b2f207f4,,True,False,,p2g4_053_c9,c9fill,957,8f894fb7b2f207f4,2|grow|mobile|liquid|s1|g2|structured,60.98367967916403,0.4385,60.98367967916403,True,True,False,,
1,initial_gen7_archive,2|grow|mobile|liquid|s2|g2,p2g2_038,0,ad835d9583d074b2,,True,False,,p2g2_038_c9,c9fill,957,ad835d9583d074b2,2|switch|mobile|liquid|s2|g2|structured,47.86555669194064,0.1835,47.86555669194064,True,True,False,,
1,initial_gen7_archive,4|switch|mobile|flicker|s1|g2,p2g2_070,0,3403b1a691db96ea,,True,False,,p2g2_070_c9,c9fill,957,3403b1a691db96ea,4|switch|mobile|flicker|s1|g2|mixed,42.575031366488766,0.0,42.575031366488766,True,True,False,,
1,initial_gen7_archive,3|switch|mobile|flicker|s1|g2,p4g1_018,0,bdeaaefe8a5b91e0,,True,False,,p4g1_018_c9,c9fill,957,bdeaaefe8a5b91e0,3|relaxation|mobile|flicker|s1|g2|mixed,45.0444318820136,0.0,45.0444318820136,True,True,False,,
1,initial_gen7_archive,4|grow|mobile|flicker|s1|g2,p2g4_030,0,ca21e100b2dea0c3,,True,False,,p2g4_030_c9,c9fill,957,ca21e100b2dea0c3,4|grow|mobile|liquid|s1|g2|mixed,53.11231218808038,0.244,53.11231218808038,True,True,False,,
1,initial_gen7_archive,2|grow|rotor|liquid|s2|g2,p6g5_025,0,c53633b366a18482,,True,False,,p6g5_025_c9,c9fill,957,c53633b366a18482,2|grow|rotor|liquid|s1|g2|structured,52.72101660272493,0.3774,52.72101660272493,True,True,False,,
1,initial_gen7_archive,3|oscillator|mobile|liquid|s1|g2,p6g10_024,0,2a7ac9f64d6ef179,,True,False,,p6g10_024_c9,c9fill,957,2a7ac9f64d6ef179,3|switch|mobile|liquid|s1|g2|structured,58.77213572931823,0.401,58.77213572931823,True,True,False,,
1,initial_gen7_archive,2|switch|rotor|flicker|s1|g2,p5g8_014,0,60fd1da794635589,,True,False,,p5g8_014_c9,c9fill,957,60fd1da794635589,2|switch|mobile|flicker|s1|g2|structured,61.765438551420125,0.5616,61.765438551420125,True,True,False,,
1,initial_gen7_archive,3|grow|mobile|liquid|s1|g1,p3g9_021,0,d2673ccaa565671c,,True,False,,p3g9_021_c9,c9fill,957,d2673ccaa565671c,3|grow|mobile|liquid|s1|g1|mixed,43.072608508217236,0.0,43.072608508217236,True,True,False,,
1,initial_gen7_archive,3|switch|rotor|flicker|s1|g2,p2g4_041,0,794646053eadd329,,True,False,,p2g4_041_c9,c9fill,957,794646053eadd329,2|switch|rotor|liquid|s1|g0|structured,47.17695819915626,0.4577,47.17695819915626,True,True,False,,
1,initial_gen7_archive,4|switch|rotor|liquid|s1|g1,p6g1_040,0,8e82b34b98815d51,,True,False,,p6g1_040_c9,c9fill,957,8e82b34b98815d51,4|switch|mobile|flicker|s1|g1|structured,64.08797949566262,0.5687,64.08797949566262,True,True,False,,
1,initial_gen7_archive,3|switch|mobile|liquid|s1|g1,p3g6_036,0,dc62120b0c212700,,True,False,,p3g6_036_c9,c9fill,957,dc62120b0c212700,3|switch|mobile|liquid|s1|g1|structured,39.00763743705523,0.0,39.00763743705523,True,True,False,,
1,initial_gen7_archive,3|grow|rotor|liquid|s2|g1,p4g7_003,0,0c6b5140622c9518,,True,False,,p4g7_003_c9,c9fill,957,0c6b5140622c9518,3|grow|rotor|liquid|s3|g1|structured,61.25741187916776,0.446,61.25741187916776,True,True,False,,
1,initial_gen7_archive,4|grow|rotor|flicker|s1|g2,p6g8_068,0,0ae569d76c7ad4e0,,True,False,,p6g8_068_c9,c9fill,957,0ae569d76c7ad4e0,4|switch|rotor|flicker|s1|g2|structured,53.20269932819489,0.3221,53.20269932819489,True,True,False,,
1,initial_gen7_archive,4|switch|mobile|liquid|s2|g0,p4g3_022,0,c12ecee8c627b141,,True,False,,p4g3_022_c9,c9fill,957,c12ecee8c627b141,4|switch|mobile|liquid|s1|g0|structured,53.61074136974207,0.42,53.61074136974207,True,True,False,,
1,initial_gen7_archive,3|grow|rotor|frozen|s1|g2,p0g0_ds2g11_009,0,bbe92b88e108906a,,True,False,,p0g0_ds2g11_009_c9,c9fill,957,bbe92b88e108906a,3|grow|rotor|liquid|s1|g2|structured,43.12422836690032,0.1336,43.12422836690032,True,True,False,,
1,initial_gen7_archive,4|oscillator|rotor|liquid|s1|g2,p5g5_010,0,53fda5eb68268f1f,,True,False,,p5g5_010_c9,c9fill,957,53fda5eb68268f1f,4|switch|rotor|liquid|s1|g2|structured,64.41262158814337,0.5402,64.41262158814337,True,True,False,,
1,initial_gen7_archive,3|switch|drift|flicker|s1|g2,p6g7_013,0,e65ef70dd49605a1,,True,False,,p6g7_013_c9,c9fill,957,e65ef70dd49605a1,3|switch|mobile|flicker|s1|g2|structured,59.25258612611718,0.4416,59.25258612611718,True,True,False,,
1,initial_gen7_archive,3|oscillator|drift|liquid|s2|g2,p3g6_070,0,0754aa976555d950,,True,False,,p3g6_070_c9,c9fill,957,0754aa976555d950,3|switch|mobile|liquid|s2|g2|structured,53.7047740759709,0.3719,53.7047740759709,True,True,False,,
1,initial_gen7_archive,3|grow|rotor|flicker|s2|g2,p2g6_031,0,84226d894db71e93,,True,False,,p2g6_031_c9,c9fill,957,84226d894db71e93,3|grow|mobile|liquid|s2|g2|mixed,52.5602313594771,0.3341,52.5602313594771,True,True,False,,
1,initial_gen7_archive,2|grow|mobile|liquid|s2|g1,p3g6_061,0,87da68345e8008fe,,True,False,,p3g6_061_c9,c9fill,957,87da68345e8008fe,2|grow|mobile|liquid|s1|g1|mixed,40.08037576272589,0.0,40.08037576272589,True,True,False,,
1,initial_gen7_archive,3|switch|drift|liquid|s1|g2,p4g4_018,0,c85255378879551c,,True,False,,p4g4_018_c9,c9fill,957,c85255378879551c,3|switch|drift|liquid|s1|g2|mixed,37.2901832639903,0.0,37.2901832639903,True,True,False,,
1,initial_gen7_archive,3|grow|mobile|liquid|s3|g0,p0g0_ds2g11_006,0,2dd6dbf38ed8f991,,True,False,,p0g0_ds2g11_006_c9,c9fill,957,2dd6dbf38ed8f991,3|grow|mobile|liquid|s1|g0|structured,54.100133373602304,0.4714,54.100133373602304,True,True,False,,
1,initial_gen7_archive,3|constant|rotor|flicker|s1|g2,p1g6_065,0,6ffe5602270e02e4,,True,False,,p1g6_065,screen,957,d760747f84c5546f,4|grow|rotor|liquid|s2|g2|structured,66.67181683147331,0.2139,57.615453465178646,False,False,False,,
1,initial_gen7_archive,3|grow|rotor|liquid|s1|g0,p2g2_023,0,18fb4a511bd5fd41,,True,False,,p2g2_023_c9,c9fill,957,18fb4a511bd5fd41,3|grow|mobile|liquid|s2|g0|structured,56.5548516432551,0.4339,56.5548516432551,True,True,False,,
1,initial_gen7_archive,4|switch|rotor|flicker|s1|g1,p6g5_019,0,0477d3f126e0b4df,,True,False,,p6g5_019_c9,c9fill,957,0477d3f126e0b4df,4|switch|rotor|flicker|s1|g1|structured,66.1051509716912,0.5612,66.1051509716912,True,True,False,,
1,initial_gen7_archive,2|switch|mobile|flicker|s1|g2,p10g0_ds6_000,0,5ddef2bb7950303b,,True,False,,p10g0_ds6_000_c9,c9fill,957,5ddef2bb7950303b,2|switch|mobile|flicker|s1|g2|structured,61.68015601877568,0.558,61.68015601877568,True,True,False,,
1,initial_gen7_archive,2|switch|mobile|liquid|s1|g2,p4g5_070,0,8944dc72cebaf556,,True,False,,p4g5_070_c9,c9fill,957,8944dc72cebaf556,2|switch|mobile|liquid|s1|g2|structured,36.88356788316511,0.0,36.88356788316511,True,True,False,,
1,initial_gen7_archive,2|switch|rotor|liquid|s1|g2,p1g2_008,0,6aef37d09adb821c,,True,False,,p1g2_008,screen,957,2e7f82f20c7a06c0,3|switch|mobile|liquid|s1|g2|structured,58.44597231195282,0.5389,57.53477784956226,False,False,False,,
1,initial_gen7_archive,4|grow|rotor|liquid|s1|g0,p5g3_062,0,6588fedcc859d014,,True,False,,p5g3_062_c9,c9fill,957,6588fedcc859d014,4|switch|rotor|liquid|s1|g0|mixed,36.05366040823881,0.0,36.05366040823881,True,True,False,,
1,initial_gen7_archive,4|switch|drift|liquid|s1|g2,p4g7_057,0,8c1b8d558ff3eab5,,True,False,,p4g7_057_c9,c9fill,957,8c1b8d558ff3eab5,4|switch|drift|liquid|s1|g2|mixed,45.1542894581398,0.143,45.1542894581398,True,True,False,,
1,initial_gen7_archive,3|grow|drift|liquid|s1|g2,p5g4_065,0,ec92b73fbd3a436f,,True,False,,p5g4_065_c9,c9fill,957,ec92b73fbd3a436f,4|grow|mobile|liquid|s1|g2|mixed,46.69262642306477,0.0,46.69262642306477,True,True,False,,
1,initial_gen7_archive,3|switch|mobile|liquid|s2|g0,p6g9_040,0,199b006fd66f13fb,,True,False,,p6g9_040_c9,c9fill,957,199b006fd66f13fb,3|switch|mobile|liquid|s1|g0|structured,43.06422726263551,0.2226,43.06422726263551,True,True,False,,
1,initial_gen7_archive,4|grow|rotor|frozen|s1|g2,p2g6_001,0,b10ebb5bb2a75e70,,True,False,,p2g6_001_c9,c9fill,957,b10ebb5bb2a75e70,4|grow|drift|frozen|s1|g2|mixed,40.43926546343431,0.1,40.43926546343431,True,True,False,,
1,initial_gen7_archive,4|switch|mobile|liquid|s1|g0,p6g9_024,0,13d71fd1241f9ebc,,True,False,,p6g9_024_c9,c9fill,957,13d71fd1241f9ebc,4|switch|mobile|liquid|s1|g0|structured,53.46729155835543,0.4296,53.46729155835543,True,True,False,,
1,initial_gen7_archive,4|grow|still|frozen|s2|g2,p2g4_015,0,04a0f0e5eb95cb51,,True,False,,p2g4_015_c9,c9fill,957,04a0f0e5eb95cb51,4|grow|drift|frozen|s2|g2|mixed,45.162502232148015,0.1065,45.162502232148015,True,True,False,,
1,initial_gen7_archive,3|switch|mobile|flicker|s1|g1,p3g9_000,0,91d0de9a698b42f1,,True,False,,p3g9_000_c9,c9fill,957,91d0de9a698b42f1,3|switch|mobile|flicker|s1|g1|structured,57.284681783797296,0.4548,57.284681783797296,True,True,False,,
1,initial_gen7_archive,4|switch|drift|flicker|s1|g2,p4g4_007,0,51de7cd26fa902e8,,True,False,,p4g4_007_c9,c9fill,957,51de7cd26fa902e8,4|switch|drift|liquid|s1|g2|mixed,37.60042276006942,0.0,37.60042276006942,True,True,False,,
1,initial_gen7_archive,4|switch|still|liquid|s1|g2,p3g8_049,0,7abceff1a41774bf,,True,False,,p3g8_049_c9,c9fill,957,7abceff1a41774bf,4|switch|still|liquid|s1|g2|mixed,34.52591840159555,0.0,34.52591840159555,True,True,False,,
1,initial_gen7_archive,4|oscillator|mobile|liquid|s2|g0,p1g2_008,0,a19e1629a9d1fb98,,True,False,,p1g2_008,screen,957,2e7f82f20c7a06c0,3|switch|mobile|liquid|s1|g2|structured,58.44597231195282,0.5389,57.53477784956226,False,False,False,,
1,initial_gen7_archive,3|grow|mobile|liquid|s1|g0,p1g2_021,0,67cf8460076bdd5b,,True,False,,p1g2_021_s2,seed2,958,cd3b802cf2dc17d5,4|switch|mobile|liquid|s2|g0|mixed,58.4088010516853,0.3793,54.31304084134824,False,False,False,,
1,initial_gen7_archive,3|grow|still|frozen|s2|g2,p2g4_069,0,ae9d1473551424c6,,True,False,,p2g4_069_c9,c9fill,957,ae9d1473551424c6,3|grow|still|frozen|s3|g2|mixed,42.030727755851764,0.064,42.030727755851764,True,True,False,,
1,initial_gen7_archive,2|grow|mobile|flicker|s1|g2,p6g8_061,0,0849acc60943ebb4,,True,False,,p6g8_061_c9,c9fill,957,0849acc60943ebb4,1|grow|still|flicker|s1|g2|mixed,18.04529457115435,0.0,18.04529457115435,True,True,False,,
1,initial_gen7_archive,3|grow|still|liquid|s1|g2,p4g2_028,0,9ccfc2ac9c92bba2,,True,False,,p4g2_028_c9,c9fill,957,9ccfc2ac9c92bba2,3|grow|still|liquid|s1|g2|structured,45.18083483597651,0.1951,45.18083483597651,True,True,False,,
1,initial_gen7_archive,2|grow|rotor|liquid|s1|g0,p6g1_043,0,cb8ca5f66af9944a,,True,False,,p6g1_043_c9,c9fill,957,cb8ca5f66af9944a,2|switch|rotor|liquid|s2|g0|structured,46.118736234820055,0.3125,46.118736234820055,True,True,False,,
1,initial_gen7_archive,3|grow|mobile|liquid|s2|g0,p1g2_034,0,65ee88a4e85ee72d,,True,False,,p1g2_034,screen,957,158f0c237e4f658e,2|switch|mobile|flicker|s1|g2|structured,64.08957780435604,0.5568,62.40766224348483,False,False,False,,
1,initial_gen7_archive,3|oscillator|mobile|flicker|s1|g2,p6g3_008,0,6fdabba5eb65047e,,True,False,,p6g3_008_c9,c9fill,957,6fdabba5eb65047e,3|switch|mobile|flicker|s1|g2|structured,62.10115449766258,0.5263,62.10115449766258,True,True,False,,
1,initial_gen7_archive,4|oscillator|drift|liquid|s1|g2,p6g7_054,0,c3395cc4794da758,,True,False,,p6g7_054_c9,c9fill,957,c3395cc4794da758,4|oscillator|drift|liquid|s1|g2|mixed,32.84491053632261,0.0,32.84491053632261,True,True,False,,
1,initial_gen7_archive,3|switch|still|liquid|s1|g2,p5g8_007,0,8e4299986c7764fd,,True,False,,p5g8_007_c9,c9fill,957,8e4299986c7764fd,3|switch|still|liquid|s1|g2|mixed,38.56079624782342,0.0,38.56079624782342,True,True,False,,
1,initial_gen7_archive,3|grow|rotor|liquid|s2|g0,p4g1_037,0,51d3ff7d5b99699d,,True,False,,p4g1_037_c9,c9fill,957,51d3ff7d5b99699d,3|grow|drift|liquid|s2|g0|structured,46.31002479058482,0.2489,46.31002479058482,True,True,False,,
1,initial_gen7_archive,4|grow|mobile|liquid|s1|g0,p1g7_023,0,ae859cef82a541f9,,True,False,,p1g7_023,screen,957,eb5e4ef733bd5672,3|switch|mobile|liquid|s1|g2|structured,67.79691010868635,0.6487,67.21152808694907,False,False,False,,
1,initial_gen7_archive,4|grow|drift|frozen|s1|g2,p1g5_022,0,e0c477a1df493566,,True,False,,p1g5_022,screen,957,4716b0ed967ab0c9,4|grow|rotor|liquid|s1|g2|structured,64.36786444253661,0.5209,61.912291554029295,False,False,False,,
1,initial_gen7_archive,4|switch|rotor|liquid|s2|g1,p2g7_010,0,8ca54a0a2e5f9221,,True,False,,p2g7_010_c9,c9fill,957,8ca54a0a2e5f9221,4|grow|rotor|liquid|s2|g1|mixed,43.71410894344438,0.2016,43.71410894344438,True,True,False,,
1,initial_gen7_archive,2|grow|drift|liquid|s1|g2,p6g9_038,0,812d5ab5168659a9,,True,False,,p6g9_038_c9,c9fill,957,812d5ab5168659a9,2|grow|drift|liquid|s1|g2|mixed,35.34862883897415,0.1052,35.34862883897415,True,True,False,,
1,initial_gen7_archive,3|grow|drift|frozen|s1|g2,p0g1_055,0,b8443088cbf6a776,,True,False,,p0g1_055_c9,c9fill,957,b8443088cbf6a776,3|constant|rotor|frozen|s1|g2|structured,23.07573572790891,0.0,23.07573572790891,True,True,False,,
1,initial_gen7_archive,4|constant|rotor|flicker|s1|g2,p5g6_021,0,f6f348579074846d,,True,False,,p5g6_021_c9,c9fill,957,f6f348579074846d,4|oscillator|rotor|liquid|s1|g2|mixed,37.75596212289088,0.0,37.75596212289088,True,True,False,,
1,initial_gen7_archive,3|grow|drift|liquid|s2|g2,p2g2_041,0,6d69c834bff5afd0,,True,False,,p2g2_041_c9,c9fill,957,6d69c834bff5afd0,3|grow|drift|liquid|s2|g2|structured,42.02466434855003,0.108,42.02466434855003,True,True,False,,
1,initial_gen7_archive,2|switch|mobile|liquid|s2|g2,p2g4_002,0,bcc3072a07e51f96,,True,False,,p2g4_002_c9,c9fill,957,bcc3072a07e51f96,3|switch|mobile|liquid|s2|g2|structured,63.73891646121788,0.4014,63.73891646121788,True,True,False,,
1,initial_gen7_archive,3|constant|mobile|flicker|s1|g2,p3g5_061,0,c63ba0e852b7880c,,True,False,,p3g5_061_c9,c9fill,957,c63ba0e852b7880c,3|constant|mobile|flicker|s1|g2|mixed,26.987566449348677,0.0,26.987566449348677,True,True,False,,
1,initial_gen7_archive,4|grow|mobile|flicker|s3|g0,p6g9_022,0,36e4056a5ff9fa8c,,True,False,,p6g9_022_c9,c9fill,957,36e4056a5ff9fa8c,4|switch|mobile|liquid|s1|g0|structured,38.62992457894431,0.3457,38.62992457894431,True,True,False,,
1,initial_gen7_archive,4|grow|rotor|liquid|s1|g2|economy,p1g1_052,1,fa86cb8089d048d0,,True,True,957,p1g1_052_s3,seed3,959,fa86cb8089d048d0,4|grow|mobile|liquid|s3|g2|structured,80.52036484657403,0.6311,77.03829187725921,True,True,False,,True
1,initial_gen7_archive,3|switch|rotor|liquid|s2|g2|economy,p1g1_053,1,27a2960d05f47297,,True,True,957,p1g1_053_s2,seed2,958,27a2960d05f47297,3|switch|rotor|liquid|s2|g2|structured,73.64763423724462,0.5021,68.9601073897957,True,True,False,,True
1,initial_gen7_archive,4|switch|mobile|liquid|s1|g1|economy,p1g1_049,1,dc62120b0c212700,,True,True,957,p1g1_049_s3,seed3,959,dc62120b0c212700,4|switch|mobile|liquid|s1|g1|structured,62.54620773091684,0.5007,60.05096618473347,True,True,False,,True
1,initial_gen7_archive,3|grow|rotor|liquid|s2|g2|economy,p1g1_050,1,27a2960d05f47297,,True,True,957,p1g1_050_s2,seed2,958,27a2960d05f47297,3|switch|rotor|liquid|s2|g2|structured,74.44386120393403,0.4927,69.40908896314723,True,True,False,,True
1,initial_gen7_archive,3|grow|rotor|liquid|s1|g1|mixed,p1g1_023,1,7b4ed6d7108a4117,,True,True,957,p1g1_023_s3,seed3,959,7b4ed6d7108a4117,3|grow|mobile|liquid|s1|g1|mixed,48.80901208692787,0.0,39.0472096695423,True,True,False,,True
1,initial_gen7_archive,2|switch|mobile|liquid|s1|g2|structured,p1g2_032,2,e810275ae9ca0cb9,,True,True,957,p1g2_032_s2,seed2,958,e810275ae9ca0cb9,2|switch|rotor|liquid|s1|g2|structured,64.73447188922518,0.5108,62.003577511380136,True,True,False,,True
1,initial_gen7_archive,3|switch|mobile|liquid|s1|g2|structured,p1g2_027,2,77e68a53a8f960b8,,True,True,957,p1g2_027_s3,seed3,959,77e68a53a8f960b8,3|grow|rotor|liquid|s1|g2|structured,75.49112275712429,0.5635,71.66289820569943,True,True,False,,True
1,initial_gen7_archive,3|grow|mobile|liquid|s1|g2|mixed,p1g7_017,7,df888871f6b77cc9,,True,True,957,p1g7_017_s2,seed2,958,df888871f6b77cc9,3|grow|rotor|liquid|s1|g2|mixed,50.92662962612284,0.0,40.74130370089827,True,True,False,,True
1,initial_gen7_archive,3|grow|rotor|liquid|s2|g2|structured,p1g1_037,1,f003a6f1e11f732d,,True,True,957,p1g1_037_s2,seed2,958,f003a6f1e11f732d,3|grow|mobile|liquid|s2|g2|structured,71.65425890045111,0.4359,66.04140712036089,True,True,False,,True
1,initial_gen7_archive,3|grow|mobile|liquid|s3|g2|structured,p1g1_038,1,bbef031462d40825,,True,True,957,p1g1_038_s3,seed3,959,bbef031462d40825,3|grow|mobile|liquid|s3|g2|structured,77.27410664015972,0.5762,73.34328531212776,True,True,True,,True
1,initial_gen7_archive,2|constant|still|frozen|s1|g2|mixed,p1g6_068,6,ab38c24cc5e4c855,,True,True,957,p1g6_068,screen,957,ab38c24cc5e4c855,2|constant|still|frozen|s1|g2|mixed,28.928209388151597,0.0,23.14256751052128,True,True,True,,False
1,initial_gen7_archive,4|switch|rotor|liquid|s2|g2|structured,p1g3_068,3,2c8b16510532bfe8,,True,True,957,p1g3_068_s3,seed3,959,2c8b16510532bfe8,4|grow|rotor|liquid|s3|g2|structured,79.27251587627347,0.5128,73.6740127010188,True,True,False,,True
1,initial_gen7_archive,3|grow|mobile|liquid|s2|g2|mixed,p1g1_046,1,7301e1a7983770c7,,True,True,957,p1g1_046,screen,957,7301e1a7983770c7,3|grow|mobile|liquid|s2|g2|mixed,46.31445796519477,0.0,37.05156637215582,True,True,True,,False
1,initial_gen7_archive,3|oscillator|mobile|liquid|s1|g2|structured,p1g3_030,3,301efdd69e749619,,True,True,957,p1g3_030_s2,seed2,958,301efdd69e749619,3|switch|mobile|liquid|s2|g2|structured,67.6951381282441,0.2916,59.98811050259527,True,True,False,,True
1,initial_gen7_archive,3|grow|rotor|liquid|s1|g2|structured,p1g5_014,5,510a2e15357d1c55,,True,True,957,p1g5_014,screen,957,510a2e15357d1c55,3|grow|rotor|liquid|s1|g2|structured,68.11554932441825,0.3879,62.250439459534604,True,True,True,,False
1,initial_gen7_archive,4|switch|drift|liquid|s1|g2|mixed,p1g4_056,4,3398c236ed324bab,,True,True,957,p1g4_056_s2,seed2,958,3398c236ed324bab,4|switch|drift|liquid|s1|g2|mixed,53.622585153473686,0.2765,48.428068122778946,True,True,True,,True
1,initial_gen7_archive,4|grow|rotor|liquid|s2|g2|structured,p1g1_058,1,51eb3386878ba871,,True,True,957,p1g1_058_s2,seed2,958,51eb3386878ba871,4|grow|rotor|liquid|s3|g2|structured,73.83658871089338,0.3931,66.9312709687147,True,True,False,,True
1,initial_gen7_archive,4|switch|mobile|flicker|s1|g2|mixed,p1g1_061,1,b8845a421c6e979f,,True,True,957,p1g1_061_s2,seed2,958,b8845a421c6e979f,4|switch|mobile|flicker|s1|g2|structured,61.52847959103393,0.4106,57.43478367282714,True,True,False,,True
1,initial_gen7_archive,4|grow|mobile|liquid|s1|g2|structured,p1g6_023,6,fceaf0f5291b4bac,,True,True,957,p1g6_023_s2,seed2,958,fceaf0f5291b4bac,4|grow|mobile|liquid|s1|g2|structured,75.6969081275237,0.6277,73.11152650201896,True,True,True,,True
1,initial_gen7_archive,4|grow|mobile|liquid|s3|g2|structured,p1g4_050,4,9a815b4bb1db78ea,,True,True,957,p1g4_050_s3,seed3,959,9a815b4bb1db78ea,4|grow|mobile|liquid|s3|g2|structured,81.79157794143298,0.6487,78.40726235314638,True,True,True,,True
1,initial_gen7_archive,4|switch|drift|flicker|s1|g2|mixed,p1g1_064,1,82d50700e07f9b60,,True,True,957,p1g1_064,screen,957,82d50700e07f9b60,4|switch|drift|flicker|s1|g2|mixed,45.43721273793487,0.0,36.3497701903479,True,True,True,,False
1,initial_gen7_archive,4|switch|rotor|liquid|s1|g2|structured,p1g6_052,6,e85f4b309db0d245,,True,True,957,p1g6_052_s3,seed3,959,e85f4b309db0d245,4|switch|rotor|liquid|s2|g2|structured,78.64556545609295,0.5397,73.71045236487434,True,True,False,,True
1,initial_gen7_archive,4|switch|mobile|liquid|s1|g2|mixed,p1g2_079,2,dc83264b5807f57d,,True,True,957,p1g2_079_s2,seed2,958,dc83264b5807f57d,4|switch|rotor|liquid|s1|g2|mixed,65.81013458930396,0.3785,60.218107671443164,True,True,False,,True
1,initial_gen7_archive,3|switch|drift|frozen|s1|g2|mixed,p1g3_043,3,8bc048058fe00ede,,True,True,957,p1g3_043_s2,seed2,958,8bc048058fe00ede,3|constant|drift|liquid|s1|g2|mixed,38.51021995668571,0.0,30.808175965348568,True,True,False,,True
1,initial_gen7_archive,4|switch|rotor|liquid|s3|g2|structured,p1g1_075,1,82d4a5f5de7d3e6a,,True,True,957,p1g1_075,screen,957,82d4a5f5de7d3e6a,4|switch|rotor|liquid|s3|g2|structured,72.78046424856187,0.3505,65.23437139884949,True,True,True,,False
1,initial_gen7_archive,3|constant|rotor|liquid|s1|g1|structured,p1g1_002,1,020eb6f6f8781bc8,,True,True,957,p1g1_002,screen,957,020eb6f6f8781bc8,3|constant|rotor|liquid|s1|g1|structured,47.40958719961945,0.4949,47.82566975969556,True,True,True,,False
1,initial_gen7_archive,3|switch|mobile|liquid|s1|g1|structured,p1g2_038,2,5ef240f1c745c9fc,,True,True,957,p1g2_038_s3,seed3,959,5ef240f1c745c9fc,3|switch|mobile|liquid|s1|g1|structured,58.23331165981402,0.6042,58.670649327851216,True,True,True,,True
1,initial_gen7_archive,3|oscillator|drift|liquid|s1|g2|mixed,p1g2_064,2,bd534d84815f7264,,True,True,957,p1g2_064,screen,957,bd534d84815f7264,3|oscillator|drift|liquid|s1|g2|mixed,42.61154854437344,0.1628,37.345238835498755,True,True,True,,False
1,initial_gen7_archive,3|switch|mobile|liquid|s1|g2|mixed,p1g3_007,3,fffc151241f9ddb6,,True,True,957,p1g3_007_s2,seed2,958,fffc151241f9ddb6,3|switch|mobile|liquid|s1|g2|structured,67.10699001960073,0.4452,62.58959201568059,True,True,False,,True
1,initial_gen7_archive,3|switch|rotor|liquid|s1|g2|structured,p1g4_053,4,b310fbfc5cac334e,,True,True,957,p1g4_053_s2,seed2,958,b310fbfc5cac334e,3|switch|rotor|liquid|s2|g2|structured,70.97887159009058,0.2645,62.07309727207247,True,True,False,,True
1,initial_gen7_archive,4|switch|mobile|liquid|s2|g1|structured,p1g1_013,1,8784c1d75e4d44bb,,True,True,957,p1g1_013,screen,957,8784c1d75e4d44bb,4|switch|mobile|liquid|s2|g1|structured,75.15544248099029,0.5743,71.61035398479223,True,True,True,,False
1,initial_gen7_archive,3|switch|drift|liquid|s1|g2|mixed,p1g2_003,2,fd9903147f8cb2aa,,True,True,957,p1g2_003_s2,seed2,958,fd9903147f8cb2aa,3|switch|drift|liquid|s1|g2|mixed,56.727894752854226,0.2708,50.79831580228338,True,True,True,,True
1,initial_gen7_archive,3|switch|mobile|liquid|s2|g2|structured,p1g6_018,6,4d69bffc0d662e52,,True,True,957,p1g6_018,screen,957,4d69bffc0d662e52,3|switch|mobile|liquid|s2|g2|structured,70.76886468800677,0.3742,64.09909175040542,True,True,True,,False
1,initial_gen7_archive,4|switch|mobile|liquid|s2|g2|structured,p1g2_049,2,fa86cb8089d048d0,,True,True,957,p1g2_049_s3,seed3,959,fa86cb8089d048d0,4|grow|mobile|liquid|s3|g2|structured,82.3327196684081,0.6347,78.56017573472647,True,True,False,,True
1,initial_gen7_archive,3|switch|rotor|liquid|s2|g2|structured,p1g4_031,4,bd353bc117db191e,,True,True,957,p1g4_031,screen,957,bd353bc117db191e,3|switch|rotor|liquid|s2|g2|structured,74.58924791194924,0.418,68.0313983295594,True,True,True,,False
1,initial_gen7_archive,3|grow|mobile|liquid|s2|g2|structured,p1g2_048,2,99843d9cd96588d6,,True,True,957,p1g2_048_s3,seed3,959,99843d9cd96588d6,3|switch|rotor|liquid|s2|g2|structured,74.92995339061608,0.3906,67.75596271249286,True,True,False,,True
1,initial_gen7_archive,4|grow|rotor|liquid|s1|g1|structured,p1g1_029,1,f696871bd3d8ad9a,,True,True,957,p1g1_029_s3,seed3,959,f696871bd3d8ad9a,4|grow|rotor|liquid|s2|g1|structured,72.26666823404642,0.5585,68.98333458723714,True,True,False,,True
1,initial_gen7_archive,3|switch|rotor|liquid|s1|g2|mixed,p1g7_065,7,f089573bf4669d1d,,True,True,957,p1g7_065_s2,seed2,958,f089573bf4669d1d,3|switch|mobile|liquid|s1|g2|structured,52.2263304182251,0.3355,48.49106433458008,True,True,False,,True
1,initial_gen7_archive,3|switch|mobile|flicker|s1|g2|mixed,p1g2_033,2,cfa2e47a1265b2d7,,True,True,957,p1g2_033_s2,seed2,958,cfa2e47a1265b2d7,3|switch|mobile|flicker|s2|g2|mixed,60.77178544923312,0.0,48.6174283593865,True,True,False,,True
1,initial_gen7_archive,4|grow|mobile|liquid|s2|g2|mixed,p1g1_044,1,32872dffa2215107,,True,True,957,p1g1_044,screen,957,32872dffa2215107,4|grow|mobile|liquid|s2|g2|mixed,61.77373052548734,0.0,49.41898442038987,True,True,True,,False
1,initial_gen7_archive,4|grow|rotor|liquid|s2|g2|mixed,p1g6_045,6,1fb78d789b364fb2,,True,True,957,p1g6_045,screen,957,1fb78d789b364fb2,4|grow|rotor|liquid|s2|g2|mixed,66.52662843144097,0.2504,58.22930274515277,True,True,True,,False
1,initial_gen7_archive,4|constant|rotor|liquid|s1|g2|mixed,p1g1_054,1,51de7cd26fa902e8,,True,True,957,p1g1_054,screen,957,51de7cd26fa902e8,4|constant|rotor|liquid|s1|g2|mixed,51.17555468695969,0.0,40.940443749567756,True,True,True,,False
1,initial_gen7_archive,4|switch|mobile|liquid|s1|g2|structured,p1g6_009,6,91813fbd275fbaaa,,True,True,957,p1g6_009_s2,seed2,958,91813fbd275fbaaa,3|switch|mobile|liquid|s1|g2|structured,72.15161723210426,0.7502,72.7252937856834,True,True,False,,True
1,initial_gen7_archive,2|constant|rotor|liquid|s1|g2|mixed,p1g1_003,1,157e4e198ef64a03,,True,True,957,p1g1_003,screen,957,157e4e198ef64a03,2|constant|rotor|liquid|s1|g2|mixed,42.02500275023908,0.0,33.620002200191266,True,True,True,,False
1,initial_gen7_archive,4|grow|mobile|liquid|s2|g2|structured,p1g6_024,6,3a044a368e6e6a61,,True,True,957,p1g6_024_s2,seed2,958,3a044a368e6e6a61,4|grow|mobile|liquid|s2|g2|structured,76.42034454664815,0.5706,72.54827563731851,True,True,True,,True
1,initial_gen7_archive,4|constant|still|frozen|s1|g2|mixed,p1g1_012,1,c0cd8328b83c234c,,True,True,957,p1g1_012_s3,seed3,959,c0cd8328b83c234c,4|constant|still|frozen|s1|g2|mixed,19.421671595654157,0.035,16.237337276523323,True,True,True,,True
1,initial_gen7_archive,3|constant|drift|frozen|s1|g0|structured,p1g3_024,3,b25e612be02566b2,,True,True,957,p1g3_024_s3,seed3,959,b25e612be02566b2,3|constant|drift|liquid|s1|g0|structured,21.12545351629275,0.197,20.8403628130342,True,True,False,,True
1,initial_gen7_archive,4|switch|mobile|liquid|s1|g1|structured,p1g4_010,4,af4d293ecc671f7a,,True,True,957,p1g4_010_s3,seed3,959,af4d293ecc671f7a,4|grow|mobile|liquid|s1|g1|structured,71.18945794835957,0.6619,70.18956635868766,True,True,False,,True
1,initial_gen7_archive,2|switch|still|gas|s1|g2|mixed,p1g1_032,1,3184a459a465e414,,True,True,957,p1g1_032_s3,seed3,959,3184a459a465e414,2|switch|still|gas|s1|g2|mixed,30.348976281067458,0.0,24.279181024853965,True,True,True,,True
1,initial_gen7_archive,2|switch|mobile|flicker|s1|g2|mixed,p1g1_035,1,3b2132e468549efd,,True,True,957,p1g1_035_s2,seed2,958,3b2132e468549efd,2|switch|drift|liquid|s1|g2|structured,46.8342380403498,0.3998,45.463390432279844,True,True,False,,True
1,initial_gen7_archive,2|switch|drift|liquid|s1|g2|structured,p1g1_036,1,ed2f73e522071a33,,True,True,957,p1g1_036_s2,seed2,958,ed2f73e522071a33,2|switch|drift|liquid|s1|g2|structured,45.58767737468685,0.3239,42.94814189974948,True,True,True,,True
1,initial_gen7_archive,4|switch|mobile|liquid|s1|g0|structured,p1g1_060,1,ae26148685c799e6,,True,True,957,p1g1_060_s2,seed2,958,ae26148685c799e6,4|switch|mobile|liquid|s1|g0|structured,29.766801151721207,0.1311,26.435440921376966,True,True,True,,True
1,initial_gen7_archive,2|constant|still|liquid|s1|g2|mixed,p1g1_006,1,8b273b4fa3a48721,,True,True,957,p1g1_006_s2,seed2,958,8b273b4fa3a48721,2|switch|still|liquid|s1|g2|structured,44.20787450721122,0.1675,38.71629960576898,True,True,False,,True
1,initial_gen7_archive,1|switch|still|gas|s1|g2|mixed,p1g1_010,1,19ce8f5d2f7ec59f,,True,True,957,p1g1_010,screen,957,19ce8f5d2f7ec59f,1|switch|still|gas|s1|g2|mixed,21.05217705118844,0.0,16.84174164095075,True,True,True,,False
1,initial_gen7_archive,3|grow|mobile|liquid|s1|g2|structured,p1g4_034,4,1ee1b077bc2fe6fd,,True,True,957,p1g4_034_s3,seed3,959,1ee1b077bc2fe6fd,3|switch|rotor|liquid|s1|g2|structured,69.1988938359625,0.538,66.11911506877,True,True,False,,True
1,initial_gen7_archive,2|switch|mobile|flicker|s1|g2|structured,p1g2_034,2,158f0c237e4f658e,,True,True,957,p1g2_034,screen,957,158f0c237e4f658e,2|switch|mobile|flicker|s1|g2|structured,64.08957780435604,0.5568,62.40766224348483,True,True,True,,False
1,initial_gen7_archive,3|constant|rotor|frozen|s1|g2|mixed,p1g2_006,2,6fcd0ac4761d235b,,True,True,957,p1g2_006_s3,seed3,959,6fcd0ac4761d235b,3|constant|rotor|frozen|s1|g2|mixed,27.240327602833716,0.0,21.79226208226697,True,True,True,,True
1,initial_gen7_archive,3|switch|still|frozen|s1|g2|structured,p1g2_004,2,787cb29e01dcb464,,True,True,957,p1g2_004,screen,957,787cb29e01dcb464,3|switch|still|frozen|s1|g2|structured,30.50833276729949,0.0399,25.20466621383959,True,True,True,,False
1,initial_gen7_archive,2|constant|still|frozen|s1|g0|mixed,p1g3_000,3,37d04832dc0650ff,,True,True,957,p1g3_000_s2,seed2,958,37d04832dc0650ff,2|constant|still|frozen|s1|g0|mixed,3.9063857943587608,0.0,3.1251086354870083,True,True,True,,True
1,initial_gen7_archive,4|grow|rotor|flicker|s1|g2|structured,p1g2_025,2,3c7de08eee7c87e0,,True,True,957,p1g2_025,screen,957,3c7de08eee7c87e0,4|grow|rotor|flicker|s1|g2|structured,76.61167798276057,0.6452,74.19334238620846,True,True,True,,False
1,initial_gen7_archive,3|constant|drift|frozen|s1|g2|mixed,p1g2_047,2,b89937509d704b03,,True,True,957,p1g2_047_s2,seed2,958,b89937509d704b03,3|constant|drift|liquid|s1|g2|mixed,38.151509994393905,0.0,30.52120799551512,True,True,False,,True
1,initial_gen7_archive,4|grow|rotor|liquid|s1|g2|structured,p1g6_057,6,d4d3de85840233f2,,True,True,957,p1g6_057,screen,957,d4d3de85840233f2,4|grow|rotor|liquid|s1|g2|structured,67.04426978130982,0.5766,65.16741582504784,True,True,True,,False
1,initial_gen7_archive,4|switch|still|liquid|s1|g2|mixed,p1g2_060,2,7c2ae1533ca98b22,,True,True,957,p1g2_060_s3,seed3,959,7c2ae1533ca98b22,4|switch|still|liquid|s1|g2|mixed,45.43583478236637,0.0,36.348667825893095,True,True,True,,True
1,initial_gen7_archive,4|switch|drift|liquid|s2|g2|structured,p1g2_065,2,50f8ec73c68c31bb,,True,True,957,p1g2_065_s3,seed3,959,50f8ec73c68c31bb,4|switch|drift|liquid|s2|g2|structured,60.83754568401305,0.3257,55.18403654721044,True,True,True,,True
1,initial_gen7_archive,4|grow|rotor|liquid|s3|g2|mixed,p1g2_068,2,e4567a813f6f5a04,,True,True,957,p1g2_068_s3,seed3,959,e4567a813f6f5a04,4|switch|rotor|liquid|s3|g2|structured,74.10040939125052,0.4711,68.70232751300041,True,True,False,,True
1,initial_gen7_archive,4|grow|still|liquid|s1|g2|structured,p1g5_067,5,06fe56e10550f893,,True,True,957,p1g5_067_s2,seed2,958,06fe56e10550f893,4|grow|still|liquid|s1|g2|structured,52.26833028562747,0.2019,45.85266422850198,True,True,True,,True
1,initial_gen7_archive,4|switch|rotor|liquid|s2|g2|mixed,p1g2_070,2,da6d90a3c6681e94,,True,True,957,p1g2_070_s2,seed2,958,da6d90a3c6681e94,4|switch|rotor|liquid|s2|g2|mixed,64.86564109911473,0.2786,57.464512879291775,True,True,True,,True
1,initial_gen7_archive,4|switch|rotor|liquid|s1|g2|mixed,p1g7_016,7,a4e8c1bcaef2fc13,,True,True,957,p1g7_016,screen,957,a4e8c1bcaef2fc13,4|switch|rotor|liquid|s1|g2|mixed,61.44412424410121,0.2926,55.00729939528097,True,True,True,,False
1,initial_gen7_archive,4|switch|drift|liquid|s1|g1|structured,p1g2_009,2,e48430afe0ff9d8f,,True,True,957,p1g2_009_s2,seed2,958,e48430afe0ff9d8f,4|switch|mobile|liquid|s1|g1|structured,34.24680118941046,0.0845,29.08744095152837,True,True,False,,True
1,initial_gen7_archive,3|switch|mobile|liquid|s1|g0|structured,p1g6_050,6,2dd6dbf38ed8f991,,True,True,957,p1g6_050_s3,seed3,959,2dd6dbf38ed8f991,3|grow|mobile|liquid|s2|g0|structured,60.31077977336503,0.4934,58.11662381869202,True,True,False,,True
1,initial_gen7_archive,2|switch|drift|frozen|s1|g2|structured,p1g2_014,2,b123fb2afb4a803b,,True,True,957,p1g2_014_s2,seed2,958,b123fb2afb4a803b,3|switch|drift|liquid|s1|g2|structured,37.87664584755563,0.1084,32.46931667804451,True,True,False,,True
1,initial_gen7_archive,2|switch|mobile|liquid|s2|g2|structured,p1g6_017,6,a210dd66c0c9aff7,,True,True,957,p1g6_017_s2,seed2,958,a210dd66c0c9aff7,3|switch|rotor|liquid|s2|g2|structured,75.47885463093067,0.6036,72.45508370474454,True,True,False,,True
1,initial_gen7_archive,4|grow|mobile|flicker|s3|g2|structured,p1g2_024,2,6764645ff5df84fa,,True,True,957,p1g2_024,screen,957,6764645ff5df84fa,4|grow|mobile|flicker|s3|g2|structured,67.29864634781927,0.3638,61.11491707825541,True,True,True,,False
1,initial_gen7_archive,3|switch|drift|liquid|s1|g2|structured,p1g3_008,3,ecbc5598512b3690,,True,True,957,p1g3_008_s2,seed2,958,ecbc5598512b3690,3|switch|rotor|liquid|s1|g2|structured,61.601636212717374,0.2198,53.6773089701739,True,True,False,,True
1,initial_gen7_archive,2|oscillator|still|liquid|s1|g2|mixed,p1g4_041,4,e21e4aba7380665b,,True,True,957,p1g4_041_s2,seed2,958,e21e4aba7380665b,3|constant|mobile|gas|s1|g2|mixed,34.919367532172174,0.0,27.93549402573774,True,True,False,,True
1,initial_gen7_archive,3|constant|drift|flicker|s1|g2|mixed,p1g2_075,2,bbf7a160336e6fc6,,True,True,957,p1g2_075,screen,957,bbf7a160336e6fc6,3|constant|drift|flicker|s1|g2|mixed,26.67870536823339,0.0,21.34296429458671,True,True,True,,False
1,initial_gen7_archive,4|switch|mobile|liquid|s1|g0|mixed,p1g2_021,2,cd3b802cf2dc17d5,,True,True,957,p1g2_021_s2,seed2,958,cd3b802cf2dc17d5,4|switch|mobile|liquid|s2|g0|mixed,58.4088010516853,0.3793,54.31304084134824,True,True,False,,True
1,initial_gen7_archive,4|grow|rotor|liquid|s1|g0|structured,p1g2_028,2,a4fb766e789d8925,,True,True,957,p1g2_028_s3,seed3,959,a4fb766e789d8925,4|grow|rotor|liquid|s2|g0|structured,65.20766113412765,0.488,61.926128907302115,True,True,False,,True
1,initial_gen7_archive,2|constant|drift|liquid|s1|g2|mixed,p1g2_036,2,a28c7ceedeb71ec5,,True,True,957,p1g2_036_s3,seed3,959,a28c7ceedeb71ec5,2|oscillator|still|liquid|s1|g2|mixed,41.10905129578208,0.1014,34.915241036625666,True,True,False,,True
1,initial_gen7_archive,2|switch|drift|liquid|s1|g2|mixed,p1g2_012,2,6b45a58efcb59f51,,True,True,957,p1g2_012_s3,seed3,959,6b45a58efcb59f51,2|switch|still|liquid|s1|g2|mixed,47.56898161346885,0.1107,40.26918529077508,True,True,False,,True
1,initial_gen7_archive,3|oscillator|drift|liquid|s1|g2|structured,p1g4_037,4,958193ab4860df54,,True,True,957,p1g4_037_s2,seed2,958,958193ab4860df54,3|switch|rotor|liquid|s1|g2|structured,61.95251368869521,0.2431,54.42401095095617,True,True,False,,True
1,initial_gen7_archive,2|grow|mobile|liquid|s1|g2|structured,p1g2_023,2,cfef5f9f077cc116,,True,True,957,p1g2_023,screen,957,cfef5f9f077cc116,2|grow|mobile|liquid|s1|g2|structured,66.45352169952577,0.405,61.26281735962061,True,True,True,,False
1,initial_gen7_archive,4|grow|mobile|liquid|s1|g1|mixed,p1g3_044,3,2ea3f66fff8f0377,,True,True,957,p1g3_044_s2,seed2,958,2ea3f66fff8f0377,4|grow|mobile|liquid|s1|g1|mixed,47.26652043930207,0.0,37.81321635144166,True,True,True,,True
1,initial_gen7_archive,3|switch|rotor|liquid|s1|g1|mixed,p1g3_009,3,661cec349b9b822b,,True,True,957,p1g3_009_s2,seed2,958,661cec349b9b822b,3|switch|rotor|liquid|s1|g1|mixed,50.04411594364244,0.0,40.03529275491395,True,True,True,,True
1,initial_gen7_archive,2|constant|drift|gas|s1|g0|mixed,p1g3_010,3,c08b6fec57dddd7d,,True,True,957,p1g3_010_s3,seed3,959,c08b6fec57dddd7d,2|constant|drift|liquid|s1|g0|mixed,18.25350027419859,0.0,14.60280021935887,True,True,False,,True
1,initial_gen7_archive,3|oscillator|still|liquid|s1|g2|structured,p1g3_029,3,189308288a79aece,,True,True,957,p1g3_029_s3,seed3,959,189308288a79aece,3|oscillator|still|liquid|s1|g2|mixed,42.227645306012036,0.1691,37.16411624480963,True,True,False,,True
1,initial_gen7_archive,4|switch|rotor|flicker|s1|g2|mixed,p1g4_024,4,8f4e6c5e5fa60231,,True,True,957,p1g4_024_s3,seed3,959,8f4e6c5e5fa60231,4|switch|rotor|flicker|s1|g2|mixed,52.10771513022565,0.0,41.68617210418052,True,True,True,,True
1,initial_gen7_archive,4|switch|rotor|flicker|s3|g2|structured,p1g3_039,3,25958d68c2f59123,,True,True,957,p1g3_039,screen,957,25958d68c2f59123,4|switch|rotor|flicker|s3|g2|structured,72.62778399084357,0.4959,68.02022719267484,True,True,True,,False
1,initial_gen7_archive,4|grow|mobile|liquid|s1|g2|mixed,p1g3_045,3,8bbf12cf7adefe25,,True,True,957,p1g3_045_s3,seed3,959,8bbf12cf7adefe25,4|grow|mobile|liquid|s2|g2|mixed,61.1467469146594,0.0,48.917397531727524,True,True,False,,True
1,initial_gen7_archive,2|grow|drift|liquid|s1|g2|mixed,p1g3_002,3,792a11ae5ca6b916,,True,True,957,p1g3_002,screen,957,792a11ae5ca6b916,2|grow|drift|liquid|s1|g2|mixed,40.169008545961155,0.1346,34.82720683676892,True,True,True,,False
1,initial_gen7_archive,4|grow|mobile|liquid|s1|g1|structured,p1g4_012,4,9a2cd51c2edfa9fb,,True,True,957,p1g4_012_s2,seed2,958,9a2cd51c2edfa9fb,4|grow|mobile|liquid|s1|g1|structured,73.55748175831336,0.6473,71.79198540665068,True,True,True,,True
1,initial_gen7_archive,4|switch|rotor|flicker|s1|g2|structured,p1g3_016,3,de435ba7a32c5618,,True,True,957,p1g3_016_s3,seed3,959,de435ba7a32c5618,4|grow|rotor|liquid|s2|g2|mixed,69.985407005886,0.3834,63.656325604708805,True,True,False,,True
1,initial_gen7_archive,3|relaxation|rotor|liquid|s1|g2|structured,p1g3_011,3,9430518be27829bc,,True,True,957,p1g3_011_s2,seed2,958,9430518be27829bc,3|switch|rotor|liquid|s1|g2|structured,60.32031816855044,0.4949,58.154254534840355,True,True,False,,True
1,initial_gen7_archive,4|grow|mobile|flicker|s3|g2|mixed,p1g3_050,3,84ec665a3a51196b,,True,True,957,p1g3_050,screen,957,84ec665a3a51196b,4|grow|mobile|flicker|s3|g2|mixed,64.64402695838653,0.1913,55.54122156670922,True,True,True,,False
1,initial_gen7_archive,2|constant|mobile|liquid|s1|g2|structured,p1g6_061,6,96a7ec6bf2dec270,,True,True,957,p1g6_061_s3,seed3,959,96a7ec6bf2dec270,2|grow|rotor|liquid|s1|g2|structured,58.690711887272094,0.5106,57.16456950981768,True,True,False,,True
1,initial_gen7_archive,3|grow|rotor|liquid|s1|g2|mixed,p1g3_064,3,b6b254a876d14772,,True,True,957,p1g3_064_s2,seed2,958,b6b254a876d14772,3|grow|mobile|liquid|s2|g2|mixed,53.09407238171356,0.0,42.475257905370846,True,True,False,,True
1,initial_gen7_archive,4|grow|rotor|liquid|s1|g2|mixed,p1g4_044,4,5cace89eac837cb6,,True,True,957,p1g4_044_s2,seed2,958,5cace89eac837cb6,4|grow|mobile|liquid|s1|g2|mixed,59.021195066722086,0.0,47.21695605337767,True,True,False,,True
1,initial_gen7_archive,3|switch|still|frozen|s1|g2|mixed,p1g3_075,3,a7832e99d3ec0360,,True,True,957,p1g3_075_s3,seed3,959,a7832e99d3ec0360,3|switch|still|frozen|s1|g2|mixed,28.26936351224535,0.0,22.61549080979628,True,True,True,,True
1,initial_gen7_archive,3|switch|rotor|flicker|s1|g2|structured,p1g3_014,3,27e886f89c31f5f0,,True,True,957,p1g3_014_s3,seed3,959,27e886f89c31f5f0,2|switch|mobile|liquid|s2|g2|structured,59.29525310589109,0.4354,56.14420248471288,True,True,False,,True
1,initial_gen7_archive,3|oscillator|rotor|liquid|s1|g2|structured,p1g3_034,3,8dfb19a54acd1e94,,True,True,957,p1g3_034,screen,957,8dfb19a54acd1e94,3|oscillator|rotor|liquid|s1|g2|structured,66.9126969552966,0.4371,62.272157564237276,True,True,True,,False
1,initial_gen7_archive,3|grow|mobile|liquid|s1|g1|mixed,p1g3_062,3,5c7fca713f502950,,True,True,957,p1g3_062_s2,seed2,958,5c7fca713f502950,3|grow|mobile|liquid|s1|g1|mixed,44.74054093650668,0.0,35.79243274920535,True,True,True,,True
1,initial_gen7_archive,3|switch|rotor|liquid|s3|g2|structured,p1g3_027,3,c5cb91aabbcf273a,,True,True,957,p1g3_027,screen,957,c5cb91aabbcf273a,3|switch|rotor|liquid|s3|g2|structured,72.75924170257287,0.461,67.4273933620583,True,True,True,,False
1,initial_gen7_archive,3|constant|mobile|frozen|s1|g2|mixed,p1g3_041,3,64fe720091d56873,,True,True,957,p1g3_041_s3,seed3,959,64fe720091d56873,3|oscillator|mobile|frozen|s1|g2|mixed,36.04324183732121,0.0,28.83459346985697,True,True,False,,True
1,initial_gen7_archive,4|switch|mobile|liquid|s1|g1|mixed,p1g4_016,4,20a54c495145829d,,True,True,957,p1g4_016,screen,957,20a54c495145829d,4|switch|mobile|liquid|s1|g1|mixed,46.50130815795667,0.0,37.20104652636533,True,True,True,,False
1,initial_gen7_archive,2|switch|rotor|liquid|s1|g2|structured,p1g4_038,4,ce215b4270755146,,True,True,957,p1g4_038_s3,seed3,959,ce215b4270755146,2|switch|rotor|liquid|s1|g2|structured,60.552148625239646,0.4493,57.42771890019171,True,True,True,,True
1,initial_gen7_archive,3|constant|still|frozen|s1|g2|mixed,p1g4_006,4,094fb9f1f2b790fd,,True,True,957,p1g4_006,screen,957,094fb9f1f2b790fd,3|constant|still|frozen|s1|g2|mixed,15.495618169298927,0.0098,12.59249453543914,True,True,True,,False
1,initial_gen7_archive,3|grow|still|liquid|s1|g2|structured,p1g4_007,4,2ec16af7837671a1,,True,True,957,p1g4_007_s2,seed2,958,2ec16af7837671a1,3|grow|drift|liquid|s1|g2|structured,40.249142863540385,0.1256,34.711314290832306,True,True,False,,True
1,initial_gen7_archive,4|grow|mobile|liquid|s2|g1|structured,p1g5_028,5,e169f7c89e6864bc,,True,True,957,p1g5_028_s3,seed3,959,e169f7c89e6864bc,4|grow|mobile|liquid|s3|g1|structured,78.50694065174646,0.6186,75.17755252139716,True,True,False,,True
1,initial_gen7_archive,4|grow|rotor|liquid|s3|g2|structured,p1g7_052,7,fa86cb8089d048d0,,True,True,957,p1g7_052_s3,seed3,959,fa86cb8089d048d0,4|grow|mobile|liquid|s3|g2|structured,82.3327196684081,0.6347,78.56017573472647,True,True,False,,True
1,initial_gen7_archive,4|constant|drift|liquid|s1|g2|structured,p1g4_065,4,737a7930f383f950,,True,True,957,p1g4_065_s3,seed3,959,737a7930f383f950,4|constant|rotor|liquid|s1|g2|structured,54.97277641089195,0.5061,54.100221128713564,True,True,False,,True
1,initial_gen7_archive,4|switch|drift|liquid|s2|g2|mixed,p1g4_070,4,6d7ed414f8dcda9e,,True,True,957,p1g4_070_s2,seed2,958,6d7ed414f8dcda9e,4|switch|rotor|liquid|s1|g2|structured,54.0886729938514,0.1365,46.000938395081114,True,True,False,,True
1,initial_gen7_archive,3|constant|still|liquid|s1|g2|mixed,p1g4_001,4,00b1d737ee707e06,,True,True,957,p1g4_001_s3,seed3,959,00b1d737ee707e06,3|constant|still|liquid|s1|g2|mixed,24.462238974731427,0.0,19.569791179785142,True,True,True,,True
1,initial_gen7_archive,4|switch|rotor|frozen|s1|g2|mixed,p1g4_072,4,74ebfa1656898bcb,,True,True,957,p1g4_072_s3,seed3,959,74ebfa1656898bcb,4|switch|rotor|liquid|s1|g2|structured,51.400467461180924,0.1237,43.59437396894474,True,True,False,,True
1,initial_gen7_archive,4|grow|mobile|flicker|s2|g2|mixed,p1g4_009,4,8668a03e7694dbf2,,True,True,957,p1g4_009,screen,957,8668a03e7694dbf2,4|grow|mobile|flicker|s2|g2|mixed,55.124815874610505,0.1174,46.4478526996884,True,True,True,,False
1,initial_gen7_archive,1|switch|still|frozen|s1|g2|structured,p1g4_015,4,520c5cfdb13c97f1,,True,True,957,p1g4_015_s3,seed3,959,520c5cfdb13c97f1,2|oscillator|still|frozen|s1|g2|structured,28.32687755566048,0.1121,24.90350204452838,True,True,False,,True
1,initial_gen7_archive,3|constant|mobile|liquid|s1|g0|structured,p1g4_025,4,b9171c6f6e80724d,,True,True,957,p1g4_025_s3,seed3,959,b9171c6f6e80724d,3|switch|mobile|liquid|s1|g0|structured,40.71654302501477,0.5512,43.597234420011816,True,True,False,,True
1,initial_gen7_archive,4|constant|drift|flicker|s1|g2|mixed,p1g4_029,4,32f473f369bd451d,,True,True,957,p1g4_029,screen,957,32f473f369bd451d,4|constant|drift|flicker|s1|g2|mixed,34.77078654601066,0.0,27.81662923680853,True,True,True,,False
1,initial_gen7_archive,2|relaxation|drift|liquid|s1|g2|mixed,p1g4_033,4,b439f6b9ece697bf,,True,True,957,p1g4_033_s3,seed3,959,b439f6b9ece697bf,2|oscillator|drift|liquid|s1|g2|mixed,32.28281878950172,0.0,25.826255031601377,True,True,False,,True
1,initial_gen7_archive,1|oscillator|still|frozen|s1|g2|mixed,p1g4_008,4,9286c3282db105b3,,True,True,957,p1g4_008_s3,seed3,959,9286c3282db105b3,2|constant|still|frozen|s1|g2|structured,21.80662799728823,0.0,17.445302397830584,True,True,False,,True
1,initial_gen7_archive,3|grow|rotor|liquid|s1|g0|mixed,p1g4_036,4,0b0ba5b42d44000e,,True,True,957,p1g4_036,screen,957,0b0ba5b42d44000e,3|grow|rotor|liquid|s1|g0|mixed,48.3339655386175,0.0,38.667172430894,True,True,True,,False
1,initial_gen7_archive,3|switch|rotor|flicker|s1|g2|mixed,p1g4_049,4,bdeaaefe8a5b91e0,,True,True,957,p1g4_049_s3,seed3,959,bdeaaefe8a5b91e0,3|switch|mobile|liquid|s2|g2|mixed,63.02759565065739,0.0,50.422076520525906,True,True,False,,True
1,initial_gen7_archive,2|constant|still|gas|s1|g0|mixed,p1g4_081,4,eb7a28007d1372b5,,True,True,957,p1g4_081,screen,957,eb7a28007d1372b5,2|constant|still|gas|s1|g0|mixed,15.337500000000002,0.0,12.270000000000001,True,True,True,,False
1,initial_gen7_archive,1|constant|drift|gas|s1|g0|mixed,p1g4_089,4,9586a4c006f109bd,,True,True,957,p1g4_089,screen,957,9586a4c006f109bd,1|constant|drift|gas|s1|g0|mixed,18.763109947967774,0.0,15.010487958374217,True,True,True,,False
1,initial_gen7_archive,1|constant|rotor|flicker|s1|g2|structured,p1g4_084,4,773af8b7f3ee2509,,True,True,957,p1g4_084,screen,957,773af8b7f3ee2509,1|constant|rotor|flicker|s1|g2|structured,36.03468580220723,0.0,28.827748641765783,True,True,True,,False
1,initial_gen7_archive,3|constant|mobile|flicker|s1|g2|mixed,p1g5_071,5,18af142dbe5e3605,,True,True,957,p1g5_071,screen,957,18af142dbe5e3605,3|constant|mobile|flicker|s1|g2|mixed,33.492535159754595,0.0,26.794028127803674,True,True,True,,False
1,initial_gen7_archive,4|constant|rotor|liquid|s1|g2|structured,p1g5_029,5,7ad8fe3763bbce9d,,True,True,957,p1g5_029_s3,seed3,959,7ad8fe3763bbce9d,4|constant|rotor|liquid|s1|g2|structured,67.37558167089394,0.5962,65.82446533671515,True,True,True,,True
1,initial_gen7_archive,2|oscillator|still|frozen|s1|g2|mixed,p1g5_041,5,112e33a83ea2ec6f,,True,True,957,p1g5_041_s2,seed2,958,112e33a83ea2ec6f,2|oscillator|still|liquid|s1|g2|mixed,28.701828717671138,0.0,22.96146297413691,True,True,False,,True
1,initial_gen7_archive,3|grow|drift|liquid|s1|g2|structured,p1g5_057,5,b4e7b0eff2ea5f52,,True,True,957,p1g5_057,screen,957,b4e7b0eff2ea5f52,3|grow|drift|liquid|s1|g2|structured,58.49694808021664,0.3026,52.849558464173306,True,True,True,,False
1,initial_gen7_archive,4|switch|mobile|flicker|s1|g2|structured,p1g5_073,5,44cbd9b3b31970cd,,True,True,957,p1g5_073_s2,seed2,958,44cbd9b3b31970cd,4|switch|rotor|liquid|s1|g2|structured,67.36359800279358,0.4267,62.42487840223487,True,True,False,,True
1,initial_gen7_archive,3|oscillator|still|frozen|s1|g1|structured,p1g5_007,5,8682b73f9a4cfc74,,True,True,957,p1g5_007,screen,957,8682b73f9a4cfc74,3|oscillator|still|frozen|s1|g1|structured,18.177625813197334,0.0276,15.094100650557866,True,True,True,,False
1,initial_gen7_archive,3|constant|still|liquid|s1|g0|structured,p1g5_001,5,f9fd4b9a9c88ee6a,,True,True,957,p1g5_001,screen,957,f9fd4b9a9c88ee6a,3|constant|still|liquid|s1|g0|structured,22.98630260443376,0.1811,22.011042083547007,True,True,True,,False
1,initial_gen7_archive,2|relaxation|rotor|liquid|s1|g2|structured,p1g5_039,5,0070f08b2a432689,,True,True,957,p1g5_039_s3,seed3,959,0070f08b2a432689,2|switch|rotor|liquid|s1|g2|structured,60.744750206324845,0.4884,58.36380016505987,True,True,False,,True
1,initial_gen7_archive,2|switch|still|liquid|s1|g2|mixed,p1g5_035,5,e29244634a5b7e5d,,True,True,957,p1g5_035_s2,seed2,958,e29244634a5b7e5d,2|switch|drift|liquid|s1|g2|mixed,46.98238808593602,0.348,44.545910468748815,True,True,False,,True
1,initial_gen7_archive,3|constant|still|gas|s1|g2|mixed,p1g5_077,5,c4114e6995927301,,True,True,957,p1g5_077_s3,seed3,959,c4114e6995927301,3|constant|still|flicker|s1|g2|mixed,17.64250003065508,0.0,14.114000024524062,True,True,False,,True
1,initial_gen7_archive,3|constant|rotor|flicker|s1|g0|mixed,p1g5_002,5,f8038deeec6cbeb5,,True,True,957,p1g5_002_s3,seed3,959,f8038deeec6cbeb5,3|grow|rotor|liquid|s1|g0|mixed,44.11714418455217,0.0,35.29371534764173,True,True,False,,True
1,initial_gen7_archive,4|switch|rotor|liquid|s1|g1|structured,p1g5_012,5,15e9361ea30fcdb3,,True,True,957,p1g5_012,screen,957,15e9361ea30fcdb3,4|switch|rotor|liquid|s1|g1|structured,46.98503950778351,0.382,45.22803160622681,True,True,True,,False
1,initial_gen7_archive,4|switch|mobile|liquid|s2|g2|mixed,p1g5_045,5,1637e12ad895f8b1,,True,True,957,p1g5_045,screen,957,1637e12ad895f8b1,4|switch|mobile|liquid|s2|g2|mixed,60.56587331051636,0.0,48.45269864841308,True,True,True,,False
1,initial_gen7_archive,3|grow|mobile|flicker|s1|g2|structured,p1g5_048,5,19ce8f5d2f7ec59f,,True,True,957,p1g5_048,screen,957,19ce8f5d2f7ec59f,3|grow|mobile|flicker|s1|g2|structured,67.57545418196469,0.7412,68.88436334557174,True,True,True,,False
1,initial_gen7_archive,3|switch|still|liquid|s1|g2|mixed,p1g5_053,5,8e4299986c7764fd,,True,True,957,p1g5_053_s3,seed3,959,8e4299986c7764fd,3|switch|drift|liquid|s1|g2|mixed,53.65632129197633,0.0716,44.357057033581064,True,True,False,,True
1,initial_gen7_archive,1|constant|still|flicker|s1|g0|mixed,p1g5_085,5,46b879936ca1f04c,,True,True,957,p1g5_085_s3,seed3,959,46b879936ca1f04c,1|oscillator|still|flicker|s1|g0|mixed,20.532786579700858,0.0,16.426229263760685,True,True,False,,True
1,initial_gen7_archive,2|constant|rotor|liquid|s1|g2|structured,p1g5_064,5,e9e5a72b310bd141,,True,True,957,p1g5_064,screen,957,e9e5a72b310bd141,2|constant|rotor|liquid|s1|g2|structured,53.48379468355952,0.4201,51.18903574684761,True,True,True,,False
1,initial_gen7_archive,3|grow|rotor|frozen|s1|g2|structured,p1g6_002,6,708d457caaf19f99,,True,True,957,p1g6_002,screen,957,708d457caaf19f99,3|grow|rotor|frozen|s1|g2|structured,54.14792889373382,0.102,45.35834311498705,True,True,True,,False
1,initial_gen7_archive,2|constant|mobile|flicker|s1|g2|mixed,p1g6_033,6,21586638a75b5f95,,True,True,957,p1g6_033_s2,seed2,958,21586638a75b5f95,2|constant|mobile|flicker|s1|g2|mixed,33.02025729975379,0.0,26.41620583980303,True,True,True,,True
1,initial_gen7_archive,2|grow|mobile|liquid|s1|g1|mixed,p1g6_053,6,87da68345e8008fe,,True,True,957,p1g6_053_s2,seed2,958,87da68345e8008fe,2|grow|mobile|liquid|s1|g1|mixed,49.40091023920776,0.0,39.5207281913662,True,True,True,,True
1,initial_gen7_archive,4|grow|drift|flicker|s2|g2|structured,p1g6_006,6,b0ab94830eede339,,True,True,957,p1g6_006_s3,seed3,959,b0ab94830eede339,4|grow|drift|flicker|s2|g2|structured,59.56123893233273,0.4126,55.900991145866186,True,True,True,,True
1,initial_gen7_archive,4|switch|still|frozen|s1|g2|mixed,p1g6_008,6,72b641dba8085a1c,,True,True,957,p1g6_008_s2,seed2,958,72b641dba8085a1c,4|switch|drift|liquid|s1|g2|mixed,44.96338316636132,0.1452,38.874706533089046,True,True,False,,True
1,initial_gen7_archive,3|switch|still|liquid|s1|g2|structured,p1g6_012,6,249b7297e2ca86db,,True,True,957,p1g6_012_s3,seed3,959,249b7297e2ca86db,3|constant|rotor|liquid|s1|g2|structured,52.33609766288026,0.1545,44.958878130304214,True,True,False,,True
1,initial_gen7_archive,4|switch|mobile|flicker|s2|g2|structured,p1g6_060,6,4f87688452df6fde,,True,True,957,p1g6_060_s2,seed2,958,4f87688452df6fde,4|grow|mobile|flicker|s2|g2|structured,66.51311211099281,0.4509,62.228489688794255,True,True,False,,True
1,initial_gen7_archive,1|grow|drift|liquid|s1|g2|structured,p1g6_001,6,a2baacc85b31a791,,True,True,957,p1g6_001,screen,957,a2baacc85b31a791,1|grow|drift|liquid|s1|g2|structured,33.27171991680846,0.2271,31.159375933446764,True,True,True,,False
1,initial_gen7_archive,1|constant|still|gas|s1|g0|mixed,p1g6_010,6,c9de4b4275cb9d65,,True,True,957,p1g6_010_s3,seed3,959,c9de4b4275cb9d65,1|constant|still|frozen|s1|g0|mixed,4.771875,0.0,3.8175,True,True,False,,True
1,initial_gen7_archive,3|switch|mobile|flicker|s1|g2|structured,p1g6_026,6,0bf97bd4c0a390b3,,True,True,957,p1g6_026_s2,seed2,958,0bf97bd4c0a390b3,3|grow|rotor|liquid|s1|g2|structured,64.67745811902859,0.3768,59.27796649522286,True,True,False,,True
1,initial_gen7_archive,3|grow|mobile|liquid|s1|g1|structured,p1g6_027,6,5cc23599a1bad445,,True,True,957,p1g6_027_s3,seed3,959,5cc23599a1bad445,3|grow|mobile|liquid|s2|g1|structured,72.08519922626536,0.5242,68.15215938101228,True,True,False,,True
1,initial_gen7_archive,4|grow|rotor|flicker|s2|g2|structured,p1g6_062,6,5f4119d6059bd8aa,,True,True,957,p1g6_062,screen,957,5f4119d6059bd8aa,4|grow|rotor|flicker|s2|g2|structured,62.27825757579538,0.392,57.6626060606363,True,True,True,,False
1,initial_gen7_archive,3|grow|mobile|flicker|s2|g2|mixed,p1g6_020,6,e1c8882bbd971b9c,,True,True,957,p1g6_020,screen,957,e1c8882bbd971b9c,3|grow|mobile|flicker|s2|g2|mixed,50.406306188160244,0.0,40.325044950528195,True,True,True,,False
1,initial_gen7_archive,4|grow|mobile|liquid|s2|g0|structured,p1g6_051,6,ae859cef82a541f9,,True,True,957,p1g6_051_s2,seed2,958,ae859cef82a541f9,4|grow|mobile|liquid|s2|g0|structured,65.33782164004184,0.6145,64.56025731203347,True,True,True,,True
1,initial_gen7_archive,4|constant|mobile|flicker|s1|g2|mixed,p1g6_071,6,69725706893286e3,,True,True,957,p1g6_071_s2,seed2,958,69725706893286e3,4|constant|mobile|flicker|s1|g2|mixed,40.06552242571092,0.0,32.05241794056873,True,True,True,,True
1,initial_gen7_archive,2|constant|drift|flicker|s1|g2|mixed,p1g6_015,6,198fd2e35c3c19ac,,True,True,957,p1g6_015,screen,957,198fd2e35c3c19ac,2|constant|drift|flicker|s1|g2|mixed,36.33921099282856,0.0,29.07136879426285,True,True,True,,False
1,initial_gen7_archive,3|constant|drift|flicker|s1|g0|mixed,p1g6_066,6,7c2fc0cb13290533,,True,True,957,p1g6_066_s3,seed3,959,7c2fc0cb13290533,3|constant|drift|flicker|s1|g0|mixed,28.892599019580267,0.0,23.114079215664216,True,True,True,,True
1,initial_gen7_archive,2|oscillator|still|flicker|s1|g0|mixed,p1g6_041,6,e4f5c10674e021e9,,True,True,957,p1g6_041_s3,seed3,959,e4f5c10674e021e9,2|switch|still|flicker|s1|g0|mixed,21.83418008265206,0.0,17.467344066121647,True,True,False,,True
1,initial_gen7_archive,3|switch|mobile|liquid|s1|g1|mixed,p1g7_002,7,6adeb29968a5792b,,True,True,957,p1g7_002_s3,seed3,959,6adeb29968a5792b,3|switch|rotor|liquid|s1|g1|mixed,42.25340770511275,0.0,33.802726164090195,True,True,False,,True
1,initial_gen7_archive,2|grow|mobile|liquid|s1|g0|mixed,p1g7_004,7,6d98b934cd0ce414,,True,True,957,p1g7_004,screen,957,6d98b934cd0ce414,2|grow|mobile|liquid|s1|g0|mixed,31.674763142180318,0.0,25.339810513744254,True,True,True,,False
1,initial_gen7_archive,3|oscillator|still|frozen|s1|g2|mixed,p1g7_068,7,6b6a22062749efd1,,True,True,957,p1g7_068_s3,seed3,959,6b6a22062749efd1,3|switch|still|liquid|s1|g2|mixed,45.18976397975791,0.1631,39.41381118380633,True,True,False,,True
1,initial_gen7_archive,3|grow|rotor|liquid|s2|g2|mixed,p1g7_061,7,856eddbeaa61be9a,,True,True,957,p1g7_061_s2,seed2,958,856eddbeaa61be9a,3|grow|rotor|liquid|s3|g2|structured,68.75583719577241,0.4493,63.99066975661793,True,True,False,,True
1,initial_gen7_archive,2|switch|mobile|liquid|s1|g0|mixed,p1g7_012,7,7dd4abb4761fea51,,True,True,957,p1g7_012_s3,seed3,959,7dd4abb4761fea51,2|switch|mobile|liquid|s1|g0|mixed,38.345982054160515,0.0,30.676785643328408,True,True,True,,True
1,initial_gen7_archive,3|grow|drift|liquid|s1|g2|mixed,p1g7_019,7,bf8bbd9ae45b0890,,True,True,957,p1g7_019,screen,957,bf8bbd9ae45b0890,3|grow|drift|liquid|s1|g2|mixed,47.23154167262394,0.1304,40.39323333809915,True,True,True,,False
1,initial_gen7_archive,2|constant|drift|flicker|s1|g0|mixed,p1g7_066,7,8bd523c265dd37b3,,True,True,957,p1g7_066_s2,seed2,958,8bd523c265dd37b3,2|constant|still|liquid|s1|g0|mixed,18.10114381991406,0.0,14.480915055931249,True,True,False,,True
1,initial_gen7_archive,4|constant|drift|liquid|s1|g2|mixed,p1g7_067,7,6511171ef33182b5,,True,True,957,p1g7_067_s2,seed2,958,6511171ef33182b5,4|constant|drift|liquid|s1|g2|mixed,37.623501159016456,0.0,30.098800927213162,True,True,True,,True
1,initial_gen7_archive,4|grow|mobile|flicker|s1|g0|mixed,p1g7_005,7,739009a35470caad,,True,True,957,p1g7_005_s3,seed3,959,739009a35470caad,4|grow|mobile|flicker|s1|g0|mixed,50.67304032002999,0.3326,47.190432256023996,True,True,True,,True
1,initial_gen7_archive,2|switch|rotor|liquid|s1|g2|mixed,p1g7_056,7,a2ee49e1e3f04f01,,True,True,957,p1g7_056_s3,seed3,959,a2ee49e1e3f04f01,2|switch|rotor|liquid|s1|g2|structured,39.93234932265703,0.1017,33.97987945812562,True,True,False,,True
1,surviving_marked_final,3|grow|rotor|liquid|s2|g2,p6g8_033,0,27a2960d05f47297,,True,False,,p6g8_033_c9,c9fill,957,27a2960d05f47297,3|grow|rotor|liquid|s1|g2|structured,60.057474266161066,0.431,60.057474266161066,True,True,False,,
1,surviving_marked_final,4|grow|mobile|liquid|s3|g2,p3g9_022,0,9a815b4bb1db78ea,,True,False,,p3g9_022_c9,c9fill,957,9a815b4bb1db78ea,4|grow|mobile|liquid|s2|g2|structured,57.08225447850029,0.295,57.08225447850029,True,True,False,,
1,surviving_marked_final,4|grow|rotor|liquid|s3|g2,p2g7_039,0,fa86cb8089d048d0,,True,False,,p2g7_039_c9,c9fill,957,fa86cb8089d048d0,4|grow|rotor|liquid|s1|g2|structured,60.37324219635997,0.4165,60.37324219635997,True,True,False,,
1,surviving_marked_final,3|switch|rotor|liquid|s2|g2,p6g7_028,0,99843d9cd96588d6,,True,False,,p6g7_028_c9,c9fill,957,99843d9cd96588d6,3|switch|mobile|liquid|s2|g2|structured,57.74913940238972,0.3106,57.74913940238972,True,True,False,,
1,surviving_marked_final,3|grow|mobile|liquid|s2|g2,p6g9_021,0,b310fbfc5cac334e,,True,False,,p6g9_021_c9,c9fill,957,b310fbfc5cac334e,3|grow|mobile|liquid|s2|g2|structured,57.31503896872498,0.2258,57.31503896872498,True,True,False,,
1,surviving_marked_final,3|switch|mobile|liquid|s2|g2,p6g5_026,0,ead25ce87e4b853d,,True,False,,p6g5_026_c9,c9fill,957,ead25ce87e4b853d,3|switch|rotor|liquid|s2|g2|structured,64.76800610456174,0.3102,64.76800610456174,True,True,False,,
1,surviving_marked_final,4|grow|mobile|liquid|s3|g1,p3g6_032,0,3e9e387b61a8cb22,,True,False,,p3g6_032_c9,c9fill,957,3e9e387b61a8cb22,4|grow|mobile|liquid|s1|g1|structured,53.4934417075938,0.3719,53.4934417075938,True,True,False,,
1,surviving_marked_final,3|grow|rotor|liquid|s3|g2,p2g6_020,0,489530b94bd868b0,,True,False,,p2g6_020_c9,c9fill,957,489530b94bd868b0,3|grow|rotor|liquid|s2|g2|structured,61.04908046244286,0.375,61.04908046244286,True,True,False,,
1,surviving_marked_final,4|grow|mobile|liquid|s2|g1,p1g7_025,0,07854843ba8e93b1,,True,False,,p1g7_025,screen,957,de1b14c1d5bc2426,3|grow|rotor|liquid|s2|g2|structured,70.56844761409967,0.4729,65.91275809127973,False,False,False,,
1,surviving_marked_final,4|switch|mobile|liquid|s3|g2,p5g3_040,0,dabace1997467b68,,True,False,,p5g3_040_c9,c9fill,957,dabace1997467b68,4|switch|rotor|liquid|s1|g2|structured,70.51180784559884,0.5265,70.51180784559884,True,True,False,,
1,surviving_marked_final,4|switch|rotor|liquid|s1|g2,p1g7_030,0,d2ee337cb598d2ef,,True,False,,p1g7_030,screen,957,3e9e387b61a8cb22,4|grow|mobile|liquid|s1|g1|structured,57.56930213449225,0.3719,53.4934417075938,False,False,False,,
1,surviving_marked_final,4|grow|mobile|liquid|s2|g2,p5g7_040,0,83b42c8f4ca19485,,True,False,,p5g7_040_c9,c9fill,957,83b42c8f4ca19485,4|grow|mobile|liquid|s1|g2|structured,68.85298716183334,0.4685,68.85298716183334,True,True,False,,
1,surviving_marked_final,4|grow|rotor|liquid|s3|g1,p4g3_033,0,4ca14697d3781ef6,,True,False,,p4g3_033_c9,c9fill,957,4ca14697d3781ef6,4|grow|rotor|liquid|s3|g1|structured,66.43169681078231,0.4323,66.43169681078231,True,True,False,,
1,surviving_marked_final,3|grow|mobile|liquid|s3|g2,p3g9_020,0,4b6edf7bed2ff135,,True,False,,p3g9_020_c9,c9fill,957,4b6edf7bed2ff135,3|grow|mobile|liquid|s3|g2|structured,69.29210541029907,0.5103,69.29210541029907,True,True,False,,
1,surviving_marked_final,3|grow|rotor|liquid|s1|g2,p6g7_035,0,b3ca2cf65a12bd89,,True,False,,p6g7_035_c9,c9fill,957,b3ca2cf65a12bd89,3|switch|rotor|liquid|s2|g2|structured,64.90869333661456,0.5298,64.90869333661456,True,True,False,,
1,surviving_marked_final,4|grow|mobile|liquid|s1|g2,p3g3_038,0,0c49060d9652323f,,True,False,,p3g3_038_c9,c9fill,957,0c49060d9652323f,4|grow|mobile|liquid|s1|g2|structured,70.79668978096745,0.5996,70.79668978096745,True,True,False,,
1,surviving_marked_final,4|switch|rotor|liquid|s2|g2,p4g2_044,0,173f84b80256caeb,,True,False,,p4g2_044_c9,c9fill,957,173f84b80256caeb,4|grow|mobile|liquid|s1|g2|mixed,45.36718901841022,0.0,45.36718901841022,True,True,False,,
1,surviving_marked_final,4|grow|rotor|liquid|s2|g2,p1g2_020,0,07440dda3d77d9a9,,True,False,,p1g2_020_s2,seed2,958,94568c24e2971139,3|oscillator|drift|liquid|s1|g2|structured,45.31795765338646,0.251,41.27436612270917,False,False,False,,
1,surviving_marked_final,4|switch|mobile|liquid|s1|g2,p6g6_032,0,e85f4b309db0d245,,True,False,,p6g6_032_c9,c9fill,957,e85f4b309db0d245,4|switch|mobile|liquid|s1|g2|structured,69.3955352498653,0.5256,69.3955352498653,True,True,False,,
1,surviving_marked_final,4|grow|rotor|liquid|s1|g2,p6g8_020,0,3f6f5093e8b0e1db,,True,False,,p6g8_020_c9,c9fill,957,3f6f5093e8b0e1db,4|switch|rotor|liquid|s1|g2|structured,62.590408031856974,0.49,62.590408031856974,True,True,False,,
1,surviving_marked_final,4|switch|mobile|liquid|s2|g2,p3g7_046,0,3a2135c4e6a392e2,,True,False,,p3g7_046_c9,c9fill,957,3a2135c4e6a392e2,4|grow|rotor|liquid|s2|g2|mixed,47.43250500749111,0.0,47.43250500749111,True,True,False,,
1,surviving_marked_final,4|grow|rotor|flicker|s3|g2,p2g3_073,0,6da2f3231522e927,,True,False,,p2g3_073_c9,c9fill,957,6da2f3231522e927,4|grow|mobile|flicker|s3|g2|mixed,55.34319346713424,0.2162,55.34319346713424,True,True,False,,
1,surviving_marked_final,3|grow|mobile|liquid|s1|g2,p6g2_039,0,7019b4263417a389,,True,False,,p6g2_039_c9,c9fill,957,7019b4263417a389,3|switch|mobile|liquid|s1|g2|structured,58.54470005677156,0.346,58.54470005677156,True,True,False,,
1,surviving_marked_final,3|grow|mobile|liquid|s3|g1,p4g5_040,0,66a64dfb975fcdc6,,True,False,,p4g5_040_c9,c9fill,957,66a64dfb975fcdc6,3|grow|mobile|liquid|s1|g1|structured,50.24011939559091,0.3101,50.24011939559091,True,True,False,,
1,surviving_marked_final,4|grow|drift|liquid|s2|g2,p2g1_040,0,eef1806b5f1e0089,,True,False,,p2g1_040_c9,c9fill,957,eef1806b5f1e0089,3|grow|mobile|liquid|s2|g2|structured,49.64887038912887,0.2788,49.64887038912887,True,True,False,,
1,surviving_marked_final,4|grow|rotor|liquid|s2|g1,p1g7_032,0,f0c0d4119fa77126,,True,False,,p1g7_032,screen,957,53ba29b19dcd90c2,3|switch|rotor|liquid|s1|g2|structured,63.13646506587222,0.5278,61.065172052697775,False,False,False,,
1,surviving_marked_final,4|switch|mobile|liquid|s1|g1,p6g3_033,0,45d84b9a9c2d5329,,True,False,,p6g3_033_c9,c9fill,957,45d84b9a9c2d5329,4|switch|mobile|liquid|s1|g1|structured,64.56198883465801,0.6393,64.56198883465801,True,True,False,,
1,surviving_marked_final,3|switch|mobile|liquid|s1|g2,p3g7_014,0,bb89c8e401f4f69a,,True,False,,p3g7_014_c9,c9fill,957,bb89c8e401f4f69a,3|oscillator|mobile|liquid|s1|g2|structured,60.14176949413577,0.5689,60.14176949413577,True,True,False,,
1,surviving_marked_final,4|grow|mobile|flicker|s2|g2,p2g5_023,0,84ec665a3a51196b,,True,False,,p2g5_023_c9,c9fill,957,84ec665a3a51196b,4|grow|mobile|flicker|s2|g2|mixed,52.0053900191002,0.189,52.0053900191002,True,True,False,,
1,surviving_marked_final,3|switch|rotor|liquid|s1|g2,p3g8_042,0,669ecc8e806a412c,,True,False,,p3g8_042_c9,c9fill,957,669ecc8e806a412c,3|grow|mobile|liquid|s1|g2|structured,57.756974563647674,0.4488,57.756974563647674,True,True,False,,
1,surviving_marked_final,4|grow|rotor|flicker|s2|g2,p6g4_021,0,f1d619e4608e8429,,True,False,,p6g4_021_c9,c9fill,957,f1d619e4608e8429,4|grow|mobile|liquid|s1|g2|structured,64.58237487018637,0.4944,64.58237487018637,True,True,False,,
1,surviving_marked_final,4|grow|mobile|liquid|s3|g0,p6g2_022,0,4822df84bbe8edf6,,True,False,,p6g2_022_c9,c9fill,957,4822df84bbe8edf6,4|grow|rotor|liquid|s2|g0|structured,68.3576392821715,0.5982,68.3576392821715,True,True,False,,
1,surviving_marked_final,4|grow|drift|liquid|s1|g2,p2g4_020,0,36456c27fa9e9db9,,True,False,,p2g4_020_c9,c9fill,957,36456c27fa9e9db9,3|grow|mobile|liquid|s2|g2|structured,49.242756211953505,0.2713,49.242756211953505,True,True,False,,
1,surviving_marked_final,4|grow|rotor|liquid|s1|g1,p3g7_015,0,b6669fc876a2db67,,True,False,,p3g7_015_c9,c9fill,957,b6669fc876a2db67,4|grow|rotor|liquid|s1|g1|structured,61.14055172755743,0.4313,61.14055172755743,True,True,False,,
1,surviving_marked_final,4|constant|rotor|liquid|s1|g2,p6g7_067,0,070d384c430a8e0f,,True,False,,p6g7_067_c9,c9fill,957,070d384c430a8e0f,4|constant|rotor|liquid|s1|g2|structured,65.35438205930618,0.586,65.35438205930618,True,True,False,,
1,surviving_marked_final,4|switch|rotor|flicker|s1|g2,p4g7_062,0,99904c4c71c802f0,,True,False,,p4g7_062_c9,c9fill,957,99904c4c71c802f0,4|switch|rotor|flicker|s1|g2|mixed,42.15224317881897,0.0,42.15224317881897,True,True,False,,
1,surviving_marked_final,4|grow|mobile|liquid|s1|g1,p3g5_003,0,a8588ddb13332b62,,True,False,,p3g5_003_c9,c9fill,957,a8588ddb13332b62,4|switch|mobile|liquid|s1|g1|structured,67.33665464169752,0.5239,67.33665464169752,True,True,False,,
1,surviving_marked_final,3|grow|mobile|liquid|s2|g1,p6g1_023,0,b52d5d7da8ee6179,,True,False,,p6g1_023_c9,c9fill,957,b52d5d7da8ee6179,3|grow|mobile|liquid|s1|g1|structured,48.188593310787454,0.304,48.188593310787454,True,True,False,,
1,surviving_marked_final,4|switch|mobile|liquid|s2|g1,p1g3_035,0,a065779eaf3df961,,True,False,,p1g3_035_s3,seed3,959,a065779eaf3df961,4|grow|rotor|liquid|s1|g1|structured,70.52708086831757,0.5626,67.67366469465405,True,True,False,,
1,surviving_marked_final,2|grow|rotor|liquid|s1|g2,p2g4_062,0,37e5bf4d92c4be41,,True,False,,p2g4_062_c9,c9fill,957,37e5bf4d92c4be41,2|grow|rotor|liquid|s1|g2|structured,60.1178662728918,0.3921,60.1178662728918,True,True,False,,
1,surviving_marked_final,2|grow|mobile|liquid|s1|g2,p2g4_053,0,8f894fb7b2f207f4,,True,False,,p2g4_053_c9,c9fill,957,8f894fb7b2f207f4,2|grow|mobile|liquid|s1|g2|structured,60.98367967916403,0.4385,60.98367967916403,True,True,False,,
1,surviving_marked_final,2|grow|mobile|liquid|s2|g2,p2g2_038,0,ad835d9583d074b2,,True,False,,p2g2_038_c9,c9fill,957,ad835d9583d074b2,2|switch|mobile|liquid|s2|g2|structured,47.86555669194064,0.1835,47.86555669194064,True,True,False,,
1,surviving_marked_final,4|switch|mobile|flicker|s1|g2,p2g2_070,0,3403b1a691db96ea,,True,False,,p2g2_070_c9,c9fill,957,3403b1a691db96ea,4|switch|mobile|flicker|s1|g2|mixed,42.575031366488766,0.0,42.575031366488766,True,True,False,,
1,surviving_marked_final,3|switch|mobile|flicker|s1|g2,p4g1_018,0,bdeaaefe8a5b91e0,,True,False,,p4g1_018_c9,c9fill,957,bdeaaefe8a5b91e0,3|relaxation|mobile|flicker|s1|g2|mixed,45.0444318820136,0.0,45.0444318820136,True,True,False,,
1,surviving_marked_final,4|grow|mobile|flicker|s1|g2,p2g4_030,0,ca21e100b2dea0c3,,True,False,,p2g4_030_c9,c9fill,957,ca21e100b2dea0c3,4|grow|mobile|liquid|s1|g2|mixed,53.11231218808038,0.244,53.11231218808038,True,True,False,,
1,surviving_marked_final,2|grow|rotor|liquid|s2|g2,p6g5_025,0,c53633b366a18482,,True,False,,p6g5_025_c9,c9fill,957,c53633b366a18482,2|grow|rotor|liquid|s1|g2|structured,52.72101660272493,0.3774,52.72101660272493,True,True,False,,
1,surviving_marked_final,3|oscillator|mobile|liquid|s1|g2,p6g10_024,0,2a7ac9f64d6ef179,,True,False,,p6g10_024_c9,c9fill,957,2a7ac9f64d6ef179,3|switch|mobile|liquid|s1|g2|structured,58.77213572931823,0.401,58.77213572931823,True,True,False,,
1,surviving_marked_final,2|switch|rotor|flicker|s1|g2,p5g8_014,0,60fd1da794635589,,True,False,,p5g8_014_c9,c9fill,957,60fd1da794635589,2|switch|mobile|flicker|s1|g2|structured,61.765438551420125,0.5616,61.765438551420125,True,True,False,,
1,surviving_marked_final,3|grow|mobile|liquid|s1|g1,p3g9_021,0,d2673ccaa565671c,,True,False,,p3g9_021_c9,c9fill,957,d2673ccaa565671c,3|grow|mobile|liquid|s1|g1|mixed,43.072608508217236,0.0,43.072608508217236,True,True,False,,
1,surviving_marked_final,3|switch|rotor|flicker|s1|g2,p2g4_041,0,794646053eadd329,,True,False,,p2g4_041_c9,c9fill,957,794646053eadd329,2|switch|rotor|liquid|s1|g0|structured,47.17695819915626,0.4577,47.17695819915626,True,True,False,,
1,surviving_marked_final,4|switch|rotor|liquid|s1|g1,p6g1_040,0,8e82b34b98815d51,,True,False,,p6g1_040_c9,c9fill,957,8e82b34b98815d51,4|switch|mobile|flicker|s1|g1|structured,64.08797949566262,0.5687,64.08797949566262,True,True,False,,
1,surviving_marked_final,3|switch|mobile|liquid|s1|g1,p3g6_036,0,dc62120b0c212700,,True,False,,p3g6_036_c9,c9fill,957,dc62120b0c212700,3|switch|mobile|liquid|s1|g1|structured,39.00763743705523,0.0,39.00763743705523,True,True,False,,
1,surviving_marked_final,3|grow|rotor|liquid|s2|g1,p4g7_003,0,0c6b5140622c9518,,True,False,,p4g7_003_c9,c9fill,957,0c6b5140622c9518,3|grow|rotor|liquid|s3|g1|structured,61.25741187916776,0.446,61.25741187916776,True,True,False,,
1,surviving_marked_final,4|grow|rotor|flicker|s1|g2,p6g8_068,0,0ae569d76c7ad4e0,,True,False,,p6g8_068_c9,c9fill,957,0ae569d76c7ad4e0,4|switch|rotor|flicker|s1|g2|structured,53.20269932819489,0.3221,53.20269932819489,True,True,False,,
1,surviving_marked_final,4|switch|mobile|liquid|s2|g0,p4g3_022,0,c12ecee8c627b141,,True,False,,p4g3_022_c9,c9fill,957,c12ecee8c627b141,4|switch|mobile|liquid|s1|g0|structured,53.61074136974207,0.42,53.61074136974207,True,True,False,,
1,surviving_marked_final,3|grow|rotor|frozen|s1|g2,p0g0_ds2g11_009,0,bbe92b88e108906a,,True,False,,p0g0_ds2g11_009_c9,c9fill,957,bbe92b88e108906a,3|grow|rotor|liquid|s1|g2|structured,43.12422836690032,0.1336,43.12422836690032,True,True,False,,
1,surviving_marked_final,4|oscillator|rotor|liquid|s1|g2,p5g5_010,0,53fda5eb68268f1f,,True,False,,p5g5_010_c9,c9fill,957,53fda5eb68268f1f,4|switch|rotor|liquid|s1|g2|structured,64.41262158814337,0.5402,64.41262158814337,True,True,False,,
1,surviving_marked_final,3|switch|drift|flicker|s1|g2,p6g7_013,0,e65ef70dd49605a1,,True,False,,p6g7_013_c9,c9fill,957,e65ef70dd49605a1,3|switch|mobile|flicker|s1|g2|structured,59.25258612611718,0.4416,59.25258612611718,True,True,False,,
1,surviving_marked_final,3|oscillator|drift|liquid|s2|g2,p3g6_070,0,0754aa976555d950,,True,False,,p3g6_070_c9,c9fill,957,0754aa976555d950,3|switch|mobile|liquid|s2|g2|structured,53.7047740759709,0.3719,53.7047740759709,True,True,False,,
1,surviving_marked_final,3|grow|rotor|flicker|s2|g2,p2g6_031,0,84226d894db71e93,,True,False,,p2g6_031_c9,c9fill,957,84226d894db71e93,3|grow|mobile|liquid|s2|g2|mixed,52.5602313594771,0.3341,52.5602313594771,True,True,False,,
1,surviving_marked_final,2|grow|mobile|liquid|s2|g1,p3g6_061,0,87da68345e8008fe,,True,False,,p3g6_061_c9,c9fill,957,87da68345e8008fe,2|grow|mobile|liquid|s1|g1|mixed,40.08037576272589,0.0,40.08037576272589,True,True,False,,
1,surviving_marked_final,3|switch|drift|liquid|s1|g2,p4g4_018,0,c85255378879551c,,True,False,,p4g4_018_c9,c9fill,957,c85255378879551c,3|switch|drift|liquid|s1|g2|mixed,37.2901832639903,0.0,37.2901832639903,True,True,False,,
1,surviving_marked_final,3|grow|mobile|liquid|s3|g0,p0g0_ds2g11_006,0,2dd6dbf38ed8f991,,True,False,,p0g0_ds2g11_006_c9,c9fill,957,2dd6dbf38ed8f991,3|grow|mobile|liquid|s1|g0|structured,54.100133373602304,0.4714,54.100133373602304,True,True,False,,
1,surviving_marked_final,3|constant|rotor|flicker|s1|g2,p1g6_065,0,6ffe5602270e02e4,,True,False,,p1g6_065,screen,957,d760747f84c5546f,4|grow|rotor|liquid|s2|g2|structured,66.67181683147331,0.2139,57.615453465178646,False,False,False,,
1,surviving_marked_final,3|grow|rotor|liquid|s1|g0,p2g2_023,0,18fb4a511bd5fd41,,True,False,,p2g2_023_c9,c9fill,957,18fb4a511bd5fd41,3|grow|mobile|liquid|s2|g0|structured,56.5548516432551,0.4339,56.5548516432551,True,True,False,,
1,surviving_marked_final,4|switch|rotor|flicker|s1|g1,p6g5_019,0,0477d3f126e0b4df,,True,False,,p6g5_019_c9,c9fill,957,0477d3f126e0b4df,4|switch|rotor|flicker|s1|g1|structured,66.1051509716912,0.5612,66.1051509716912,True,True,False,,
1,surviving_marked_final,2|switch|mobile|flicker|s1|g2,p10g0_ds6_000,0,5ddef2bb7950303b,,True,False,,p10g0_ds6_000_c9,c9fill,957,5ddef2bb7950303b,2|switch|mobile|flicker|s1|g2|structured,61.68015601877568,0.558,61.68015601877568,True,True,False,,
1,surviving_marked_final,2|switch|mobile|liquid|s1|g2,p4g5_070,0,8944dc72cebaf556,,True,False,,p4g5_070_c9,c9fill,957,8944dc72cebaf556,2|switch|mobile|liquid|s1|g2|structured,36.88356788316511,0.0,36.88356788316511,True,True,False,,
1,surviving_marked_final,2|switch|rotor|liquid|s1|g2,p1g2_008,0,6aef37d09adb821c,,True,False,,p1g2_008,screen,957,2e7f82f20c7a06c0,3|switch|mobile|liquid|s1|g2|structured,58.44597231195282,0.5389,57.53477784956226,False,False,False,,
1,surviving_marked_final,4|grow|rotor|liquid|s1|g0,p5g3_062,0,6588fedcc859d014,,True,False,,p5g3_062_c9,c9fill,957,6588fedcc859d014,4|switch|rotor|liquid|s1|g0|mixed,36.05366040823881,0.0,36.05366040823881,True,True,False,,
1,surviving_marked_final,4|switch|drift|liquid|s1|g2,p4g7_057,0,8c1b8d558ff3eab5,,True,False,,p4g7_057_c9,c9fill,957,8c1b8d558ff3eab5,4|switch|drift|liquid|s1|g2|mixed,45.1542894581398,0.143,45.1542894581398,True,True,False,,
1,surviving_marked_final,3|grow|drift|liquid|s1|g2,p5g4_065,0,ec92b73fbd3a436f,,True,False,,p5g4_065_c9,c9fill,957,ec92b73fbd3a436f,4|grow|mobile|liquid|s1|g2|mixed,46.69262642306477,0.0,46.69262642306477,True,True,False,,
1,surviving_marked_final,3|switch|mobile|liquid|s2|g0,p6g9_040,0,199b006fd66f13fb,,True,False,,p6g9_040_c9,c9fill,957,199b006fd66f13fb,3|switch|mobile|liquid|s1|g0|structured,43.06422726263551,0.2226,43.06422726263551,True,True,False,,
1,surviving_marked_final,4|grow|rotor|frozen|s1|g2,p2g6_001,0,b10ebb5bb2a75e70,,True,False,,p2g6_001_c9,c9fill,957,b10ebb5bb2a75e70,4|grow|drift|frozen|s1|g2|mixed,40.43926546343431,0.1,40.43926546343431,True,True,False,,
1,surviving_marked_final,4|switch|mobile|liquid|s1|g0,p6g9_024,0,13d71fd1241f9ebc,,True,False,,p6g9_024_c9,c9fill,957,13d71fd1241f9ebc,4|switch|mobile|liquid|s1|g0|structured,53.46729155835543,0.4296,53.46729155835543,True,True,False,,
1,surviving_marked_final,4|grow|still|frozen|s2|g2,p2g4_015,0,04a0f0e5eb95cb51,,True,False,,p2g4_015_c9,c9fill,957,04a0f0e5eb95cb51,4|grow|drift|frozen|s2|g2|mixed,45.162502232148015,0.1065,45.162502232148015,True,True,False,,
1,surviving_marked_final,3|switch|mobile|flicker|s1|g1,p3g9_000,0,91d0de9a698b42f1,,True,False,,p3g9_000_c9,c9fill,957,91d0de9a698b42f1,3|switch|mobile|flicker|s1|g1|structured,57.284681783797296,0.4548,57.284681783797296,True,True,False,,
1,surviving_marked_final,4|switch|drift|flicker|s1|g2,p4g4_007,0,51de7cd26fa902e8,,True,False,,p4g4_007_c9,c9fill,957,51de7cd26fa902e8,4|switch|drift|liquid|s1|g2|mixed,37.60042276006942,0.0,37.60042276006942,True,True,False,,
1,surviving_marked_final,4|switch|still|liquid|s1|g2,p3g8_049,0,7abceff1a41774bf,,True,False,,p3g8_049_c9,c9fill,957,7abceff1a41774bf,4|switch|still|liquid|s1|g2|mixed,34.52591840159555,0.0,34.52591840159555,True,True,False,,
1,surviving_marked_final,4|oscillator|mobile|liquid|s2|g0,p1g2_008,0,a19e1629a9d1fb98,,True,False,,p1g2_008,screen,957,2e7f82f20c7a06c0,3|switch|mobile|liquid|s1|g2|structured,58.44597231195282,0.5389,57.53477784956226,False,False,False,,
1,surviving_marked_final,3|grow|mobile|liquid|s1|g0,p1g2_021,0,67cf8460076bdd5b,,True,False,,p1g2_021_s2,seed2,958,cd3b802cf2dc17d5,4|switch|mobile|liquid|s2|g0|mixed,58.4088010516853,0.3793,54.31304084134824,False,False,False,,
1,surviving_marked_final,3|grow|still|frozen|s2|g2,p2g4_069,0,ae9d1473551424c6,,True,False,,p2g4_069_c9,c9fill,957,ae9d1473551424c6,3|grow|still|frozen|s3|g2|mixed,42.030727755851764,0.064,42.030727755851764,True,True,False,,
1,surviving_marked_final,2|grow|mobile|flicker|s1|g2,p6g8_061,0,0849acc60943ebb4,,True,False,,p6g8_061_c9,c9fill,957,0849acc60943ebb4,1|grow|still|flicker|s1|g2|mixed,18.04529457115435,0.0,18.04529457115435,True,True,False,,
1,surviving_marked_final,3|grow|still|liquid|s1|g2,p4g2_028,0,9ccfc2ac9c92bba2,,True,False,,p4g2_028_c9,c9fill,957,9ccfc2ac9c92bba2,3|grow|still|liquid|s1|g2|structured,45.18083483597651,0.1951,45.18083483597651,True,True,False,,
1,surviving_marked_final,2|grow|rotor|liquid|s1|g0,p6g1_043,0,cb8ca5f66af9944a,,True,False,,p6g1_043_c9,c9fill,957,cb8ca5f66af9944a,2|switch|rotor|liquid|s2|g0|structured,46.118736234820055,0.3125,46.118736234820055,True,True,False,,
1,surviving_marked_final,3|grow|mobile|liquid|s2|g0,p1g2_034,0,65ee88a4e85ee72d,,True,False,,p1g2_034,screen,957,158f0c237e4f658e,2|switch|mobile|flicker|s1|g2|structured,64.08957780435604,0.5568,62.40766224348483,False,False,False,,
1,surviving_marked_final,3|oscillator|mobile|flicker|s1|g2,p6g3_008,0,6fdabba5eb65047e,,True,False,,p6g3_008_c9,c9fill,957,6fdabba5eb65047e,3|switch|mobile|flicker|s1|g2|structured,62.10115449766258,0.5263,62.10115449766258,True,True,False,,
1,surviving_marked_final,4|oscillator|drift|liquid|s1|g2,p6g7_054,0,c3395cc4794da758,,True,False,,p6g7_054_c9,c9fill,957,c3395cc4794da758,4|oscillator|drift|liquid|s1|g2|mixed,32.84491053632261,0.0,32.84491053632261,True,True,False,,
1,surviving_marked_final,3|switch|still|liquid|s1|g2,p5g8_007,0,8e4299986c7764fd,,True,False,,p5g8_007_c9,c9fill,957,8e4299986c7764fd,3|switch|still|liquid|s1|g2|mixed,38.56079624782342,0.0,38.56079624782342,True,True,False,,
1,surviving_marked_final,3|grow|rotor|liquid|s2|g0,p4g1_037,0,51d3ff7d5b99699d,,True,False,,p4g1_037_c9,c9fill,957,51d3ff7d5b99699d,3|grow|drift|liquid|s2|g0|structured,46.31002479058482,0.2489,46.31002479058482,True,True,False,,
1,surviving_marked_final,4|grow|mobile|liquid|s1|g0,p1g7_023,0,ae859cef82a541f9,,True,False,,p1g7_023,screen,957,eb5e4ef733bd5672,3|switch|mobile|liquid|s1|g2|structured,67.79691010868635,0.6487,67.21152808694907,False,False,False,,
1,surviving_marked_final,4|grow|drift|frozen|s1|g2,p1g5_022,0,e0c477a1df493566,,True,False,,p1g5_022,screen,957,4716b0ed967ab0c9,4|grow|rotor|liquid|s1|g2|structured,64.36786444253661,0.5209,61.912291554029295,False,False,False,,
1,surviving_marked_final,4|switch|rotor|liquid|s2|g1,p2g7_010,0,8ca54a0a2e5f9221,,True,False,,p2g7_010_c9,c9fill,957,8ca54a0a2e5f9221,4|grow|rotor|liquid|s2|g1|mixed,43.71410894344438,0.2016,43.71410894344438,True,True,False,,
1,surviving_marked_final,2|grow|drift|liquid|s1|g2,p6g9_038,0,812d5ab5168659a9,,True,False,,p6g9_038_c9,c9fill,957,812d5ab5168659a9,2|grow|drift|liquid|s1|g2|mixed,35.34862883897415,0.1052,35.34862883897415,True,True,False,,
1,surviving_marked_final,3|grow|drift|frozen|s1|g2,p0g1_055,0,b8443088cbf6a776,,True,False,,p0g1_055_c9,c9fill,957,b8443088cbf6a776,3|constant|rotor|frozen|s1|g2|structured,23.07573572790891,0.0,23.07573572790891,True,True,False,,
1,surviving_marked_final,4|constant|rotor|flicker|s1|g2,p5g6_021,0,f6f348579074846d,,True,False,,p5g6_021_c9,c9fill,957,f6f348579074846d,4|oscillator|rotor|liquid|s1|g2|mixed,37.75596212289088,0.0,37.75596212289088,True,True,False,,
1,surviving_marked_final,3|grow|drift|liquid|s2|g2,p2g2_041,0,6d69c834bff5afd0,,True,False,,p2g2_041_c9,c9fill,957,6d69c834bff5afd0,3|grow|drift|liquid|s2|g2|structured,42.02466434855003,0.108,42.02466434855003,True,True,False,,
1,surviving_marked_final,2|switch|mobile|liquid|s2|g2,p2g4_002,0,bcc3072a07e51f96,,True,False,,p2g4_002_c9,c9fill,957,bcc3072a07e51f96,3|switch|mobile|liquid|s2|g2|structured,63.73891646121788,0.4014,63.73891646121788,True,True,False,,
1,surviving_marked_final,3|constant|mobile|flicker|s1|g2,p3g5_061,0,c63ba0e852b7880c,,True,False,,p3g5_061_c9,c9fill,957,c63ba0e852b7880c,3|constant|mobile|flicker|s1|g2|mixed,26.987566449348677,0.0,26.987566449348677,True,True,False,,
1,surviving_marked_final,4|grow|mobile|flicker|s3|g0,p6g9_022,0,36e4056a5ff9fa8c,,True,False,,p6g9_022_c9,c9fill,957,36e4056a5ff9fa8c,4|switch|mobile|liquid|s1|g0|structured,38.62992457894431,0.3457,38.62992457894431,True,True,False,,
1,surviving_marked_final,4|grow|rotor|liquid|s1|g2|economy,p1g1_052,1,fa86cb8089d048d0,,True,True,957,p1g1_052_s3,seed3,959,fa86cb8089d048d0,4|grow|mobile|liquid|s3|g2|structured,80.52036484657403,0.6311,77.03829187725921,True,True,False,,True
1,surviving_marked_final,3|switch|rotor|liquid|s2|g2|economy,p1g1_053,1,27a2960d05f47297,,True,True,957,p1g1_053_s2,seed2,958,27a2960d05f47297,3|switch|rotor|liquid|s2|g2|structured,73.64763423724462,0.5021,68.9601073897957,True,True,False,,True
1,surviving_marked_final,4|switch|mobile|liquid|s1|g1|economy,p1g1_049,1,dc62120b0c212700,,True,True,957,p1g1_049_s3,seed3,959,dc62120b0c212700,4|switch|mobile|liquid|s1|g1|structured,62.54620773091684,0.5007,60.05096618473347,True,True,False,,True
1,surviving_marked_final,3|grow|rotor|liquid|s2|g2|economy,p1g1_050,1,27a2960d05f47297,,True,True,957,p1g1_050_s2,seed2,958,27a2960d05f47297,3|switch|rotor|liquid|s2|g2|structured,74.44386120393403,0.4927,69.40908896314723,True,True,False,,True
1,surviving_marked_final,3|grow|rotor|liquid|s1|g1|mixed,p1g1_023,1,7b4ed6d7108a4117,,True,True,957,p1g1_023_s3,seed3,959,7b4ed6d7108a4117,3|grow|mobile|liquid|s1|g1|mixed,48.80901208692787,0.0,39.0472096695423,True,True,False,,True
1,surviving_marked_final,2|switch|mobile|liquid|s1|g2|structured,p1g2_032,2,e810275ae9ca0cb9,,True,True,957,p1g2_032_s2,seed2,958,e810275ae9ca0cb9,2|switch|rotor|liquid|s1|g2|structured,64.73447188922518,0.5108,62.003577511380136,True,True,False,,True
1,surviving_marked_final,3|grow|mobile|liquid|s1|g2|mixed,p1g7_017,7,df888871f6b77cc9,,True,True,957,p1g7_017_s2,seed2,958,df888871f6b77cc9,3|grow|rotor|liquid|s1|g2|mixed,50.92662962612284,0.0,40.74130370089827,True,True,False,,True
1,surviving_marked_final,3|grow|rotor|liquid|s2|g2|structured,p1g1_037,1,f003a6f1e11f732d,,True,True,957,p1g1_037_s2,seed2,958,f003a6f1e11f732d,3|grow|mobile|liquid|s2|g2|structured,71.65425890045111,0.4359,66.04140712036089,True,True,False,,True
1,surviving_marked_final,3|grow|mobile|liquid|s3|g2|structured,p1g1_038,1,bbef031462d40825,,True,True,957,p1g1_038_s3,seed3,959,bbef031462d40825,3|grow|mobile|liquid|s3|g2|structured,77.27410664015972,0.5762,73.34328531212776,True,True,True,,True
1,surviving_marked_final,2|constant|still|frozen|s1|g2|mixed,p1g6_068,6,ab38c24cc5e4c855,,True,True,957,p1g6_068,screen,957,ab38c24cc5e4c855,2|constant|still|frozen|s1|g2|mixed,28.928209388151597,0.0,23.14256751052128,True,True,True,,False
1,surviving_marked_final,3|grow|mobile|liquid|s2|g2|mixed,p1g1_046,1,7301e1a7983770c7,,True,True,957,p1g1_046,screen,957,7301e1a7983770c7,3|grow|mobile|liquid|s2|g2|mixed,46.31445796519477,0.0,37.05156637215582,True,True,True,,False
1,surviving_marked_final,3|grow|rotor|liquid|s1|g2|structured,p1g5_014,5,510a2e15357d1c55,,True,True,957,p1g5_014,screen,957,510a2e15357d1c55,3|grow|rotor|liquid|s1|g2|structured,68.11554932441825,0.3879,62.250439459534604,True,True,True,,False
1,surviving_marked_final,4|switch|mobile|flicker|s1|g2|mixed,p1g1_061,1,b8845a421c6e979f,,True,True,957,p1g1_061_s2,seed2,958,b8845a421c6e979f,4|switch|mobile|flicker|s1|g2|structured,61.52847959103393,0.4106,57.43478367282714,True,True,False,,True
1,surviving_marked_final,4|grow|mobile|liquid|s1|g2|structured,p1g6_023,6,fceaf0f5291b4bac,,True,True,957,p1g6_023_s2,seed2,958,fceaf0f5291b4bac,4|grow|mobile|liquid|s1|g2|structured,75.6969081275237,0.6277,73.11152650201896,True,True,True,,True
1,surviving_marked_final,4|grow|mobile|liquid|s3|g2|structured,p1g4_050,4,9a815b4bb1db78ea,,True,True,957,p1g4_050_s3,seed3,959,9a815b4bb1db78ea,4|grow|mobile|liquid|s3|g2|structured,81.79157794143298,0.6487,78.40726235314638,True,True,True,,True
1,surviving_marked_final,4|switch|drift|flicker|s1|g2|mixed,p1g1_064,1,82d50700e07f9b60,,True,True,957,p1g1_064,screen,957,82d50700e07f9b60,4|switch|drift|flicker|s1|g2|mixed,45.43721273793487,0.0,36.3497701903479,True,True,True,,False
1,surviving_marked_final,4|switch|rotor|liquid|s1|g2|structured,p1g6_052,6,e85f4b309db0d245,,True,True,957,p1g6_052_s3,seed3,959,e85f4b309db0d245,4|switch|rotor|liquid|s2|g2|structured,78.64556545609295,0.5397,73.71045236487434,True,True,False,,True
1,surviving_marked_final,4|switch|mobile|liquid|s1|g2|mixed,p1g2_079,2,dc83264b5807f57d,,True,True,957,p1g2_079_s2,seed2,958,dc83264b5807f57d,4|switch|rotor|liquid|s1|g2|mixed,65.81013458930396,0.3785,60.218107671443164,True,True,False,,True
1,surviving_marked_final,3|switch|drift|frozen|s1|g2|mixed,p1g3_043,3,8bc048058fe00ede,,True,True,957,p1g3_043_s2,seed2,958,8bc048058fe00ede,3|constant|drift|liquid|s1|g2|mixed,38.51021995668571,0.0,30.808175965348568,True,True,False,,True
1,surviving_marked_final,3|constant|rotor|liquid|s1|g1|structured,p1g1_002,1,020eb6f6f8781bc8,,True,True,957,p1g1_002,screen,957,020eb6f6f8781bc8,3|constant|rotor|liquid|s1|g1|structured,47.40958719961945,0.4949,47.82566975969556,True,True,True,,False
1,surviving_marked_final,3|oscillator|drift|liquid|s1|g2|mixed,p1g2_064,2,bd534d84815f7264,,True,True,957,p1g2_064,screen,957,bd534d84815f7264,3|oscillator|drift|liquid|s1|g2|mixed,42.61154854437344,0.1628,37.345238835498755,True,True,True,,False
1,surviving_marked_final,3|switch|mobile|liquid|s1|g2|mixed,p1g3_007,3,fffc151241f9ddb6,,True,True,957,p1g3_007_s2,seed2,958,fffc151241f9ddb6,3|switch|mobile|liquid|s1|g2|structured,67.10699001960073,0.4452,62.58959201568059,True,True,False,,True
1,surviving_marked_final,3|switch|rotor|liquid|s1|g2|structured,p1g4_053,4,b310fbfc5cac334e,,True,True,957,p1g4_053_s2,seed2,958,b310fbfc5cac334e,3|switch|rotor|liquid|s2|g2|structured,70.97887159009058,0.2645,62.07309727207247,True,True,False,,True
1,surviving_marked_final,4|switch|mobile|liquid|s2|g1|structured,p1g1_013,1,8784c1d75e4d44bb,,True,True,957,p1g1_013,screen,957,8784c1d75e4d44bb,4|switch|mobile|liquid|s2|g1|structured,75.15544248099029,0.5743,71.61035398479223,True,True,True,,False
1,surviving_marked_final,3|switch|drift|liquid|s1|g2|mixed,p1g2_003,2,fd9903147f8cb2aa,,True,True,957,p1g2_003_s2,seed2,958,fd9903147f8cb2aa,3|switch|drift|liquid|s1|g2|mixed,56.727894752854226,0.2708,50.79831580228338,True,True,True,,True
1,surviving_marked_final,3|switch|mobile|liquid|s2|g2|structured,p1g6_018,6,4d69bffc0d662e52,,True,True,957,p1g6_018,screen,957,4d69bffc0d662e52,3|switch|mobile|liquid|s2|g2|structured,70.76886468800677,0.3742,64.09909175040542,True,True,True,,False
1,surviving_marked_final,4|switch|mobile|liquid|s2|g2|structured,p1g2_049,2,fa86cb8089d048d0,,True,True,957,p1g2_049_s3,seed3,959,fa86cb8089d048d0,4|grow|mobile|liquid|s3|g2|structured,82.3327196684081,0.6347,78.56017573472647,True,True,False,,True
1,surviving_marked_final,3|switch|rotor|liquid|s2|g2|structured,p1g4_031,4,bd353bc117db191e,,True,True,957,p1g4_031,screen,957,bd353bc117db191e,3|switch|rotor|liquid|s2|g2|structured,74.58924791194924,0.418,68.0313983295594,True,True,True,,False
1,surviving_marked_final,3|grow|mobile|liquid|s2|g2|structured,p1g2_048,2,99843d9cd96588d6,,True,True,957,p1g2_048_s3,seed3,959,99843d9cd96588d6,3|switch|rotor|liquid|s2|g2|structured,74.92995339061608,0.3906,67.75596271249286,True,True,False,,True
1,surviving_marked_final,4|grow|rotor|liquid|s1|g1|structured,p1g1_029,1,f696871bd3d8ad9a,,True,True,957,p1g1_029_s3,seed3,959,f696871bd3d8ad9a,4|grow|rotor|liquid|s2|g1|structured,72.26666823404642,0.5585,68.98333458723714,True,True,False,,True
1,surviving_marked_final,3|switch|rotor|liquid|s1|g2|mixed,p1g7_065,7,f089573bf4669d1d,,True,True,957,p1g7_065_s2,seed2,958,f089573bf4669d1d,3|switch|mobile|liquid|s1|g2|structured,52.2263304182251,0.3355,48.49106433458008,True,True,False,,True
1,surviving_marked_final,3|switch|mobile|flicker|s1|g2|mixed,p1g2_033,2,cfa2e47a1265b2d7,,True,True,957,p1g2_033_s2,seed2,958,cfa2e47a1265b2d7,3|switch|mobile|flicker|s2|g2|mixed,60.77178544923312,0.0,48.6174283593865,True,True,False,,True
1,surviving_marked_final,4|grow|mobile|liquid|s2|g2|mixed,p1g1_044,1,32872dffa2215107,,True,True,957,p1g1_044,screen,957,32872dffa2215107,4|grow|mobile|liquid|s2|g2|mixed,61.77373052548734,0.0,49.41898442038987,True,True,True,,False
1,surviving_marked_final,4|grow|rotor|liquid|s2|g2|mixed,p1g6_045,6,1fb78d789b364fb2,,True,True,957,p1g6_045,screen,957,1fb78d789b364fb2,4|grow|rotor|liquid|s2|g2|mixed,66.52662843144097,0.2504,58.22930274515277,True,True,True,,False
1,surviving_marked_final,4|constant|rotor|liquid|s1|g2|mixed,p1g1_054,1,51de7cd26fa902e8,,True,True,957,p1g1_054,screen,957,51de7cd26fa902e8,4|constant|rotor|liquid|s1|g2|mixed,51.17555468695969,0.0,40.940443749567756,True,True,True,,False
1,surviving_marked_final,2|constant|rotor|liquid|s1|g2|mixed,p1g1_003,1,157e4e198ef64a03,,True,True,957,p1g1_003,screen,957,157e4e198ef64a03,2|constant|rotor|liquid|s1|g2|mixed,42.02500275023908,0.0,33.620002200191266,True,True,True,,False
1,surviving_marked_final,4|constant|still|frozen|s1|g2|mixed,p1g1_012,1,c0cd8328b83c234c,,True,True,957,p1g1_012_s3,seed3,959,c0cd8328b83c234c,4|constant|still|frozen|s1|g2|mixed,19.421671595654157,0.035,16.237337276523323,True,True,True,,True
1,surviving_marked_final,3|constant|drift|frozen|s1|g0|structured,p1g3_024,3,b25e612be02566b2,,True,True,957,p1g3_024_s3,seed3,959,b25e612be02566b2,3|constant|drift|liquid|s1|g0|structured,21.12545351629275,0.197,20.8403628130342,True,True,False,,True
1,surviving_marked_final,4|switch|mobile|liquid|s1|g1|structured,p1g4_010,4,af4d293ecc671f7a,,True,True,957,p1g4_010_s3,seed3,959,af4d293ecc671f7a,4|grow|mobile|liquid|s1|g1|structured,71.18945794835957,0.6619,70.18956635868766,True,True,False,,True
1,surviving_marked_final,2|switch|still|gas|s1|g2|mixed,p1g1_032,1,3184a459a465e414,,True,True,957,p1g1_032_s3,seed3,959,3184a459a465e414,2|switch|still|gas|s1|g2|mixed,30.348976281067458,0.0,24.279181024853965,True,True,True,,True
1,surviving_marked_final,2|switch|mobile|flicker|s1|g2|mixed,p1g1_035,1,3b2132e468549efd,,True,True,957,p1g1_035_s2,seed2,958,3b2132e468549efd,2|switch|drift|liquid|s1|g2|structured,46.8342380403498,0.3998,45.463390432279844,True,True,False,,True
1,surviving_marked_final,2|switch|drift|liquid|s1|g2|structured,p1g1_036,1,ed2f73e522071a33,,True,True,957,p1g1_036_s2,seed2,958,ed2f73e522071a33,2|switch|drift|liquid|s1|g2|structured,45.58767737468685,0.3239,42.94814189974948,True,True,True,,True
1,surviving_marked_final,2|constant|still|liquid|s1|g2|mixed,p1g1_006,1,8b273b4fa3a48721,,True,True,957,p1g1_006_s2,seed2,958,8b273b4fa3a48721,2|switch|still|liquid|s1|g2|structured,44.20787450721122,0.1675,38.71629960576898,True,True,False,,True
1,surviving_marked_final,1|switch|still|gas|s1|g2|mixed,p1g1_010,1,19ce8f5d2f7ec59f,,True,True,957,p1g1_010,screen,957,19ce8f5d2f7ec59f,1|switch|still|gas|s1|g2|mixed,21.05217705118844,0.0,16.84174164095075,True,True,True,,False
1,surviving_marked_final,3|grow|mobile|liquid|s1|g2|structured,p1g4_034,4,1ee1b077bc2fe6fd,,True,True,957,p1g4_034_s3,seed3,959,1ee1b077bc2fe6fd,3|switch|rotor|liquid|s1|g2|structured,69.1988938359625,0.538,66.11911506877,True,True,False,,True
1,surviving_marked_final,2|switch|mobile|flicker|s1|g2|structured,p1g2_034,2,158f0c237e4f658e,,True,True,957,p1g2_034,screen,957,158f0c237e4f658e,2|switch|mobile|flicker|s1|g2|structured,64.08957780435604,0.5568,62.40766224348483,True,True,True,,False
1,surviving_marked_final,3|constant|rotor|frozen|s1|g2|mixed,p1g2_006,2,6fcd0ac4761d235b,,True,True,957,p1g2_006_s3,seed3,959,6fcd0ac4761d235b,3|constant|rotor|frozen|s1|g2|mixed,27.240327602833716,0.0,21.79226208226697,True,True,True,,True
1,surviving_marked_final,3|switch|still|frozen|s1|g2|structured,p1g2_004,2,787cb29e01dcb464,,True,True,957,p1g2_004,screen,957,787cb29e01dcb464,3|switch|still|frozen|s1|g2|structured,30.50833276729949,0.0399,25.20466621383959,True,True,True,,False
1,surviving_marked_final,4|grow|rotor|flicker|s1|g2|structured,p1g2_025,2,3c7de08eee7c87e0,,True,True,957,p1g2_025,screen,957,3c7de08eee7c87e0,4|grow|rotor|flicker|s1|g2|structured,76.61167798276057,0.6452,74.19334238620846,True,True,True,,False
1,surviving_marked_final,3|constant|drift|frozen|s1|g2|mixed,p1g2_047,2,b89937509d704b03,,True,True,957,p1g2_047_s2,seed2,958,b89937509d704b03,3|constant|drift|liquid|s1|g2|mixed,38.151509994393905,0.0,30.52120799551512,True,True,False,,True
1,surviving_marked_final,4|switch|still|liquid|s1|g2|mixed,p1g2_060,2,7c2ae1533ca98b22,,True,True,957,p1g2_060_s3,seed3,959,7c2ae1533ca98b22,4|switch|still|liquid|s1|g2|mixed,45.43583478236637,0.0,36.348667825893095,True,True,True,,True
1,surviving_marked_final,4|switch|drift|liquid|s2|g2|structured,p1g2_065,2,50f8ec73c68c31bb,,True,True,957,p1g2_065_s3,seed3,959,50f8ec73c68c31bb,4|switch|drift|liquid|s2|g2|structured,60.83754568401305,0.3257,55.18403654721044,True,True,True,,True
1,surviving_marked_final,4|grow|rotor|liquid|s3|g2|mixed,p1g2_068,2,e4567a813f6f5a04,,True,True,957,p1g2_068_s3,seed3,959,e4567a813f6f5a04,4|switch|rotor|liquid|s3|g2|structured,74.10040939125052,0.4711,68.70232751300041,True,True,False,,True
1,surviving_marked_final,4|grow|still|liquid|s1|g2|structured,p1g5_067,5,06fe56e10550f893,,True,True,957,p1g5_067_s2,seed2,958,06fe56e10550f893,4|grow|still|liquid|s1|g2|structured,52.26833028562747,0.2019,45.85266422850198,True,True,True,,True
1,surviving_marked_final,4|switch|rotor|liquid|s2|g2|mixed,p1g2_070,2,da6d90a3c6681e94,,True,True,957,p1g2_070_s2,seed2,958,da6d90a3c6681e94,4|switch|rotor|liquid|s2|g2|mixed,64.86564109911473,0.2786,57.464512879291775,True,True,True,,True
1,surviving_marked_final,4|switch|rotor|liquid|s1|g2|mixed,p1g7_016,7,a4e8c1bcaef2fc13,,True,True,957,p1g7_016,screen,957,a4e8c1bcaef2fc13,4|switch|rotor|liquid|s1|g2|mixed,61.44412424410121,0.2926,55.00729939528097,True,True,True,,False
1,surviving_marked_final,4|switch|drift|liquid|s1|g1|structured,p1g2_009,2,e48430afe0ff9d8f,,True,True,957,p1g2_009_s2,seed2,958,e48430afe0ff9d8f,4|switch|mobile|liquid|s1|g1|structured,34.24680118941046,0.0845,29.08744095152837,True,True,False,,True
1,surviving_marked_final,3|switch|mobile|liquid|s1|g0|structured,p1g6_050,6,2dd6dbf38ed8f991,,True,True,957,p1g6_050_s3,seed3,959,2dd6dbf38ed8f991,3|grow|mobile|liquid|s2|g0|structured,60.31077977336503,0.4934,58.11662381869202,True,True,False,,True
1,surviving_marked_final,2|switch|drift|frozen|s1|g2|structured,p1g2_014,2,b123fb2afb4a803b,,True,True,957,p1g2_014_s2,seed2,958,b123fb2afb4a803b,3|switch|drift|liquid|s1|g2|structured,37.87664584755563,0.1084,32.46931667804451,True,True,False,,True
1,surviving_marked_final,2|switch|mobile|liquid|s2|g2|structured,p1g6_017,6,a210dd66c0c9aff7,,True,True,957,p1g6_017_s2,seed2,958,a210dd66c0c9aff7,3|switch|rotor|liquid|s2|g2|structured,75.47885463093067,0.6036,72.45508370474454,True,True,False,,True
1,surviving_marked_final,4|grow|mobile|flicker|s3|g2|structured,p1g2_024,2,6764645ff5df84fa,,True,True,957,p1g2_024,screen,957,6764645ff5df84fa,4|grow|mobile|flicker|s3|g2|structured,67.29864634781927,0.3638,61.11491707825541,True,True,True,,False
1,surviving_marked_final,3|switch|drift|liquid|s1|g2|structured,p1g3_008,3,ecbc5598512b3690,,True,True,957,p1g3_008_s2,seed2,958,ecbc5598512b3690,3|switch|rotor|liquid|s1|g2|structured,61.601636212717374,0.2198,53.6773089701739,True,True,False,,True
1,surviving_marked_final,2|oscillator|still|liquid|s1|g2|mixed,p1g4_041,4,e21e4aba7380665b,,True,True,957,p1g4_041_s2,seed2,958,e21e4aba7380665b,3|constant|mobile|gas|s1|g2|mixed,34.919367532172174,0.0,27.93549402573774,True,True,False,,True
1,surviving_marked_final,4|switch|mobile|liquid|s1|g0|mixed,p1g2_021,2,cd3b802cf2dc17d5,,True,True,957,p1g2_021_s2,seed2,958,cd3b802cf2dc17d5,4|switch|mobile|liquid|s2|g0|mixed,58.4088010516853,0.3793,54.31304084134824,True,True,False,,True
1,surviving_marked_final,4|grow|rotor|liquid|s1|g0|structured,p1g2_028,2,a4fb766e789d8925,,True,True,957,p1g2_028_s3,seed3,959,a4fb766e789d8925,4|grow|rotor|liquid|s2|g0|structured,65.20766113412765,0.488,61.926128907302115,True,True,False,,True
1,surviving_marked_final,2|constant|drift|liquid|s1|g2|mixed,p1g2_036,2,a28c7ceedeb71ec5,,True,True,957,p1g2_036_s3,seed3,959,a28c7ceedeb71ec5,2|oscillator|still|liquid|s1|g2|mixed,41.10905129578208,0.1014,34.915241036625666,True,True,False,,True
1,surviving_marked_final,2|switch|drift|liquid|s1|g2|mixed,p1g2_012,2,6b45a58efcb59f51,,True,True,957,p1g2_012_s3,seed3,959,6b45a58efcb59f51,2|switch|still|liquid|s1|g2|mixed,47.56898161346885,0.1107,40.26918529077508,True,True,False,,True
1,surviving_marked_final,3|oscillator|drift|liquid|s1|g2|structured,p1g4_037,4,958193ab4860df54,,True,True,957,p1g4_037_s2,seed2,958,958193ab4860df54,3|switch|rotor|liquid|s1|g2|structured,61.95251368869521,0.2431,54.42401095095617,True,True,False,,True
1,surviving_marked_final,3|switch|rotor|liquid|s1|g1|mixed,p1g3_009,3,661cec349b9b822b,,True,True,957,p1g3_009_s2,seed2,958,661cec349b9b822b,3|switch|rotor|liquid|s1|g1|mixed,50.04411594364244,0.0,40.03529275491395,True,True,True,,True
1,surviving_marked_final,2|constant|drift|gas|s1|g0|mixed,p1g3_010,3,c08b6fec57dddd7d,,True,True,957,p1g3_010_s3,seed3,959,c08b6fec57dddd7d,2|constant|drift|liquid|s1|g0|mixed,18.25350027419859,0.0,14.60280021935887,True,True,False,,True
1,surviving_marked_final,3|oscillator|still|liquid|s1|g2|structured,p1g3_029,3,189308288a79aece,,True,True,957,p1g3_029_s3,seed3,959,189308288a79aece,3|oscillator|still|liquid|s1|g2|mixed,42.227645306012036,0.1691,37.16411624480963,True,True,False,,True
1,surviving_marked_final,4|switch|rotor|flicker|s1|g2|mixed,p1g4_024,4,8f4e6c5e5fa60231,,True,True,957,p1g4_024_s3,seed3,959,8f4e6c5e5fa60231,4|switch|rotor|flicker|s1|g2|mixed,52.10771513022565,0.0,41.68617210418052,True,True,True,,True
1,surviving_marked_final,4|switch|rotor|flicker|s3|g2|structured,p1g3_039,3,25958d68c2f59123,,True,True,957,p1g3_039,screen,957,25958d68c2f59123,4|switch|rotor|flicker|s3|g2|structured,72.62778399084357,0.4959,68.02022719267484,True,True,True,,False
1,surviving_marked_final,4|grow|mobile|liquid|s1|g2|mixed,p1g3_045,3,8bbf12cf7adefe25,,True,True,957,p1g3_045_s3,seed3,959,8bbf12cf7adefe25,4|grow|mobile|liquid|s2|g2|mixed,61.1467469146594,0.0,48.917397531727524,True,True,False,,True
1,surviving_marked_final,2|grow|drift|liquid|s1|g2|mixed,p1g3_002,3,792a11ae5ca6b916,,True,True,957,p1g3_002,screen,957,792a11ae5ca6b916,2|grow|drift|liquid|s1|g2|mixed,40.169008545961155,0.1346,34.82720683676892,True,True,True,,False
1,surviving_marked_final,4|grow|mobile|liquid|s1|g1|structured,p1g4_012,4,9a2cd51c2edfa9fb,,True,True,957,p1g4_012_s2,seed2,958,9a2cd51c2edfa9fb,4|grow|mobile|liquid|s1|g1|structured,73.55748175831336,0.6473,71.79198540665068,True,True,True,,True
1,surviving_marked_final,3|relaxation|rotor|liquid|s1|g2|structured,p1g3_011,3,9430518be27829bc,,True,True,957,p1g3_011_s2,seed2,958,9430518be27829bc,3|switch|rotor|liquid|s1|g2|structured,60.32031816855044,0.4949,58.154254534840355,True,True,False,,True
1,surviving_marked_final,4|grow|mobile|flicker|s3|g2|mixed,p1g3_050,3,84ec665a3a51196b,,True,True,957,p1g3_050,screen,957,84ec665a3a51196b,4|grow|mobile|flicker|s3|g2|mixed,64.64402695838653,0.1913,55.54122156670922,True,True,True,,False
1,surviving_marked_final,2|constant|mobile|liquid|s1|g2|structured,p1g6_061,6,96a7ec6bf2dec270,,True,True,957,p1g6_061_s3,seed3,959,96a7ec6bf2dec270,2|grow|rotor|liquid|s1|g2|structured,58.690711887272094,0.5106,57.16456950981768,True,True,False,,True
1,surviving_marked_final,4|grow|rotor|liquid|s1|g2|mixed,p1g4_044,4,5cace89eac837cb6,,True,True,957,p1g4_044_s2,seed2,958,5cace89eac837cb6,4|grow|mobile|liquid|s1|g2|mixed,59.021195066722086,0.0,47.21695605337767,True,True,False,,True
1,surviving_marked_final,3|oscillator|rotor|liquid|s1|g2|structured,p1g3_034,3,8dfb19a54acd1e94,,True,True,957,p1g3_034,screen,957,8dfb19a54acd1e94,3|oscillator|rotor|liquid|s1|g2|structured,66.9126969552966,0.4371,62.272157564237276,True,True,True,,False
1,surviving_marked_final,3|switch|rotor|liquid|s3|g2|structured,p1g3_027,3,c5cb91aabbcf273a,,True,True,957,p1g3_027,screen,957,c5cb91aabbcf273a,3|switch|rotor|liquid|s3|g2|structured,72.75924170257287,0.461,67.4273933620583,True,True,True,,False
1,surviving_marked_final,3|constant|mobile|frozen|s1|g2|mixed,p1g3_041,3,64fe720091d56873,,True,True,957,p1g3_041_s3,seed3,959,64fe720091d56873,3|oscillator|mobile|frozen|s1|g2|mixed,36.04324183732121,0.0,28.83459346985697,True,True,False,,True
1,surviving_marked_final,4|switch|mobile|liquid|s1|g1|mixed,p1g4_016,4,20a54c495145829d,,True,True,957,p1g4_016,screen,957,20a54c495145829d,4|switch|mobile|liquid|s1|g1|mixed,46.50130815795667,0.0,37.20104652636533,True,True,True,,False
1,surviving_marked_final,2|switch|rotor|liquid|s1|g2|structured,p1g4_038,4,ce215b4270755146,,True,True,957,p1g4_038_s3,seed3,959,ce215b4270755146,2|switch|rotor|liquid|s1|g2|structured,60.552148625239646,0.4493,57.42771890019171,True,True,True,,True
1,surviving_marked_final,3|grow|still|liquid|s1|g2|structured,p1g4_007,4,2ec16af7837671a1,,True,True,957,p1g4_007_s2,seed2,958,2ec16af7837671a1,3|grow|drift|liquid|s1|g2|structured,40.249142863540385,0.1256,34.711314290832306,True,True,False,,True
1,surviving_marked_final,4|grow|mobile|liquid|s2|g1|structured,p1g5_028,5,e169f7c89e6864bc,,True,True,957,p1g5_028_s3,seed3,959,e169f7c89e6864bc,4|grow|mobile|liquid|s3|g1|structured,78.50694065174646,0.6186,75.17755252139716,True,True,False,,True
1,surviving_marked_final,4|grow|rotor|liquid|s3|g2|structured,p1g7_052,7,fa86cb8089d048d0,,True,True,957,p1g7_052_s3,seed3,959,fa86cb8089d048d0,4|grow|mobile|liquid|s3|g2|structured,82.3327196684081,0.6347,78.56017573472647,True,True,False,,True
1,surviving_marked_final,4|constant|drift|liquid|s1|g2|structured,p1g4_065,4,737a7930f383f950,,True,True,957,p1g4_065_s3,seed3,959,737a7930f383f950,4|constant|rotor|liquid|s1|g2|structured,54.97277641089195,0.5061,54.100221128713564,True,True,False,,True
1,surviving_marked_final,4|switch|drift|liquid|s2|g2|mixed,p1g4_070,4,6d7ed414f8dcda9e,,True,True,957,p1g4_070_s2,seed2,958,6d7ed414f8dcda9e,4|switch|rotor|liquid|s1|g2|structured,54.0886729938514,0.1365,46.000938395081114,True,True,False,,True
1,surviving_marked_final,4|switch|rotor|frozen|s1|g2|mixed,p1g4_072,4,74ebfa1656898bcb,,True,True,957,p1g4_072_s3,seed3,959,74ebfa1656898bcb,4|switch|rotor|liquid|s1|g2|structured,51.400467461180924,0.1237,43.59437396894474,True,True,False,,True
1,surviving_marked_final,4|grow|mobile|flicker|s2|g2|mixed,p1g4_009,4,8668a03e7694dbf2,,True,True,957,p1g4_009,screen,957,8668a03e7694dbf2,4|grow|mobile|flicker|s2|g2|mixed,55.124815874610505,0.1174,46.4478526996884,True,True,True,,False
1,surviving_marked_final,1|switch|still|frozen|s1|g2|structured,p1g4_015,4,520c5cfdb13c97f1,,True,True,957,p1g4_015_s3,seed3,959,520c5cfdb13c97f1,2|oscillator|still|frozen|s1|g2|structured,28.32687755566048,0.1121,24.90350204452838,True,True,False,,True
1,surviving_marked_final,3|constant|mobile|liquid|s1|g0|structured,p1g4_025,4,b9171c6f6e80724d,,True,True,957,p1g4_025_s3,seed3,959,b9171c6f6e80724d,3|switch|mobile|liquid|s1|g0|structured,40.71654302501477,0.5512,43.597234420011816,True,True,False,,True
1,surviving_marked_final,4|constant|drift|flicker|s1|g2|mixed,p1g4_029,4,32f473f369bd451d,,True,True,957,p1g4_029,screen,957,32f473f369bd451d,4|constant|drift|flicker|s1|g2|mixed,34.77078654601066,0.0,27.81662923680853,True,True,True,,False
1,surviving_marked_final,2|relaxation|drift|liquid|s1|g2|mixed,p1g4_033,4,b439f6b9ece697bf,,True,True,957,p1g4_033_s3,seed3,959,b439f6b9ece697bf,2|oscillator|drift|liquid|s1|g2|mixed,32.28281878950172,0.0,25.826255031601377,True,True,False,,True
1,surviving_marked_final,1|oscillator|still|frozen|s1|g2|mixed,p1g4_008,4,9286c3282db105b3,,True,True,957,p1g4_008_s3,seed3,959,9286c3282db105b3,2|constant|still|frozen|s1|g2|structured,21.80662799728823,0.0,17.445302397830584,True,True,False,,True
1,surviving_marked_final,3|grow|rotor|liquid|s1|g0|mixed,p1g4_036,4,0b0ba5b42d44000e,,True,True,957,p1g4_036,screen,957,0b0ba5b42d44000e,3|grow|rotor|liquid|s1|g0|mixed,48.3339655386175,0.0,38.667172430894,True,True,True,,False
1,surviving_marked_final,3|switch|rotor|flicker|s1|g2|mixed,p1g4_049,4,bdeaaefe8a5b91e0,,True,True,957,p1g4_049_s3,seed3,959,bdeaaefe8a5b91e0,3|switch|mobile|liquid|s2|g2|mixed,63.02759565065739,0.0,50.422076520525906,True,True,False,,True
1,surviving_marked_final,2|constant|still|gas|s1|g0|mixed,p1g4_081,4,eb7a28007d1372b5,,True,True,957,p1g4_081,screen,957,eb7a28007d1372b5,2|constant|still|gas|s1|g0|mixed,15.337500000000002,0.0,12.270000000000001,True,True,True,,False
1,surviving_marked_final,1|constant|drift|gas|s1|g0|mixed,p1g4_089,4,9586a4c006f109bd,,True,True,957,p1g4_089,screen,957,9586a4c006f109bd,1|constant|drift|gas|s1|g0|mixed,18.763109947967774,0.0,15.010487958374217,True,True,True,,False
1,surviving_marked_final,1|constant|rotor|flicker|s1|g2|structured,p1g4_084,4,773af8b7f3ee2509,,True,True,957,p1g4_084,screen,957,773af8b7f3ee2509,1|constant|rotor|flicker|s1|g2|structured,36.03468580220723,0.0,28.827748641765783,True,True,True,,False
1,surviving_marked_final,3|constant|mobile|flicker|s1|g2|mixed,p1g5_071,5,18af142dbe5e3605,,True,True,957,p1g5_071,screen,957,18af142dbe5e3605,3|constant|mobile|flicker|s1|g2|mixed,33.492535159754595,0.0,26.794028127803674,True,True,True,,False
1,surviving_marked_final,4|constant|rotor|liquid|s1|g2|structured,p1g5_029,5,7ad8fe3763bbce9d,,True,True,957,p1g5_029_s3,seed3,959,7ad8fe3763bbce9d,4|constant|rotor|liquid|s1|g2|structured,67.37558167089394,0.5962,65.82446533671515,True,True,True,,True
1,surviving_marked_final,2|oscillator|still|frozen|s1|g2|mixed,p1g5_041,5,112e33a83ea2ec6f,,True,True,957,p1g5_041_s2,seed2,958,112e33a83ea2ec6f,2|oscillator|still|liquid|s1|g2|mixed,28.701828717671138,0.0,22.96146297413691,True,True,False,,True
1,surviving_marked_final,3|grow|drift|liquid|s1|g2|structured,p1g5_057,5,b4e7b0eff2ea5f52,,True,True,957,p1g5_057,screen,957,b4e7b0eff2ea5f52,3|grow|drift|liquid|s1|g2|structured,58.49694808021664,0.3026,52.849558464173306,True,True,True,,False
1,surviving_marked_final,4|switch|mobile|flicker|s1|g2|structured,p1g5_073,5,44cbd9b3b31970cd,,True,True,957,p1g5_073_s2,seed2,958,44cbd9b3b31970cd,4|switch|rotor|liquid|s1|g2|structured,67.36359800279358,0.4267,62.42487840223487,True,True,False,,True
1,surviving_marked_final,3|oscillator|still|frozen|s1|g1|structured,p1g5_007,5,8682b73f9a4cfc74,,True,True,957,p1g5_007,screen,957,8682b73f9a4cfc74,3|oscillator|still|frozen|s1|g1|structured,18.177625813197334,0.0276,15.094100650557866,True,True,True,,False
1,surviving_marked_final,3|constant|still|liquid|s1|g0|structured,p1g5_001,5,f9fd4b9a9c88ee6a,,True,True,957,p1g5_001,screen,957,f9fd4b9a9c88ee6a,3|constant|still|liquid|s1|g0|structured,22.98630260443376,0.1811,22.011042083547007,True,True,True,,False
1,surviving_marked_final,2|relaxation|rotor|liquid|s1|g2|structured,p1g5_039,5,0070f08b2a432689,,True,True,957,p1g5_039_s3,seed3,959,0070f08b2a432689,2|switch|rotor|liquid|s1|g2|structured,60.744750206324845,0.4884,58.36380016505987,True,True,False,,True
1,surviving_marked_final,2|switch|still|liquid|s1|g2|mixed,p1g5_035,5,e29244634a5b7e5d,,True,True,957,p1g5_035_s2,seed2,958,e29244634a5b7e5d,2|switch|drift|liquid|s1|g2|mixed,46.98238808593602,0.348,44.545910468748815,True,True,False,,True
1,surviving_marked_final,3|constant|still|gas|s1|g2|mixed,p1g5_077,5,c4114e6995927301,,True,True,957,p1g5_077_s3,seed3,959,c4114e6995927301,3|constant|still|flicker|s1|g2|mixed,17.64250003065508,0.0,14.114000024524062,True,True,False,,True
1,surviving_marked_final,3|constant|rotor|flicker|s1|g0|mixed,p1g5_002,5,f8038deeec6cbeb5,,True,True,957,p1g5_002_s3,seed3,959,f8038deeec6cbeb5,3|grow|rotor|liquid|s1|g0|mixed,44.11714418455217,0.0,35.29371534764173,True,True,False,,True
1,surviving_marked_final,4|switch|rotor|liquid|s1|g1|structured,p1g5_012,5,15e9361ea30fcdb3,,True,True,957,p1g5_012,screen,957,15e9361ea30fcdb3,4|switch|rotor|liquid|s1|g1|structured,46.98503950778351,0.382,45.22803160622681,True,True,True,,False
1,surviving_marked_final,4|switch|mobile|liquid|s2|g2|mixed,p1g5_045,5,1637e12ad895f8b1,,True,True,957,p1g5_045,screen,957,1637e12ad895f8b1,4|switch|mobile|liquid|s2|g2|mixed,60.56587331051636,0.0,48.45269864841308,True,True,True,,False
1,surviving_marked_final,3|grow|mobile|flicker|s1|g2|structured,p1g5_048,5,19ce8f5d2f7ec59f,,True,True,957,p1g5_048,screen,957,19ce8f5d2f7ec59f,3|grow|mobile|flicker|s1|g2|structured,67.57545418196469,0.7412,68.88436334557174,True,True,True,,False
1,surviving_marked_final,3|switch|still|liquid|s1|g2|mixed,p1g5_053,5,8e4299986c7764fd,,True,True,957,p1g5_053_s3,seed3,959,8e4299986c7764fd,3|switch|drift|liquid|s1|g2|mixed,53.65632129197633,0.0716,44.357057033581064,True,True,False,,True
1,surviving_marked_final,1|constant|still|flicker|s1|g0|mixed,p1g5_085,5,46b879936ca1f04c,,True,True,957,p1g5_085_s3,seed3,959,46b879936ca1f04c,1|oscillator|still|flicker|s1|g0|mixed,20.532786579700858,0.0,16.426229263760685,True,True,False,,True
1,surviving_marked_final,2|constant|rotor|liquid|s1|g2|structured,p1g5_064,5,e9e5a72b310bd141,,True,True,957,p1g5_064,screen,957,e9e5a72b310bd141,2|constant|rotor|liquid|s1|g2|structured,53.48379468355952,0.4201,51.18903574684761,True,True,True,,False
1,surviving_marked_final,3|grow|rotor|frozen|s1|g2|structured,p1g6_002,6,708d457caaf19f99,,True,True,957,p1g6_002,screen,957,708d457caaf19f99,3|grow|rotor|frozen|s1|g2|structured,54.14792889373382,0.102,45.35834311498705,True,True,True,,False
1,surviving_marked_final,2|constant|mobile|flicker|s1|g2|mixed,p1g6_033,6,21586638a75b5f95,,True,True,957,p1g6_033_s2,seed2,958,21586638a75b5f95,2|constant|mobile|flicker|s1|g2|mixed,33.02025729975379,0.0,26.41620583980303,True,True,True,,True
1,surviving_marked_final,2|grow|mobile|liquid|s1|g1|mixed,p1g6_053,6,87da68345e8008fe,,True,True,957,p1g6_053_s2,seed2,958,87da68345e8008fe,2|grow|mobile|liquid|s1|g1|mixed,49.40091023920776,0.0,39.5207281913662,True,True,True,,True
1,surviving_marked_final,4|grow|drift|flicker|s2|g2|structured,p1g6_006,6,b0ab94830eede339,,True,True,957,p1g6_006_s3,seed3,959,b0ab94830eede339,4|grow|drift|flicker|s2|g2|structured,59.56123893233273,0.4126,55.900991145866186,True,True,True,,True
1,surviving_marked_final,4|switch|still|frozen|s1|g2|mixed,p1g6_008,6,72b641dba8085a1c,,True,True,957,p1g6_008_s2,seed2,958,72b641dba8085a1c,4|switch|drift|liquid|s1|g2|mixed,44.96338316636132,0.1452,38.874706533089046,True,True,False,,True
1,surviving_marked_final,3|switch|still|liquid|s1|g2|structured,p1g6_012,6,249b7297e2ca86db,,True,True,957,p1g6_012_s3,seed3,959,249b7297e2ca86db,3|constant|rotor|liquid|s1|g2|structured,52.33609766288026,0.1545,44.958878130304214,True,True,False,,True
1,surviving_marked_final,4|switch|mobile|flicker|s2|g2|structured,p1g6_060,6,4f87688452df6fde,,True,True,957,p1g6_060_s2,seed2,958,4f87688452df6fde,4|grow|mobile|flicker|s2|g2|structured,66.51311211099281,0.4509,62.228489688794255,True,True,False,,True
1,surviving_marked_final,1|grow|drift|liquid|s1|g2|structured,p1g6_001,6,a2baacc85b31a791,,True,True,957,p1g6_001,screen,957,a2baacc85b31a791,1|grow|drift|liquid|s1|g2|structured,33.27171991680846,0.2271,31.159375933446764,True,True,True,,False
1,surviving_marked_final,1|constant|still|gas|s1|g0|mixed,p1g6_010,6,c9de4b4275cb9d65,,True,True,957,p1g6_010_s3,seed3,959,c9de4b4275cb9d65,1|constant|still|frozen|s1|g0|mixed,4.771875,0.0,3.8175,True,True,False,,True
1,surviving_marked_final,3|grow|mobile|liquid|s1|g1|structured,p1g6_027,6,5cc23599a1bad445,,True,True,957,p1g6_027_s3,seed3,959,5cc23599a1bad445,3|grow|mobile|liquid|s2|g1|structured,72.08519922626536,0.5242,68.15215938101228,True,True,False,,True
1,surviving_marked_final,3|grow|mobile|flicker|s2|g2|mixed,p1g6_020,6,e1c8882bbd971b9c,,True,True,957,p1g6_020,screen,957,e1c8882bbd971b9c,3|grow|mobile|flicker|s2|g2|mixed,50.406306188160244,0.0,40.325044950528195,True,True,True,,False
1,surviving_marked_final,4|grow|mobile|liquid|s2|g0|structured,p1g6_051,6,ae859cef82a541f9,,True,True,957,p1g6_051_s2,seed2,958,ae859cef82a541f9,4|grow|mobile|liquid|s2|g0|structured,65.33782164004184,0.6145,64.56025731203347,True,True,True,,True
1,surviving_marked_final,4|constant|mobile|flicker|s1|g2|mixed,p1g6_071,6,69725706893286e3,,True,True,957,p1g6_071_s2,seed2,958,69725706893286e3,4|constant|mobile|flicker|s1|g2|mixed,40.06552242571092,0.0,32.05241794056873,True,True,True,,True
1,surviving_marked_final,2|constant|drift|flicker|s1|g2|mixed,p1g6_015,6,198fd2e35c3c19ac,,True,True,957,p1g6_015,screen,957,198fd2e35c3c19ac,2|constant|drift|flicker|s1|g2|mixed,36.33921099282856,0.0,29.07136879426285,True,True,True,,False
1,surviving_marked_final,3|constant|drift|flicker|s1|g0|mixed,p1g6_066,6,7c2fc0cb13290533,,True,True,957,p1g6_066_s3,seed3,959,7c2fc0cb13290533,3|constant|drift|flicker|s1|g0|mixed,28.892599019580267,0.0,23.114079215664216,True,True,True,,True
1,surviving_marked_final,2|oscillator|still|flicker|s1|g0|mixed,p1g6_041,6,e4f5c10674e021e9,,True,True,957,p1g6_041_s3,seed3,959,e4f5c10674e021e9,2|switch|still|flicker|s1|g0|mixed,21.83418008265206,0.0,17.467344066121647,True,True,False,,True
1,surviving_marked_final,2|grow|mobile|liquid|s1|g0|mixed,p1g7_004,7,6d98b934cd0ce414,,True,True,957,p1g7_004,screen,957,6d98b934cd0ce414,2|grow|mobile|liquid|s1|g0|mixed,31.674763142180318,0.0,25.339810513744254,True,True,True,,False
1,surviving_marked_final,3|oscillator|still|frozen|s1|g2|mixed,p1g7_068,7,6b6a22062749efd1,,True,True,957,p1g7_068_s3,seed3,959,6b6a22062749efd1,3|switch|still|liquid|s1|g2|mixed,45.18976397975791,0.1631,39.41381118380633,True,True,False,,True
1,surviving_marked_final,3|grow|rotor|liquid|s2|g2|mixed,p1g7_061,7,856eddbeaa61be9a,,True,True,957,p1g7_061_s2,seed2,958,856eddbeaa61be9a,3|grow|rotor|liquid|s3|g2|structured,68.75583719577241,0.4493,63.99066975661793,True,True,False,,True
1,surviving_marked_final,2|switch|mobile|liquid|s1|g0|mixed,p1g7_012,7,7dd4abb4761fea51,,True,True,957,p1g7_012_s3,seed3,959,7dd4abb4761fea51,2|switch|mobile|liquid|s1|g0|mixed,38.345982054160515,0.0,30.676785643328408,True,True,True,,True
1,surviving_marked_final,3|grow|drift|liquid|s1|g2|mixed,p1g7_019,7,bf8bbd9ae45b0890,,True,True,957,p1g7_019,screen,957,bf8bbd9ae45b0890,3|grow|drift|liquid|s1|g2|mixed,47.23154167262394,0.1304,40.39323333809915,True,True,True,,False
1,surviving_marked_final,2|constant|drift|flicker|s1|g0|mixed,p1g7_066,7,8bd523c265dd37b3,,True,True,957,p1g7_066_s2,seed2,958,8bd523c265dd37b3,2|constant|still|liquid|s1|g0|mixed,18.10114381991406,0.0,14.480915055931249,True,True,False,,True
1,surviving_marked_final,4|grow|mobile|flicker|s1|g0|mixed,p1g7_005,7,739009a35470caad,,True,True,957,p1g7_005_s3,seed3,959,739009a35470caad,4|grow|mobile|flicker|s1|g0|mixed,50.67304032002999,0.3326,47.190432256023996,True,True,True,,True
1,surviving_marked_final,2|switch|rotor|liquid|s1|g2|mixed,p1g7_056,7,a2ee49e1e3f04f01,,True,True,957,p1g7_056_s3,seed3,959,a2ee49e1e3f04f01,2|switch|rotor|liquid|s1|g2|structured,39.93234932265703,0.1017,33.97987945812562,True,True,False,,True
2,initial_gen7_archive,3|grow|rotor|liquid|s2|g2,p6g8_033,0,27a2960d05f47297,,True,False,,p6g8_033_c9,c9fill,958,27a2960d05f47297,3|grow|rotor|liquid|s1|g2|structured,63.629906347325495,0.4314,63.629906347325495,True,True,False,,
2,initial_gen7_archive,4|grow|mobile|liquid|s3|g2,p3g9_022,0,9a815b4bb1db78ea,,True,False,,p3g9_022_c9,c9fill,958,9a815b4bb1db78ea,4|grow|mobile|liquid|s2|g2|structured,73.1473176292035,0.5783,73.1473176292035,True,True,False,,
2,initial_gen7_archive,4|grow|rotor|liquid|s3|g2,p2g7_039,0,fa86cb8089d048d0,,True,False,,p2g7_039_s3,seed3,966,fa86cb8089d048d0,4|grow|mobile|liquid|s2|g2|structured,75.64387364710484,0.5627,71.76909891768386,True,True,False,,
2,initial_gen7_archive,3|switch|rotor|liquid|s2|g2,p6g7_028,0,99843d9cd96588d6,,True,False,,p6g7_028_c9,c9fill,958,99843d9cd96588d6,3|switch|rotor|liquid|s1|g2|structured,59.71568137197157,0.3449,59.71568137197157,True,True,False,,
2,initial_gen7_archive,3|grow|mobile|liquid|s2|g2,p6g9_021,0,b310fbfc5cac334e,,True,False,,p6g9_021_c9,c9fill,958,b310fbfc5cac334e,3|grow|mobile|liquid|s1|g2|structured,61.83413596264567,0.4374,61.83413596264567,True,True,False,,
2,initial_gen7_archive,3|switch|mobile|liquid|s2|g2,p6g5_026,0,ead25ce87e4b853d,,True,False,,p6g5_026_c9,c9fill,958,ead25ce87e4b853d,3|grow|mobile|liquid|s1|g2|structured,54.62950137581618,0.2116,54.62950137581618,True,True,False,,
2,initial_gen7_archive,4|grow|mobile|liquid|s3|g1,p3g6_032,0,3e9e387b61a8cb22,,True,False,,p3g6_032_c9,c9fill,958,3e9e387b61a8cb22,4|grow|mobile|liquid|s2|g1|structured,59.058440408256686,0.3847,59.058440408256686,True,True,False,,
2,initial_gen7_archive,3|grow|rotor|liquid|s3|g2,p2g6_020,0,489530b94bd868b0,,True,False,,p2g6_020,screen,964,1cd25e1fb85243c5,4|switch|mobile|liquid|s1|g2|structured,64.00827665296384,0.5047,61.30062132237107,False,False,False,,
2,initial_gen7_archive,4|grow|mobile|liquid|s2|g1,p1g7_025,0,07854843ba8e93b1,,True,False,,p1g7_025_c9,c9fill,958,07854843ba8e93b1,3|grow|mobile|liquid|s3|g1|structured,68.7561060201055,0.4942,68.7561060201055,True,True,False,,
2,initial_gen7_archive,4|switch|mobile|liquid|s3|g2,p5g3_040,0,dabace1997467b68,,True,False,,p5g3_040_c9,c9fill,958,dabace1997467b68,4|switch|rotor|liquid|s1|g2|structured,70.32163508216985,0.5592,70.32163508216985,True,True,False,,
2,initial_gen7_archive,4|switch|rotor|liquid|s1|g2,p1g7_030,0,d2ee337cb598d2ef,,True,False,,p1g7_030_c9,c9fill,958,d2ee337cb598d2ef,4|switch|mobile|liquid|s1|g2|structured,61.58149744154197,0.4902,61.58149744154197,True,True,False,,
2,initial_gen7_archive,4|grow|mobile|liquid|s2|g2,p5g7_040,0,83b42c8f4ca19485,,True,False,,p5g7_040_c9,c9fill,958,83b42c8f4ca19485,4|grow|mobile|liquid|s1|g2|structured,70.82782256480832,0.5828,70.82782256480832,True,True,False,,
2,initial_gen7_archive,4|grow|rotor|liquid|s3|g1,p4g3_033,0,4ca14697d3781ef6,,True,False,,p4g3_033_c9,c9fill,958,4ca14697d3781ef6,4|grow|rotor|liquid|s3|g1|structured,67.44834084729975,0.4531,67.44834084729975,True,True,False,,
2,initial_gen7_archive,3|grow|mobile|liquid|s3|g2,p3g9_020,0,4b6edf7bed2ff135,,True,False,,p3g9_020_c9,c9fill,958,4b6edf7bed2ff135,3|grow|mobile|liquid|s3|g2|structured,69.22875739080237,0.4984,69.22875739080237,True,True,False,,
2,initial_gen7_archive,3|grow|rotor|liquid|s1|g2,p6g7_035,0,b3ca2cf65a12bd89,,True,False,,p6g7_035_c9,c9fill,958,b3ca2cf65a12bd89,3|switch|rotor|liquid|s1|g2|structured,68.24352075068528,0.4735,68.24352075068528,True,True,False,,
2,initial_gen7_archive,4|grow|mobile|liquid|s1|g2,p3g3_038,0,0c49060d9652323f,,True,False,,p3g3_038_c9,c9fill,958,0c49060d9652323f,4|switch|mobile|liquid|s1|g2|structured,63.200141543855686,0.4395,63.200141543855686,True,True,False,,
2,initial_gen7_archive,4|switch|rotor|liquid|s2|g2,p4g2_044,0,173f84b80256caeb,,True,False,,p4g2_044_c9,c9fill,958,173f84b80256caeb,4|grow|rotor|liquid|s1|g2|mixed,43.846666546042634,0.0,43.846666546042634,True,True,False,,
2,initial_gen7_archive,4|grow|rotor|liquid|s2|g2,p1g2_020,0,07440dda3d77d9a9,,True,False,,p1g2_020_c9,c9fill,958,07440dda3d77d9a9,4|grow|rotor|liquid|s2|g2|structured,61.437570064017144,0.3545,61.437570064017144,True,True,False,,
2,initial_gen7_archive,4|switch|mobile|liquid|s1|g2,p6g6_032,0,e85f4b309db0d245,,True,False,,p6g6_032_c9,c9fill,958,e85f4b309db0d245,4|switch|rotor|liquid|s1|g2|structured,71.20858786655859,0.5532,71.20858786655859,True,True,False,,
2,initial_gen7_archive,4|grow|rotor|liquid|s1|g2,p6g8_020,0,3f6f5093e8b0e1db,,True,False,,p6g8_020_c9,c9fill,958,3f6f5093e8b0e1db,4|switch|mobile|liquid|s1|g2|structured,60.27988691170631,0.4432,60.27988691170631,True,True,False,,
2,initial_gen7_archive,4|switch|mobile|liquid|s2|g2,p3g7_046,0,3a2135c4e6a392e2,,True,False,,p3g7_046_c9,c9fill,958,3a2135c4e6a392e2,4|grow|rotor|liquid|s1|g2|mixed,45.6818887031738,0.0,45.6818887031738,True,True,False,,
2,initial_gen7_archive,4|grow|rotor|flicker|s3|g2,p2g3_073,0,6da2f3231522e927,,True,False,,p2g3_073_s2,seed2,965,97de45f90d6ebef4,4|grow|rotor|liquid|s1|g2|structured,72.4242894620836,0.4562,67.06343156966689,False,False,False,,
2,initial_gen7_archive,3|grow|mobile|liquid|s1|g2,p6g2_039,0,7019b4263417a389,,True,False,,p6g2_039_c9,c9fill,958,7019b4263417a389,3|switch|mobile|liquid|s1|g2|structured,67.71866104433175,0.6178,67.71866104433175,True,True,False,,
2,initial_gen7_archive,3|grow|mobile|liquid|s3|g1,p4g5_040,0,66a64dfb975fcdc6,,True,False,,p4g5_040_c9,c9fill,958,66a64dfb975fcdc6,3|grow|mobile|liquid|s1|g1|structured,50.86482200476286,0.3235,50.86482200476286,True,True,False,,
2,initial_gen7_archive,4|grow|drift|liquid|s2|g2,p2g1_040,0,eef1806b5f1e0089,,True,False,,p2g1_040_c9,c9fill,958,eef1806b5f1e0089,3|grow|mobile|liquid|s3|g2|structured,52.623656874967665,0.2685,52.623656874967665,True,True,False,,
2,initial_gen7_archive,4|grow|rotor|liquid|s2|g1,p1g7_032,0,f0c0d4119fa77126,,True,False,,p1g7_032_c9,c9fill,958,f0c0d4119fa77126,4|grow|mobile|liquid|s1|g1|structured,56.52280179746828,0.3426,56.52280179746828,True,True,False,,
2,initial_gen7_archive,4|switch|mobile|liquid|s1|g1,p6g3_033,0,45d84b9a9c2d5329,,True,False,,p6g3_033_c9,c9fill,958,45d84b9a9c2d5329,4|switch|mobile|liquid|s1|g1|structured,62.922993019938566,0.623,62.922993019938566,True,True,False,,
2,initial_gen7_archive,3|switch|mobile|liquid|s1|g2,p3g7_014,0,bb89c8e401f4f69a,,True,False,,p3g7_014_c9,c9fill,958,bb89c8e401f4f69a,3|switch|mobile|liquid|s1|g2|structured,63.412215659386675,0.5422,63.412215659386675,True,True,False,,
2,initial_gen7_archive,4|grow|mobile|flicker|s2|g2,p2g5_023,0,84ec665a3a51196b,,True,False,,p2g5_023,screen,964,95a88a754c64494b,3|grow|mobile|liquid|s1|g2|structured,54.90825983739417,0.2703,49.33260786991533,False,False,False,,
2,initial_gen7_archive,3|switch|rotor|liquid|s1|g2,p3g8_042,0,669ecc8e806a412c,,True,False,,p3g8_042_c9,c9fill,958,669ecc8e806a412c,3|grow|rotor|liquid|s1|g2|structured,54.87782549163181,0.342,54.87782549163181,True,True,False,,
2,initial_gen7_archive,4|grow|rotor|flicker|s2|g2,p6g4_021,0,f1d619e4608e8429,,True,False,,p6g4_021_c9,c9fill,958,f1d619e4608e8429,4|grow|rotor|liquid|s2|g2|structured,68.86949018863848,0.5281,68.86949018863848,True,True,False,,
2,initial_gen7_archive,4|grow|mobile|liquid|s3|g0,p6g2_022,0,4822df84bbe8edf6,,True,False,,p6g2_022_c9,c9fill,958,4822df84bbe8edf6,4|grow|mobile|liquid|s3|g0|structured,66.74285798525841,0.5386,66.74285798525841,True,True,False,,
2,initial_gen7_archive,4|grow|drift|liquid|s1|g2,p2g4_020,0,36456c27fa9e9db9,,True,False,,p2g4_020,screen,964,3868b359bed4a6eb,4|switch|rotor|liquid|s1|g2|structured,52.66828762998688,0.5963,54.0606301039895,False,False,False,,
2,initial_gen7_archive,4|grow|rotor|liquid|s1|g1,p3g7_015,0,b6669fc876a2db67,,True,False,,p3g7_015_c9,c9fill,958,b6669fc876a2db67,4|switch|rotor|liquid|s1|g1|structured,61.26721644714253,0.4979,61.26721644714253,True,True,False,,
2,initial_gen7_archive,4|constant|rotor|liquid|s1|g2,p6g7_067,0,070d384c430a8e0f,,True,False,,p6g7_067_c9,c9fill,958,070d384c430a8e0f,4|constant|rotor|liquid|s1|g2|structured,66.58319448993882,0.615,66.58319448993882,True,True,False,,
2,initial_gen7_archive,4|switch|rotor|flicker|s1|g2,p4g7_062,0,99904c4c71c802f0,,True,False,,p4g7_062_c9,c9fill,958,99904c4c71c802f0,4|switch|rotor|flicker|s1|g2|mixed,44.15976631123361,0.0,44.15976631123361,True,True,False,,
2,initial_gen7_archive,4|grow|mobile|liquid|s1|g1,p3g5_003,0,a8588ddb13332b62,,True,False,,p3g5_003_c9,c9fill,958,a8588ddb13332b62,4|switch|mobile|liquid|s1|g1|structured,69.58846942067028,0.6252,69.58846942067028,True,True,False,,
2,initial_gen7_archive,3|grow|mobile|liquid|s2|g1,p6g1_023,0,b52d5d7da8ee6179,,True,False,,p6g1_023_c9,c9fill,958,b52d5d7da8ee6179,3|grow|mobile|liquid|s2|g1|structured,64.34465968680303,0.4685,64.34465968680303,True,True,False,,
2,initial_gen7_archive,4|switch|mobile|liquid|s2|g1,p1g3_035,0,a065779eaf3df961,,True,False,,p1g3_035_c9,c9fill,958,a065779eaf3df961,4|switch|rotor|liquid|s1|g1|structured,60.1835773735872,0.4838,60.1835773735872,True,True,False,,
2,initial_gen7_archive,2|grow|rotor|liquid|s1|g2,p2g4_062,0,37e5bf4d92c4be41,,True,False,,p2g4_062,screen,964,f78b00513c33a9a3,3|switch|rotor|liquid|s1|g2|structured,64.53379767733584,0.5238,62.10303814186868,False,False,False,,
2,initial_gen7_archive,2|grow|mobile|liquid|s1|g2,p2g4_053,0,8f894fb7b2f207f4,,True,False,,p2g4_053,screen,964,fa86cb8089d048d0,4|grow|rotor|liquid|s2|g2|structured,69.66296250923027,0.4625,64.98037000738421,False,False,False,,
2,initial_gen7_archive,2|grow|mobile|liquid|s2|g2,p2g2_038,0,ad835d9583d074b2,,True,False,,p2g2_038_s3,seed3,966,ad835d9583d074b2,2|grow|rotor|liquid|s2|g2|structured,62.18378093828494,0.2611,54.96902475062794,True,True,False,,
2,initial_gen7_archive,4|switch|mobile|flicker|s1|g2,p2g2_070,0,3403b1a691db96ea,,True,False,,p2g2_070_s2,seed2,965,2ccd2e15c8fa6fb9,4|switch|mobile|liquid|s1|g2|structured,69.77567388869726,0.5843,67.5065391109578,False,False,False,,
2,initial_gen7_archive,3|switch|mobile|flicker|s1|g2,p4g1_018,0,bdeaaefe8a5b91e0,,True,False,,p4g1_018_c9,c9fill,958,bdeaaefe8a5b91e0,3|switch|rotor|flicker|s2|g2|mixed,51.926001771317075,0.1436,51.926001771317075,True,True,False,,
2,initial_gen7_archive,4|grow|mobile|flicker|s1|g2,p2g4_030,0,ca21e100b2dea0c3,,True,False,,p2g4_030_s3,seed3,966,ca21e100b2dea0c3,4|grow|rotor|flicker|s3|g2|mixed,65.56042293134801,0.188,56.2083383450784,True,True,False,,
2,initial_gen7_archive,2|grow|rotor|liquid|s2|g2,p6g5_025,0,c53633b366a18482,,True,False,,p6g5_025_c9,c9fill,958,c53633b366a18482,2|grow|rotor|liquid|s1|g2|structured,48.58148429204117,0.279,48.58148429204117,True,True,False,,
2,initial_gen7_archive,3|oscillator|mobile|liquid|s1|g2,p6g10_024,0,2a7ac9f64d6ef179,,True,False,,p6g10_024_c9,c9fill,958,2a7ac9f64d6ef179,3|oscillator|mobile|liquid|s1|g2|structured,60.344474915932764,0.489,60.344474915932764,True,True,False,,
2,initial_gen7_archive,2|switch|rotor|flicker|s1|g2,p5g8_014,0,60fd1da794635589,,True,False,,p5g8_014_c9,c9fill,958,60fd1da794635589,2|switch|rotor|flicker|s1|g2|structured,65.07025377691151,0.5609,65.07025377691151,True,True,False,,
2,initial_gen7_archive,3|grow|mobile|liquid|s1|g1,p3g9_021,0,d2673ccaa565671c,,True,False,,p3g9_021_c9,c9fill,958,d2673ccaa565671c,3|grow|mobile|liquid|s1|g1|mixed,42.383926358102705,0.0,42.383926358102705,True,True,False,,
2,initial_gen7_archive,3|switch|rotor|flicker|s1|g2,p2g4_041,0,794646053eadd329,,True,False,,p2g4_041,screen,964,61edc1e3803867c8,3|constant|mobile|flicker|s1|g2|mixed,41.537727697426504,0.0,33.2301821579412,False,False,False,,
2,initial_gen7_archive,4|switch|rotor|liquid|s1|g1,p6g1_040,0,8e82b34b98815d51,,True,False,,p6g1_040_c9,c9fill,958,8e82b34b98815d51,4|switch|mobile|liquid|s1|g1|structured,66.62005532598099,0.5245,66.62005532598099,True,True,False,,
2,initial_gen7_archive,3|switch|mobile|liquid|s1|g1,p3g6_036,0,dc62120b0c212700,,True,False,,p3g6_036_c9,c9fill,958,dc62120b0c212700,3|switch|rotor|liquid|s1|g1|structured,56.30313848717671,0.4727,56.30313848717671,True,True,False,,
2,initial_gen7_archive,3|grow|rotor|liquid|s2|g1,p4g7_003,0,0c6b5140622c9518,,True,False,,p4g7_003_c9,c9fill,958,0c6b5140622c9518,3|grow|rotor|liquid|s3|g1|structured,60.642330463719276,0.4479,60.642330463719276,True,True,False,,
2,initial_gen7_archive,4|grow|rotor|flicker|s1|g2,p6g8_068,0,0ae569d76c7ad4e0,,True,False,,p6g8_068_c9,c9fill,958,0ae569d76c7ad4e0,4|switch|rotor|flicker|s1|g2|structured,56.726079592029414,0.3282,56.726079592029414,True,True,False,,
2,initial_gen7_archive,4|switch|mobile|liquid|s2|g0,p4g3_022,0,c12ecee8c627b141,,True,False,,p4g3_022_c9,c9fill,958,c12ecee8c627b141,4|switch|rotor|flicker|s1|g0|structured,53.07433582529313,0.5061,53.07433582529313,True,True,False,,
2,initial_gen7_archive,3|grow|rotor|frozen|s1|g2,p0g0_ds2g11_009,0,bbe92b88e108906a,,True,False,,p0g0_ds2g11_009_c9,c9fill,958,bbe92b88e108906a,3|grow|rotor|liquid|s1|g2|structured,44.068060920475105,0.1295,44.068060920475105,True,True,False,,
2,initial_gen7_archive,4|oscillator|rotor|liquid|s1|g2,p5g5_010,0,53fda5eb68268f1f,,True,False,,p5g5_010_c9,c9fill,958,53fda5eb68268f1f,4|switch|mobile|liquid|s1|g2|structured,62.673581046531275,0.5375,62.673581046531275,True,True,False,,
2,initial_gen7_archive,3|switch|drift|flicker|s1|g2,p6g7_013,0,e65ef70dd49605a1,,True,False,,p6g7_013_c9,c9fill,958,e65ef70dd49605a1,3|switch|mobile|flicker|s1|g2|structured,55.29543001378467,0.4345,55.29543001378467,True,True,False,,
2,initial_gen7_archive,3|oscillator|drift|liquid|s2|g2,p3g6_070,0,0754aa976555d950,,True,False,,p3g6_070_c9,c9fill,958,0754aa976555d950,3|grow|mobile|liquid|s1|g2|structured,56.06548278600514,0.4507,56.06548278600514,True,True,False,,
2,initial_gen7_archive,3|grow|rotor|flicker|s2|g2,p2g6_031,0,84226d894db71e93,,True,False,,p2g6_031,screen,964,b2edf1a5811fbe08,3|switch|mobile|liquid|s1|g2|structured,66.15113046542302,0.4273,61.46690437233841,False,False,False,,
2,initial_gen7_archive,2|grow|mobile|liquid|s2|g1,p3g6_061,0,87da68345e8008fe,,True,False,,p3g6_061_c9,c9fill,958,87da68345e8008fe,2|grow|mobile|liquid|s1|g1|mixed,39.5207281913662,0.0,39.5207281913662,True,True,False,,
2,initial_gen7_archive,3|switch|drift|liquid|s1|g2,p4g4_018,0,c85255378879551c,,True,False,,p4g4_018_c9,c9fill,958,c85255378879551c,3|switch|drift|flicker|s1|g2|mixed,43.90616830720362,0.1749,43.90616830720362,True,True,False,,
2,initial_gen7_archive,3|grow|mobile|liquid|s3|g0,p0g0_ds2g11_006,0,2dd6dbf38ed8f991,,True,False,,p0g0_ds2g11_006_c9,c9fill,958,2dd6dbf38ed8f991,3|grow|mobile|liquid|s1|g0|structured,54.332212633446474,0.5347,54.332212633446474,True,True,False,,
2,initial_gen7_archive,3|constant|rotor|flicker|s1|g2,p1g6_065,0,6ffe5602270e02e4,,True,False,,p1g6_065_c9,c9fill,958,6ffe5602270e02e4,3|switch|drift|liquid|s1|g2|structured,52.47891492810717,0.438,52.47891492810717,True,True,False,,
2,initial_gen7_archive,3|grow|rotor|liquid|s1|g0,p2g2_023,0,18fb4a511bd5fd41,,True,False,,p2g2_023_s2,seed2,965,7fa13f78a42abf98,2|switch|mobile|liquid|s2|g2|structured,60.59308669147416,0.2103,52.68046935317933,False,False,False,,
2,initial_gen7_archive,4|switch|rotor|flicker|s1|g1,p6g5_019,0,0477d3f126e0b4df,,True,False,,p6g5_019_c9,c9fill,958,0477d3f126e0b4df,4|switch|mobile|flicker|s1|g1|structured,64.08751213671388,0.5654,64.08751213671388,True,True,False,,
2,initial_gen7_archive,2|switch|mobile|flicker|s1|g2,p10g0_ds6_000,0,5ddef2bb7950303b,,True,False,,p10g0_ds6_000_c9,c9fill,958,5ddef2bb7950303b,2|switch|mobile|flicker|s1|g2|structured,61.79334168837479,0.5586,61.79334168837479,True,True,False,,
2,initial_gen7_archive,2|switch|mobile|liquid|s1|g2,p4g5_070,0,8944dc72cebaf556,,True,False,,p4g5_070_c9,c9fill,958,8944dc72cebaf556,1|switch|mobile|gas|s1|g2|mixed,19.082711876453626,0.0,19.082711876453626,True,True,False,,
2,initial_gen7_archive,2|switch|rotor|liquid|s1|g2,p1g2_008,0,6aef37d09adb821c,,True,False,,p1g2_008_c9,c9fill,958,6aef37d09adb821c,2|switch|mobile|liquid|s1|g2|structured,59.5337117778859,0.4855,59.5337117778859,True,True,False,,
2,initial_gen7_archive,4|grow|rotor|liquid|s1|g0,p5g3_062,0,6588fedcc859d014,,True,False,,p5g3_062_c9,c9fill,958,6588fedcc859d014,4|grow|rotor|flicker|s1|g0|mixed,39.16980429608196,0.0,39.16980429608196,True,True,False,,
2,initial_gen7_archive,4|switch|drift|liquid|s1|g2,p4g7_057,0,8c1b8d558ff3eab5,,True,False,,p4g7_057_c9,c9fill,958,8c1b8d558ff3eab5,4|switch|rotor|liquid|s1|g2|mixed,47.225683623393444,0.0,47.225683623393444,True,True,False,,
2,initial_gen7_archive,3|grow|drift|liquid|s1|g2,p5g4_065,0,ec92b73fbd3a436f,,True,False,,p5g4_065_c9,c9fill,958,ec92b73fbd3a436f,4|grow|mobile|liquid|s2|g2|mixed,50.42467120755935,0.0,50.42467120755935,True,True,False,,
2,initial_gen7_archive,3|switch|mobile|liquid|s2|g0,p6g9_040,0,199b006fd66f13fb,,True,False,,p6g9_040_c9,c9fill,958,199b006fd66f13fb,3|switch|rotor|flicker|s1|g0|structured,49.90822674855221,0.4933,49.90822674855221,True,True,False,,
2,initial_gen7_archive,4|grow|rotor|frozen|s1|g2,p2g6_001,0,b10ebb5bb2a75e70,,True,False,,p2g6_001,screen,964,48e236252e0117e2,3|switch|mobile|liquid|s1|g2|mixed,43.20868136085235,0.0,34.566945088681884,False,False,False,,
2,initial_gen7_archive,4|switch|mobile|liquid|s1|g0,p6g9_024,0,13d71fd1241f9ebc,,True,False,,p6g9_024_c9,c9fill,958,13d71fd1241f9ebc,4|switch|mobile|flicker|s1|g0|structured,53.046753431953675,0.5107,53.046753431953675,True,True,False,,
2,initial_gen7_archive,4|grow|still|frozen|s2|g2,p2g4_015,0,04a0f0e5eb95cb51,,True,False,,p2g4_015_s2,seed2,965,a04fca4ed04a8fd9,2|switch|mobile|liquid|s1|g2|structured,58.03796234125702,0.4212,54.85436987300561,False,False,False,,
2,initial_gen7_archive,3|switch|mobile|flicker|s1|g1,p3g9_000,0,91d0de9a698b42f1,,True,False,,p3g9_000_c9,c9fill,958,91d0de9a698b42f1,3|switch|mobile|liquid|s1|g1|structured,62.82156980148203,0.6078,62.82156980148203,True,True,False,,
2,initial_gen7_archive,4|switch|drift|flicker|s1|g2,p4g4_007,0,51de7cd26fa902e8,,True,False,,p4g4_007_c9,c9fill,958,51de7cd26fa902e8,4|constant|drift|liquid|s1|g2|mixed,35.41832053142121,0.0,35.41832053142121,True,True,False,,
2,initial_gen7_archive,4|switch|still|liquid|s1|g2,p3g8_049,0,7abceff1a41774bf,,True,False,,p3g8_049_c9,c9fill,958,7abceff1a41774bf,4|oscillator|still|liquid|s1|g2|mixed,35.504523202506086,0.0,35.504523202506086,True,True,False,,
2,initial_gen7_archive,4|oscillator|mobile|liquid|s2|g0,p1g2_008,0,a19e1629a9d1fb98,,True,False,,p1g2_008_c9,c9fill,958,6aef37d09adb821c,2|switch|mobile|liquid|s1|g2|structured,59.5337117778859,0.4855,59.5337117778859,False,False,False,,
2,initial_gen7_archive,3|grow|mobile|liquid|s1|g0,p1g2_021,0,67cf8460076bdd5b,,True,False,,p1g2_021_c9,c9fill,958,67cf8460076bdd5b,3|grow|rotor|liquid|s2|g0|structured,51.74224903689269,0.2973,51.74224903689269,True,True,False,,
2,initial_gen7_archive,3|grow|still|frozen|s2|g2,p2g4_069,0,ae9d1473551424c6,,True,False,,p2g4_069,screen,964,929650f101dbb962,4|switch|mobile|liquid|s1|g2|structured,59.9204426933199,0.4744,57.424354154655916,False,False,False,,
2,initial_gen7_archive,2|grow|mobile|flicker|s1|g2,p6g8_061,0,0849acc60943ebb4,,True,False,,p6g8_061_c9,c9fill,958,0849acc60943ebb4,1|grow|still|gas|s2|g2|mixed,16.475230087739817,0.0,16.475230087739817,True,True,False,,
2,initial_gen7_archive,3|grow|still|liquid|s1|g2,p4g2_028,0,9ccfc2ac9c92bba2,,True,False,,p4g2_028_c9,c9fill,958,9ccfc2ac9c92bba2,3|oscillator|still|liquid|s1|g2|mixed,43.42429478254007,0.1548,43.42429478254007,True,True,False,,
2,initial_gen7_archive,2|grow|rotor|liquid|s1|g0,p6g1_043,0,cb8ca5f66af9944a,,True,False,,p6g1_043_c9,c9fill,958,cb8ca5f66af9944a,2|switch|mobile|liquid|s2|g0|structured,53.68280018523739,0.5206,53.68280018523739,True,True,False,,
2,initial_gen7_archive,3|grow|mobile|liquid|s2|g0,p1g2_034,0,65ee88a4e85ee72d,,True,False,,p1g2_034_c9,c9fill,958,65ee88a4e85ee72d,3|grow|rotor|liquid|s2|g0|structured,58.98752953210162,0.4749,58.98752953210162,True,True,False,,
2,initial_gen7_archive,3|oscillator|mobile|flicker|s1|g2,p6g3_008,0,6fdabba5eb65047e,,True,False,,p6g3_008_c9,c9fill,958,6fdabba5eb65047e,3|switch|mobile|flicker|s1|g2|structured,60.071216186275066,0.5275,60.071216186275066,True,True,False,,
2,initial_gen7_archive,4|oscillator|drift|liquid|s1|g2,p6g7_054,0,c3395cc4794da758,,True,False,,p6g7_054_c9,c9fill,958,c3395cc4794da758,4|oscillator|drift|liquid|s1|g2|mixed,32.61085237286603,0.0,32.61085237286603,True,True,False,,
2,initial_gen7_archive,3|switch|still|liquid|s1|g2,p5g8_007,0,8e4299986c7764fd,,True,False,,p5g8_007_c9,c9fill,958,8e4299986c7764fd,3|switch|still|flicker|s1|g2|mixed,37.563388403547826,0.0,37.563388403547826,True,True,False,,
2,initial_gen7_archive,3|grow|rotor|liquid|s2|g0,p4g1_037,0,51d3ff7d5b99699d,,True,False,,p4g1_037_c9,c9fill,958,51d3ff7d5b99699d,3|grow|rotor|liquid|s1|g0|structured,52.157556890950616,0.5921,52.157556890950616,True,True,False,,
2,initial_gen7_archive,4|grow|mobile|liquid|s1|g0,p1g7_023,0,ae859cef82a541f9,,True,False,,p1g7_023_c9,c9fill,958,ae859cef82a541f9,4|grow|mobile|liquid|s2|g0|structured,64.56025731203347,0.6145,64.56025731203347,True,True,False,,
2,initial_gen7_archive,4|grow|drift|frozen|s1|g2,p1g5_022,0,e0c477a1df493566,,True,False,,p1g5_022_c9,c9fill,958,e0c477a1df493566,4|grow|drift|liquid|s1|g2|structured,37.75037360590915,0.0954,37.75037360590915,True,True,False,,
2,initial_gen7_archive,4|switch|rotor|liquid|s2|g1,p2g7_010,0,8ca54a0a2e5f9221,,True,False,,p2g7_010_c9,c9fill,958,8ca54a0a2e5f9221,4|grow|rotor|liquid|s2|g1|mixed,46.12725811515459,0.2282,46.12725811515459,True,True,False,,
2,initial_gen7_archive,2|grow|drift|liquid|s1|g2,p6g9_038,0,812d5ab5168659a9,,True,False,,p6g9_038_c9,c9fill,958,812d5ab5168659a9,2|grow|drift|liquid|s1|g2|structured,40.03023394587095,0.1241,40.03023394587095,True,True,False,,
2,initial_gen7_archive,3|grow|drift|frozen|s1|g2,p0g1_055,0,b8443088cbf6a776,,True,False,,p0g1_055_c9,c9fill,958,b8443088cbf6a776,4|grow|rotor|liquid|s1|g2|structured,53.24484269167033,0.2056,53.24484269167033,True,True,False,,
2,initial_gen7_archive,4|constant|rotor|flicker|s1|g2,p5g6_021,0,f6f348579074846d,,True,False,,p5g6_021_c9,c9fill,958,f6f348579074846d,4|constant|rotor|flicker|s1|g2|mixed,37.71804190901993,0.0,37.71804190901993,True,True,False,,
2,initial_gen7_archive,3|grow|drift|liquid|s2|g2,p2g2_041,0,6d69c834bff5afd0,,True,False,,p2g2_041,screen,964,2c35048f8d3575ac,3|constant|drift|liquid|s1|g2|mixed,38.950523587011396,0.0,31.160418869609117,False,False,False,,
2,initial_gen7_archive,2|switch|mobile|liquid|s2|g2,p2g4_002,0,bcc3072a07e51f96,,True,False,,p2g4_002_s2,seed2,965,583c31fd9c9b98d6,4|switch|mobile|liquid|s1|g2|structured,72.24958960061785,0.6018,69.83567168049427,False,False,False,,
2,initial_gen7_archive,3|constant|mobile|flicker|s1|g2,p3g5_061,0,c63ba0e852b7880c,,True,False,,p3g5_061_c9,c9fill,958,c63ba0e852b7880c,3|constant|mobile|flicker|s1|g2|mixed,33.04241836811027,0.0,33.04241836811027,True,True,False,,
2,initial_gen7_archive,4|grow|mobile|flicker|s3|g0,p6g9_022,0,36e4056a5ff9fa8c,,True,False,,p6g9_022_c9,c9fill,958,36e4056a5ff9fa8c,4|switch|rotor|liquid|s1|g0|structured,38.523041093695106,0.3408,38.523041093695106,True,True,False,,
2,initial_gen7_archive,4|switch|mobile|liquid|s1|g2|economy,p2g1_054,1,eef1806b5f1e0089,,True,True,964,p2g1_054,screen,964,eef1806b5f1e0089,4|switch|mobile|liquid|s1|g2|economy,63.728,0.4112,59.206782753616196,True,True,True,,False
2,initial_gen7_archive,3|switch|mobile|liquid|s1|g2|economy,p2g1_051,1,27a2960d05f47297,,True,True,964,p2g1_051_s2,seed2,965,27a2960d05f47297,3|switch|rotor|liquid|s1|g2|structured,71.75258520963418,0.3381,64.16406816770734,True,True,False,,True
2,initial_gen7_archive,4|switch|mobile|liquid|s1|g1|economy,p2g1_053,1,45d84b9a9c2d5329,,True,True,964,p2g1_053_s3,seed3,966,45d84b9a9c2d5329,4|switch|mobile|liquid|s1|g1|structured,69.42335647395456,0.5313,66.16468517916364,True,True,False,,True
2,initial_gen7_archive,3|switch|mobile|liquid|s2|g2|economy,p2g1_055,1,27a2960d05f47297,,True,True,964,p2g1_055_s2,seed2,965,27a2960d05f47297,3|switch|rotor|liquid|s1|g2|structured,71.75258520963418,0.3381,64.16406816770734,True,True,False,,True
2,initial_gen7_archive,3|switch|mobile|liquid|s1|g0|economy,p2g1_052,1,4822df84bbe8edf6,,True,True,964,p2g1_052_s2,seed2,965,4822df84bbe8edf6,4|switch|rotor|flicker|s1|g0|structured,59.91544328158486,0.519,58.312354625267886,True,True,False,,True
2,initial_gen7_archive,4|switch|rotor|liquid|s1|g0|structured,p2g1_049,1,6588fedcc859d014,,True,True,964,p2g1_049,screen,964,6588fedcc859d014,4|switch|rotor|liquid|s1|g0|structured,57.878,0.347,53.24267346230313,True,True,True,,False
2,initial_gen7_archive,1|grow|mobile|liquid|s1|g2|structured,p2g1_002,1,d9ed7061a56002ec,,True,True,964,p2g1_002,screen,964,d9ed7061a56002ec,1|grow|mobile|liquid|s1|g2|structured,48.822081539438436,0.4684,48.42566523155075,True,True,True,,False
2,initial_gen7_archive,3|switch|rotor|liquid|s1|g2|structured,p2g5_054,5,27a2960d05f47297,,True,True,964,p2g5_054_s2,seed2,965,27a2960d05f47297,3|switch|rotor|liquid|s2|g2|structured,75.56277316696661,0.3706,67.86221853357328,True,True,False,,True
2,initial_gen7_archive,3|switch|mobile|liquid|s1|g2|mixed,p2g1_078,1,9fb172b36e41b539,,True,True,964,p2g1_078_s2,seed2,965,9fb172b36e41b539,3|switch|rotor|liquid|s1|g2|structured,60.427311925822444,0.4303,56.947849540657955,True,True,False,,True
2,initial_gen7_archive,3|switch|mobile|liquid|s2|g2|structured,p2g3_029,3,04abf03262a9dbaf,,True,True,964,p2g3_029_s2,seed2,965,04abf03262a9dbaf,3|switch|rotor|liquid|s2|g2|structured,73.57147575671203,0.3252,65.36118060536963,True,True,False,,True
2,initial_gen7_archive,4|switch|mobile|liquid|s2|g2|structured,p2g1_006,1,1df18c697ace6321,,True,True,964,p2g1_006,screen,964,1df18c697ace6321,4|switch|mobile|liquid|s2|g2|structured,60.76750530192378,0.5104,58.82200424153902,True,True,True,,False
2,initial_gen7_archive,4|grow|mobile|liquid|s1|g2|structured,p2g1_017,1,bf9d2724ed64b209,,True,True,964,p2g1_017_s3,seed3,966,bf9d2724ed64b209,4|grow|rotor|liquid|s1|g2|structured,79.28309980771103,0.6592,76.61047984616883,True,True,False,,True
2,initial_gen7_archive,3|switch|mobile|liquid|s1|g2|structured,p2g5_005,5,3ff0bea4b19ab900,,True,True,964,p2g5_005,screen,964,3ff0bea4b19ab900,3|switch|mobile|liquid|s1|g2|structured,67.87841179051973,0.6499,67.30072943241578,True,True,True,,False
2,initial_gen7_archive,2|switch|mobile|liquid|s1|g1|structured,p2g1_014,1,25ba4c839e86a51e,,True,True,964,p2g1_014_s3,seed3,966,25ba4c839e86a51e,2|switch|mobile|liquid|s1|g1|structured,49.93726027559192,0.4578,49.10580822047353,True,True,True,,True
2,initial_gen7_archive,3|grow|mobile|liquid|s1|g2|structured,p2g6_004,6,581f6892914ea331,,True,True,964,p2g6_004_s3,seed3,966,581f6892914ea331,3|grow|mobile|liquid|s3|g2|structured,76.43672142155052,0.4399,69.94737713724041,True,True,False,,True
2,initial_gen7_archive,3|switch|drift|liquid|s1|g0|structured,p2g2_024,2,00ad67098ca52841,,True,True,964,p2g2_024_s3,seed3,966,00ad67098ca52841,3|grow|mobile|liquid|s1|g0|structured,51.46473428766696,0.3552,48.27578743013356,True,True,False,,True
2,initial_gen7_archive,4|switch|drift|liquid|s1|g2|mixed,p2g3_071,3,dda84bcbfe3a8189,,True,True,964,p2g3_071_s2,seed2,965,dda84bcbfe3a8189,4|switch|drift|liquid|s2|g2|mixed,59.351762381599606,0.0973,49.42740990527969,True,True,False,,True
2,initial_gen7_archive,3|constant|still|frozen|s1|g2|mixed,p2g1_047,1,0d2edece61b7493e,,True,True,964,p2g1_047_s3,seed3,966,0d2edece61b7493e,3|constant|drift|flicker|s1|g2|mixed,41.14206497943601,0.0,32.9136519835488,True,True,False,,True
2,initial_gen7_archive,4|switch|rotor|liquid|s1|g2|mixed,p2g1_062,1,5b4ad6640be17b4b,,True,True,964,p2g1_062,screen,964,5b4ad6640be17b4b,4|switch|rotor|liquid|s1|g2|mixed,68.93072257922546,0.2846,60.83657806338037,True,True,True,,False
2,initial_gen7_archive,4|grow|rotor|liquid|s2|g2|structured,p2g5_022,5,96e24f8710f637cd,,True,True,964,p2g5_022_s3,seed3,966,96e24f8710f637cd,4|grow|mobile|liquid|s2|g2|structured,77.36447450367643,0.6342,74.57557960294115,True,True,False,,True
2,initial_gen7_archive,2|grow|mobile|liquid|s1|g2|structured,p2g7_033,7,c714940c4a372999,,True,True,964,p2g7_033_s2,seed2,965,c714940c4a372999,2|grow|mobile|liquid|s1|g2|structured,62.88927988069904,0.3897,58.10542390455923,True,True,True,,True
2,initial_gen7_archive,4|switch|mobile|liquid|s1|g2|structured,p2g7_049,7,9a815b4bb1db78ea,,True,True,964,p2g7_049_s3,seed3,966,9a815b4bb1db78ea,4|grow|mobile|liquid|s2|g2|structured,79.54612455659745,0.6591,76.81889964527797,True,True,False,,True
2,initial_gen7_archive,4|switch|rotor|liquid|s2|g2|structured,p2g2_058,2,e6ec7b37ad3ac417,,True,True,964,p2g2_058,screen,964,e6ec7b37ad3ac417,4|switch|rotor|liquid|s2|g2|structured,75.9304653478542,0.4807,70.35837227828335,True,True,True,,False
2,initial_gen7_archive,4|grow|rotor|liquid|s3|g2|structured,p2g1_067,1,b0b5c22cd90792e9,,True,True,964,p2g1_067,screen,964,b0b5c22cd90792e9,4|grow|rotor|liquid|s3|g2|structured,77.67241321957417,0.6498,75.13393057565933,True,True,True,,False
2,initial_gen7_archive,4|constant|mobile|liquid|s1|g2|mixed,p2g1_069,1,d180217b39c4da02,,True,True,964,p2g1_069_s3,seed3,966,d180217b39c4da02,4|constant|mobile|flicker|s1|g2|mixed,43.38355308364474,0.0,34.70684246691579,True,True,False,,True
2,initial_gen7_archive,4|grow|mobile|liquid|s2|g2|structured,p2g1_071,1,4a67738b092c14e3,,True,True,964,p2g1_071_s2,seed2,965,4a67738b092c14e3,4|grow|rotor|liquid|s3|g2|structured,74.83561393638269,0.4086,68.04049114910615,True,True,False,,True
2,initial_gen7_archive,4|constant|drift|liquid|s1|g2|structured,p2g1_072,1,26d0e37a72033beb,,True,True,964,p2g1_072_s2,seed2,965,26d0e37a72033beb,4|constant|drift|liquid|s1|g2|structured,50.30014517282734,0.3895,48.030116138261874,True,True,True,,True
2,initial_gen7_archive,4|switch|drift|frozen|s1|g2|mixed,p2g1_074,1,cf978f6cd658a548,,True,True,964,p2g1_074,screen,964,cf978f6cd658a548,4|switch|drift|frozen|s1|g2|mixed,28.140550192823,0.0,22.5124401542584,True,True,True,,False
2,initial_gen7_archive,4|switch|drift|liquid|s1|g2|structured,p2g5_067,5,a3daeedefa51805f,,True,True,964,p2g5_067_s3,seed3,966,a3daeedefa51805f,4|switch|mobile|flicker|s1|g2|structured,65.93716308933571,0.4791,62.33173047146857,True,True,False,,True
2,initial_gen7_archive,3|grow|mobile|liquid|s1|g2|mixed,p2g1_001,1,1363809be9c9c0c3,,True,True,964,p2g1_001_s3,seed3,966,1363809be9c9c0c3,3|grow|rotor|liquid|s1|g2|mixed,41.042211943971985,0.0,32.83376955517759,True,True,False,,True
2,initial_gen7_archive,3|constant|mobile|liquid|s1|g2|structured,p2g1_009,1,c87dae7197d7ca1b,,True,True,964,p2g1_009_s3,seed3,966,c87dae7197d7ca1b,3|constant|rotor|liquid|s1|g2|structured,46.16121743411655,0.5565,48.05897394729324,True,True,False,,True
2,initial_gen7_archive,3|grow|mobile|liquid|s2|g2|structured,p2g1_011,1,9de01c91384e7539,,True,True,964,p2g1_011,screen,964,9de01c91384e7539,3|grow|mobile|liquid|s2|g2|structured,75.79762386410493,0.5078,70.79409909128395,True,True,True,,False
2,initial_gen7_archive,2|switch|mobile|flicker|s1|g2|mixed,p2g1_013,1,495df91b3251fa11,,True,True,964,p2g1_013,screen,964,495df91b3251fa11,2|switch|mobile|flicker|s1|g2|mixed,52.58797154975514,0.4282,50.63437723980411,True,True,True,,False
2,initial_gen7_archive,3|switch|mobile|liquid|s1|g1|structured,p2g6_032,6,67cf21942715762c,,True,True,964,p2g6_032_s2,seed2,965,67cf21942715762c,3|switch|rotor|liquid|s1|g1|structured,76.2177190992982,0.8048,77.07017527943856,True,True,False,,True
2,initial_gen7_archive,3|grow|rotor|liquid|s1|g2|structured,p2g4_003,4,50b3da4b74e1702e,,True,True,964,p2g4_003,screen,964,50b3da4b74e1702e,3|grow|rotor|liquid|s1|g2|structured,71.74854000051566,0.619,69.77883200041252,True,True,True,,False
2,initial_gen7_archive,3|switch|rotor|flicker|s1|g1|mixed,p2g1_024,1,b3e14a306a3b29ca,,True,True,964,p2g1_024_s3,seed3,966,b3e14a306a3b29ca,3|switch|mobile|liquid|s1|g1|mixed,53.673321326517645,0.0,42.938657061214116,True,True,False,,True
2,initial_gen7_archive,3|grow|still|frozen|s3|g2|mixed,p2g1_028,1,c968f42c900825af,,True,True,964,p2g1_028,screen,964,c968f42c900825af,3|grow|still|frozen|s3|g2|mixed,46.429022471284625,0.0545,38.2332179770277,True,True,True,,False
2,initial_gen7_archive,3|switch|mobile|liquid|s1|g0|structured,p2g1_033,1,0e4c2afa711b0d24,,True,True,964,p2g1_033_s2,seed2,965,0e4c2afa711b0d24,3|switch|mobile|liquid|s1|g0|structured,55.30413216581569,0.4686,53.615305732652544,True,True,True,,True
2,initial_gen7_archive,2|switch|mobile|liquid|s1|g0|structured,p2g1_037,1,3690c9f2501aa004,,True,True,964,p2g1_037,screen,964,3690c9f2501aa004,2|switch|mobile|liquid|s1|g0|structured,52.725593972317384,0.4526,51.23247517785391,True,True,True,,False
2,initial_gen7_archive,2|constant|still|frozen|s1|g2|mixed,p2g4_044,4,abdc74c9a111b0d0,,True,True,964,p2g4_044_s3,seed3,966,abdc74c9a111b0d0,2|constant|drift|liquid|s1|g2|mixed,29.92751173226967,0.0,23.942009385815734,True,True,False,,True
2,initial_gen7_archive,3|switch|still|frozen|s1|g2|mixed,p2g1_045,1,0c1fc022331e2949,,True,True,964,p2g1_045_s2,seed2,965,0c1fc022331e2949,3|switch|still|liquid|s1|g2|mixed,39.99558606272733,0.0,31.996468850181863,True,True,False,,True
2,initial_gen7_archive,2|oscillator|mobile|flicker|s1|g2|mixed,p2g1_057,1,eeeea0dff8936f5d,,True,True,964,p2g1_057_s3,seed3,966,eeeea0dff8936f5d,2|constant|mobile|liquid|s1|g2|mixed,38.99202957168354,0.0,31.19362365734683,True,True,False,,True
2,initial_gen7_archive,4|grow|mobile|liquid|s1|g2|mixed,p2g5_038,5,381f1a1319bcbc24,,True,True,964,p2g5_038_s3,seed3,966,381f1a1319bcbc24,4|grow|mobile|liquid|s2|g2|mixed,59.71699014071716,0.0,47.77359211257372,True,True,False,,True
2,initial_gen7_archive,4|switch|rotor|flicker|s1|g1|structured,p2g1_000,1,8374a12be60874cc,,True,True,964,p2g1_000_s2,seed2,965,8374a12be60874cc,4|switch|rotor|flicker|s1|g1|structured,68.93352065087262,0.5479,66.10481652069811,True,True,True,,True
2,initial_gen7_archive,2|switch|drift|flicker|s1|g2|mixed,p2g1_003,1,f891cbf384200ef8,,True,True,964,p2g1_003_s3,seed3,966,f891cbf384200ef8,2|switch|mobile|liquid|s1|g2|mixed,28.141092838271803,0.0,22.51287427061744,True,True,False,,True
2,initial_gen7_archive,3|oscillator|mobile|liquid|s1|g2|structured,p2g1_015,1,942ef4a4cd6b8a1b,,True,True,964,p2g1_015_s2,seed2,965,942ef4a4cd6b8a1b,3|switch|mobile|liquid|s1|g2|structured,65.22424912980665,0.6191,64.56139930384532,True,True,False,,True
2,initial_gen7_archive,4|grow|mobile|liquid|s2|g0|structured,p2g1_018,1,924ba5a10dc24335,,True,True,964,p2g1_018_s2,seed2,965,924ba5a10dc24335,4|grow|mobile|liquid|s2|g0|structured,65.3281259843641,0.4781,61.82450078749129,True,True,True,,True
2,initial_gen7_archive,4|grow|mobile|liquid|s1|g1|structured,p2g6_012,6,f81c4ef4a320163d,,True,True,964,p2g6_012,screen,964,f81c4ef4a320163d,4|grow|mobile|liquid|s1|g1|structured,73.77305950443292,0.604,71.09844760354635,True,True,True,,False
2,initial_gen7_archive,4|grow|rotor|liquid|s2|g1|structured,p2g1_027,1,2fe61fe3de1b9ff5,,True,True,964,p2g1_027_s3,seed3,966,2fe61fe3de1b9ff5,4|grow|mobile|liquid|s1|g1|structured,71.03204121943098,0.5253,67.33163297554478,True,True,False,,True
2,initial_gen7_archive,4|grow|rotor|frozen|s1|g2|structured,p2g1_030,1,4e4cd0ea7942ce19,,True,True,964,p2g1_030,screen,964,4e4cd0ea7942ce19,4|grow|rotor|frozen|s1|g2|structured,49.048238136417524,0.098,41.198590509134014,True,True,True,,False
2,initial_gen7_archive,4|constant|drift|liquid|s1|g2|mixed,p2g1_065,1,a318103d190665fb,,True,True,964,p2g1_065_s3,seed3,966,a318103d190665fb,4|constant|mobile|flicker|s1|g2|mixed,45.164296733172996,0.0,36.131437386538394,True,True,False,,True
2,initial_gen7_archive,3|switch|rotor|liquid|s2|g2|structured,p2g6_023,6,76809ea594492749,,True,True,964,p2g6_023_s2,seed2,965,76809ea594492749,3|switch|rotor|liquid|s2|g2|structured,76.9043907974122,0.4807,71.13751263792976,True,True,True,,True
2,initial_gen7_archive,2|constant|still|gas|s1|g0|mixed,p2g1_086,1,26427bf2891d0a69,,True,True,964,p2g1_086,screen,964,26427bf2891d0a69,2|constant|still|gas|s1|g0|mixed,15.337500000000002,0.0,12.270000000000001,True,True,True,,False
2,initial_gen7_archive,2|constant|still|gas|s1|g2|mixed,p2g1_092,1,4532ffe10914220d,,True,True,964,p2g1_092,screen,964,4532ffe10914220d,2|constant|still|gas|s1|g2|mixed,22.987499999999997,0.0,18.389999999999997,True,True,True,,False
2,initial_gen7_archive,3|grow|mobile|liquid|s1|g0|structured,p2g2_015,2,cd8380c18ee6bb4b,,True,True,964,p2g2_015_s2,seed2,965,cd8380c18ee6bb4b,3|switch|mobile|liquid|s1|g0|structured,51.12633976664418,0.4209,49.31907181331534,True,True,False,,True
2,initial_gen7_archive,3|constant|drift|liquid|s1|g2|mixed,p2g2_041,2,2c35048f8d3575ac,,True,True,964,p2g2_041,screen,964,2c35048f8d3575ac,3|constant|drift|liquid|s1|g2|mixed,38.950523587011396,0.0,31.160418869609117,True,True,True,,False
2,initial_gen7_archive,4|switch|mobile|liquid|s1|g2|mixed,p2g4_046,4,1c20519dbd37d41a,,True,True,964,p2g4_046_s2,seed2,965,1c20519dbd37d41a,4|grow|rotor|liquid|s1|g2|mixed,58.435198053897366,0.0,46.74815844311789,True,True,False,,True
2,initial_gen7_archive,4|grow|mobile|liquid|s2|g1|structured,p2g6_053,6,3e9e387b61a8cb22,,True,True,964,p2g6_053_s3,seed3,966,3e9e387b61a8cb22,4|grow|mobile|liquid|s2|g1|structured,76.56323141086344,0.5699,72.64858512869075,True,True,True,,True
2,initial_gen7_archive,4|switch|drift|liquid|s2|g2|structured,p2g2_043,2,3aa0812c719477bf,,True,True,964,p2g2_043_s3,seed3,966,3aa0812c719477bf,4|switch|drift|liquid|s3|g2|structured,68.56226192794638,0.3162,61.173809542357105,True,True,False,,True
2,initial_gen7_archive,3|grow|rotor|liquid|s2|g2|structured,p2g2_025,2,94397f8f8a384c9d,,True,True,964,p2g2_025_s2,seed2,965,94397f8f8a384c9d,3|switch|rotor|liquid|s2|g2|structured,74.30567314940954,0.3504,66.45253851952764,True,True,False,,True
2,initial_gen7_archive,3|switch|still|liquid|s1|g2|structured,p2g2_062,2,7628e5e23b517c98,,True,True,964,p2g2_062,screen,964,7628e5e23b517c98,3|switch|still|liquid|s1|g2|structured,49.60733663583663,0.3114,45.913869308669305,True,True,True,,False
2,initial_gen7_archive,3|oscillator|rotor|liquid|s1|g2|structured,p2g2_067,2,71d96c0d2e2adfc3,,True,True,964,p2g2_067_s2,seed2,965,71d96c0d2e2adfc3,3|constant|rotor|liquid|s1|g2|structured,56.364900365667076,0.6137,57.36592029253366,True,True,False,,True
2,initial_gen7_archive,3|constant|mobile|liquid|s1|g1|structured,p2g2_010,2,d622c2d8cf881d56,,True,True,964,p2g2_010,screen,964,d622c2d8cf881d56,3|constant|mobile|liquid|s1|g1|structured,42.587057532553786,0.5912,45.89364602604303,True,True,True,,False
2,initial_gen7_archive,2|switch|mobile|liquid|s1|g2|structured,p2g7_036,7,494814329f752199,,True,True,964,p2g7_036,screen,964,494814329f752199,2|switch|mobile|liquid|s1|g2|structured,59.14493265087568,0.3427,54.16994612070054,True,True,True,,False
2,initial_gen7_archive,2|grow|mobile|liquid|s2|g2|structured,p2g5_039,5,b67b4c54722d7e96,,True,True,964,p2g5_039_s3,seed3,966,b67b4c54722d7e96,2|switch|mobile|liquid|s2|g2|structured,63.236280567973076,0.3133,56.85502445437845,True,True,False,,True
2,initial_gen7_archive,2|oscillator|mobile|liquid|s1|g2|structured,p2g2_008,2,0cd0a755cd316c5a,,True,True,964,p2g2_008_s2,seed2,965,0cd0a755cd316c5a,2|switch|mobile|liquid|s1|g2|structured,59.853299383353935,0.6379,60.640639506683144,True,True,False,,True
2,initial_gen7_archive,4|switch|mobile|liquid|s1|g1|structured,p2g2_049,2,45d84b9a9c2d5329,,True,True,964,p2g2_049_s2,seed2,965,45d84b9a9c2d5329,4|switch|mobile|liquid|s1|g1|structured,70.08692054178246,0.4627,65.32353643342597,True,True,True,,True
2,initial_gen7_archive,4|grow|rotor|liquid|s1|g2|structured,p2g2_014,2,2a344074153e7f5d,,True,True,964,p2g2_014_s2,seed2,965,2a344074153e7f5d,4|grow|rotor|liquid|s2|g2|structured,70.24639185915477,0.5131,66.45911348732382,True,True,False,,True
2,initial_gen7_archive,4|oscillator|mobile|liquid|s1|g1|structured,p2g2_021,2,bf7e83194d770cac,,True,True,964,p2g2_021_s3,seed3,966,bf7e83194d770cac,4|grow|mobile|liquid|s1|g1|structured,70.48466486743747,0.5663,67.71373189394998,True,True,False,,True
2,initial_gen7_archive,3|switch|mobile|flicker|s1|g0|structured,p2g2_018,2,0af6510266e625be,,True,True,964,p2g2_018_s2,seed2,965,0af6510266e625be,3|switch|mobile|liquid|s1|g0|structured,55.55911702410574,0.6591,57.629293619284596,True,True,False,,True
2,initial_gen7_archive,4|grow|mobile|flicker|s2|g2|mixed,p2g2_022,2,b4d5b1c1281d75e2,,True,True,964,p2g2_022_s2,seed2,965,b4d5b1c1281d75e2,4|grow|mobile|flicker|s3|g2|mixed,67.35502004199006,0.2183,58.25001603359205,True,True,False,,True
2,initial_gen7_archive,2|switch|still|liquid|s1|g2|structured,p2g2_038,2,5c3b22eec22509f0,,True,True,964,p2g2_038_s3,seed3,966,ad835d9583d074b2,2|grow|rotor|liquid|s2|g2|structured,62.18378093828494,0.2611,54.96902475062794,False,False,False,,True
2,initial_gen7_archive,4|grow|rotor|liquid|s1|g2|mixed,p2g2_042,2,ea28b70c8b93a743,,True,True,964,p2g2_042_s3,seed3,966,ea28b70c8b93a743,4|grow|rotor|liquid|s1|g2|structured,67.22227073154512,0.4208,62.1938165852361,True,True,False,,True
2,initial_gen7_archive,3|constant|mobile|liquid|s1|g2|mixed,p2g6_040,6,49905ec1733859f0,,True,True,964,p2g6_040_s3,seed3,966,49905ec1733859f0,3|constant|mobile|flicker|s1|g2|mixed,45.1352054121068,0.0,36.10816432968544,True,True,False,,True
2,initial_gen7_archive,2|constant|drift|liquid|s1|g2|mixed,p2g4_037,4,751b3b524dc36ff3,,True,True,964,p2g4_037_s2,seed2,965,751b3b524dc36ff3,2|constant|drift|liquid|s1|g2|mixed,40.66280071608111,0.0,32.530240572864884,True,True,True,,True
2,initial_gen7_archive,2|constant|still|frozen|s1|g1|structured,p2g2_055,2,3e9e387b61a8cb22,,True,True,964,p2g2_055_s3,seed3,966,3e9e387b61a8cb22,4|grow|mobile|liquid|s2|g1|structured,76.30137289189193,0.6332,73.70509831351355,True,True,False,,True
2,initial_gen7_archive,3|oscillator|drift|frozen|s1|g2|mixed,p2g2_003,2,91425fc736d65a66,,True,True,964,p2g2_003,screen,964,91425fc736d65a66,3|oscillator|drift|frozen|s1|g2|mixed,37.21151850627725,0.0,29.7692148050218,True,True,True,,False
2,initial_gen7_archive,2|switch|drift|liquid|s1|g2|mixed,p2g2_033,2,1633f44115f45bc1,,True,True,964,p2g2_033_s2,seed2,965,1633f44115f45bc1,2|switch|drift|liquid|s1|g2|structured,44.366257374409805,0.2764,41.02100589952784,True,True,False,,True
2,initial_gen7_archive,3|grow|rotor|frozen|s2|g2|structured,p2g2_012,2,dabdea6e2f08244c,,True,True,964,p2g2_012,screen,964,dabdea6e2f08244c,3|grow|rotor|frozen|s2|g2|structured,54.800122162329494,0.1306,46.452097729863596,True,True,True,,False
2,initial_gen7_archive,4|switch|mobile|flicker|s1|g1|structured,p2g2_026,2,7fd20ea086ecb059,,True,True,964,p2g2_026_s2,seed2,965,7fd20ea086ecb059,4|switch|rotor|flicker|s1|g1|structured,63.811124833870764,0.5663,62.37489986709661,True,True,False,,True
2,initial_gen7_archive,2|switch|rotor|liquid|s1|g2|structured,p2g3_020,3,57836ae2a6b2fd4f,,True,True,964,p2g3_020_s2,seed2,965,57836ae2a6b2fd4f,2|switch|rotor|liquid|s2|g2|structured,66.3846410085746,0.3816,60.739712806859686,True,True,False,,True
2,initial_gen7_archive,2|oscillator|drift|liquid|s1|g2|structured,p2g2_074,2,b8f8146a49cbd2af,,True,True,964,p2g2_074_s2,seed2,965,b8f8146a49cbd2af,2|switch|drift|liquid|s1|g2|mixed,25.132043244685008,0.0532,21.169634595748008,True,True,False,,True
2,initial_gen7_archive,3|constant|mobile|flicker|s1|g2|mixed,p2g4_041,4,61edc1e3803867c8,,True,True,964,p2g4_041,screen,964,61edc1e3803867c8,3|constant|mobile|flicker|s1|g2|mixed,41.537727697426504,0.0,33.2301821579412,True,True,True,,False
2,initial_gen7_archive,1|constant|still|gas|s1|g0|mixed,p2g2_098,2,d99d4d913f8aaa38,,True,True,964,p2g2_098,screen,964,d99d4d913f8aaa38,1|constant|still|gas|s1|g0|mixed,8.212499999999999,0.0,6.569999999999999,True,True,True,,False
2,initial_gen7_archive,2|grow|rotor|liquid|s2|g2|structured,p2g2_035,2,ebe3a0c4fbf55544,,True,True,964,p2g2_035,screen,964,ebe3a0c4fbf55544,2|grow|rotor|liquid|s2|g2|structured,66.30178403506389,0.4198,61.437427228051114,True,True,True,,False
2,initial_gen7_archive,2|constant|still|flicker|s1|g2|mixed,p2g7_068,7,2e50de072bfe838d,,True,True,964,p2g7_068_s2,seed2,965,2e50de072bfe838d,2|constant|still|flicker|s1|g2|mixed,21.3359,0.0,17.06872,True,True,True,,True
2,initial_gen7_archive,1|oscillator|still|frozen|s1|g2|mixed,p2g3_015,3,f9dd6e59d30a116b,,True,True,964,p2g3_015,screen,964,f9dd6e59d30a116b,1|oscillator|still|frozen|s1|g2|mixed,19.414775965487706,0.0391,16.313820772390166,True,True,True,,False
2,initial_gen7_archive,3|switch|rotor|liquid|s2|g2|mixed,p2g3_003,3,1f0975d805bc89f2,,True,True,964,p2g3_003,screen,964,1f0975d805bc89f2,3|switch|rotor|liquid|s2|g2|mixed,56.041047566151285,0.1641,48.11483805292103,True,True,True,,False
2,initial_gen7_archive,3|constant|rotor|liquid|s1|g2|structured,p2g3_034,3,5428015770475b33,,True,True,964,p2g3_034_s3,seed3,966,5428015770475b33,3|constant|rotor|liquid|s1|g2|structured,46.635751404453906,0.5398,48.10460112356313,True,True,True,,True
2,initial_gen7_archive,2|switch|mobile|liquid|s2|g2|structured,p2g3_035,3,4d49e269e1d6da01,,True,True,964,p2g3_035_s3,seed3,966,4d49e269e1d6da01,2|switch|mobile|liquid|s2|g2|structured,59.67902106160906,0.2024,51.79121684928725,True,True,True,,True
2,initial_gen7_archive,4|grow|mobile|flicker|s1|g2|mixed,p2g3_036,3,f9125bf6e89c7de9,,True,True,964,p2g3_036,screen,964,f9125bf6e89c7de9,4|grow|mobile|flicker|s1|g2|mixed,56.92218257215073,0.1602,48.74174605772058,True,True,True,,False
2,initial_gen7_archive,2|oscillator|still|liquid|s1|g2|mixed,p2g3_045,3,eafbbd5e35ae84c9,,True,True,964,p2g3_045_s3,seed3,966,eafbbd5e35ae84c9,3|constant|mobile|flicker|s1|g2|mixed,42.291031614823154,0.0,33.83282529185852,True,True,False,,True
2,initial_gen7_archive,3|constant|drift|gas|s1|g2|mixed,p2g6_045,6,032892bff9dbdd31,,True,True,964,p2g6_045_s3,seed3,966,032892bff9dbdd31,3|constant|drift|liquid|s1|g2|mixed,42.302442799074825,0.0,33.841954239259856,True,True,False,,True
2,initial_gen7_archive,3|grow|rotor|liquid|s3|g2|structured,p2g3_061,3,06f526c4c39a2928,,True,True,964,p2g3_061_s3,seed3,966,06f526c4c39a2928,3|grow|rotor|liquid|s3|g2|structured,73.25664353844064,0.5284,69.17331483075252,True,True,True,,True
2,initial_gen7_archive,4|grow|rotor|liquid|s2|g2|mixed,p2g3_062,3,a08e7f63b3d52f09,,True,True,964,p2g3_062,screen,964,a08e7f63b3d52f09,4|grow|rotor|liquid|s2|g2|mixed,63.411095646403176,0.2027,54.782876517122546,True,True,True,,False
2,initial_gen7_archive,4|grow|still|liquid|s1|g2|structured,p2g3_067,3,1f610a2182f0479d,,True,True,964,p2g3_067_s3,seed3,966,1f610a2182f0479d,4|grow|still|liquid|s1|g2|mixed,53.21244349480596,0.2541,47.651954795844766,True,True,False,,True
2,initial_gen7_archive,1|switch|mobile|liquid|s1|g2|structured,p2g3_072,3,59991b48b80a857d,,True,True,964,p2g3_072,screen,964,59991b48b80a857d,1|switch|mobile|liquid|s1|g2|structured,41.69661713188144,0.3669,40.69529370550515,True,True,True,,False
2,initial_gen7_archive,4|switch|rotor|liquid|s1|g2|structured,p2g3_073,3,97de45f90d6ebef4,,True,True,964,p2g3_073_s2,seed2,965,97de45f90d6ebef4,4|grow|rotor|liquid|s1|g2|structured,72.4242894620836,0.4562,67.06343156966689,True,True,False,,True
2,initial_gen7_archive,3|constant|mobile|liquid|s1|g0|structured,p2g3_024,3,7d8a041ea5576e80,,True,True,964,p2g3_024_s3,seed3,966,7d8a041ea5576e80,4|oscillator|mobile|liquid|s1|g2|structured,48.92768528335212,0.6426,51.994148226681695,True,True,False,,True
2,initial_gen7_archive,4|grow|rotor|liquid|s1|g1|structured,p2g3_031,3,f696871bd3d8ad9a,,True,True,964,p2g3_031_s3,seed3,966,f696871bd3d8ad9a,4|grow|mobile|liquid|s1|g1|structured,70.89090196501164,0.5712,68.13672157200932,True,True,False,,True
2,initial_gen7_archive,3|grow|mobile|liquid|s2|g1|structured,p2g3_038,3,444b8ab6b085eeb3,,True,True,964,p2g3_038,screen,964,444b8ab6b085eeb3,3|grow|mobile|liquid|s2|g1|structured,64.49274425208338,0.5815,63.224195401666705,True,True,True,,False
2,initial_gen7_archive,2|switch|drift|liquid|s1|g2|structured,p2g5_033,5,c0e5ee29289750b3,,True,True,964,p2g5_033,screen,964,c0e5ee29289750b3,2|switch|drift|liquid|s1|g2|structured,44.91058101617158,0.3625,43.178464812937264,True,True,True,,False
2,initial_gen7_archive,2|switch|mobile|liquid|s1|g2|mixed,p2g4_071,4,d879f19aa5fb70c0,,True,True,964,p2g4_071_s2,seed2,965,d879f19aa5fb70c0,2|switch|mobile|liquid|s2|g2|mixed,50.01398303706783,0.2279,44.569186429654266,True,True,False,,True
2,initial_gen7_archive,4|switch|mobile|liquid|s1|g0|mixed,p2g3_009,3,005fd718d9102596,,True,True,964,p2g3_009,screen,964,005fd718d9102596,4|switch|mobile|liquid|s1|g0|mixed,50.058139613128354,0.4104,48.25451169050268,True,True,True,,False
2,initial_gen7_archive,3|grow|mobile|liquid|s2|g0|structured,p2g3_021,3,028c392fd54da7d6,,True,True,964,p2g3_021,screen,964,028c392fd54da7d6,3|grow|mobile|liquid|s2|g0|structured,60.52963557784753,0.5099,58.62170846227802,True,True,True,,False
2,initial_gen7_archive,4|switch|mobile|liquid|s1|g0|structured,p2g7_006,7,909ee3a4c82b0d04,,True,True,964,p2g7_006,screen,964,909ee3a4c82b0d04,4|switch|mobile|liquid|s1|g0|structured,59.693690916539204,0.5543,58.84095273323136,True,True,True,,False
2,initial_gen7_archive,4|constant|rotor|liquid|s1|g2|mixed,p2g6_051,6,f6f348579074846d,,True,True,964,p2g6_051_s3,seed3,966,f6f348579074846d,4|constant|rotor|liquid|s1|g2|mixed,50.16508521461549,0.0,40.13206817169239,True,True,True,,True
2,initial_gen7_archive,3|switch|rotor|flicker|s1|g2|structured,p2g6_024,6,3801d9a50ce247ff,,True,True,964,p2g6_024_s2,seed2,965,3801d9a50ce247ff,3|switch|rotor|flicker|s1|g2|structured,69.68605806667165,0.4732,65.21284645333732,True,True,True,,True
2,initial_gen7_archive,3|switch|mobile|flicker|s1|g2|structured,p2g6_064,6,c23cb1da3252491f,,True,True,964,p2g6_064_s3,seed3,966,c23cb1da3252491f,3|switch|mobile|flicker|s1|g2|structured,64.317310650955,0.5554,62.561848520763995,True,True,True,,True
2,initial_gen7_archive,4|constant|mobile|liquid|s1|g0|mixed,p2g3_049,3,6588fedcc859d014,,True,True,964,p2g3_049_s3,seed3,966,6588fedcc859d014,4|grow|mobile|liquid|s1|g0|mixed,49.72119831599154,0.0,39.77695865279323,True,True,False,,True
2,initial_gen7_archive,3|switch|still|liquid|s1|g2|mixed,p2g3_060,3,7c5b1eea374c2470,,True,True,964,p2g3_060,screen,964,7c5b1eea374c2470,3|switch|still|liquid|s1|g2|mixed,27.305236114159502,0.0549,22.942188891327604,True,True,True,,False
2,initial_gen7_archive,4|grow|mobile|liquid|s1|g0|mixed,p2g3_064,3,610dc295862d1ff0,,True,True,964,p2g3_064_s2,seed2,965,610dc295862d1ff0,4|grow|rotor|liquid|s1|g0|mixed,47.6837907489934,0.0,38.147032599194716,True,True,False,,True
2,initial_gen7_archive,3|constant|still|flicker|s1|g0|mixed,p2g3_066,3,d1e9a8e3dad3b610,,True,True,964,p2g3_066,screen,964,d1e9a8e3dad3b610,3|constant|still|flicker|s1|g0|mixed,15.920320624650081,0.0,12.736256499720064,True,True,True,,False
2,initial_gen7_archive,1|grow|drift|liquid|s1|g0|mixed,p2g3_004,3,fcf8ba4554dfadfd,,True,True,964,p2g3_004,screen,964,fcf8ba4554dfadfd,1|grow|drift|liquid|s1|g0|mixed,23.764463075915252,0.1447,21.9055704607322,True,True,True,,False
2,initial_gen7_archive,3|grow|mobile|flicker|s1|g2|structured,p2g4_061,4,50aeefe81593f8dd,,True,True,964,p2g4_061_s2,seed2,965,50aeefe81593f8dd,3|grow|mobile|flicker|s2|g2|structured,61.66995127341213,0.4144,57.6239610187297,True,True,False,,True
2,initial_gen7_archive,4|oscillator|mobile|liquid|s1|g2|structured,p2g7_030,7,aeee09d4cce63b36,,True,True,964,p2g7_030_s3,seed3,966,aeee09d4cce63b36,4|grow|rotor|liquid|s1|g2|structured,72.74057897247187,0.5647,69.4864631779775,True,True,False,,True
2,initial_gen7_archive,2|constant|still|frozen|s1|g0|mixed,p2g4_014,4,662784109de88595,,True,True,964,p2g4_014,screen,964,662784109de88595,2|constant|still|frozen|s1|g0|mixed,3.912458104883779,0.0,3.1299664839070234,True,True,True,,False
2,initial_gen7_archive,4|switch|rotor|liquid|s1|g1|structured,p2g7_053,7,8e82b34b98815d51,,True,True,964,p2g7_053_s2,seed2,965,8e82b34b98815d51,4|switch|mobile|flicker|s1|g1|structured,66.59558096849929,0.565,64.57646477479943,True,True,False,,True
2,initial_gen7_archive,4|grow|mobile|liquid|s2|g2|mixed,p2g6_062,6,3d18e707f81a98a5,,True,True,964,p2g6_062_s3,seed3,966,3d18e707f81a98a5,4|grow|rotor|liquid|s3|g2|structured,66.82357673935486,0.2289,58.03686139148389,True,True,False,,True
2,initial_gen7_archive,3|constant|rotor|frozen|s1|g2|mixed,p2g4_057,4,e684bca3587c5991,,True,True,964,p2g4_057_s3,seed3,966,e684bca3587c5991,3|constant|rotor|frozen|s1|g2|mixed,27.14637562670354,0.0,21.717100501362832,True,True,True,,True
2,initial_gen7_archive,1|constant|mobile|liquid|s1|g2|structured,p2g4_058,4,40c30b1ad54ccae4,,True,True,964,p2g4_058_s2,seed2,965,40c30b1ad54ccae4,2|switch|mobile|liquid|s1|g2|structured,55.82064220226065,0.4166,52.98851376180852,True,True,False,,True
2,initial_gen7_archive,4|switch|mobile|flicker|s1|g2|mixed,p2g4_009,4,db9299c24b869e88,,True,True,964,p2g4_009_s2,seed2,965,db9299c24b869e88,4|switch|rotor|flicker|s1|g2|mixed,52.944946675600264,0.0,42.35595734048021,True,True,False,,True
2,initial_gen7_archive,3|grow|mobile|liquid|s1|g1|structured,p2g5_015,5,bb085e5eaf1f3704,,True,True,964,p2g5_015_s3,seed3,966,bb085e5eaf1f3704,3|grow|mobile|liquid|s1|g1|structured,67.12359866385995,0.5529,64.75687893108795,True,True,True,,True
2,initial_gen7_archive,2|constant|mobile|liquid|s1|g2|structured,p2g4_064,4,66e74aa3c254fd76,,True,True,964,p2g4_064_s2,seed2,965,66e74aa3c254fd76,2|constant|mobile|liquid|s1|g2|structured,44.715436208958195,0.5508,46.788348967166556,True,True,True,,True
2,initial_gen7_archive,2|oscillator|drift|frozen|s1|g2|mixed,p2g4_036,4,3cf14e318059768b,,True,True,964,p2g4_036,screen,964,3cf14e318059768b,2|oscillator|drift|frozen|s1|g2|mixed,27.566348444125587,0.0677,23.407078755300468,True,True,True,,False
2,initial_gen7_archive,4|oscillator|drift|liquid|s1|g2|mixed,p2g4_050,4,c3395cc4794da758,,True,True,964,p2g4_050,screen,964,c3395cc4794da758,4|oscillator|drift|liquid|s1|g2|mixed,45.39706981983145,0.0,36.31765585586516,True,True,True,,False
2,initial_gen7_archive,3|switch|mobile|liquid|s1|g0|mixed,p2g4_013,4,9263a14c312d9257,,True,True,964,p2g4_013_s2,seed2,965,9263a14c312d9257,3|switch|mobile|liquid|s1|g0|mixed,39.9881021489362,0.0,31.990481719148956,True,True,True,,True
2,initial_gen7_archive,4|grow|drift|frozen|s1|g2|mixed,p2g4_049,4,b10ebb5bb2a75e70,,True,True,964,p2g4_049_s3,seed3,966,b10ebb5bb2a75e70,4|grow|drift|frozen|s1|g2|mixed,50.15233660986744,0.0834,41.78986928789395,True,True,True,,True
2,initial_gen7_archive,3|switch|drift|liquid|s1|g2|structured,p2g7_039,7,9e7b3a1d8d445359,,True,True,964,p2g7_039_s3,seed3,966,fa86cb8089d048d0,4|grow|mobile|liquid|s2|g2|structured,75.64387364710484,0.5627,71.76909891768386,False,False,False,,True
2,initial_gen7_archive,3|constant|still|flicker|s1|g2|mixed,p2g5_019,5,6eca0e266b772123,,True,True,964,p2g5_019_s3,seed3,966,6eca0e266b772123,3|constant|still|flicker|s1|g2|mixed,26.129762220909356,0.0,20.903809776727485,True,True,True,,True
2,initial_gen7_archive,2|oscillator|mobile|gas|s1|g2|mixed,p2g5_007,5,1b12ec79d853acdf,,True,True,964,p2g5_007,screen,964,1b12ec79d853acdf,2|oscillator|mobile|gas|s1|g2|mixed,41.65328139470223,0.0,33.32262511576179,True,True,True,,False
2,initial_gen7_archive,1|constant|still|frozen|s1|g2|mixed,p2g5_011,5,59e24fc50ad070af,,True,True,964,p2g5_011,screen,964,59e24fc50ad070af,1|constant|still|frozen|s1|g2|mixed,11.258026390204126,0.0,9.0064211121633,True,True,True,,False
2,initial_gen7_archive,4|switch|still|liquid|s1|g2|mixed,p2g7_016,7,11d00b36063f15c3,,True,True,964,p2g7_016_s2,seed2,965,11d00b36063f15c3,4|switch|still|liquid|s1|g2|mixed,48.31307642024012,0.0,38.65046113619209,True,True,True,,True
2,initial_gen7_archive,2|constant|still|liquid|s1|g2|mixed,p2g5_053,5,fa86cb8089d048d0,,True,True,964,p2g5_053_s3,seed3,966,fa86cb8089d048d0,4|grow|mobile|liquid|s2|g2|structured,75.89923666254897,0.561,71.93938933003918,True,True,False,,True
2,initial_gen7_archive,4|oscillator|still|frozen|s1|g2|mixed,p2g5_063,5,a8164ab6431e4ee0,,True,True,964,p2g5_063_s3,seed3,966,a8164ab6431e4ee0,4|switch|still|frozen|s1|g2|mixed,27.96858224247787,0.0398,23.17086579398229,True,True,False,,True
2,initial_gen7_archive,4|grow|mobile|flicker|s1|g2|structured,p2g5_058,5,1504332c907a0128,,True,True,964,p2g5_058,screen,964,1504332c907a0128,4|grow|mobile|flicker|s1|g2|structured,62.779581537012646,0.4414,59.051665229610116,True,True,True,,False
2,initial_gen7_archive,3|switch|drift|liquid|s1|g2|mixed,p2g5_059,5,a40cd129e294485d,,True,True,964,p2g5_059_s2,seed2,965,a40cd129e294485d,4|switch|rotor|liquid|s1|g2|mixed,54.67946837573725,0.1997,47.7375747005898,True,True,False,,True
2,initial_gen7_archive,4|grow|drift|liquid|s1|g2|structured,p2g5_065,5,45426cb8a613dc63,,True,True,964,p2g5_065_s2,seed2,965,45426cb8a613dc63,4|grow|rotor|liquid|s1|g2|structured,67.27843448290216,0.4381,62.58474758632172,True,True,False,,True
2,initial_gen7_archive,1|constant|still|frozen|s1|g0|mixed,p2g5_069,5,1473cab46e09e591,,True,True,964,p2g5_069,screen,964,1473cab46e09e591,1|constant|still|frozen|s1|g0|mixed,5.6625,0.0,4.529999999999999,True,True,True,,False
2,initial_gen7_archive,3|switch|mobile|flicker|s2|g0|structured,p2g5_037,5,c431dcb565349a5b,,True,True,964,p2g5_037_s2,seed2,965,c431dcb565349a5b,4|switch|mobile|liquid|s2|g0|structured,62.14429150080155,0.3972,57.65943320064123,True,True,False,,True
2,initial_gen7_archive,2|switch|rotor|flicker|s1|g2|mixed,p2g5_002,5,a60b58b1886c535e,,True,True,964,p2g5_002_s3,seed3,966,a60b58b1886c535e,2|switch|rotor|flicker|s1|g2|mixed,44.27161522862158,0.0,35.41729218289726,True,True,True,,True
2,initial_gen7_archive,3|constant|mobile|liquid|s1|g1|mixed,p2g5_057,5,becf807451e6d745,,True,True,964,p2g5_057_s2,seed2,965,becf807451e6d745,3|constant|mobile|liquid|s1|g1|mixed,38.026226030253426,0.0,30.420980824202744,True,True,True,,True
2,initial_gen7_archive,3|grow|mobile|flicker|s2|g2|structured,p2g5_061,5,44e801669c786c1b,,True,True,964,p2g5_061_s3,seed3,966,44e801669c786c1b,3|grow|rotor|flicker|s2|g2|structured,64.3554411038363,0.4218,59.920352883069036,True,True,False,,True
2,initial_gen7_archive,2|grow|mobile|flicker|s1|g2|structured,p2g5_049,5,0849acc60943ebb4,,True,True,964,p2g5_049,screen,964,0849acc60943ebb4,2|grow|mobile|flicker|s1|g2|structured,50.593186771558166,0.0,40.474549417246536,True,True,True,,False
2,initial_gen7_archive,3|switch|mobile|liquid|s2|g2|mixed,p2g5_012,5,1686ffafd532b221,,True,True,964,p2g5_012_s2,seed2,965,1686ffafd532b221,3|switch|mobile|liquid|s3|g2|mixed,58.43571368683089,0.0,46.74857094946471,True,True,False,,True
2,initial_gen7_archive,3|grow|mobile|liquid|s3|g2|mixed,p2g5_014,5,4bc572c30f13f6fe,,True,True,964,p2g5_014,screen,964,4bc572c30f13f6fe,3|grow|mobile|liquid|s3|g2|mixed,60.35494764210394,0.0,48.28395811368315,True,True,True,,False
2,initial_gen7_archive,4|switch|mobile|flicker|s1|g2|structured,p2g6_061,6,9e7b58ed78ae101b,,True,True,964,p2g6_061_s3,seed3,966,9e7b58ed78ae101b,4|switch|mobile|liquid|s1|g2|structured,66.60182022961422,0.5204,63.68945618369136,True,True,False,,True
2,initial_gen7_archive,1|switch|mobile|liquid|s1|g0|mixed,p2g6_007,6,17762d87e53407fe,,True,True,964,p2g6_007_s2,seed2,965,17762d87e53407fe,1|switch|mobile|liquid|s1|g0|mixed,19.413756617399407,0.0,15.531005293919526,True,True,True,,True
2,initial_gen7_archive,2|grow|drift|liquid|s1|g2|mixed,p2g6_009,6,588817f3d854ea4a,,True,True,964,p2g6_009_s2,seed2,965,588817f3d854ea4a,2|grow|drift|liquid|s1|g2|mixed,40.04908574642636,0.1696,35.431268597141084,True,True,True,,True
2,initial_gen7_archive,3|grow|mobile|liquid|s3|g2|structured,p2g6_014,6,b924ef3cd36f965e,,True,True,964,p2g6_014_s3,seed3,966,b924ef3cd36f965e,3|grow|mobile|liquid|s3|g2|structured,72.69238323164583,0.4438,67.02990658531667,True,True,True,,True
2,initial_gen7_archive,1|switch|mobile|liquid|s1|g0|structured,p2g6_036,6,577558c9475fa93f,,True,True,964,p2g6_036,screen,964,577558c9475fa93f,1|switch|mobile|liquid|s1|g0|structured,36.88222073460636,0.372,36.94577658768509,True,True,True,,False
2,initial_gen7_archive,2|switch|mobile|flicker|s1|g0|structured,p2g6_037,6,5108c437d9814aae,,True,True,964,p2g6_037,screen,964,5108c437d9814aae,2|switch|mobile|flicker|s1|g0|structured,49.34058366640114,0.5885,51.24246693312091,True,True,True,,False
2,initial_gen7_archive,4|constant|rotor|flicker|s1|g2|mixed,p2g6_075,6,9eb92b61e6e49a31,,True,True,964,p2g6_075_s3,seed3,966,9eb92b61e6e49a31,4|constant|mobile|flicker|s1|g2|mixed,40.96338079943264,0.0,32.77070463954611,True,True,False,,True
2,initial_gen7_archive,1|grow|still|gas|s1|g2|mixed,p2g6_019,6,676a38b9c4dab715,,True,True,964,p2g6_019,screen,964,676a38b9c4dab715,1|grow|still|gas|s1|g2|mixed,21.50107902878676,0.0,17.20086322302941,True,True,True,,False
2,initial_gen7_archive,4|switch|mobile|flicker|s1|g0|structured,p2g6_025,6,c24a8bb153964074,,True,True,964,p2g6_025_s2,seed2,965,c24a8bb153964074,4|switch|mobile|liquid|s1|g0|structured,62.22821731598353,0.6433,62.648573852786825,True,True,False,,True
2,initial_gen7_archive,4|constant|still|flicker|s1|g2|mixed,p2g6_068,6,df3f4616233b9032,,True,True,964,p2g6_068_s2,seed2,965,df3f4616233b9032,4|constant|mobile|flicker|s1|g2|mixed,35.635736633731916,0.0,28.508589306985535,True,True,False,,True
2,initial_gen7_archive,3|grow|mobile|liquid|s2|g2|mixed,p2g6_022,6,5bce9a3aabaf8673,,True,True,964,p2g6_022,screen,964,5bce9a3aabaf8673,3|grow|mobile|liquid|s2|g2|mixed,57.67340809459327,0.0,46.13872647567461,True,True,True,,False
2,initial_gen7_archive,2|oscillator|rotor|frozen|s1|g2|mixed,p2g6_066,6,7e92bc4c7ade11fd,,True,True,964,p2g6_066_s2,seed2,965,7e92bc4c7ade11fd,2|oscillator|rotor|liquid|s1|g2|structured,32.47565910681246,0.0705,27.390527285449966,True,True,False,,True
2,initial_gen7_archive,2|grow|mobile|liquid|s2|g2|mixed,p2g7_017,7,7356b79a3853a82a,,True,True,964,p2g7_017,screen,964,7356b79a3853a82a,2|grow|mobile|liquid|s2|g2|mixed,50.85251751784335,0.0,40.68201401427468,True,True,True,,False
2,initial_gen7_archive,3|grow|rotor|liquid|s1|g1|mixed,p2g7_054,7,d2673ccaa565671c,,True,True,964,p2g7_054_s2,seed2,965,d2673ccaa565671c,3|grow|mobile|liquid|s1|g1|mixed,53.556726897724616,0.0,42.84538151817969,True,True,False,,True
2,initial_gen7_archive,2|constant|mobile|flicker|s1|g2|mixed,p2g7_011,7,7a4306bff7a31664,,True,True,964,p2g7_011_s3,seed3,966,7a4306bff7a31664,2|constant|rotor|liquid|s1|g2|mixed,36.65749053966723,0.0,29.325992431733784,True,True,False,,True
2,initial_gen7_archive,3|oscillator|still|liquid|s1|g2|mixed,p2g7_015,7,c322e7e02002fd2e,,True,True,964,p2g7_015_s3,seed3,966,c322e7e02002fd2e,3|oscillator|still|liquid|s1|g2|mixed,35.780959700937,0.0,28.624767760749595,True,True,True,,True
2,initial_gen7_archive,3|constant|mobile|gas|s1|g2|mixed,p2g7_044,7,c8f25b6a1d9a87ee,,True,True,964,p2g7_044_s3,seed3,966,c8f25b6a1d9a87ee,3|constant|mobile|flicker|s1|g2|mixed,42.3931380458289,0.0,33.914510436663114,True,True,False,,True
2,initial_gen7_archive,4|switch|rotor|liquid|s3|g2|structured,p2g7_056,7,3b51b7b6ebdf7640,,True,True,964,p2g7_056,screen,964,3b51b7b6ebdf7640,4|switch|rotor|liquid|s3|g2|structured,77.2948817571266,0.5811,73.45790540570127,True,True,True,,False
2,initial_gen7_archive,2|constant|drift|liquid|s1|g2|structured,p2g7_002,7,73d323826e73d5c5,,True,True,964,p2g7_002_s2,seed2,965,73d323826e73d5c5,2|constant|mobile|liquid|s1|g2|structured,49.5034713713377,0.4393,48.38877709707016,True,True,False,,True
2,initial_gen7_archive,3|switch|mobile|liquid|s2|g0|structured,p2g7_005,7,b4b53a7a101e52ce,,True,True,964,p2g7_005,screen,964,b4b53a7a101e52ce,3|switch|mobile|liquid|s2|g0|structured,60.935492809155136,0.5252,59.252394247324105,True,True,True,,False
2,initial_gen7_archive,3|constant|drift|flicker|s1|g0|mixed,p2g7_020,7,7049efc9625ff803,,True,True,964,p2g7_020_s2,seed2,965,7049efc9625ff803,3|constant|mobile|flicker|s1|g0|mixed,26.229171732333448,0.0,20.983337385866758,True,True,False,,True
2,initial_gen7_archive,4|grow|mobile|liquid|s1|g0|structured,p2g7_060,7,f33ee30b73192b64,,True,True,964,p2g7_060_s2,seed2,965,f33ee30b73192b64,4|grow|rotor|liquid|s2|g0|structured,59.50115057349515,0.5031,57.66292045879612,True,True,False,,True
2,initial_gen7_archive,1|switch|mobile|flicker|s1|g0|mixed,p2g7_079,7,bc0157b44c59bd5f,,True,True,964,p2g7_079_s2,seed2,965,bc0157b44c59bd5f,1|switch|mobile|flicker|s1|g0|mixed,30.21355497398389,0.0,24.170843979187108,True,True,True,,True
2,surviving_marked_final,3|grow|rotor|liquid|s2|g2,p6g8_033,0,27a2960d05f47297,,True,False,,p6g8_033_c9,c9fill,958,27a2960d05f47297,3|grow|rotor|liquid|s1|g2|structured,63.629906347325495,0.4314,63.629906347325495,True,True,False,,
2,surviving_marked_final,4|grow|mobile|liquid|s3|g2,p3g9_022,0,9a815b4bb1db78ea,,True,False,,p3g9_022_c9,c9fill,958,9a815b4bb1db78ea,4|grow|mobile|liquid|s2|g2|structured,73.1473176292035,0.5783,73.1473176292035,True,True,False,,
2,surviving_marked_final,4|grow|rotor|liquid|s3|g2,p2g7_039,0,fa86cb8089d048d0,,True,False,,p2g7_039_s3,seed3,966,fa86cb8089d048d0,4|grow|mobile|liquid|s2|g2|structured,75.64387364710484,0.5627,71.76909891768386,True,True,False,,
2,surviving_marked_final,3|switch|rotor|liquid|s2|g2,p6g7_028,0,99843d9cd96588d6,,True,False,,p6g7_028_c9,c9fill,958,99843d9cd96588d6,3|switch|rotor|liquid|s1|g2|structured,59.71568137197157,0.3449,59.71568137197157,True,True,False,,
2,surviving_marked_final,3|grow|mobile|liquid|s2|g2,p6g9_021,0,b310fbfc5cac334e,,True,False,,p6g9_021_c9,c9fill,958,b310fbfc5cac334e,3|grow|mobile|liquid|s1|g2|structured,61.83413596264567,0.4374,61.83413596264567,True,True,False,,
2,surviving_marked_final,3|switch|mobile|liquid|s2|g2,p6g5_026,0,ead25ce87e4b853d,,True,False,,p6g5_026_c9,c9fill,958,ead25ce87e4b853d,3|grow|mobile|liquid|s1|g2|structured,54.62950137581618,0.2116,54.62950137581618,True,True,False,,
2,surviving_marked_final,4|grow|mobile|liquid|s3|g1,p3g6_032,0,3e9e387b61a8cb22,,True,False,,p3g6_032_c9,c9fill,958,3e9e387b61a8cb22,4|grow|mobile|liquid|s2|g1|structured,59.058440408256686,0.3847,59.058440408256686,True,True,False,,
2,surviving_marked_final,3|grow|rotor|liquid|s3|g2,p2g6_020,0,489530b94bd868b0,,True,False,,p2g6_020,screen,964,1cd25e1fb85243c5,4|switch|mobile|liquid|s1|g2|structured,64.00827665296384,0.5047,61.30062132237107,False,False,False,,
2,surviving_marked_final,4|grow|mobile|liquid|s2|g1,p1g7_025,0,07854843ba8e93b1,,True,False,,p1g7_025_c9,c9fill,958,07854843ba8e93b1,3|grow|mobile|liquid|s3|g1|structured,68.7561060201055,0.4942,68.7561060201055,True,True,False,,
2,surviving_marked_final,4|switch|mobile|liquid|s3|g2,p5g3_040,0,dabace1997467b68,,True,False,,p5g3_040_c9,c9fill,958,dabace1997467b68,4|switch|rotor|liquid|s1|g2|structured,70.32163508216985,0.5592,70.32163508216985,True,True,False,,
2,surviving_marked_final,4|switch|rotor|liquid|s1|g2,p1g7_030,0,d2ee337cb598d2ef,,True,False,,p1g7_030_c9,c9fill,958,d2ee337cb598d2ef,4|switch|mobile|liquid|s1|g2|structured,61.58149744154197,0.4902,61.58149744154197,True,True,False,,
2,surviving_marked_final,4|grow|mobile|liquid|s2|g2,p5g7_040,0,83b42c8f4ca19485,,True,False,,p5g7_040_c9,c9fill,958,83b42c8f4ca19485,4|grow|mobile|liquid|s1|g2|structured,70.82782256480832,0.5828,70.82782256480832,True,True,False,,
2,surviving_marked_final,4|grow|rotor|liquid|s3|g1,p4g3_033,0,4ca14697d3781ef6,,True,False,,p4g3_033_c9,c9fill,958,4ca14697d3781ef6,4|grow|rotor|liquid|s3|g1|structured,67.44834084729975,0.4531,67.44834084729975,True,True,False,,
2,surviving_marked_final,3|grow|mobile|liquid|s3|g2,p3g9_020,0,4b6edf7bed2ff135,,True,False,,p3g9_020_c9,c9fill,958,4b6edf7bed2ff135,3|grow|mobile|liquid|s3|g2|structured,69.22875739080237,0.4984,69.22875739080237,True,True,False,,
2,surviving_marked_final,3|grow|rotor|liquid|s1|g2,p6g7_035,0,b3ca2cf65a12bd89,,True,False,,p6g7_035_c9,c9fill,958,b3ca2cf65a12bd89,3|switch|rotor|liquid|s1|g2|structured,68.24352075068528,0.4735,68.24352075068528,True,True,False,,
2,surviving_marked_final,4|grow|mobile|liquid|s1|g2,p3g3_038,0,0c49060d9652323f,,True,False,,p3g3_038_c9,c9fill,958,0c49060d9652323f,4|switch|mobile|liquid|s1|g2|structured,63.200141543855686,0.4395,63.200141543855686,True,True,False,,
2,surviving_marked_final,4|switch|rotor|liquid|s2|g2,p4g2_044,0,173f84b80256caeb,,True,False,,p4g2_044_c9,c9fill,958,173f84b80256caeb,4|grow|rotor|liquid|s1|g2|mixed,43.846666546042634,0.0,43.846666546042634,True,True,False,,
2,surviving_marked_final,4|grow|rotor|liquid|s2|g2,p1g2_020,0,07440dda3d77d9a9,,True,False,,p1g2_020_c9,c9fill,958,07440dda3d77d9a9,4|grow|rotor|liquid|s2|g2|structured,61.437570064017144,0.3545,61.437570064017144,True,True,False,,
2,surviving_marked_final,4|switch|mobile|liquid|s1|g2,p6g6_032,0,e85f4b309db0d245,,True,False,,p6g6_032_c9,c9fill,958,e85f4b309db0d245,4|switch|rotor|liquid|s1|g2|structured,71.20858786655859,0.5532,71.20858786655859,True,True,False,,
2,surviving_marked_final,4|grow|rotor|liquid|s1|g2,p6g8_020,0,3f6f5093e8b0e1db,,True,False,,p6g8_020_c9,c9fill,958,3f6f5093e8b0e1db,4|switch|mobile|liquid|s1|g2|structured,60.27988691170631,0.4432,60.27988691170631,True,True,False,,
2,surviving_marked_final,4|switch|mobile|liquid|s2|g2,p3g7_046,0,3a2135c4e6a392e2,,True,False,,p3g7_046_c9,c9fill,958,3a2135c4e6a392e2,4|grow|rotor|liquid|s1|g2|mixed,45.6818887031738,0.0,45.6818887031738,True,True,False,,
2,surviving_marked_final,4|grow|rotor|flicker|s3|g2,p2g3_073,0,6da2f3231522e927,,True,False,,p2g3_073_s2,seed2,965,97de45f90d6ebef4,4|grow|rotor|liquid|s1|g2|structured,72.4242894620836,0.4562,67.06343156966689,False,False,False,,
2,surviving_marked_final,3|grow|mobile|liquid|s1|g2,p6g2_039,0,7019b4263417a389,,True,False,,p6g2_039_c9,c9fill,958,7019b4263417a389,3|switch|mobile|liquid|s1|g2|structured,67.71866104433175,0.6178,67.71866104433175,True,True,False,,
2,surviving_marked_final,3|grow|mobile|liquid|s3|g1,p4g5_040,0,66a64dfb975fcdc6,,True,False,,p4g5_040_c9,c9fill,958,66a64dfb975fcdc6,3|grow|mobile|liquid|s1|g1|structured,50.86482200476286,0.3235,50.86482200476286,True,True,False,,
2,surviving_marked_final,4|grow|drift|liquid|s2|g2,p2g1_040,0,eef1806b5f1e0089,,True,False,,p2g1_040_c9,c9fill,958,eef1806b5f1e0089,3|grow|mobile|liquid|s3|g2|structured,52.623656874967665,0.2685,52.623656874967665,True,True,False,,
2,surviving_marked_final,4|grow|rotor|liquid|s2|g1,p1g7_032,0,f0c0d4119fa77126,,True,False,,p1g7_032_c9,c9fill,958,f0c0d4119fa77126,4|grow|mobile|liquid|s1|g1|structured,56.52280179746828,0.3426,56.52280179746828,True,True,False,,
2,surviving_marked_final,4|switch|mobile|liquid|s1|g1,p6g3_033,0,45d84b9a9c2d5329,,True,False,,p6g3_033_c9,c9fill,958,45d84b9a9c2d5329,4|switch|mobile|liquid|s1|g1|structured,62.922993019938566,0.623,62.922993019938566,True,True,False,,
2,surviving_marked_final,3|switch|mobile|liquid|s1|g2,p3g7_014,0,bb89c8e401f4f69a,,True,False,,p3g7_014_c9,c9fill,958,bb89c8e401f4f69a,3|switch|mobile|liquid|s1|g2|structured,63.412215659386675,0.5422,63.412215659386675,True,True,False,,
2,surviving_marked_final,4|grow|mobile|flicker|s2|g2,p2g5_023,0,84ec665a3a51196b,,True,False,,p2g5_023,screen,964,95a88a754c64494b,3|grow|mobile|liquid|s1|g2|structured,54.90825983739417,0.2703,49.33260786991533,False,False,False,,
2,surviving_marked_final,3|switch|rotor|liquid|s1|g2,p3g8_042,0,669ecc8e806a412c,,True,False,,p3g8_042_c9,c9fill,958,669ecc8e806a412c,3|grow|rotor|liquid|s1|g2|structured,54.87782549163181,0.342,54.87782549163181,True,True,False,,
2,surviving_marked_final,4|grow|rotor|flicker|s2|g2,p6g4_021,0,f1d619e4608e8429,,True,False,,p6g4_021_c9,c9fill,958,f1d619e4608e8429,4|grow|rotor|liquid|s2|g2|structured,68.86949018863848,0.5281,68.86949018863848,True,True,False,,
2,surviving_marked_final,4|grow|mobile|liquid|s3|g0,p6g2_022,0,4822df84bbe8edf6,,True,False,,p6g2_022_c9,c9fill,958,4822df84bbe8edf6,4|grow|mobile|liquid|s3|g0|structured,66.74285798525841,0.5386,66.74285798525841,True,True,False,,
2,surviving_marked_final,4|grow|drift|liquid|s1|g2,p2g4_020,0,36456c27fa9e9db9,,True,False,,p2g4_020,screen,964,3868b359bed4a6eb,4|switch|rotor|liquid|s1|g2|structured,52.66828762998688,0.5963,54.0606301039895,False,False,False,,
2,surviving_marked_final,4|grow|rotor|liquid|s1|g1,p3g7_015,0,b6669fc876a2db67,,True,False,,p3g7_015_c9,c9fill,958,b6669fc876a2db67,4|switch|rotor|liquid|s1|g1|structured,61.26721644714253,0.4979,61.26721644714253,True,True,False,,
2,surviving_marked_final,4|constant|rotor|liquid|s1|g2,p6g7_067,0,070d384c430a8e0f,,True,False,,p6g7_067_c9,c9fill,958,070d384c430a8e0f,4|constant|rotor|liquid|s1|g2|structured,66.58319448993882,0.615,66.58319448993882,True,True,False,,
2,surviving_marked_final,4|switch|rotor|flicker|s1|g2,p4g7_062,0,99904c4c71c802f0,,True,False,,p4g7_062_c9,c9fill,958,99904c4c71c802f0,4|switch|rotor|flicker|s1|g2|mixed,44.15976631123361,0.0,44.15976631123361,True,True,False,,
2,surviving_marked_final,4|grow|mobile|liquid|s1|g1,p3g5_003,0,a8588ddb13332b62,,True,False,,p3g5_003_c9,c9fill,958,a8588ddb13332b62,4|switch|mobile|liquid|s1|g1|structured,69.58846942067028,0.6252,69.58846942067028,True,True,False,,
2,surviving_marked_final,3|grow|mobile|liquid|s2|g1,p6g1_023,0,b52d5d7da8ee6179,,True,False,,p6g1_023_c9,c9fill,958,b52d5d7da8ee6179,3|grow|mobile|liquid|s2|g1|structured,64.34465968680303,0.4685,64.34465968680303,True,True,False,,
2,surviving_marked_final,4|switch|mobile|liquid|s2|g1,p1g3_035,0,a065779eaf3df961,,True,False,,p1g3_035_c9,c9fill,958,a065779eaf3df961,4|switch|rotor|liquid|s1|g1|structured,60.1835773735872,0.4838,60.1835773735872,True,True,False,,
2,surviving_marked_final,2|grow|rotor|liquid|s1|g2,p2g4_062,0,37e5bf4d92c4be41,,True,False,,p2g4_062,screen,964,f78b00513c33a9a3,3|switch|rotor|liquid|s1|g2|structured,64.53379767733584,0.5238,62.10303814186868,False,False,False,,
2,surviving_marked_final,2|grow|mobile|liquid|s1|g2,p2g4_053,0,8f894fb7b2f207f4,,True,False,,p2g4_053,screen,964,fa86cb8089d048d0,4|grow|rotor|liquid|s2|g2|structured,69.66296250923027,0.4625,64.98037000738421,False,False,False,,
2,surviving_marked_final,2|grow|mobile|liquid|s2|g2,p2g2_038,0,ad835d9583d074b2,,True,False,,p2g2_038_s3,seed3,966,ad835d9583d074b2,2|grow|rotor|liquid|s2|g2|structured,62.18378093828494,0.2611,54.96902475062794,True,True,False,,
2,surviving_marked_final,4|switch|mobile|flicker|s1|g2,p2g2_070,0,3403b1a691db96ea,,True,False,,p2g2_070_s2,seed2,965,2ccd2e15c8fa6fb9,4|switch|mobile|liquid|s1|g2|structured,69.77567388869726,0.5843,67.5065391109578,False,False,False,,
2,surviving_marked_final,3|switch|mobile|flicker|s1|g2,p4g1_018,0,bdeaaefe8a5b91e0,,True,False,,p4g1_018_c9,c9fill,958,bdeaaefe8a5b91e0,3|switch|rotor|flicker|s2|g2|mixed,51.926001771317075,0.1436,51.926001771317075,True,True,False,,
2,surviving_marked_final,4|grow|mobile|flicker|s1|g2,p2g4_030,0,ca21e100b2dea0c3,,True,False,,p2g4_030_s3,seed3,966,ca21e100b2dea0c3,4|grow|rotor|flicker|s3|g2|mixed,65.56042293134801,0.188,56.2083383450784,True,True,False,,
2,surviving_marked_final,2|grow|rotor|liquid|s2|g2,p6g5_025,0,c53633b366a18482,,True,False,,p6g5_025_c9,c9fill,958,c53633b366a18482,2|grow|rotor|liquid|s1|g2|structured,48.58148429204117,0.279,48.58148429204117,True,True,False,,
2,surviving_marked_final,3|oscillator|mobile|liquid|s1|g2,p6g10_024,0,2a7ac9f64d6ef179,,True,False,,p6g10_024_c9,c9fill,958,2a7ac9f64d6ef179,3|oscillator|mobile|liquid|s1|g2|structured,60.344474915932764,0.489,60.344474915932764,True,True,False,,
2,surviving_marked_final,2|switch|rotor|flicker|s1|g2,p5g8_014,0,60fd1da794635589,,True,False,,p5g8_014_c9,c9fill,958,60fd1da794635589,2|switch|rotor|flicker|s1|g2|structured,65.07025377691151,0.5609,65.07025377691151,True,True,False,,
2,surviving_marked_final,3|grow|mobile|liquid|s1|g1,p3g9_021,0,d2673ccaa565671c,,True,False,,p3g9_021_c9,c9fill,958,d2673ccaa565671c,3|grow|mobile|liquid|s1|g1|mixed,42.383926358102705,0.0,42.383926358102705,True,True,False,,
2,surviving_marked_final,3|switch|rotor|flicker|s1|g2,p2g4_041,0,794646053eadd329,,True,False,,p2g4_041,screen,964,61edc1e3803867c8,3|constant|mobile|flicker|s1|g2|mixed,41.537727697426504,0.0,33.2301821579412,False,False,False,,
2,surviving_marked_final,4|switch|rotor|liquid|s1|g1,p6g1_040,0,8e82b34b98815d51,,True,False,,p6g1_040_c9,c9fill,958,8e82b34b98815d51,4|switch|mobile|liquid|s1|g1|structured,66.62005532598099,0.5245,66.62005532598099,True,True,False,,
2,surviving_marked_final,3|switch|mobile|liquid|s1|g1,p3g6_036,0,dc62120b0c212700,,True,False,,p3g6_036_c9,c9fill,958,dc62120b0c212700,3|switch|rotor|liquid|s1|g1|structured,56.30313848717671,0.4727,56.30313848717671,True,True,False,,
2,surviving_marked_final,3|grow|rotor|liquid|s2|g1,p4g7_003,0,0c6b5140622c9518,,True,False,,p4g7_003_c9,c9fill,958,0c6b5140622c9518,3|grow|rotor|liquid|s3|g1|structured,60.642330463719276,0.4479,60.642330463719276,True,True,False,,
2,surviving_marked_final,4|grow|rotor|flicker|s1|g2,p6g8_068,0,0ae569d76c7ad4e0,,True,False,,p6g8_068_c9,c9fill,958,0ae569d76c7ad4e0,4|switch|rotor|flicker|s1|g2|structured,56.726079592029414,0.3282,56.726079592029414,True,True,False,,
2,surviving_marked_final,4|switch|mobile|liquid|s2|g0,p4g3_022,0,c12ecee8c627b141,,True,False,,p4g3_022_c9,c9fill,958,c12ecee8c627b141,4|switch|rotor|flicker|s1|g0|structured,53.07433582529313,0.5061,53.07433582529313,True,True,False,,
2,surviving_marked_final,3|grow|rotor|frozen|s1|g2,p0g0_ds2g11_009,0,bbe92b88e108906a,,True,False,,p0g0_ds2g11_009_c9,c9fill,958,bbe92b88e108906a,3|grow|rotor|liquid|s1|g2|structured,44.068060920475105,0.1295,44.068060920475105,True,True,False,,
2,surviving_marked_final,4|oscillator|rotor|liquid|s1|g2,p5g5_010,0,53fda5eb68268f1f,,True,False,,p5g5_010_c9,c9fill,958,53fda5eb68268f1f,4|switch|mobile|liquid|s1|g2|structured,62.673581046531275,0.5375,62.673581046531275,True,True,False,,
2,surviving_marked_final,3|switch|drift|flicker|s1|g2,p6g7_013,0,e65ef70dd49605a1,,True,False,,p6g7_013_c9,c9fill,958,e65ef70dd49605a1,3|switch|mobile|flicker|s1|g2|structured,55.29543001378467,0.4345,55.29543001378467,True,True,False,,
2,surviving_marked_final,3|oscillator|drift|liquid|s2|g2,p3g6_070,0,0754aa976555d950,,True,False,,p3g6_070_c9,c9fill,958,0754aa976555d950,3|grow|mobile|liquid|s1|g2|structured,56.06548278600514,0.4507,56.06548278600514,True,True,False,,
2,surviving_marked_final,3|grow|rotor|flicker|s2|g2,p2g6_031,0,84226d894db71e93,,True,False,,p2g6_031,screen,964,b2edf1a5811fbe08,3|switch|mobile|liquid|s1|g2|structured,66.15113046542302,0.4273,61.46690437233841,False,False,False,,
2,surviving_marked_final,2|grow|mobile|liquid|s2|g1,p3g6_061,0,87da68345e8008fe,,True,False,,p3g6_061_c9,c9fill,958,87da68345e8008fe,2|grow|mobile|liquid|s1|g1|mixed,39.5207281913662,0.0,39.5207281913662,True,True,False,,
2,surviving_marked_final,3|switch|drift|liquid|s1|g2,p4g4_018,0,c85255378879551c,,True,False,,p4g4_018_c9,c9fill,958,c85255378879551c,3|switch|drift|flicker|s1|g2|mixed,43.90616830720362,0.1749,43.90616830720362,True,True,False,,
2,surviving_marked_final,3|grow|mobile|liquid|s3|g0,p0g0_ds2g11_006,0,2dd6dbf38ed8f991,,True,False,,p0g0_ds2g11_006_c9,c9fill,958,2dd6dbf38ed8f991,3|grow|mobile|liquid|s1|g0|structured,54.332212633446474,0.5347,54.332212633446474,True,True,False,,
2,surviving_marked_final,3|constant|rotor|flicker|s1|g2,p1g6_065,0,6ffe5602270e02e4,,True,False,,p1g6_065_c9,c9fill,958,6ffe5602270e02e4,3|switch|drift|liquid|s1|g2|structured,52.47891492810717,0.438,52.47891492810717,True,True,False,,
2,surviving_marked_final,3|grow|rotor|liquid|s1|g0,p2g2_023,0,18fb4a511bd5fd41,,True,False,,p2g2_023_s2,seed2,965,7fa13f78a42abf98,2|switch|mobile|liquid|s2|g2|structured,60.59308669147416,0.2103,52.68046935317933,False,False,False,,
2,surviving_marked_final,4|switch|rotor|flicker|s1|g1,p6g5_019,0,0477d3f126e0b4df,,True,False,,p6g5_019_c9,c9fill,958,0477d3f126e0b4df,4|switch|mobile|flicker|s1|g1|structured,64.08751213671388,0.5654,64.08751213671388,True,True,False,,
2,surviving_marked_final,2|switch|mobile|flicker|s1|g2,p10g0_ds6_000,0,5ddef2bb7950303b,,True,False,,p10g0_ds6_000_c9,c9fill,958,5ddef2bb7950303b,2|switch|mobile|flicker|s1|g2|structured,61.79334168837479,0.5586,61.79334168837479,True,True,False,,
2,surviving_marked_final,2|switch|mobile|liquid|s1|g2,p4g5_070,0,8944dc72cebaf556,,True,False,,p4g5_070_c9,c9fill,958,8944dc72cebaf556,1|switch|mobile|gas|s1|g2|mixed,19.082711876453626,0.0,19.082711876453626,True,True,False,,
2,surviving_marked_final,2|switch|rotor|liquid|s1|g2,p1g2_008,0,6aef37d09adb821c,,True,False,,p1g2_008_c9,c9fill,958,6aef37d09adb821c,2|switch|mobile|liquid|s1|g2|structured,59.5337117778859,0.4855,59.5337117778859,True,True,False,,
2,surviving_marked_final,4|grow|rotor|liquid|s1|g0,p5g3_062,0,6588fedcc859d014,,True,False,,p5g3_062_c9,c9fill,958,6588fedcc859d014,4|grow|rotor|flicker|s1|g0|mixed,39.16980429608196,0.0,39.16980429608196,True,True,False,,
2,surviving_marked_final,4|switch|drift|liquid|s1|g2,p4g7_057,0,8c1b8d558ff3eab5,,True,False,,p4g7_057_c9,c9fill,958,8c1b8d558ff3eab5,4|switch|rotor|liquid|s1|g2|mixed,47.225683623393444,0.0,47.225683623393444,True,True,False,,
2,surviving_marked_final,3|grow|drift|liquid|s1|g2,p5g4_065,0,ec92b73fbd3a436f,,True,False,,p5g4_065_c9,c9fill,958,ec92b73fbd3a436f,4|grow|mobile|liquid|s2|g2|mixed,50.42467120755935,0.0,50.42467120755935,True,True,False,,
2,surviving_marked_final,3|switch|mobile|liquid|s2|g0,p6g9_040,0,199b006fd66f13fb,,True,False,,p6g9_040_c9,c9fill,958,199b006fd66f13fb,3|switch|rotor|flicker|s1|g0|structured,49.90822674855221,0.4933,49.90822674855221,True,True,False,,
2,surviving_marked_final,4|grow|rotor|frozen|s1|g2,p2g6_001,0,b10ebb5bb2a75e70,,True,False,,p2g6_001,screen,964,48e236252e0117e2,3|switch|mobile|liquid|s1|g2|mixed,43.20868136085235,0.0,34.566945088681884,False,False,False,,
2,surviving_marked_final,4|switch|mobile|liquid|s1|g0,p6g9_024,0,13d71fd1241f9ebc,,True,False,,p6g9_024_c9,c9fill,958,13d71fd1241f9ebc,4|switch|mobile|flicker|s1|g0|structured,53.046753431953675,0.5107,53.046753431953675,True,True,False,,
2,surviving_marked_final,4|grow|still|frozen|s2|g2,p2g4_015,0,04a0f0e5eb95cb51,,True,False,,p2g4_015_s2,seed2,965,a04fca4ed04a8fd9,2|switch|mobile|liquid|s1|g2|structured,58.03796234125702,0.4212,54.85436987300561,False,False,False,,
2,surviving_marked_final,3|switch|mobile|flicker|s1|g1,p3g9_000,0,91d0de9a698b42f1,,True,False,,p3g9_000_c9,c9fill,958,91d0de9a698b42f1,3|switch|mobile|liquid|s1|g1|structured,62.82156980148203,0.6078,62.82156980148203,True,True,False,,
2,surviving_marked_final,4|switch|drift|flicker|s1|g2,p4g4_007,0,51de7cd26fa902e8,,True,False,,p4g4_007_c9,c9fill,958,51de7cd26fa902e8,4|constant|drift|liquid|s1|g2|mixed,35.41832053142121,0.0,35.41832053142121,True,True,False,,
2,surviving_marked_final,4|switch|still|liquid|s1|g2,p3g8_049,0,7abceff1a41774bf,,True,False,,p3g8_049_c9,c9fill,958,7abceff1a41774bf,4|oscillator|still|liquid|s1|g2|mixed,35.504523202506086,0.0,35.504523202506086,True,True,False,,
2,surviving_marked_final,4|oscillator|mobile|liquid|s2|g0,p1g2_008,0,a19e1629a9d1fb98,,True,False,,p1g2_008_c9,c9fill,958,6aef37d09adb821c,2|switch|mobile|liquid|s1|g2|structured,59.5337117778859,0.4855,59.5337117778859,False,False,False,,
2,surviving_marked_final,3|grow|mobile|liquid|s1|g0,p1g2_021,0,67cf8460076bdd5b,,True,False,,p1g2_021_c9,c9fill,958,67cf8460076bdd5b,3|grow|rotor|liquid|s2|g0|structured,51.74224903689269,0.2973,51.74224903689269,True,True,False,,
2,surviving_marked_final,3|grow|still|frozen|s2|g2,p2g4_069,0,ae9d1473551424c6,,True,False,,p2g4_069,screen,964,929650f101dbb962,4|switch|mobile|liquid|s1|g2|structured,59.9204426933199,0.4744,57.424354154655916,False,False,False,,
2,surviving_marked_final,2|grow|mobile|flicker|s1|g2,p6g8_061,0,0849acc60943ebb4,,True,False,,p6g8_061_c9,c9fill,958,0849acc60943ebb4,1|grow|still|gas|s2|g2|mixed,16.475230087739817,0.0,16.475230087739817,True,True,False,,
2,surviving_marked_final,3|grow|still|liquid|s1|g2,p4g2_028,0,9ccfc2ac9c92bba2,,True,False,,p4g2_028_c9,c9fill,958,9ccfc2ac9c92bba2,3|oscillator|still|liquid|s1|g2|mixed,43.42429478254007,0.1548,43.42429478254007,True,True,False,,
2,surviving_marked_final,2|grow|rotor|liquid|s1|g0,p6g1_043,0,cb8ca5f66af9944a,,True,False,,p6g1_043_c9,c9fill,958,cb8ca5f66af9944a,2|switch|mobile|liquid|s2|g0|structured,53.68280018523739,0.5206,53.68280018523739,True,True,False,,
2,surviving_marked_final,3|grow|mobile|liquid|s2|g0,p1g2_034,0,65ee88a4e85ee72d,,True,False,,p1g2_034_c9,c9fill,958,65ee88a4e85ee72d,3|grow|rotor|liquid|s2|g0|structured,58.98752953210162,0.4749,58.98752953210162,True,True,False,,
2,surviving_marked_final,3|oscillator|mobile|flicker|s1|g2,p6g3_008,0,6fdabba5eb65047e,,True,False,,p6g3_008_c9,c9fill,958,6fdabba5eb65047e,3|switch|mobile|flicker|s1|g2|structured,60.071216186275066,0.5275,60.071216186275066,True,True,False,,
2,surviving_marked_final,4|oscillator|drift|liquid|s1|g2,p6g7_054,0,c3395cc4794da758,,True,False,,p6g7_054_c9,c9fill,958,c3395cc4794da758,4|oscillator|drift|liquid|s1|g2|mixed,32.61085237286603,0.0,32.61085237286603,True,True,False,,
2,surviving_marked_final,3|switch|still|liquid|s1|g2,p5g8_007,0,8e4299986c7764fd,,True,False,,p5g8_007_c9,c9fill,958,8e4299986c7764fd,3|switch|still|flicker|s1|g2|mixed,37.563388403547826,0.0,37.563388403547826,True,True,False,,
2,surviving_marked_final,3|grow|rotor|liquid|s2|g0,p4g1_037,0,51d3ff7d5b99699d,,True,False,,p4g1_037_c9,c9fill,958,51d3ff7d5b99699d,3|grow|rotor|liquid|s1|g0|structured,52.157556890950616,0.5921,52.157556890950616,True,True,False,,
2,surviving_marked_final,4|grow|mobile|liquid|s1|g0,p1g7_023,0,ae859cef82a541f9,,True,False,,p1g7_023_c9,c9fill,958,ae859cef82a541f9,4|grow|mobile|liquid|s2|g0|structured,64.56025731203347,0.6145,64.56025731203347,True,True,False,,
2,surviving_marked_final,4|grow|drift|frozen|s1|g2,p1g5_022,0,e0c477a1df493566,,True,False,,p1g5_022_c9,c9fill,958,e0c477a1df493566,4|grow|drift|liquid|s1|g2|structured,37.75037360590915,0.0954,37.75037360590915,True,True,False,,
2,surviving_marked_final,4|switch|rotor|liquid|s2|g1,p2g7_010,0,8ca54a0a2e5f9221,,True,False,,p2g7_010_c9,c9fill,958,8ca54a0a2e5f9221,4|grow|rotor|liquid|s2|g1|mixed,46.12725811515459,0.2282,46.12725811515459,True,True,False,,
2,surviving_marked_final,2|grow|drift|liquid|s1|g2,p6g9_038,0,812d5ab5168659a9,,True,False,,p6g9_038_c9,c9fill,958,812d5ab5168659a9,2|grow|drift|liquid|s1|g2|structured,40.03023394587095,0.1241,40.03023394587095,True,True,False,,
2,surviving_marked_final,3|grow|drift|frozen|s1|g2,p0g1_055,0,b8443088cbf6a776,,True,False,,p0g1_055_c9,c9fill,958,b8443088cbf6a776,4|grow|rotor|liquid|s1|g2|structured,53.24484269167033,0.2056,53.24484269167033,True,True,False,,
2,surviving_marked_final,4|constant|rotor|flicker|s1|g2,p5g6_021,0,f6f348579074846d,,True,False,,p5g6_021_c9,c9fill,958,f6f348579074846d,4|constant|rotor|flicker|s1|g2|mixed,37.71804190901993,0.0,37.71804190901993,True,True,False,,
2,surviving_marked_final,3|grow|drift|liquid|s2|g2,p2g2_041,0,6d69c834bff5afd0,,True,False,,p2g2_041,screen,964,2c35048f8d3575ac,3|constant|drift|liquid|s1|g2|mixed,38.950523587011396,0.0,31.160418869609117,False,False,False,,
2,surviving_marked_final,2|switch|mobile|liquid|s2|g2,p2g4_002,0,bcc3072a07e51f96,,True,False,,p2g4_002_s2,seed2,965,583c31fd9c9b98d6,4|switch|mobile|liquid|s1|g2|structured,72.24958960061785,0.6018,69.83567168049427,False,False,False,,
2,surviving_marked_final,3|constant|mobile|flicker|s1|g2,p3g5_061,0,c63ba0e852b7880c,,True,False,,p3g5_061_c9,c9fill,958,c63ba0e852b7880c,3|constant|mobile|flicker|s1|g2|mixed,33.04241836811027,0.0,33.04241836811027,True,True,False,,
2,surviving_marked_final,4|grow|mobile|flicker|s3|g0,p6g9_022,0,36e4056a5ff9fa8c,,True,False,,p6g9_022_c9,c9fill,958,36e4056a5ff9fa8c,4|switch|rotor|liquid|s1|g0|structured,38.523041093695106,0.3408,38.523041093695106,True,True,False,,
2,surviving_marked_final,4|switch|mobile|liquid|s1|g2|economy,p2g1_054,1,eef1806b5f1e0089,,True,True,964,p2g1_054,screen,964,eef1806b5f1e0089,4|switch|mobile|liquid|s1|g2|economy,63.728,0.4112,59.206782753616196,True,True,True,,False
2,surviving_marked_final,3|switch|mobile|liquid|s1|g2|economy,p2g1_051,1,27a2960d05f47297,,True,True,964,p2g1_051_s2,seed2,965,27a2960d05f47297,3|switch|rotor|liquid|s1|g2|structured,71.75258520963418,0.3381,64.16406816770734,True,True,False,,True
2,surviving_marked_final,4|switch|mobile|liquid|s1|g1|economy,p2g1_053,1,45d84b9a9c2d5329,,True,True,964,p2g1_053_s3,seed3,966,45d84b9a9c2d5329,4|switch|mobile|liquid|s1|g1|structured,69.42335647395456,0.5313,66.16468517916364,True,True,False,,True
2,surviving_marked_final,3|switch|mobile|liquid|s2|g2|economy,p2g1_055,1,27a2960d05f47297,,True,True,964,p2g1_055_s2,seed2,965,27a2960d05f47297,3|switch|rotor|liquid|s1|g2|structured,71.75258520963418,0.3381,64.16406816770734,True,True,False,,True
2,surviving_marked_final,3|switch|mobile|liquid|s1|g0|economy,p2g1_052,1,4822df84bbe8edf6,,True,True,964,p2g1_052_s2,seed2,965,4822df84bbe8edf6,4|switch|rotor|flicker|s1|g0|structured,59.91544328158486,0.519,58.312354625267886,True,True,False,,True
2,surviving_marked_final,4|switch|rotor|liquid|s1|g0|structured,p2g1_049,1,6588fedcc859d014,,True,True,964,p2g1_049,screen,964,6588fedcc859d014,4|switch|rotor|liquid|s1|g0|structured,57.878,0.347,53.24267346230313,True,True,True,,False
2,surviving_marked_final,1|grow|mobile|liquid|s1|g2|structured,p2g1_002,1,d9ed7061a56002ec,,True,True,964,p2g1_002,screen,964,d9ed7061a56002ec,1|grow|mobile|liquid|s1|g2|structured,48.822081539438436,0.4684,48.42566523155075,True,True,True,,False
2,surviving_marked_final,3|switch|rotor|liquid|s1|g2|structured,p2g5_054,5,27a2960d05f47297,,True,True,964,p2g5_054_s2,seed2,965,27a2960d05f47297,3|switch|rotor|liquid|s2|g2|structured,75.56277316696661,0.3706,67.86221853357328,True,True,False,,True
2,surviving_marked_final,3|switch|mobile|liquid|s1|g2|mixed,p2g1_078,1,9fb172b36e41b539,,True,True,964,p2g1_078_s2,seed2,965,9fb172b36e41b539,3|switch|rotor|liquid|s1|g2|structured,60.427311925822444,0.4303,56.947849540657955,True,True,False,,True
2,surviving_marked_final,3|switch|mobile|liquid|s2|g2|structured,p2g3_029,3,04abf03262a9dbaf,,True,True,964,p2g3_029_s2,seed2,965,04abf03262a9dbaf,3|switch|rotor|liquid|s2|g2|structured,73.57147575671203,0.3252,65.36118060536963,True,True,False,,True
2,surviving_marked_final,4|switch|mobile|liquid|s2|g2|structured,p2g1_006,1,1df18c697ace6321,,True,True,964,p2g1_006,screen,964,1df18c697ace6321,4|switch|mobile|liquid|s2|g2|structured,60.76750530192378,0.5104,58.82200424153902,True,True,True,,False
2,surviving_marked_final,4|grow|mobile|liquid|s1|g2|structured,p2g1_017,1,bf9d2724ed64b209,,True,True,964,p2g1_017_s3,seed3,966,bf9d2724ed64b209,4|grow|rotor|liquid|s1|g2|structured,79.28309980771103,0.6592,76.61047984616883,True,True,False,,True
2,surviving_marked_final,3|switch|mobile|liquid|s1|g2|structured,p2g5_005,5,3ff0bea4b19ab900,,True,True,964,p2g5_005,screen,964,3ff0bea4b19ab900,3|switch|mobile|liquid|s1|g2|structured,67.87841179051973,0.6499,67.30072943241578,True,True,True,,False
2,surviving_marked_final,2|switch|mobile|liquid|s1|g1|structured,p2g1_014,1,25ba4c839e86a51e,,True,True,964,p2g1_014_s3,seed3,966,25ba4c839e86a51e,2|switch|mobile|liquid|s1|g1|structured,49.93726027559192,0.4578,49.10580822047353,True,True,True,,True
2,surviving_marked_final,3|grow|mobile|liquid|s1|g2|structured,p2g6_004,6,581f6892914ea331,,True,True,964,p2g6_004_s3,seed3,966,581f6892914ea331,3|grow|mobile|liquid|s3|g2|structured,76.43672142155052,0.4399,69.94737713724041,True,True,False,,True
2,surviving_marked_final,3|switch|drift|liquid|s1|g0|structured,p2g2_024,2,00ad67098ca52841,,True,True,964,p2g2_024_s3,seed3,966,00ad67098ca52841,3|grow|mobile|liquid|s1|g0|structured,51.46473428766696,0.3552,48.27578743013356,True,True,False,,True
2,surviving_marked_final,4|switch|drift|liquid|s1|g2|mixed,p2g3_071,3,dda84bcbfe3a8189,,True,True,964,p2g3_071_s2,seed2,965,dda84bcbfe3a8189,4|switch|drift|liquid|s2|g2|mixed,59.351762381599606,0.0973,49.42740990527969,True,True,False,,True
2,surviving_marked_final,3|constant|still|frozen|s1|g2|mixed,p2g1_047,1,0d2edece61b7493e,,True,True,964,p2g1_047_s3,seed3,966,0d2edece61b7493e,3|constant|drift|flicker|s1|g2|mixed,41.14206497943601,0.0,32.9136519835488,True,True,False,,True
2,surviving_marked_final,4|switch|rotor|liquid|s1|g2|mixed,p2g1_062,1,5b4ad6640be17b4b,,True,True,964,p2g1_062,screen,964,5b4ad6640be17b4b,4|switch|rotor|liquid|s1|g2|mixed,68.93072257922546,0.2846,60.83657806338037,True,True,True,,False
2,surviving_marked_final,4|grow|rotor|liquid|s2|g2|structured,p2g5_022,5,96e24f8710f637cd,,True,True,964,p2g5_022_s3,seed3,966,96e24f8710f637cd,4|grow|mobile|liquid|s2|g2|structured,77.36447450367643,0.6342,74.57557960294115,True,True,False,,True
2,surviving_marked_final,2|grow|mobile|liquid|s1|g2|structured,p2g7_033,7,c714940c4a372999,,True,True,964,p2g7_033_s2,seed2,965,c714940c4a372999,2|grow|mobile|liquid|s1|g2|structured,62.88927988069904,0.3897,58.10542390455923,True,True,True,,True
2,surviving_marked_final,4|switch|mobile|liquid|s1|g2|structured,p2g7_049,7,9a815b4bb1db78ea,,True,True,964,p2g7_049_s3,seed3,966,9a815b4bb1db78ea,4|grow|mobile|liquid|s2|g2|structured,79.54612455659745,0.6591,76.81889964527797,True,True,False,,True
2,surviving_marked_final,4|grow|rotor|liquid|s3|g2|structured,p2g1_067,1,b0b5c22cd90792e9,,True,True,964,p2g1_067,screen,964,b0b5c22cd90792e9,4|grow|rotor|liquid|s3|g2|structured,77.67241321957417,0.6498,75.13393057565933,True,True,True,,False
2,surviving_marked_final,4|constant|mobile|liquid|s1|g2|mixed,p2g1_069,1,d180217b39c4da02,,True,True,964,p2g1_069_s3,seed3,966,d180217b39c4da02,4|constant|mobile|flicker|s1|g2|mixed,43.38355308364474,0.0,34.70684246691579,True,True,False,,True
2,surviving_marked_final,4|constant|drift|liquid|s1|g2|structured,p2g1_072,1,26d0e37a72033beb,,True,True,964,p2g1_072_s2,seed2,965,26d0e37a72033beb,4|constant|drift|liquid|s1|g2|structured,50.30014517282734,0.3895,48.030116138261874,True,True,True,,True
2,surviving_marked_final,4|switch|drift|frozen|s1|g2|mixed,p2g1_074,1,cf978f6cd658a548,,True,True,964,p2g1_074,screen,964,cf978f6cd658a548,4|switch|drift|frozen|s1|g2|mixed,28.140550192823,0.0,22.5124401542584,True,True,True,,False
2,surviving_marked_final,4|switch|drift|liquid|s1|g2|structured,p2g5_067,5,a3daeedefa51805f,,True,True,964,p2g5_067_s3,seed3,966,a3daeedefa51805f,4|switch|mobile|flicker|s1|g2|structured,65.93716308933571,0.4791,62.33173047146857,True,True,False,,True
2,surviving_marked_final,3|constant|mobile|liquid|s1|g2|structured,p2g1_009,1,c87dae7197d7ca1b,,True,True,964,p2g1_009_s3,seed3,966,c87dae7197d7ca1b,3|constant|rotor|liquid|s1|g2|structured,46.16121743411655,0.5565,48.05897394729324,True,True,False,,True
2,surviving_marked_final,3|grow|mobile|liquid|s2|g2|structured,p2g1_011,1,9de01c91384e7539,,True,True,964,p2g1_011,screen,964,9de01c91384e7539,3|grow|mobile|liquid|s2|g2|structured,75.79762386410493,0.5078,70.79409909128395,True,True,True,,False
2,surviving_marked_final,2|switch|mobile|flicker|s1|g2|mixed,p2g1_013,1,495df91b3251fa11,,True,True,964,p2g1_013,screen,964,495df91b3251fa11,2|switch|mobile|flicker|s1|g2|mixed,52.58797154975514,0.4282,50.63437723980411,True,True,True,,False
2,surviving_marked_final,3|switch|mobile|liquid|s1|g1|structured,p2g6_032,6,67cf21942715762c,,True,True,964,p2g6_032_s2,seed2,965,67cf21942715762c,3|switch|rotor|liquid|s1|g1|structured,76.2177190992982,0.8048,77.07017527943856,True,True,False,,True
2,surviving_marked_final,3|grow|rotor|liquid|s1|g2|structured,p2g4_003,4,50b3da4b74e1702e,,True,True,964,p2g4_003,screen,964,50b3da4b74e1702e,3|grow|rotor|liquid|s1|g2|structured,71.74854000051566,0.619,69.77883200041252,True,True,True,,False
2,surviving_marked_final,3|switch|rotor|flicker|s1|g1|mixed,p2g1_024,1,b3e14a306a3b29ca,,True,True,964,p2g1_024_s3,seed3,966,b3e14a306a3b29ca,3|switch|mobile|liquid|s1|g1|mixed,53.673321326517645,0.0,42.938657061214116,True,True,False,,True
2,surviving_marked_final,3|grow|still|frozen|s3|g2|mixed,p2g1_028,1,c968f42c900825af,,True,True,964,p2g1_028,screen,964,c968f42c900825af,3|grow|still|frozen|s3|g2|mixed,46.429022471284625,0.0545,38.2332179770277,True,True,True,,False
2,surviving_marked_final,2|switch|mobile|liquid|s1|g0|structured,p2g1_037,1,3690c9f2501aa004,,True,True,964,p2g1_037,screen,964,3690c9f2501aa004,2|switch|mobile|liquid|s1|g0|structured,52.725593972317384,0.4526,51.23247517785391,True,True,True,,False
2,surviving_marked_final,2|constant|still|frozen|s1|g2|mixed,p2g4_044,4,abdc74c9a111b0d0,,True,True,964,p2g4_044_s3,seed3,966,abdc74c9a111b0d0,2|constant|drift|liquid|s1|g2|mixed,29.92751173226967,0.0,23.942009385815734,True,True,False,,True
2,surviving_marked_final,3|switch|still|frozen|s1|g2|mixed,p2g1_045,1,0c1fc022331e2949,,True,True,964,p2g1_045_s2,seed2,965,0c1fc022331e2949,3|switch|still|liquid|s1|g2|mixed,39.99558606272733,0.0,31.996468850181863,True,True,False,,True
2,surviving_marked_final,2|oscillator|mobile|flicker|s1|g2|mixed,p2g1_057,1,eeeea0dff8936f5d,,True,True,964,p2g1_057_s3,seed3,966,eeeea0dff8936f5d,2|constant|mobile|liquid|s1|g2|mixed,38.99202957168354,0.0,31.19362365734683,True,True,False,,True
2,surviving_marked_final,4|grow|mobile|liquid|s1|g2|mixed,p2g5_038,5,381f1a1319bcbc24,,True,True,964,p2g5_038_s3,seed3,966,381f1a1319bcbc24,4|grow|mobile|liquid|s2|g2|mixed,59.71699014071716,0.0,47.77359211257372,True,True,False,,True
2,surviving_marked_final,4|switch|rotor|flicker|s1|g1|structured,p2g1_000,1,8374a12be60874cc,,True,True,964,p2g1_000_s2,seed2,965,8374a12be60874cc,4|switch|rotor|flicker|s1|g1|structured,68.93352065087262,0.5479,66.10481652069811,True,True,True,,True
2,surviving_marked_final,2|switch|drift|flicker|s1|g2|mixed,p2g1_003,1,f891cbf384200ef8,,True,True,964,p2g1_003_s3,seed3,966,f891cbf384200ef8,2|switch|mobile|liquid|s1|g2|mixed,28.141092838271803,0.0,22.51287427061744,True,True,False,,True
2,surviving_marked_final,3|oscillator|mobile|liquid|s1|g2|structured,p2g1_015,1,942ef4a4cd6b8a1b,,True,True,964,p2g1_015_s2,seed2,965,942ef4a4cd6b8a1b,3|switch|mobile|liquid|s1|g2|structured,65.22424912980665,0.6191,64.56139930384532,True,True,False,,True
2,surviving_marked_final,4|grow|mobile|liquid|s2|g0|structured,p2g1_018,1,924ba5a10dc24335,,True,True,964,p2g1_018_s2,seed2,965,924ba5a10dc24335,4|grow|mobile|liquid|s2|g0|structured,65.3281259843641,0.4781,61.82450078749129,True,True,True,,True
2,surviving_marked_final,4|grow|rotor|liquid|s2|g1|structured,p2g1_027,1,2fe61fe3de1b9ff5,,True,True,964,p2g1_027_s3,seed3,966,2fe61fe3de1b9ff5,4|grow|mobile|liquid|s1|g1|structured,71.03204121943098,0.5253,67.33163297554478,True,True,False,,True
2,surviving_marked_final,4|grow|rotor|frozen|s1|g2|structured,p2g1_030,1,4e4cd0ea7942ce19,,True,True,964,p2g1_030,screen,964,4e4cd0ea7942ce19,4|grow|rotor|frozen|s1|g2|structured,49.048238136417524,0.098,41.198590509134014,True,True,True,,False
2,surviving_marked_final,4|constant|drift|liquid|s1|g2|mixed,p2g1_065,1,a318103d190665fb,,True,True,964,p2g1_065_s3,seed3,966,a318103d190665fb,4|constant|mobile|flicker|s1|g2|mixed,45.164296733172996,0.0,36.131437386538394,True,True,False,,True
2,surviving_marked_final,3|switch|rotor|liquid|s2|g2|structured,p2g6_023,6,76809ea594492749,,True,True,964,p2g6_023_s2,seed2,965,76809ea594492749,3|switch|rotor|liquid|s2|g2|structured,76.9043907974122,0.4807,71.13751263792976,True,True,True,,True
2,surviving_marked_final,2|constant|still|gas|s1|g0|mixed,p2g1_086,1,26427bf2891d0a69,,True,True,964,p2g1_086,screen,964,26427bf2891d0a69,2|constant|still|gas|s1|g0|mixed,15.337500000000002,0.0,12.270000000000001,True,True,True,,False
2,surviving_marked_final,2|constant|still|gas|s1|g2|mixed,p2g1_092,1,4532ffe10914220d,,True,True,964,p2g1_092,screen,964,4532ffe10914220d,2|constant|still|gas|s1|g2|mixed,22.987499999999997,0.0,18.389999999999997,True,True,True,,False
2,surviving_marked_final,3|constant|drift|liquid|s1|g2|mixed,p2g2_041,2,2c35048f8d3575ac,,True,True,964,p2g2_041,screen,964,2c35048f8d3575ac,3|constant|drift|liquid|s1|g2|mixed,38.950523587011396,0.0,31.160418869609117,True,True,True,,False
2,surviving_marked_final,4|switch|mobile|liquid|s1|g2|mixed,p2g4_046,4,1c20519dbd37d41a,,True,True,964,p2g4_046_s2,seed2,965,1c20519dbd37d41a,4|grow|rotor|liquid|s1|g2|mixed,58.435198053897366,0.0,46.74815844311789,True,True,False,,True
2,surviving_marked_final,4|grow|mobile|liquid|s2|g1|structured,p2g6_053,6,3e9e387b61a8cb22,,True,True,964,p2g6_053_s3,seed3,966,3e9e387b61a8cb22,4|grow|mobile|liquid|s2|g1|structured,76.56323141086344,0.5699,72.64858512869075,True,True,True,,True
2,surviving_marked_final,4|switch|drift|liquid|s2|g2|structured,p2g2_043,2,3aa0812c719477bf,,True,True,964,p2g2_043_s3,seed3,966,3aa0812c719477bf,4|switch|drift|liquid|s3|g2|structured,68.56226192794638,0.3162,61.173809542357105,True,True,False,,True
2,surviving_marked_final,3|grow|rotor|liquid|s2|g2|structured,p2g2_025,2,94397f8f8a384c9d,,True,True,964,p2g2_025_s2,seed2,965,94397f8f8a384c9d,3|switch|rotor|liquid|s2|g2|structured,74.30567314940954,0.3504,66.45253851952764,True,True,False,,True
2,surviving_marked_final,3|switch|still|liquid|s1|g2|structured,p2g2_062,2,7628e5e23b517c98,,True,True,964,p2g2_062,screen,964,7628e5e23b517c98,3|switch|still|liquid|s1|g2|structured,49.60733663583663,0.3114,45.913869308669305,True,True,True,,False
2,surviving_marked_final,3|oscillator|rotor|liquid|s1|g2|structured,p2g2_067,2,71d96c0d2e2adfc3,,True,True,964,p2g2_067_s2,seed2,965,71d96c0d2e2adfc3,3|constant|rotor|liquid|s1|g2|structured,56.364900365667076,0.6137,57.36592029253366,True,True,False,,True
2,surviving_marked_final,3|constant|mobile|liquid|s1|g1|structured,p2g2_010,2,d622c2d8cf881d56,,True,True,964,p2g2_010,screen,964,d622c2d8cf881d56,3|constant|mobile|liquid|s1|g1|structured,42.587057532553786,0.5912,45.89364602604303,True,True,True,,False
2,surviving_marked_final,2|switch|mobile|liquid|s1|g2|structured,p2g7_036,7,494814329f752199,,True,True,964,p2g7_036,screen,964,494814329f752199,2|switch|mobile|liquid|s1|g2|structured,59.14493265087568,0.3427,54.16994612070054,True,True,True,,False
2,surviving_marked_final,2|grow|mobile|liquid|s2|g2|structured,p2g5_039,5,b67b4c54722d7e96,,True,True,964,p2g5_039_s3,seed3,966,b67b4c54722d7e96,2|switch|mobile|liquid|s2|g2|structured,63.236280567973076,0.3133,56.85502445437845,True,True,False,,True
2,surviving_marked_final,2|oscillator|mobile|liquid|s1|g2|structured,p2g2_008,2,0cd0a755cd316c5a,,True,True,964,p2g2_008_s2,seed2,965,0cd0a755cd316c5a,2|switch|mobile|liquid|s1|g2|structured,59.853299383353935,0.6379,60.640639506683144,True,True,False,,True
2,surviving_marked_final,4|grow|rotor|liquid|s1|g2|structured,p2g2_014,2,2a344074153e7f5d,,True,True,964,p2g2_014_s2,seed2,965,2a344074153e7f5d,4|grow|rotor|liquid|s2|g2|structured,70.24639185915477,0.5131,66.45911348732382,True,True,False,,True
2,surviving_marked_final,4|oscillator|mobile|liquid|s1|g1|structured,p2g2_021,2,bf7e83194d770cac,,True,True,964,p2g2_021_s3,seed3,966,bf7e83194d770cac,4|grow|mobile|liquid|s1|g1|structured,70.48466486743747,0.5663,67.71373189394998,True,True,False,,True
2,surviving_marked_final,3|switch|mobile|flicker|s1|g0|structured,p2g2_018,2,0af6510266e625be,,True,True,964,p2g2_018_s2,seed2,965,0af6510266e625be,3|switch|mobile|liquid|s1|g0|structured,55.55911702410574,0.6591,57.629293619284596,True,True,False,,True
2,surviving_marked_final,4|grow|mobile|flicker|s2|g2|mixed,p2g2_022,2,b4d5b1c1281d75e2,,True,True,964,p2g2_022_s2,seed2,965,b4d5b1c1281d75e2,4|grow|mobile|flicker|s3|g2|mixed,67.35502004199006,0.2183,58.25001603359205,True,True,False,,True
2,surviving_marked_final,2|switch|still|liquid|s1|g2|structured,p2g2_038,2,5c3b22eec22509f0,,True,True,964,p2g2_038_s3,seed3,966,ad835d9583d074b2,2|grow|rotor|liquid|s2|g2|structured,62.18378093828494,0.2611,54.96902475062794,False,False,False,,True
2,surviving_marked_final,4|grow|rotor|liquid|s1|g2|mixed,p2g2_042,2,ea28b70c8b93a743,,True,True,964,p2g2_042_s3,seed3,966,ea28b70c8b93a743,4|grow|rotor|liquid|s1|g2|structured,67.22227073154512,0.4208,62.1938165852361,True,True,False,,True
2,surviving_marked_final,3|constant|mobile|liquid|s1|g2|mixed,p2g6_040,6,49905ec1733859f0,,True,True,964,p2g6_040_s3,seed3,966,49905ec1733859f0,3|constant|mobile|flicker|s1|g2|mixed,45.1352054121068,0.0,36.10816432968544,True,True,False,,True
2,surviving_marked_final,2|constant|drift|liquid|s1|g2|mixed,p2g4_037,4,751b3b524dc36ff3,,True,True,964,p2g4_037_s2,seed2,965,751b3b524dc36ff3,2|constant|drift|liquid|s1|g2|mixed,40.66280071608111,0.0,32.530240572864884,True,True,True,,True
2,surviving_marked_final,2|constant|still|frozen|s1|g1|structured,p2g2_055,2,3e9e387b61a8cb22,,True,True,964,p2g2_055_s3,seed3,966,3e9e387b61a8cb22,4|grow|mobile|liquid|s2|g1|structured,76.30137289189193,0.6332,73.70509831351355,True,True,False,,True
2,surviving_marked_final,3|oscillator|drift|frozen|s1|g2|mixed,p2g2_003,2,91425fc736d65a66,,True,True,964,p2g2_003,screen,964,91425fc736d65a66,3|oscillator|drift|frozen|s1|g2|mixed,37.21151850627725,0.0,29.7692148050218,True,True,True,,False
2,surviving_marked_final,2|switch|drift|liquid|s1|g2|mixed,p2g2_033,2,1633f44115f45bc1,,True,True,964,p2g2_033_s2,seed2,965,1633f44115f45bc1,2|switch|drift|liquid|s1|g2|structured,44.366257374409805,0.2764,41.02100589952784,True,True,False,,True
2,surviving_marked_final,3|grow|rotor|frozen|s2|g2|structured,p2g2_012,2,dabdea6e2f08244c,,True,True,964,p2g2_012,screen,964,dabdea6e2f08244c,3|grow|rotor|frozen|s2|g2|structured,54.800122162329494,0.1306,46.452097729863596,True,True,True,,False
2,surviving_marked_final,4|switch|mobile|flicker|s1|g1|structured,p2g2_026,2,7fd20ea086ecb059,,True,True,964,p2g2_026_s2,seed2,965,7fd20ea086ecb059,4|switch|rotor|flicker|s1|g1|structured,63.811124833870764,0.5663,62.37489986709661,True,True,False,,True
2,surviving_marked_final,2|switch|rotor|liquid|s1|g2|structured,p2g3_020,3,57836ae2a6b2fd4f,,True,True,964,p2g3_020_s2,seed2,965,57836ae2a6b2fd4f,2|switch|rotor|liquid|s2|g2|structured,66.3846410085746,0.3816,60.739712806859686,True,True,False,,True
2,surviving_marked_final,2|oscillator|drift|liquid|s1|g2|structured,p2g2_074,2,b8f8146a49cbd2af,,True,True,964,p2g2_074_s2,seed2,965,b8f8146a49cbd2af,2|switch|drift|liquid|s1|g2|mixed,25.132043244685008,0.0532,21.169634595748008,True,True,False,,True
2,surviving_marked_final,3|constant|mobile|flicker|s1|g2|mixed,p2g4_041,4,61edc1e3803867c8,,True,True,964,p2g4_041,screen,964,61edc1e3803867c8,3|constant|mobile|flicker|s1|g2|mixed,41.537727697426504,0.0,33.2301821579412,True,True,True,,False
2,surviving_marked_final,1|constant|still|gas|s1|g0|mixed,p2g2_098,2,d99d4d913f8aaa38,,True,True,964,p2g2_098,screen,964,d99d4d913f8aaa38,1|constant|still|gas|s1|g0|mixed,8.212499999999999,0.0,6.569999999999999,True,True,True,,False
2,surviving_marked_final,2|grow|rotor|liquid|s2|g2|structured,p2g2_035,2,ebe3a0c4fbf55544,,True,True,964,p2g2_035,screen,964,ebe3a0c4fbf55544,2|grow|rotor|liquid|s2|g2|structured,66.30178403506389,0.4198,61.437427228051114,True,True,True,,False
2,surviving_marked_final,2|constant|still|flicker|s1|g2|mixed,p2g7_068,7,2e50de072bfe838d,,True,True,964,p2g7_068_s2,seed2,965,2e50de072bfe838d,2|constant|still|flicker|s1|g2|mixed,21.3359,0.0,17.06872,True,True,True,,True
2,surviving_marked_final,1|oscillator|still|frozen|s1|g2|mixed,p2g3_015,3,f9dd6e59d30a116b,,True,True,964,p2g3_015,screen,964,f9dd6e59d30a116b,1|oscillator|still|frozen|s1|g2|mixed,19.414775965487706,0.0391,16.313820772390166,True,True,True,,False
2,surviving_marked_final,3|switch|rotor|liquid|s2|g2|mixed,p2g3_003,3,1f0975d805bc89f2,,True,True,964,p2g3_003,screen,964,1f0975d805bc89f2,3|switch|rotor|liquid|s2|g2|mixed,56.041047566151285,0.1641,48.11483805292103,True,True,True,,False
2,surviving_marked_final,2|switch|mobile|liquid|s2|g2|structured,p2g3_035,3,4d49e269e1d6da01,,True,True,964,p2g3_035_s3,seed3,966,4d49e269e1d6da01,2|switch|mobile|liquid|s2|g2|structured,59.67902106160906,0.2024,51.79121684928725,True,True,True,,True
2,surviving_marked_final,4|grow|mobile|flicker|s1|g2|mixed,p2g3_036,3,f9125bf6e89c7de9,,True,True,964,p2g3_036,screen,964,f9125bf6e89c7de9,4|grow|mobile|flicker|s1|g2|mixed,56.92218257215073,0.1602,48.74174605772058,True,True,True,,False
2,surviving_marked_final,2|oscillator|still|liquid|s1|g2|mixed,p2g3_045,3,eafbbd5e35ae84c9,,True,True,964,p2g3_045_s3,seed3,966,eafbbd5e35ae84c9,3|constant|mobile|flicker|s1|g2|mixed,42.291031614823154,0.0,33.83282529185852,True,True,False,,True
2,surviving_marked_final,3|constant|drift|gas|s1|g2|mixed,p2g6_045,6,032892bff9dbdd31,,True,True,964,p2g6_045_s3,seed3,966,032892bff9dbdd31,3|constant|drift|liquid|s1|g2|mixed,42.302442799074825,0.0,33.841954239259856,True,True,False,,True
2,surviving_marked_final,3|grow|rotor|liquid|s3|g2|structured,p2g3_061,3,06f526c4c39a2928,,True,True,964,p2g3_061_s3,seed3,966,06f526c4c39a2928,3|grow|rotor|liquid|s3|g2|structured,73.25664353844064,0.5284,69.17331483075252,True,True,True,,True
2,surviving_marked_final,4|grow|rotor|liquid|s2|g2|mixed,p2g3_062,3,a08e7f63b3d52f09,,True,True,964,p2g3_062,screen,964,a08e7f63b3d52f09,4|grow|rotor|liquid|s2|g2|mixed,63.411095646403176,0.2027,54.782876517122546,True,True,True,,False
2,surviving_marked_final,4|grow|still|liquid|s1|g2|structured,p2g3_067,3,1f610a2182f0479d,,True,True,964,p2g3_067_s3,seed3,966,1f610a2182f0479d,4|grow|still|liquid|s1|g2|mixed,53.21244349480596,0.2541,47.651954795844766,True,True,False,,True
2,surviving_marked_final,1|switch|mobile|liquid|s1|g2|structured,p2g3_072,3,59991b48b80a857d,,True,True,964,p2g3_072,screen,964,59991b48b80a857d,1|switch|mobile|liquid|s1|g2|structured,41.69661713188144,0.3669,40.69529370550515,True,True,True,,False
2,surviving_marked_final,4|switch|rotor|liquid|s1|g2|structured,p2g3_073,3,97de45f90d6ebef4,,True,True,964,p2g3_073_s2,seed2,965,97de45f90d6ebef4,4|grow|rotor|liquid|s1|g2|structured,72.4242894620836,0.4562,67.06343156966689,True,True,False,,True
2,surviving_marked_final,3|constant|mobile|liquid|s1|g0|structured,p2g3_024,3,7d8a041ea5576e80,,True,True,964,p2g3_024_s3,seed3,966,7d8a041ea5576e80,4|oscillator|mobile|liquid|s1|g2|structured,48.92768528335212,0.6426,51.994148226681695,True,True,False,,True
2,surviving_marked_final,4|grow|rotor|liquid|s1|g1|structured,p2g3_031,3,f696871bd3d8ad9a,,True,True,964,p2g3_031_s3,seed3,966,f696871bd3d8ad9a,4|grow|mobile|liquid|s1|g1|structured,70.89090196501164,0.5712,68.13672157200932,True,True,False,,True
2,surviving_marked_final,2|switch|drift|liquid|s1|g2|structured,p2g5_033,5,c0e5ee29289750b3,,True,True,964,p2g5_033,screen,964,c0e5ee29289750b3,2|switch|drift|liquid|s1|g2|structured,44.91058101617158,0.3625,43.178464812937264,True,True,True,,False
2,surviving_marked_final,2|switch|mobile|liquid|s1|g2|mixed,p2g4_071,4,d879f19aa5fb70c0,,True,True,964,p2g4_071_s2,seed2,965,d879f19aa5fb70c0,2|switch|mobile|liquid|s2|g2|mixed,50.01398303706783,0.2279,44.569186429654266,True,True,False,,True
2,surviving_marked_final,4|switch|mobile|liquid|s1|g0|mixed,p2g3_009,3,005fd718d9102596,,True,True,964,p2g3_009,screen,964,005fd718d9102596,4|switch|mobile|liquid|s1|g0|mixed,50.058139613128354,0.4104,48.25451169050268,True,True,True,,False
2,surviving_marked_final,3|grow|mobile|liquid|s2|g0|structured,p2g3_021,3,028c392fd54da7d6,,True,True,964,p2g3_021,screen,964,028c392fd54da7d6,3|grow|mobile|liquid|s2|g0|structured,60.52963557784753,0.5099,58.62170846227802,True,True,True,,False
2,surviving_marked_final,4|constant|rotor|liquid|s1|g2|mixed,p2g6_051,6,f6f348579074846d,,True,True,964,p2g6_051_s3,seed3,966,f6f348579074846d,4|constant|rotor|liquid|s1|g2|mixed,50.16508521461549,0.0,40.13206817169239,True,True,True,,True
2,surviving_marked_final,3|switch|rotor|flicker|s1|g2|structured,p2g6_024,6,3801d9a50ce247ff,,True,True,964,p2g6_024_s2,seed2,965,3801d9a50ce247ff,3|switch|rotor|flicker|s1|g2|structured,69.68605806667165,0.4732,65.21284645333732,True,True,True,,True
2,surviving_marked_final,3|switch|mobile|flicker|s1|g2|structured,p2g6_064,6,c23cb1da3252491f,,True,True,964,p2g6_064_s3,seed3,966,c23cb1da3252491f,3|switch|mobile|flicker|s1|g2|structured,64.317310650955,0.5554,62.561848520763995,True,True,True,,True
2,surviving_marked_final,4|constant|mobile|liquid|s1|g0|mixed,p2g3_049,3,6588fedcc859d014,,True,True,964,p2g3_049_s3,seed3,966,6588fedcc859d014,4|grow|mobile|liquid|s1|g0|mixed,49.72119831599154,0.0,39.77695865279323,True,True,False,,True
2,surviving_marked_final,4|grow|mobile|liquid|s1|g0|mixed,p2g3_064,3,610dc295862d1ff0,,True,True,964,p2g3_064_s2,seed2,965,610dc295862d1ff0,4|grow|rotor|liquid|s1|g0|mixed,47.6837907489934,0.0,38.147032599194716,True,True,False,,True
2,surviving_marked_final,1|grow|drift|liquid|s1|g0|mixed,p2g3_004,3,fcf8ba4554dfadfd,,True,True,964,p2g3_004,screen,964,fcf8ba4554dfadfd,1|grow|drift|liquid|s1|g0|mixed,23.764463075915252,0.1447,21.9055704607322,True,True,True,,False
2,surviving_marked_final,3|grow|mobile|flicker|s1|g2|structured,p2g4_061,4,50aeefe81593f8dd,,True,True,964,p2g4_061_s2,seed2,965,50aeefe81593f8dd,3|grow|mobile|flicker|s2|g2|structured,61.66995127341213,0.4144,57.6239610187297,True,True,False,,True
2,surviving_marked_final,4|oscillator|mobile|liquid|s1|g2|structured,p2g7_030,7,aeee09d4cce63b36,,True,True,964,p2g7_030_s3,seed3,966,aeee09d4cce63b36,4|grow|rotor|liquid|s1|g2|structured,72.74057897247187,0.5647,69.4864631779775,True,True,False,,True
2,surviving_marked_final,4|switch|rotor|liquid|s1|g1|structured,p2g7_053,7,8e82b34b98815d51,,True,True,964,p2g7_053_s2,seed2,965,8e82b34b98815d51,4|switch|mobile|flicker|s1|g1|structured,66.59558096849929,0.565,64.57646477479943,True,True,False,,True
2,surviving_marked_final,4|grow|mobile|liquid|s2|g2|mixed,p2g6_062,6,3d18e707f81a98a5,,True,True,964,p2g6_062_s3,seed3,966,3d18e707f81a98a5,4|grow|rotor|liquid|s3|g2|structured,66.82357673935486,0.2289,58.03686139148389,True,True,False,,True
2,surviving_marked_final,3|constant|rotor|frozen|s1|g2|mixed,p2g4_057,4,e684bca3587c5991,,True,True,964,p2g4_057_s3,seed3,966,e684bca3587c5991,3|constant|rotor|frozen|s1|g2|mixed,27.14637562670354,0.0,21.717100501362832,True,True,True,,True
2,surviving_marked_final,1|constant|mobile|liquid|s1|g2|structured,p2g4_058,4,40c30b1ad54ccae4,,True,True,964,p2g4_058_s2,seed2,965,40c30b1ad54ccae4,2|switch|mobile|liquid|s1|g2|structured,55.82064220226065,0.4166,52.98851376180852,True,True,False,,True
2,surviving_marked_final,4|switch|mobile|flicker|s1|g2|mixed,p2g4_009,4,db9299c24b869e88,,True,True,964,p2g4_009_s2,seed2,965,db9299c24b869e88,4|switch|rotor|flicker|s1|g2|mixed,52.944946675600264,0.0,42.35595734048021,True,True,False,,True
2,surviving_marked_final,3|grow|mobile|liquid|s1|g1|structured,p2g5_015,5,bb085e5eaf1f3704,,True,True,964,p2g5_015_s3,seed3,966,bb085e5eaf1f3704,3|grow|mobile|liquid|s1|g1|structured,67.12359866385995,0.5529,64.75687893108795,True,True,True,,True
2,surviving_marked_final,2|constant|mobile|liquid|s1|g2|structured,p2g4_064,4,66e74aa3c254fd76,,True,True,964,p2g4_064_s2,seed2,965,66e74aa3c254fd76,2|constant|mobile|liquid|s1|g2|structured,44.715436208958195,0.5508,46.788348967166556,True,True,True,,True
2,surviving_marked_final,2|oscillator|drift|frozen|s1|g2|mixed,p2g4_036,4,3cf14e318059768b,,True,True,964,p2g4_036,screen,964,3cf14e318059768b,2|oscillator|drift|frozen|s1|g2|mixed,27.566348444125587,0.0677,23.407078755300468,True,True,True,,False
2,surviving_marked_final,4|oscillator|drift|liquid|s1|g2|mixed,p2g4_050,4,c3395cc4794da758,,True,True,964,p2g4_050,screen,964,c3395cc4794da758,4|oscillator|drift|liquid|s1|g2|mixed,45.39706981983145,0.0,36.31765585586516,True,True,True,,False
2,surviving_marked_final,3|switch|mobile|liquid|s1|g0|mixed,p2g4_013,4,9263a14c312d9257,,True,True,964,p2g4_013_s2,seed2,965,9263a14c312d9257,3|switch|mobile|liquid|s1|g0|mixed,39.9881021489362,0.0,31.990481719148956,True,True,True,,True
2,surviving_marked_final,4|grow|drift|frozen|s1|g2|mixed,p2g4_049,4,b10ebb5bb2a75e70,,True,True,964,p2g4_049_s3,seed3,966,b10ebb5bb2a75e70,4|grow|drift|frozen|s1|g2|mixed,50.15233660986744,0.0834,41.78986928789395,True,True,True,,True
2,surviving_marked_final,3|switch|drift|liquid|s1|g2|structured,p2g7_039,7,9e7b3a1d8d445359,,True,True,964,p2g7_039_s3,seed3,966,fa86cb8089d048d0,4|grow|mobile|liquid|s2|g2|structured,75.64387364710484,0.5627,71.76909891768386,False,False,False,,True
2,surviving_marked_final,3|constant|still|flicker|s1|g2|mixed,p2g5_019,5,6eca0e266b772123,,True,True,964,p2g5_019_s3,seed3,966,6eca0e266b772123,3|constant|still|flicker|s1|g2|mixed,26.129762220909356,0.0,20.903809776727485,True,True,True,,True
2,surviving_marked_final,1|constant|still|frozen|s1|g2|mixed,p2g5_011,5,59e24fc50ad070af,,True,True,964,p2g5_011,screen,964,59e24fc50ad070af,1|constant|still|frozen|s1|g2|mixed,11.258026390204126,0.0,9.0064211121633,True,True,True,,False
2,surviving_marked_final,4|switch|still|liquid|s1|g2|mixed,p2g7_016,7,11d00b36063f15c3,,True,True,964,p2g7_016_s2,seed2,965,11d00b36063f15c3,4|switch|still|liquid|s1|g2|mixed,48.31307642024012,0.0,38.65046113619209,True,True,True,,True
2,surviving_marked_final,2|constant|still|liquid|s1|g2|mixed,p2g5_053,5,fa86cb8089d048d0,,True,True,964,p2g5_053_s3,seed3,966,fa86cb8089d048d0,4|grow|mobile|liquid|s2|g2|structured,75.89923666254897,0.561,71.93938933003918,True,True,False,,True
2,surviving_marked_final,4|oscillator|still|frozen|s1|g2|mixed,p2g5_063,5,a8164ab6431e4ee0,,True,True,964,p2g5_063_s3,seed3,966,a8164ab6431e4ee0,4|switch|still|frozen|s1|g2|mixed,27.96858224247787,0.0398,23.17086579398229,True,True,False,,True
2,surviving_marked_final,4|grow|mobile|flicker|s1|g2|structured,p2g5_058,5,1504332c907a0128,,True,True,964,p2g5_058,screen,964,1504332c907a0128,4|grow|mobile|flicker|s1|g2|structured,62.779581537012646,0.4414,59.051665229610116,True,True,True,,False
2,surviving_marked_final,3|switch|drift|liquid|s1|g2|mixed,p2g5_059,5,a40cd129e294485d,,True,True,964,p2g5_059_s2,seed2,965,a40cd129e294485d,4|switch|rotor|liquid|s1|g2|mixed,54.67946837573725,0.1997,47.7375747005898,True,True,False,,True
2,surviving_marked_final,4|grow|drift|liquid|s1|g2|structured,p2g5_065,5,45426cb8a613dc63,,True,True,964,p2g5_065_s2,seed2,965,45426cb8a613dc63,4|grow|rotor|liquid|s1|g2|structured,67.27843448290216,0.4381,62.58474758632172,True,True,False,,True
2,surviving_marked_final,1|constant|still|frozen|s1|g0|mixed,p2g5_069,5,1473cab46e09e591,,True,True,964,p2g5_069,screen,964,1473cab46e09e591,1|constant|still|frozen|s1|g0|mixed,5.6625,0.0,4.529999999999999,True,True,True,,False
2,surviving_marked_final,3|switch|mobile|flicker|s2|g0|structured,p2g5_037,5,c431dcb565349a5b,,True,True,964,p2g5_037_s2,seed2,965,c431dcb565349a5b,4|switch|mobile|liquid|s2|g0|structured,62.14429150080155,0.3972,57.65943320064123,True,True,False,,True
2,surviving_marked_final,2|switch|rotor|flicker|s1|g2|mixed,p2g5_002,5,a60b58b1886c535e,,True,True,964,p2g5_002_s3,seed3,966,a60b58b1886c535e,2|switch|rotor|flicker|s1|g2|mixed,44.27161522862158,0.0,35.41729218289726,True,True,True,,True
2,surviving_marked_final,3|constant|mobile|liquid|s1|g1|mixed,p2g5_057,5,becf807451e6d745,,True,True,964,p2g5_057_s2,seed2,965,becf807451e6d745,3|constant|mobile|liquid|s1|g1|mixed,38.026226030253426,0.0,30.420980824202744,True,True,True,,True
2,surviving_marked_final,3|grow|mobile|flicker|s2|g2|structured,p2g5_061,5,44e801669c786c1b,,True,True,964,p2g5_061_s3,seed3,966,44e801669c786c1b,3|grow|rotor|flicker|s2|g2|structured,64.3554411038363,0.4218,59.920352883069036,True,True,False,,True
2,surviving_marked_final,2|grow|mobile|flicker|s1|g2|structured,p2g5_049,5,0849acc60943ebb4,,True,True,964,p2g5_049,screen,964,0849acc60943ebb4,2|grow|mobile|flicker|s1|g2|structured,50.593186771558166,0.0,40.474549417246536,True,True,True,,False
2,surviving_marked_final,3|switch|mobile|liquid|s2|g2|mixed,p2g5_012,5,1686ffafd532b221,,True,True,964,p2g5_012_s2,seed2,965,1686ffafd532b221,3|switch|mobile|liquid|s3|g2|mixed,58.43571368683089,0.0,46.74857094946471,True,True,False,,True
2,surviving_marked_final,3|grow|mobile|liquid|s3|g2|mixed,p2g5_014,5,4bc572c30f13f6fe,,True,True,964,p2g5_014,screen,964,4bc572c30f13f6fe,3|grow|mobile|liquid|s3|g2|mixed,60.35494764210394,0.0,48.28395811368315,True,True,True,,False
2,surviving_marked_final,4|switch|mobile|flicker|s1|g2|structured,p2g6_061,6,9e7b58ed78ae101b,,True,True,964,p2g6_061_s3,seed3,966,9e7b58ed78ae101b,4|switch|mobile|liquid|s1|g2|structured,66.60182022961422,0.5204,63.68945618369136,True,True,False,,True
2,surviving_marked_final,1|switch|mobile|liquid|s1|g0|mixed,p2g6_007,6,17762d87e53407fe,,True,True,964,p2g6_007_s2,seed2,965,17762d87e53407fe,1|switch|mobile|liquid|s1|g0|mixed,19.413756617399407,0.0,15.531005293919526,True,True,True,,True
2,surviving_marked_final,2|grow|drift|liquid|s1|g2|mixed,p2g6_009,6,588817f3d854ea4a,,True,True,964,p2g6_009_s2,seed2,965,588817f3d854ea4a,2|grow|drift|liquid|s1|g2|mixed,40.04908574642636,0.1696,35.431268597141084,True,True,True,,True
2,surviving_marked_final,1|switch|mobile|liquid|s1|g0|structured,p2g6_036,6,577558c9475fa93f,,True,True,964,p2g6_036,screen,964,577558c9475fa93f,1|switch|mobile|liquid|s1|g0|structured,36.88222073460636,0.372,36.94577658768509,True,True,True,,False
2,surviving_marked_final,2|switch|mobile|flicker|s1|g0|structured,p2g6_037,6,5108c437d9814aae,,True,True,964,p2g6_037,screen,964,5108c437d9814aae,2|switch|mobile|flicker|s1|g0|structured,49.34058366640114,0.5885,51.24246693312091,True,True,True,,False
2,surviving_marked_final,4|constant|rotor|flicker|s1|g2|mixed,p2g6_075,6,9eb92b61e6e49a31,,True,True,964,p2g6_075_s3,seed3,966,9eb92b61e6e49a31,4|constant|mobile|flicker|s1|g2|mixed,40.96338079943264,0.0,32.77070463954611,True,True,False,,True
2,surviving_marked_final,1|grow|still|gas|s1|g2|mixed,p2g6_019,6,676a38b9c4dab715,,True,True,964,p2g6_019,screen,964,676a38b9c4dab715,1|grow|still|gas|s1|g2|mixed,21.50107902878676,0.0,17.20086322302941,True,True,True,,False
2,surviving_marked_final,4|switch|mobile|flicker|s1|g0|structured,p2g6_025,6,c24a8bb153964074,,True,True,964,p2g6_025_s2,seed2,965,c24a8bb153964074,4|switch|mobile|liquid|s1|g0|structured,62.22821731598353,0.6433,62.648573852786825,True,True,False,,True
2,surviving_marked_final,4|constant|still|flicker|s1|g2|mixed,p2g6_068,6,df3f4616233b9032,,True,True,964,p2g6_068_s2,seed2,965,df3f4616233b9032,4|constant|mobile|flicker|s1|g2|mixed,35.635736633731916,0.0,28.508589306985535,True,True,False,,True
2,surviving_marked_final,2|oscillator|rotor|frozen|s1|g2|mixed,p2g6_066,6,7e92bc4c7ade11fd,,True,True,964,p2g6_066_s2,seed2,965,7e92bc4c7ade11fd,2|oscillator|rotor|liquid|s1|g2|structured,32.47565910681246,0.0705,27.390527285449966,True,True,False,,True
2,surviving_marked_final,2|grow|mobile|liquid|s2|g2|mixed,p2g7_017,7,7356b79a3853a82a,,True,True,964,p2g7_017,screen,964,7356b79a3853a82a,2|grow|mobile|liquid|s2|g2|mixed,50.85251751784335,0.0,40.68201401427468,True,True,True,,False
2,surviving_marked_final,3|grow|rotor|liquid|s1|g1|mixed,p2g7_054,7,d2673ccaa565671c,,True,True,964,p2g7_054_s2,seed2,965,d2673ccaa565671c,3|grow|mobile|liquid|s1|g1|mixed,53.556726897724616,0.0,42.84538151817969,True,True,False,,True
2,surviving_marked_final,2|constant|mobile|flicker|s1|g2|mixed,p2g7_011,7,7a4306bff7a31664,,True,True,964,p2g7_011_s3,seed3,966,7a4306bff7a31664,2|constant|rotor|liquid|s1|g2|mixed,36.65749053966723,0.0,29.325992431733784,True,True,False,,True
2,surviving_marked_final,3|oscillator|still|liquid|s1|g2|mixed,p2g7_015,7,c322e7e02002fd2e,,True,True,964,p2g7_015_s3,seed3,966,c322e7e02002fd2e,3|oscillator|still|liquid|s1|g2|mixed,35.780959700937,0.0,28.624767760749595,True,True,True,,True
2,surviving_marked_final,3|constant|mobile|gas|s1|g2|mixed,p2g7_044,7,c8f25b6a1d9a87ee,,True,True,964,p2g7_044_s3,seed3,966,c8f25b6a1d9a87ee,3|constant|mobile|flicker|s1|g2|mixed,42.3931380458289,0.0,33.914510436663114,True,True,False,,True
2,surviving_marked_final,4|switch|rotor|liquid|s3|g2|structured,p2g7_056,7,3b51b7b6ebdf7640,,True,True,964,p2g7_056,screen,964,3b51b7b6ebdf7640,4|switch|rotor|liquid|s3|g2|structured,77.2948817571266,0.5811,73.45790540570127,True,True,True,,False
2,surviving_marked_final,2|constant|drift|liquid|s1|g2|structured,p2g7_002,7,73d323826e73d5c5,,True,True,964,p2g7_002_s2,seed2,965,73d323826e73d5c5,2|constant|mobile|liquid|s1|g2|structured,49.5034713713377,0.4393,48.38877709707016,True,True,False,,True
2,surviving_marked_final,3|switch|mobile|liquid|s2|g0|structured,p2g7_005,7,b4b53a7a101e52ce,,True,True,964,p2g7_005,screen,964,b4b53a7a101e52ce,3|switch|mobile|liquid|s2|g0|structured,60.935492809155136,0.5252,59.252394247324105,True,True,True,,False
2,surviving_marked_final,3|constant|drift|flicker|s1|g0|mixed,p2g7_020,7,7049efc9625ff803,,True,True,964,p2g7_020_s2,seed2,965,7049efc9625ff803,3|constant|mobile|flicker|s1|g0|mixed,26.229171732333448,0.0,20.983337385866758,True,True,False,,True
2,surviving_marked_final,4|grow|mobile|liquid|s1|g0|structured,p2g7_060,7,f33ee30b73192b64,,True,True,964,p2g7_060_s2,seed2,965,f33ee30b73192b64,4|grow|rotor|liquid|s2|g0|structured,59.50115057349515,0.5031,57.66292045879612,True,True,False,,True
2,surviving_marked_final,1|switch|mobile|flicker|s1|g0|mixed,p2g7_079,7,bc0157b44c59bd5f,,True,True,964,p2g7_079_s2,seed2,965,bc0157b44c59bd5f,1|switch|mobile|flicker|s1|g0|mixed,30.21355497398389,0.0,24.170843979187108,True,True,True,,True
